title,company,skills,Type,Duration,experience_level,salary,date_posted,experience_level_int,city,governorate,country
material planning engineer,dreem mashreq foods,"['material planning', 'planning', 'engineering', 'erp', 'mrp', 'fmcg', 'food manufacturing', 'raw materials']",on-site,full time,experienced,,3 hours ago,2.0,smouha,alexandria,egypt
production planning engineer,dreem mashreq foods,"['production planning', 'engineering', 'planning', 'production', 'mrp', 'oee', 'fmcg']",on-site,full time,experienced,,3 hours ago,2.0,bourj alarab,alexandria,egypt
metallurgical sales engineer,optimum engineering solutions,"['engineering', 'sales', 'metallurgical engineering', 'fresh graduate', 'industrial sales', 'technical sales', 'foundry', 'aluminum', 'cement']",on-site,full time,entry level,,2 hours ago,1.0,6th of october,giza,egypt
electrical maintenance engineer,ilock,"['electrical maintenance', 'electrical engineering']",on-site,full time,experienced,,1 hour ago,2.0,mit ghamr,dakahlia,egypt
senior corporate sales executive,carofi,"['sales', 'sales skills', 'telesales', 'communication', 'outdoor sales', 'sales plan', 'sales planning']",on-site,full time,experienced,,52 minutes ago,2.0,new cairo,cairo,egypt
customer service representative - vodafone ireland - cairo,vois egypt,"['customer service', 'fluent in english', 'c1', 'university graduates', 'telecommunication', 'fluent english speakers', 'customer care', 'customer support', 'communication']",hybrid,full time,entry level,,46 minutes ago,1.0,cairo,cairo,egypt
customer service representative - vodafone uk - cairo/giza,vois egypt,"['call center', 'customer service', 'customer care', 'customer support', 'english', 'fluent in english', 'vodafone', 'english department', 'international account advisor']",hybrid,full time,entry level,,46 minutes ago,1.0,cairo,cairo,egypt
customer service representative - vodafone uk - alexandria,vois egypt,"['customer service', 'customer care', 'customer support', 'english', 'call center', 'contact center', 'fluent in english', 'university graduates', 'c1 english level']",hybrid,full time,entry level,,45 minutes ago,1.0,alexandria,alexandria,egypt
customer service representative - vodafone uk & ireland- cairo,vois egypt,"['customer care', 'customer service', 'customer support', 'english', 'fluent in english', 'university graduates', 'c1 english level']",hybrid,full time,entry level,,44 minutes ago,1.0,cairo,cairo,egypt
customer service representative - vodafone uk - cairo or giza residents,vois egypt,"['communication', 'customer care', 'customer service', 'customer support', 'english']",hybrid,full time,entry level,,43 minutes ago,1.0,cairo,cairo,egypt
sales executive,sokkar for industrial sewing machines,"['customer service', 'sales target', 'sales', 'selling', 'negotiation', 'spare parts', 'communication']",on-site,full time,experienced,,41 minutes ago,2.0,kafr aldawar,beheira,egypt
senior electrical engineer,el mansour development,"['electrical engineering', 'engineering', 'information technology (it)', 'troubleshooting', 'autocad', 'computer science', 'construction', 'management']",on-site,full time,experienced,,26 minutes ago,2.0,mokattam,cairo,egypt
network & security engineer,target integrated systems,"['networking', 'information technology (it)', 'engineering', 'computer science', 'security', 'vpn', 'ccna']",on-site,full time,entry level,,24 minutes ago,1.0,maadi,cairo,egypt
procurement manager,al andalous pharmaceutical industries,"['procurement', 'supply chain']",on-site,full time,manager,,5 minutes ago,3.0,6th of october,giza,egypt
mechanical design engineer,rudder industries,"['mechanical design', 'engineering', 'design', 'cad software', 'solidworks', 'fea analysis', 'prototyping', 'manufacturing processes']",on-site,full time,experienced,,7 minutes ago,2.0,10th of ramadan city,cairo,egypt
senior content creator,madar soft,"['writing', 'marketing', 'social media']",remote,full time,experienced,,13 minutes ago,2.0,fleming,alexandria,egypt
quality senior specialist,dabur,"['management', 'quality assurance', 'quality control', 'supply chain', 'communication']",on-site,full time,experienced,,14 minutes ago,2.0,10th of ramadan city,cairo,egypt
project engineer,arabiat,"['engineering', 'project management', 'project', 'civil engineering', 'architectural engineering', 'autocad', 'computer science', 'construction', 'information technology (it)']",on-site,full time,entry level,,14 minutes ago,1.0,mohandessin,giza,egypt
technical sales engineer,technical-for-engineering-services-egypt,"['engineering', 'sales', 'technical sales', 'autocad', 'construction', 'microsoft office', 'communication']",hybrid,full time,experienced,,16 minutes ago,2.0,cairo,cairo,egypt
operations support specialist – transport,ship & c.r.e.w,"['transport', 'operations support', 'customer support', 'analysis', 'data analysis', 'logistics', 'transportation']",on-site,full time,experienced,,17 minutes ago,2.0,ameria,alexandria,egypt
r&d raw material section head,al andalous pharmaceutical industries,"['r&d', 'raw materials', 'pharmaceutical industries', 'pharmacy', 'gmp', 'glp']",on-site,full time,experienced,,18 minutes ago,2.0,6th of october,giza,egypt
business developer,massoud steel,"['b2b', 'business administration', 'sales target', 'sales', 'corporate sales', 'business development', 'communication', 'microsoft office']",on-site,full time,experienced,,20 minutes ago,2.0,obour city,cairo,egypt
accounting manager,technical-for-engineering-services-egypt,"['accounting', 'financial analysis', 'financial management', 'finance', 'erp', 'microsoft excel', 'construction']",on-site,full time,manager,,21 minutes ago,3.0,bourj alarab,alexandria,egypt
microsoft dynamics 365 crm developer,cubic information systems,"['microsoft dynamics 365 crm', '.net framework', 'c# programming', 'solution customization', 'technical documentation', 'problem solving', 'system integration', 'javascript']",on-site,full time,experienced,,38 minutes ago,2.0,maadi,cairo,egypt
store keeper,anut cairo,"['odoo', 'inventory management', 'warehousing', 'storekeeping', 'logistics coordination', 'supply chain operations', 'data entry', 'attention to detail', 'organizational skills']",on-site,full time,entry level,,42 minutes ago,1.0,giza,giza,egypt
technical office engineer - woodworking,ds home,"['technical office', 'sketchup', 'autocad', 'woodworks', 'cnc machines', 'technical drawing', 'material selection', 'project coordination', 'problem-solving']",on-site,full time,experienced,,44 minutes ago,2.0,cairo,cairo,egypt
odoo project manager,pharos university in alexandria,"['odoo', 'project management', 'odoo erp', 'information technology (it)', 'project', 'pmp', 'software project management', 'odoo development']",on-site,full time,manager,,49 minutes ago,3.0,smouha,alexandria,egypt
logistic specialist,atr trading,"['logistics', 'supply chain management', 'export procedures', 'documentation', 'shipping line coordination', 'inventory management', 'customs regulations', 'problem solving']",on-site,full time,entry level,,55 minutes ago,1.0,new cairo,cairo,egypt
accountant specialist - collection,otic,"['collection', 'accounting', 'finance', 'commerce', 'erp', 'ms office', 'sap']",on-site,full time,entry level,,60 minutes ago,1.0,cairo,cairo,egypt
sales representative,confidential,"['web application', 'sales', 'diving']",remote,freelance / project,experienced,,1 hour ago,2.0,dahab,south sinai,egypt
video editor,parkville pharmaceuticals,"['video editing', 'advertising', 'ai']",on-site,full time,entry level,,1 hour ago,1.0,mohandessin,giza,egypt
call center agent (fluent english),etisalat egypt,"['call center', 'customer care', 'customer service', 'customer support', 'english teaching', 'english', 'insurance', 'promoting', 'training']",on-site,full time,entry level,,1 hour ago,1.0,maadi,cairo,egypt
lead qualification & marketing coordinator,specialized seamless services,"['lead generation', 'business development', 'administration', 'marketing']",on-site,full time,entry level,,1 hour ago,1.0,heliopolis,cairo,egypt
senior export sales,atr trading,"['negotiation', 'export', 'export sales', 'sales target', 'frozen fruit', 'frozen vegetables', 'iqf', 'market research']",on-site,full time,experienced,,2 hours ago,2.0,new cairo,cairo,egypt
music teacher for elementary,canadian international school,"['drama', 'music editing', 'theater', 'english teaching', 'english training', 'english education', 'class management', 'teaching']",on-site,full time,experienced,,2 hours ago,2.0,new cairo,cairo,egypt
marketing specialist,noornation,"['e-marketing', 'marketing', 'brand strategy', 'content creation', 'digital marketing', 'lead generation', 'offline marketing']",on-site,full time,entry level,,2 hours ago,1.0,giza,giza,egypt
heavy equipment maintenance engineer,ship & c.r.e.w,"['engineering', 'equipment maintenance', 'heavy equipment', 'maintenance', 'mechanical engineering', 'hydraulic', 'erp', 'microsoft office']",on-site,full time,experienced,,2 hours ago,2.0,gomrok,alexandria,egypt
compliance - assistant manager,otic,"['corporate governance', 'regulatory compliance', 'compliance monitoring', 'compliance risk assessment', 'internal controls', 'policy & sop development', 'regulatory reporting', 'root cause analysis']",on-site,full time,experienced,,2 hours ago,2.0,cairo,cairo,egypt
agricultural engineer for pest control,sotaico,"['pest control', 'agriculture', 'quality assurance', 'quality control']",on-site,full time,experienced,,2 hours ago,2.0,cairo,cairo,egypt
robotics instructor,b.r tech,"['computer science', 'education', 'engineering', 'english', 'instructor', 'robotics', 'science']",on-site,full time,entry level,,2 hours ago,1.0,heliopolis,cairo,egypt
technical support specialist/ it helpdesk engineer,linkmisr,"['computer science', 'technical support', 'helpdesk', 'information technology (it)']",on-site,full time,entry level,,2 hours ago,1.0,10th of ramadan city,sharqia,egypt
customer service (fluent english speaker),3d diagnostix,"['call center agent', 'customer care', 'customer', 'call center', 'customer service', 'english', 'experience']",on-site,full time,entry level,,2 hours ago,1.0,maadi,cairo,egypt
sales engineer,ds home,"['sketchup', 'autocad', 'furniture design', 'furniture sales', 'interior finishing design', 'interior finishing sales', 'request for quotation (rfq)', 'bill of quantity (boq)', 'sales target achievement']",on-site,full time,experienced,,2 hours ago,2.0,cairo,cairo,egypt
sales engineer (agriculture),magico group,"['agricultural engineering', 'r&d', 'technical support', 'sales engineering', 'export sales', 'sales coordination', 'agriculture']",hybrid,full time,experienced,,2 hours ago,2.0,obour city,cairo,egypt
compensation benefits specialist,holw el sham,"['compensation', 'payroll', 'human resources (hr)', 'customer service', 'communication', 'problem solving', 'initiative taking', 'follow through', 'working effectively with others']",on-site,full time,experienced,,3 hours ago,2.0,6th of october,giza,egypt
staffing & recruitment specialist,holw el sham,"['recruitment', 'staffing', 'personnel', 'microsoft office', 'erp', 'communication', 'problem solving', 'priority setting', 'thinking and problem solving']",on-site,full time,experienced,,3 hours ago,2.0,6th of october,giza,egypt
architectural project coordinator,confidential,"['project coordination', 'architectural engineering', 'project management', 'architecture', 'fit-out', 'interior finishing', 'construction management', 'technical coordination']",on-site,full time,experienced,,3 hours ago,2.0,mokattam,cairo,egypt
administrative manager,el mohandess print house,"['administration', 'microsoft office', 'office management']",on-site,full time,manager,,3 hours ago,3.0,10th of ramadan city,sharqia,egypt
senior mechanical maintenance engineer,tank,"['electrical engineering', 'mechanical maintenance', 'engineering', 'maintenance', 'mechanical', 'mechanical engineering']",on-site,full time,entry level,,3 hours ago,1.0,10th of ramadan city,cairo,egypt
operations & administration manager,angel group,"['administration', 'microsoft office', 'office management']",on-site,full time,manager,,3 hours ago,3.0,cairo,cairo,egypt
sales manager - real estate,confidential,"['manager', 'sales manager', 'sales director', 'sales skills', 'sales', 'management', 'marketing']",hybrid,full time,manager,,3 hours ago,3.0,new cairo,cairo,egypt
international trading specialist & business development,posco intl cairo office,"['marketing', 'sales', 'sales and marketing', 'sales skills', 'bachelors degree', 'international business', 'ms office']",on-site,full time,experienced,,3 hours ago,2.0,maadi,cairo,egypt
business development assistant,posco intl cairo office,"['marketing', 'sales', 'sales and marketing', 'sales skills', 'bachelors degree', 'international business', 'ms office']",on-site,full time,entry level,,3 hours ago,1.0,maadi,cairo,egypt
senior landscape engineer,pre group,"['landscape engineering', 'landscape maintenance', 'landscape design', 'irrigation systems', 'material selection', 'quality assurance', 'snag lists', 'value engineering', 'project management']",on-site,full time,experienced,,3 hours ago,2.0,new cairo,cairo,egypt
telesales agent,views-eg,"['customer service', 'sales', 'telesales', 'communication skills', 'active listening', 'persuasion', 'problem-solving', 'crm software']",on-site,full time,entry level,,4 hours ago,1.0,new cairo,cairo,egypt
senior budget & cost control accountant,confidential,"['accounting', 'analysis', 'control', 'cost', 'cost control', 'finance', 'financial analysis']",on-site,full time,experienced,,4 hours ago,2.0,obour city,cairo,egypt
senior sales engineer,target engineering,"['engineering', 'electrical engineering', 'automation engineering', 'fire protection engineering', 'automation', 'computer science', 'information technology (it)', 'electronics', 'sales']",on-site,full time,experienced,,4 hours ago,2.0,cairo,cairo,egypt
payroll & personnel specialist,groovy medical spa,"['communication', 'hr', 'human resources', 'human resources (hr)', 'payroll', 'personnel', 'management', 'compensation', 'hris']",on-site,full time,experienced,,4 hours ago,2.0,heliopolis,cairo,egypt
export manager,confidential,"['food', 'export', 'logistics', 'communication', 'management', 'sales', 'export sales', 'b2b']",on-site,full time,manager,,4 hours ago,3.0,6th of october,giza,egypt
retail sales representative - medical,purity pet food,"['medical', 'retail', 'retail sales', 'customer service']",on-site,full time,experienced,,4 hours ago,2.0,cairo,cairo,egypt
human resources manager,holw el sham,"['payroll', 'human resources (hr)', 'personnel', 'recruitment', 'training', 'benefits management']",on-site,full time,manager,,4 hours ago,3.0,6th of october,giza,egypt
hr manager,confidential,"['employee relations', 'human resources', 'human resources (hr)', 'management', 'microsoft office', 'recruitment', 'sourcing', 'talent acquisition']",on-site,full time,manager,,4 hours ago,3.0,10th of ramadan city,cairo,egypt
retail sales representative,purity pet food,"['customer service', 'retail sales', 'sales']",on-site,full time,experienced,,4 hours ago,2.0,cairo,cairo,egypt
pre-sales engineer – junior,target integrated systems,"['pre-sales support', 'technical presentations', 'it solution design', 'customer needs analysis', 'proposal development', 'networking fundamentals', 'technical documentation']",on-site,full time,entry level,,4 hours ago,1.0,maadi,cairo,egypt
social media specialist,realme,"['social media', 'content creation', 'instagram', 'tiktok', 'linkedin', 'design', 'data analysis', 'e-marketing']",on-site,full time,experienced,,4 hours ago,2.0,nasr city,cairo,egypt
retail sales manager,purity pet food,"['retail', 'retail sales', 'customer service']",on-site,full time,manager,,4 hours ago,3.0,cairo,cairo,egypt
account officer,chineses contracting tong long group,"['accounting', 'general ledger (gl)', 'financial reporting', 'microsoft excel', 'tax compliance', 'erp systems']",on-site,full time,experienced,,4 hours ago,2.0,badr city,cairo,egypt
hr coordinator,confidential,"['human resources (hr)', 'hr', 'communication skills', 'recruitment', 'administration', 'english', 'microsoft office', 'ms office', 'office']",on-site,full time,experienced,,5 hours ago,2.0,katameya,cairo,egypt
import coordinator,rockal,"['supply chain', 'import / export', 'logistics operations']",on-site,full time,entry level,,5 hours ago,1.0,nasr city,cairo,egypt
sales specialist,dr.greiche,"['automotive sales', 'automotive spare parts', 'retail business', 'outdoor sales', 'salesb2b', 'b2b', 'customer service', 'retail sales']",hybrid,full time,experienced,,5 hours ago,2.0,10th of ramadan city,sharqia,egypt
cost accountant,hyma plastic,"['data reporting', 'financial analysis', 'inventory management', 'budgeting and forecasting', 'cost accounting']",on-site,full time,experienced,,5 hours ago,2.0,giza,giza,egypt
marketing executive,iei,"['marketing', 'market research', 'b2b', 'business administration', 'communication', 'crm', 'digital marketing', 'sales']",on-site,full time,experienced,,5 hours ago,2.0,10th of ramadan city,sharqia,egypt
business development & sales engineer,iei,"['business development', 'sales', 'sales target', 'communication', 'development', 'engineering', 'management']",on-site,full time,manager,,5 hours ago,3.0,10th of ramadan city,sharqia,egypt
corporate planning & governance manager,iei,"['corporate planning', 'financial planning & analysis', 'management', 'accounting', 'business development', 'cfa', 'corporate sales', 'finance']",on-site,full time,experienced,,5 hours ago,2.0,10th of ramadan city,sharqia,egypt
taxation officer/ executive,dabur,"['taxation', 'accounting', 'finance', 'sap', 'tax laws', 'microsoft excel', 'financial analysis', 'erp']",on-site,full time,entry level,,5 hours ago,1.0,new cairo,cairo,egypt
product owner,ibn sina pharma,"['agile', 'computer science', 'information technology (it)', 'software development', 'product', 'pharmacy management systems', 'digital products']",on-site,full time,entry level,,5 hours ago,1.0,new cairo,cairo,egypt
social media specialist,ninos kids wear,"['e-marketing', 'marketing', 'social media', 'design', 'communication', 'online marketing', 'web design', 'writing']",on-site,full time,experienced,,5 hours ago,2.0,maadi,cairo,egypt
finance internship,hayat,"['accounting', 'financial analysis', 'finance', 'reporting']",on-site,full time,entry level,,5 hours ago,1.0,nasr city,cairo,egypt
it application support,east,"['application support', 'technical support']",on-site,full time,entry level,,6 hours ago,1.0,maadi,cairo,egypt
pattern maker,angel group,"['pattern making', 'size grading', 'time management', 'cad software (gerber, lectra, etc.)', 'fashion retail', 'fashion design', 'fashion accessories', 'design']",on-site,full time,experienced,,6 hours ago,2.0,abbassia,cairo,egypt
sales agent - fashion,angel group,"['sales strategy', 'client relationship management', 'negotiation', 'time management', 'market research', 'communication', 'presentation skills']",on-site,full time,experienced,,6 hours ago,2.0,abbassia,cairo,egypt
senior brand & visual designer,amad llc,"['design', 'adobe photoshop', 'graphic design', 'branding', 'brand development', 'web design']",remote,freelance / project,experienced,,6 hours ago,2.0,cairo,cairo,egypt
fashion designer,angel group,"['trend analysis', 'children’s apparel design', 'team collaboration', 'adobe illustrator', 'technical drawing', 'time management', 'pattern making', 'textile selection']",on-site,full time,experienced,,6 hours ago,2.0,abbassia,cairo,egypt
architect,travco group,"['architecture', 'autocad', 'technical office', 'revit', 'construction', 'engineering', 'architectural design', 'computer science', 'drawing']",on-site,full time,entry level,,6 hours ago,1.0,sheikh zayed,giza,egypt
accounting administrative assistant - must have excellent english,assist group limited,"['crm management', 'sales tax', 'american licensing', 'american tax system', 'nys tax system']",on-site,full time,entry level,,10 hours ago,1.0,dokki,giza,egypt
collection specialist,medexera,"['collection', 'microsoft office', 'finance', 'accounting', 'call center', 'negotiation', 'collections', 'communication']",on-site,full time,entry level,,14 hours ago,1.0,new cairo,cairo,egypt
operations manager-night shift,medexera,"['operations management', 'customer care', 'business english', 'sales', 'management', 'microsoft office', 'call center', 'b2 english', 'team management']",on-site,full time,manager,,15 hours ago,3.0,downtown,cairo,egypt
social media specialist,8x egypt,"['e-marketing', 'marketing', 'social media', 'b2b', 'crm', 'moderation']",on-site,full time,entry level,,18 hours ago,1.0,maadi,cairo,egypt
anti-fraud advisor (entry level),etisalat egypt,"['fraud investigation', 'data analysis', 'transaction monitoring', 'transaction lifecycle', 'fintech', 'complaince']",on-site,full time,entry level,,19 hours ago,1.0,maadi,cairo,egypt
english teacher,eastlands international school,"['english teaching', 'teaching']",on-site,full time,experienced,,20 hours ago,2.0,shorouk city,cairo,egypt
"software qa test engineer (manual & automation) (full-time, remote)",ibrokerage ltd.,"['automation', 'information technology (it)', 'computer science', 'quality assurance', 'quality control', 'software tester']",remote,full time,experienced,,21 hours ago,2.0,cairo,cairo,egypt
internship 2026 - digital marketing content creator,ta telecom,"['content creation', 'digital media', 'editing', 'social media', 'writing', 'digital marketing', 'arabic']",hybrid,internship,entry level,,22 hours ago,1.0,maadi,cairo,egypt
arabic sme,thaka international,"['e-learning', 'teaching', 'content development', 'arabic teaching', 'sme', 'instructional design']",hybrid,full time,entry level,,22 hours ago,1.0,nasr city,cairo,egypt
instructional designer,thaka international,"['e-learning development', 'instructional design', 'collaboration', 'communication', 'creative']",hybrid,full time,experienced,,22 hours ago,2.0,nasr city,cairo,egypt
power & electrical machinery engineer,the egyptian co. for electrical industries,"['electrical engineering', 'electrical design & shop drawings', 'autocad', 'power distribution', 'load calculations', 'microsoft office (excel, word, powerpoint)']",on-site,full time,entry level,,22 hours ago,1.0,10th of ramadan city,cairo,egypt
senior architect,capital link developments,"['design', 'autocad', 'architecture', 'revit', 'architectural engineering', 'engineering', 'english', 'microsoft office', 'architectural']",on-site,full time,experienced,,23 hours ago,2.0,new cairo,cairo,egypt
ar specialist out door,zinox&master,"['accounting', 'accounts receivable', 'financial reporting', 'credit management', 'collection strategies', 'customer relationship management', 'data entry', 'microsoft excel', 'communication skills']",on-site,full time,experienced,,23 hours ago,2.0,obour city,cairo,egypt
project control manager,confidential,"['contracts management', 'claims management', 'planning', 'cost control', 'project cost control']",on-site,full time,manager,,23 hours ago,3.0,sheikh zayed,giza,egypt
product manager,ibn sina pharma,"['information technology (it)', 'product', 'product management', 'software development', 'product development', 'business analysis', 'business analytics', 'agile']",hybrid,full time,experienced,,23 hours ago,2.0,new cairo,cairo,egypt
production manager,flexfilms egypt,"['engineering', 'management', 'manufacturing', 'production', 'lean manufacturing', 'quality control', 'supply chain management']",on-site,full time,manager,,23 hours ago,3.0,6th of october,giza,egypt
sales executive-b2b,egypt gold,"['b2b', 'sales', 'sales target', 'outdoor sales', 'contract negotiation', 'b2b sales', 'negotiation']",on-site,full time,entry level,,23 hours ago,1.0,cairo,cairo,egypt
electronics team leader,bedo company,"['electronics', 'electrical engineering']",on-site,full time,experienced,,23 hours ago,2.0,6th of october,giza,egypt
senior electrical power engineer,bedo company,"['electrical engineering', 'engineering']",on-site,full time,experienced,,23 hours ago,2.0,6th of october,giza,egypt
graphic designer - real estate,valero development,"['graphic design', 'creative', 'adobe photoshop', 'adobe illustrator', 'motion graphics', 'marketing', 'illustrator', 'digital marketing']",on-site,full time,experienced,,23 hours ago,2.0,obour city,cairo,egypt
sales supervisor (port said),soficopharm,"['sales', 'sales target', 'customer service', 'pharmaceutical', 'pharmaceutical sales', 'coaching']",on-site,full time,experienced,,23 hours ago,2.0,port said,port said,egypt
electrical sales engineer,gila electric,"['electrical', 'sales', 'panels', 'communication', 'communication skills', 'electrical engineering', 'engineering', 'lighting']",on-site,full time,experienced,,24 hours ago,2.0,6th of october,giza,egypt
senior social media specialist ( music industry),injaz digital,"['digital marketing', 'social media', 'sales', 'e-marketing', 'marketing', 'company branding', 'branding']",hybrid,full time,experienced,,24 hours ago,2.0,heliopolis,cairo,egypt
telecommunication and electronics engineer senior,idaco,"['electronics', 'engineering', 'telecommunication', 'altium', 'design', 'eagle', 'electrical engineering', 'information technology (it)']",on-site,full time,experienced,,24 hours ago,2.0,6th of october,giza,egypt
sales marketing executive,boschcenter-maamounfarag,"['sales', 'sales target', 'marketing']",on-site,full time,experienced,,24 hours ago,2.0,obour city,cairo,egypt
telecommunication and electronics engineer fresh,idaco,"['electronics', 'engineering', 'telecommunication', 'information technology (it)']",on-site,full time,entry level,,24 hours ago,1.0,6th of october,giza,egypt
ai / machine learning engineer,confidential,"['python', 'machine learning', 'artificial intelligence (ai)', 'generative ai', 'large language models (llms)', 'rag', 'nlp', 'embeddings', 'vector databases']",hybrid,full time,experienced,,24 hours ago,2.0,cairo,cairo,egypt
qualified translator,medecins sans frontieres,"['health care', 'ingo', 'humanitarian', 'msf', 'medical translation', 'english translation', 'arabic translation']",on-site,full time,entry level,,24 hours ago,1.0,aswan,aswan,egypt
sales manager | sheikh zayed,wuzzuf,"['sales', 'business development', 'horeca', 'fmcg', 'ecommerce']",on-site,full time,experienced,,1 day ago,2.0,cairo,cairo,egypt
accounts receivable accountant (ar),yodawy,"['accounting', 'accounts receivable', 'finance', 'ar', 'ms office', 'erp', 'oodo', 'financial', 'financial analysis']",on-site,full time,entry level,,1 day ago,1.0,mohandessin,giza,egypt
sales account manager,confidential,"['export sales', 'export', 'key account management', 'english education', 'engineering', 'business administration', 'glass', 'aluminum']",on-site,full time,experienced,,1 day ago,2.0,maadi,cairo,egypt
planning manager - engineering,kandil glass,"['planning', 'management', 'erp', 'business', 'supply', 'supply chain', 'demand planning']",on-site,full time,manager,,1 day ago,3.0,10th of ramadan city,cairo,egypt
logistics specialist,delta egypt for lighting,"['logistics', 'communication skills', 'supply chain', 'supply chain management', 'software', 'nafeza', 'accounting', 'import', 'supply']",on-site,full time,entry level,,1 day ago,1.0,obour city,cairo,egypt
executive director engineer,khater sports group,"['administration', 'management', 'strategic planning', 'operations management', 'project management', 'financial oversight', 'leadership']",on-site,full time,senior management,,1 day ago,,nasr city,cairo,egypt
customer relation executive,arabiat,"['automobile engineering', 'customer service', 'customer support', 'communication skills', 'problem-solving', 'active listening', 'empathy', 'conflict resolution', 'crm software']",on-site,full time,entry level,,1 day ago,1.0,obour city,cairo,egypt
accounts receivable manager,igi-group,"['accounts receivable', 'finance', 'accounting', 'financial reporting', 'cash flow management', 'credit management', 'risk assessment', 'team leadership', 'process improvement']",on-site,full time,manager,,1 day ago,3.0,sheikh zayed,giza,egypt
sales account manager,injaz digital,"['sales', 'sales skills', 'sales target', 'marketing', 'account manager', 'business', 'business administration']",on-site,full time,experienced,,1 day ago,2.0,new cairo,cairo,egypt
bim architectural engineer,egec,"['architecture', 'autocad', 'revit architecture', 'revit bim', 'architectural engineering', 'autodesk revit', 'autodesk', 'civil engineering', 'navisworks']",on-site,full time,experienced,,1 day ago,2.0,haram,giza,egypt
senior pl/ff design engineer,egec,"['design', 'revit mep', 'autocad mechanical', 'mechanical', 'mep', 'revit', 'autocad', 'engineering']",on-site,full time,experienced,,1 day ago,2.0,haram,giza,egypt
architect,confidential,"['architecture', 'cad software', 'sketchup', 'english', 'construction', 'design', 'drawing', 'architectural design', 'autocad']",remote,full time,experienced,,1 day ago,2.0,maadi,cairo,egypt
for testing,nada account test,"['information technology (it)', 'business intelligence development']",remote,internship,entry level,,1 day ago,1.0,alghanayem,assiut,egypt
lab application engineer (r&d engineer),bakeland egypt,"['r&d', 'quality control', 'quality assurance', 'food production', 'food manufacturing', 'food & beverage', 'food hygiene', 'food science', 'food quality']",on-site,full time,entry level,,1 day ago,1.0,10th of ramadan city,cairo,egypt
customer service - financial background,oworkers,"['customer care', 'customer service', 'customer support', 'financial', 'wealth management', 'financial services', 'finance']",on-site,full time,entry level,,1 day ago,1.0,maadi,cairo,egypt
billers acquisition senior specialist,khales,"['commercial sales', 'commercial management']",on-site,full time,experienced,,1 day ago,2.0,giza,giza,egypt
new products senior developer (pharmacist),eva cosmetics,"['business development', 'pharmacy', 'pharmaceutical', 'cosmetics']",on-site,full time,experienced,,1 day ago,2.0,6th of october,giza,egypt
audit accountant,ritzy developments,"['accounting', 'auditing', 'finance', 'financial analysis']",on-site,full time,experienced,,1 day ago,2.0,damietta,damietta,egypt
graduate internship: enterprise software engineering,et3 - tomorrow information technology,"['computer science', 'software engineering', 'software development', 'big data analytics', 'system integration', 'information technology (it)', 'computer engineering', 'front-end development', 'front-end web development']",hybrid,internship,entry level,,1 day ago,1.0,new cairo,cairo,egypt
administrative coordinator,axios international,"['management', 'administration', 'business administration', 'accounting', 'communication', 'customer service', 'data entry', 'microsoft office', 'ms office']",on-site,full time,entry level,,1 day ago,1.0,dokki,giza,egypt
senior i&c systems installations engineer,confidential,"['control systems', 'cable laying', 'telecommunication systems', 'fire and gas systems', 'communication engineering', 'mechatronics engineering', 'communication']",on-site,full time,experienced,,1 day ago,2.0,cairo,cairo,egypt
senior electrical installations engineer,confidential,"['power station', 'cable laying', 'switchgear', 'electrical equipment', 'electrical power', 'electrical installation', 'electrical installations']",on-site,full time,experienced,,1 day ago,2.0,cairo,cairo,egypt
team leader - arabic sales account,etisalat egypt,"['customer care', 'call center', 'customer service', 'leadership', 'information technology (it)', 'management', 'sales', 'communication', 'sales target']",on-site,full time,manager,,1 day ago,3.0,nasr city,cairo,egypt
senior talent acquisition specialist (healthcare),cairoscan,"['human resources', 'talent', 'recruitment', 'recruiting', 'talent acquisition', 'interviewing', 'human resources (hr)', 'management', 'human resources management']",on-site,full time,experienced,,1 day ago,2.0,mohandessin,giza,egypt
azure administrator,confidential,"['azure', 'computer science', 'information technology (it)', 'linux']",on-site,full time,entry level,,1 day ago,1.0,maadi,cairo,egypt
modern trade sales representative,solo soft for hygienic paper,"['modern trade', 'sales']",on-site,full time,experienced,,1 day ago,2.0,6th of october,giza,egypt
hr & employees relations specialist,seasons country club,"['human resources (hr)', 'personnel', 'employee relations', 'administration', 'hr']",on-site,full time,entry level,,1 day ago,1.0,haram,giza,egypt
administrative executive,orvanta projects,"['administration', 'office management', 'operations management', 'microsoft office', 'business administration', 'digital marketing']",on-site,full time,entry level,,1 day ago,1.0,cairo,cairo,egypt
architecture technical office engineer,el mansour development,"['architecture', 'autocad', 'engineering', 'microsoft office', 'technical office', 'contracting', 'construction', 'projects']",on-site,full time,experienced,,1 day ago,2.0,mokattam,cairo,egypt
business developer,mr. beard,"['sales', 'b2b sales', 'b2b', 'b2b marketing', 'business development', 'communication', 'corporate sales']",on-site,full time,experienced,,1 day ago,2.0,nasr city,cairo,egypt
business development assistant,orvanta projects,"['sales target', 'development', 'market research', 'marketing', 'online marketing', 'internet marketing', 'web marketing']",on-site,full time,entry level,,1 day ago,1.0,cairo,cairo,egypt
construction manager,el mansour development,"['civil engineering', 'construction', 'engineering', 'project management', 'projects', 'project', 'safety']",on-site,full time,manager,,1 day ago,3.0,mokattam,cairo,egypt
mechanical technical office engineer,el mansour development,"['autocad', 'engineering', 'mechanical', 'mechanical engineering', 'microsoft office', 'technical office', 'construction', 'hvac']",on-site,full time,experienced,,1 day ago,2.0,mokattam,cairo,egypt
administration & fleet supervisor,alestesmaria holding company,"['administration', 'fleet management', 'fleet maintenance']",on-site,full time,experienced,,1 day ago,2.0,new cairo,cairo,egypt
general accounting analyst,confidential,"['accounting', 'financial analysis', 'general accounting', 'cost control', 'budget management', 'tax accounting']",on-site,full time,entry level,,1 day ago,1.0,cairo,cairo,egypt
human resource business partner,confidential,"['administration', 'hr', 'management', 'recruitment', 'human resources (hr)', 'business administration', 'microsoft office', 'employee relations']",on-site,full time,experienced,,1 day ago,2.0,6th of october,giza,egypt
civil planning engineer,confidential,"['civil engineering', 'engineering', 'planning', 'construction', 'architecture', 'management', 'project', 'projects']",on-site,full time,experienced,,1 day ago,2.0,mokattam,cairo,egypt
recruitment specialist,healthy corner,"['human resources (hr)', 'microsoft office', 'recruitment', 'personnel', 'administration', 'business administration', 'hr', 'human resources']",on-site,full time,experienced,,1 day ago,2.0,cairo,cairo,egypt
assistant accountant,gazelle envelope manufacturers,"['accounts receivable', 'accounts payable', 'financial reporting', 'data entry', 'bank reconciliation', 'erp software', 'microsoft excel']",on-site,full time,experienced,,1 day ago,2.0,6th of october,giza,egypt
senior logistics specalist,forefront trading and export,"['logistics', 'time management', 'negotiation', 'supply chain management', 'inventory control', 'freight forwarding', 'customs regulations', 'problem solving']",on-site,full time,experienced,,1 day ago,2.0,nasr city,cairo,egypt
outdoor sales executive,elsafa trading company,"['outdoor sales', 'sales', 'sales target', 'customer service', 'communication', 'b2b sales', 'engineering', 'management', 'negotiation']",hybrid,full time,experienced,,1 day ago,2.0,suez,suez,egypt
telesales inbound specialist - american account,riseup (endemag for administrative skills development),"['customer care', 'customer support', 'sales', 'customer service', 'telesales']",on-site,full time,entry level,,1 day ago,1.0,sheraton,cairo,egypt
sales inbound specialist - us account,riseup (endemag for administrative skills development),"['customer care', 'customer support', 'sales', 'customer service', 'telesales', 'sales target']",on-site,full time,entry level,,1 day ago,1.0,sheraton,cairo,egypt
electrical sales executive,kandil industries,"['customer service', 'sales', 'negotiation', 'communication', 'sales target', 'selling', 'sales field']",on-site,full time,experienced,,1 day ago,2.0,new cairo,cairo,egypt
brand manager (foods background),confidential,"['advertising', 'branding', 'manufacturing', 'market research', 'marketing', 'operations management', 'customer service excellence']",on-site,full time,manager,,1 day ago,3.0,6th of october,giza,egypt
it specialist,statements consulting,"['computer science', 'information technology (it)', 'technical support', 'helpdesk']",on-site,full time,entry level,,1 day ago,1.0,nasr city,cairo,egypt
logistics specialist,cscec international facade egypt co ltd,"['1. responsible for applying for import and export licenses and acid applications, and collecting and submitting all customs clearance documents;', '2. participate in the procurement of customs clearance services, and handle liaison and settlement with customs clearance companies;', 'logistics', '3. responsible for price comparison and inquiry for sea freight and customs clearance, and consultation on customs duties and value-added tax in third countries, as well as customs code lookup and trade policy consultation;', '4. responsible for liaison with customs and tax authorities.', '5.port/warehouse/site ppe： always wear safety helmet, steel-toe boots, and reflective vest when visiting ports, customs warehouses, or project sites；wear dust masks when inspecting inside containers or closed trucks.', '6.incident & abnormality reporting： in case of cargo damage, loss, or traffic accidents, secure scene, take photos for evidence, and report to supervisor within 1 hour；record and report all near-misses (e.g., cargo tilting, damaged packaging).']",on-site,full time,experienced,,1 day ago,2.0,ain sokhna,suez,egypt
english supervisor for primary stage ( national section),manhattan schools,"['english teaching', 'teaching']",on-site,full time,experienced,,1 day ago,2.0,cairo,cairo,egypt
logistics manager,confidential,"['logistics', 'supply chain', 'administration', 'business administration', 'engineering', 'management', 'planning', 'purchasing', 'supply']",on-site,full time,manager,,1 day ago,3.0,cairo,cairo,egypt
designer (construction & facade & aluminum window design),cscec international facade egypt co ltd,"['autocad', '3d modeling', 'autodesk 3ds max', '3ds max', 'microsoft office', 'microsoft excel', 'microsoft word']",on-site,full time,experienced,,1 day ago,2.0,ain sokhna,suez,egypt
hse engineer,cscec international facade egypt co ltd,"['hse management', 'osha', 'firefighting system', 'hse specialist certificate']",on-site,full time,experienced,,1 day ago,2.0,ain sokhna,suez,egypt
it support specialist,la poire,"['customer support', 'helpdesk', 'communication', 'computer science', 'computer systems', 'customer service', 'information technology (it)']",on-site,full time,entry level,,1 day ago,1.0,basatin,cairo,egypt
quality inspection engineer,cscec international facade egypt co ltd,"['microsoft office', 'quality assurance', 'quality control', 'facade inspection', 'technical documentation', 'problem solving', 'attention to detail', 'root cause analysis', 'inspection procedures']",on-site,full time,experienced,,1 day ago,2.0,ain sokhna,suez,egypt
internship to permanent operations support specialist,assist group limited,"['business english', 'customer service', 'customer support', 'operations support', 'customer care', 'communication skills', 'problem-solving']",on-site,internship,entry level,,1 day ago,1.0,dokki,giza,egypt
junior architect supervision,pavillion architects,"['architecture', 'site supervision', 'site management', 'site work', 'site engineering', 'architectural engineering', 'architectural design', 'autocad']",on-site,full time,entry level,,1 day ago,1.0,cairo,cairo,egypt
warehouse manager,red sea shipyard,"['logistics', 'supply chain', 'warehousing', 'inventory management', 'warehousing management', 'warehouse management system', 'shipbuilding']",on-site,full time,manager,,1 day ago,3.0,red sea,red sea,egypt
head of offline sales & marketing,confidential,"['sales', 'marketing', 'retail management system (rms)', 'retail business', 'retail sales', 'retail operations', 'retail marketing']",on-site,full time,manager,,1 day ago,3.0,giza,giza,egypt
website manager,confidential,"['digital marketing', 'marketing', 'social media', 'seo', 'e-marketing', 'ecommerce', 'web marketing']",on-site,full time,manager,,1 day ago,3.0,giza,giza,egypt
assistant store keeper,pyramakerz,"['warehousing', 'storekeeping']",on-site,full time,entry level,,2 days ago,1.0,basatin,cairo,egypt
site engineer,contra pmc,"['construction engineering', 'site engineering', 'construction management', 'site supervision', 'technical drawing interpretation', 'project coordination', 'quality assurance', 'problem-solving', 'communication']",on-site,full time,experienced,,2 days ago,2.0,cairo,cairo,egypt
digital marketing manager,confidential,"['digital marketing', 'social media', 'e-marketing', 'media buying', 'social media strategy', 'marketing', 'content marketing']",on-site,full time,manager,,2 days ago,3.0,giza,giza,egypt
content & media creator,coccarohome,"['graphic design', 'social media', 'content creation', 'design', 'creative', 'digital marketing', 'marketing']",on-site,internship,entry level,,2 days ago,1.0,mohandessin,giza,egypt
branch manager (female only),martina beauty house ( beauty center),"['branch management', 'customer service', 'sales', 'administration', 'operations management', 'english', 'coaching']",on-site,full time,experienced,,2 days ago,2.0,new cairo,cairo,egypt
sales manager – steel division,red sea shipyard,"['engineering', 'sales', 'sales target', 'steel', 'outdoor sales', 'sales management', 'steel industry']",on-site,full time,manager,,2 days ago,3.0,cairo,cairo,egypt
water treatment service engineer,pure water resources,"['chemistry', 'water treatment', 'communication', 'engineering', 'sales']",on-site,full time,entry level,,2 days ago,1.0,cairo,cairo,egypt
female retail sales,go native,"['retail', 'retail sales', 'sales target', 'sales']",on-site,full time,student,,2 days ago,,cairo,cairo,egypt
steel factory manager,red sea shipyard,"['engineering', 'management', 'manufacturing', 'steel', 'production', 'factory management', 'steel industry']",on-site,full time,manager,,2 days ago,3.0,red sea,red sea,egypt
recruitment consultant,locum health uk,"['crm', 'human resources (hr)', 'interviewing', 'recruitment', 'computer skills', 'customer service', 'sales']",on-site,full time,entry level,,2 days ago,1.0,nasr city,cairo,egypt
senior business development executive – contract & fit-out projects,de.ci,"['sales', 'sales target', 'negotiation']",on-site,full time,experienced,,2 days ago,2.0,maadi,cairo,egypt
accountant,mcv - obour,"['accounting', 'finance', 'financial analysis', 'financial management', 'commerce', 'financial', 'financial reporting', 'microsoft excel', 'reporting']",on-site,full time,entry level,,2 days ago,1.0,obour city,cairo,egypt
elevators maintenance engineer (alex. branch),global for elevators and esclators,"['engineering', 'mechanical engineering', 'elevators', 'maintenance', 'maintenance engineer', 'power mechanical engineer', 'electrical engineering', 'safety']",hybrid,full time,experienced,,2 days ago,2.0,sidi bishr,alexandria,egypt
local purchasing section head,mcv - obour,"['procurement', 'purchasing', 'logistics', 'supply chain', 'civil engineering', 'engineering', 'english']",on-site,full time,manager,,2 days ago,3.0,obour city,cairo,egypt
district cooling engineer,grfn,"['mechanical engineering', 'engineering', 'cooling towers', 'district cooling plant (dcp)', 'autocad', 'chillers', 'design', 'hvac', 'mechanical']",hybrid,full time,experienced,,2 days ago,2.0,zamalek,cairo,egypt
administrative manager,red sea shipyard,"['administration', 'microsoft office', 'office management', 'construction', 'manufacturing industry', 'industrial engineering', 'leadership management']",on-site,full time,manager,,2 days ago,3.0,red sea,red sea,egypt
project manager,afaqy,"['information technology (it)', 'software development', 'computer science', 'budgeting', 'software', 'management', 'project management']",hybrid,full time,experienced,,2 days ago,2.0,maadi,cairo,egypt
hse manager,red sea shipyard,"['engineering', 'hse', 'safety', 'marine', 'safety management', 'shipbuilding', 'ports']",on-site,full time,manager,,2 days ago,3.0,red sea,red sea,egypt
cpp plastic film production department manager,medic,"['engineering', 'manufacturing', 'production']",on-site,full time,manager,,2 days ago,3.0,alsadat city,monufya,egypt
senior media buyer,rahala for import and export,"['advertising', 'digital marketing', 'management', 'marketing', 'media buying', 'social media', 'social media marketing', 'marketing strategy']",on-site,full time,experienced,,2 days ago,2.0,6th of october,giza,egypt
amazon account supervisor,rahala for import and export,"['customer service', 'sales target', 'sales', 'e-commerce', 'commerce', 'management', 'microsoft excel', 'amazon web services']",on-site,full time,experienced,,2 days ago,2.0,6th of october,giza,egypt
backend developer,thaka international,"['information technology (it)', 'computer science', 'php', 'laravel', 'vue.js', 'javascript', 'mysql', 'html', 'engineering']",hybrid,full time,experienced,,2 days ago,2.0,cairo,cairo,egypt
medical sales representative,confidential,"['customer service', 'medical sales', 'sales target', 'sales', 'medical', 'pharmacy', 'microsoft office', 'business development']",on-site,full time,experienced,,2 days ago,2.0,nasr city,cairo,egypt
his/ris application support engineer,millensys,"['computer science', 'software development', 'software engineering']",on-site,full time,experienced,,2 days ago,2.0,new cairo,cairo,egypt
corporate sales account manager,shougl,"['corporate sales', 'customer service', 'sales target', 'sales', 'business development', 'negotiation', 'marketing communication']",on-site,full time,experienced,,2 days ago,2.0,new cairo,cairo,egypt
maintenance contracts sales specialist,comtec,"['sales', 'contract management', 'customer service']",on-site,full time,experienced,,2 days ago,2.0,heliopolis,cairo,egypt
architect,master company for engineering industries,"['revit', 'autocad software', 'architectural engineering', 'furniture design', 'information technology (it)', 'architecture', 'autocad', 'computer science']",on-site,full time,entry level,,2 days ago,1.0,alexandria,alexandria,egypt
quality assurance coordinator,ibn sina pharma,"['quality assurance', 'qa', 'biochemistry', 'materials science', 'documentation', 'laboratory skills', 'problem-solving', 'attention to detail']",on-site,full time,entry level,,2 days ago,1.0,new cairo,cairo,egypt
purchasing specialist ( restaurants & café ),confidential,"['logistics management', 'procurement strategy', 'purchasing', 'supply chain optimization', 'vendor management', 'negotiation', 'inventory control', 'cost analysis']",on-site,full time,experienced,,2 days ago,2.0,mokattam,cairo,egypt
operational excellence engineer,kandil glass,"['industrial engineering', 'mechanical engineering', 'engineering', 'maintenance', 'manufacturing', 'communication', 'mechanical']",on-site,full time,entry level,,2 days ago,1.0,10th of ramadan city,sharqia,egypt
sales director,mena for contracting & trading,"['management', 'sales target', 'sales', 'crm', 'marketing', 'microsoft office', 'real estate sales', 'real estate']",on-site,full time,manager,,2 days ago,3.0,mohandessin,giza,egypt
sales account executive,eskola technology,"['sales', 'sales target', 'account management', 'communication', 'customer service', 'management', 'b2b', 'crm']",remote,full time,entry level,,2 days ago,1.0,alexandria,alexandria,egypt
science teacher,new heliopolis modern school,"['teaching', 'technology', 'communication']",on-site,full time,experienced,,2 days ago,2.0,shorouk city,cairo,egypt
middle golang developer,vertex technologies,"['golang', 'backend development', 'git', 'problem solving', 'team collaboration', 'sql', 'english b2', 'web development', 'scalable applications']",on-site,full time,experienced,,2 days ago,2.0,cairo,cairo,egypt
middle fullstack (python) developer,vertex technologies,"['python', 'react', 'javascript', 'typescript', 'react.js', 'vue.js', 'software development']",on-site,full time,experienced,,2 days ago,2.0,cairo,cairo,egypt
middle devops engineer,vertex technologies,"['linux', 'network fundamentals', 'web server setup', 'application deployments', 'database setup', 'cloud platforms', 'git', 'docker', 'kubernetes']",on-site,full time,entry level,,2 days ago,1.0,cairo,cairo,egypt
senior devops engineer,vertex technologies,"['linux', 'network fundamentals', 'web server setup', 'application deployments', 'database setup', 'cloud platforms', 'git', 'docker', 'kubernetes']",on-site,full time,experienced,,2 days ago,2.0,cairo,cairo,egypt
odoo sales executive,landmarks consulting solutions co,"['odoo erp', 'odoo', 'erp software', 'crm software', 'sales', 'information technology (it)', 'information analysis', 'sales field']",on-site,full time,experienced,,2 days ago,2.0,maadi,cairo,egypt
accounting manager,rozabella textile,"['accounting', 'finance', 'account management', 'financial accounting', 'accounting software', 'financial analysis', 'financial management', 'ifrs']",on-site,full time,manager,,2 days ago,3.0,10th of ramadan city,cairo,egypt
senior accountant,rozabella textile,"['finance', 'accounting', 'auditing', 'cost accounting', 'payable accounting', 'treasury accounting', 'accounts receivable']",on-site,full time,experienced,,2 days ago,2.0,10th of ramadan city,cairo,egypt
hr specialist,rozabella textile,"['recruitment and talent acquisition', 'hr policy administration', 'employee relations', 'hris and payroll systems', 'training and development', 'labor law compliance', 'organizational skills', 'performance management']",on-site,full time,experienced,,2 days ago,2.0,10th of ramadan city,cairo,egypt
yarn warehouse keeper,rozabella textile,"['logistics', 'supply chain management', 'warehousing', 'inventory management', 'material handling', 'forklift operation', 'quality control']",on-site,full time,experienced,,2 days ago,2.0,10th of ramadan city,cairo,egypt
hse specialist,touch media international,"['health, safety and environment (hse)', 'hse management systems', 'risk assessment', 'incident investigation', 'safety audits', 'environmental regulations', 'occupational health', 'emergency response planning']",on-site,full time,experienced,,2 days ago,2.0,obour city,cairo,egypt
senior maintenance engineer,cascade solutions inc.,"['cctv systems', 'ip cameras', 'access control system', 'physical security systems', 'computer science', 'communication', 'engineering', 'information technology (it)']",on-site,full time,experienced,,2 days ago,2.0,cairo,cairo,egypt
senior network & system administrator,al watania poultry,"['ccna', 'ccnp', 'computer science', 'firewalls', 'information technology (it)', 'office 365', 'mcse']",on-site,full time,experienced,,2 days ago,2.0,smart village,giza,egypt
senior technical office engineer,ibn sina pharma,"['autocad', 'microsoft office', 'engineering', 'technical office', 'sap', 'site engineering', 'design', 'civil engineering']",on-site,full time,experienced,,2 days ago,2.0,new cairo,cairo,egypt
financial controller,confidential,"['accounting', 'finance', 'financial', 'financial analysis', 'financial management']",on-site,full time,experienced,,2 days ago,2.0,mohandessin,giza,egypt
eagle academy run 5 - in cooperation with the british university in egypt,eagle chemicals,"['chemistry', 'chemical engineering', 'paints', 'training', 'fresh graduate', 'job opportunity', 'english']",on-site,internship,entry level,,2 days ago,1.0,6th of october,giza,egypt
quality assurance specialist,mcv - obour,"['iso standards', 'quality assurance', 'communication', 'qa', 'quality control', 'english', 'qa certification']",on-site,full time,experienced,,2 days ago,2.0,obour city,cairo,egypt
finance manager - agricultrual company,confidential,"['accounting', 'arabic', 'business', 'computer', 'computer skills', 'english', 'finance', 'financial']",on-site,full time,manager,,2 days ago,3.0,mohandessin,giza,egypt
senior hvac engineer,confidential,"['hvac', 'chillers', 'facilities engineering', 'troubleshooting', 'maintenance', 'engineering', 'computer science']",on-site,full time,experienced,,2 days ago,2.0,obour city,cairo,egypt
procurement specialist,ritzy developments,"['logistics', 'procurement', 'purchasing', 'supply chain']",on-site,full time,experienced,,2 days ago,2.0,giza,giza,egypt
back-end developer (node js),3d diagnostix,"['node js', 'software development', 'troubleshooting', 'information technology (it)', 'computer science', 'database', 'engineering', 'javascript']",remote,full time,entry level,,2 days ago,1.0,maadi,cairo,egypt
administrative manager,el mansour development,"['administration', 'office management', 'microsoft office', 'business administration', 'management', 'real estate', 'construction']",on-site,full time,manager,,2 days ago,3.0,mokattam,cairo,egypt
administrative assistant,multi m group,"['office management', 'administration', 'microsoft office suite', 'organizational skills', 'communication skills', 'time management', 'data entry', 'scheduling', 'customer service']",on-site,full time,entry level,,2 days ago,1.0,khanka,qalubia,egypt
tester (manual & automation) internship.,3d diagnostix,"['agile', 'computer science', 'information technology (it)', 'manual testing', 'software testing', 'testing', 'api']",remote,internship,student,,2 days ago,,cairo,cairo,egypt
system administrator,universities of canada in egypt,"['information technology (it)', 'security software', 'technical support', 'network administration', 'system administration']",on-site,full time,entry level,,2 days ago,1.0,new cairo,cairo,egypt
patient support program coordinator,axios international,"['pharmaceutical', 'pharmacy', 'communication', 'negotiation', 'multitasking', 'customer support', 'administration', 'customer care']",on-site,full time,entry level,,2 days ago,1.0,dokki,giza,egypt
steel structural engineer,tma for industrial supplies,"['autocad', 'civil engineering', 'engineering', 'steel', 'technical office engineering', 'technical office']",hybrid,full time,experienced,,2 days ago,2.0,nasr city,cairo,egypt
sustainability section head,kandil glass,"['engineering', 'mechanical engineering', 'microsoft office', 'project management', 'chemical engineering', 'industrial engineering', 'management']",on-site,full time,experienced,,2 days ago,2.0,10th of ramadan city,cairo,egypt
senior marketing specialist,confidential,"['data analysis', 'social media', 'content marketing', 'project management', 'communication', 'e-marketing', 'marketing', 'marketing campaigns']",on-site,full time,experienced,,2 days ago,2.0,heliopolis,cairo,egypt
talent acquisition specialist,the address investments for real estate consultancy,"['english', 'human resources (hr)', 'interviewing', 'microsoft office', 'office', 'recruitment', 'talent acquisition', 'mass hiring', 'hiring']",on-site,full time,experienced,,2 days ago,2.0,sheikh zayed,giza,egypt
purchasing specialist,confidential,"['procurement', 'purchasing', 'supply chain']",on-site,full time,experienced,,2 days ago,2.0,obour city,cairo,egypt
mechanical technical office engineer,confidential,"['revit mep', 'autocad software', 'quantity surveying', 'shop drawings', 'bim modeling', 'autocad', 'mechanical engineering', 'design', 'engineering']",on-site,full time,experienced,,2 days ago,2.0,heliopolis,cairo,egypt
finishing engineer,nxt development,"['finishing works', 'civil engineering', 'architecture', 'site engineering', 'construction engineering', 'construction', 'site supervision', 'interior finishing']",on-site,full time,experienced,,2 days ago,2.0,10th of ramadan city,sharqia,egypt
export sales manager,forefront trading and export,"['logistics', 'supply chain', 'management', 'sales', 'sales target', 'supply', 'customer service']",on-site,full time,manager,,2 days ago,3.0,cairo,cairo,egypt
technical sales engineer,confidential,"['engineering', 'technical sales', 'sales', 'client relationship management', 'product demonstrations', 'problem solving', 'communication skills', 'negotiation']",on-site,full time,entry level,,2 days ago,1.0,alexandria,alexandria,egypt
export sales executive,acma for chemicals and mining,"['export', 'export sales', 'sales', 'sales target', 'international business development', 'international trade', 'international sales']",on-site,full time,experienced,,2 days ago,2.0,sheraton,cairo,egypt
lawyer & legal affairs officer,ashdud,"['legal affairs', 'microsoft office', 'real estate', 'investment']",on-site,full time,experienced,,2 days ago,2.0,cairo,cairo,egypt
service advisor engineer,arabiat,"['engineering', 'customer care', 'technical support', 'troubleshooting', 'diagnostic skills', 'client relationship management', 'field service', 'mechanical engineering']",on-site,full time,entry level,,2 days ago,1.0,sheikh zayed,giza,egypt
brand sales advisor,rushbrush inc,"['sales', 'sales target', 'indoor sales']",on-site,full time,entry level,,2 days ago,1.0,cairo,cairo,egypt
senior sales operation,turbo compression,"['sales', 'sales target', 'engineering', 'communication', 'crm', 'customer service', 'sales operations']",on-site,full time,experienced,,2 days ago,2.0,sheraton,cairo,egypt
hse specialist,cellopack for packaging industries,"['hse', 'quality assurance']",on-site,full time,experienced,,2 days ago,2.0,6th of october,giza,egypt
research & development senior chemist (paints industry),scib paints,"['research & development', 'chemistry', 'paints', 'manufacturing', 'science']",on-site,full time,experienced,,2 days ago,2.0,6th of october,giza,egypt
production manager,aug pharma,"['management', 'manufacturing', 'production', 'pharmaceutical', 'pharmacy']",on-site,full time,manager,,2 days ago,3.0,6th of october,giza,egypt
accountant,full stock,"['accounting', 'finance', 'financial analysis', 'invoice', 'bank reconciliation', 'bookkeeping', 'data entry', 'accounting software', 'manufacturing']",on-site,full time,entry level,,2 days ago,1.0,sheikh zayed,giza,egypt
design engineer,mcv - obour,"['design', 'engineering', 'drawing', 'manufacturing', 'mechanical', 'testing', 'prototyping', 'cae', 'cad']",on-site,full time,entry level,,2 days ago,1.0,obour city,cairo,egypt
bim coordinator,intrade,"['bim', 'engineering', 'revit', 'bim 360', 'navisworks', 'autocad', 'architectural design', 'structural engineering', 'mep engineering']",on-site,full time,experienced,,2 days ago,2.0,cairo,cairo,egypt
construction manager,intrade,"['engineering', 'project management', 'construction engineering', 'risk management', 'budgeting', 'scheduling', 'quality control', 'leadership']",on-site,full time,manager,,2 days ago,3.0,6th of october,giza,egypt
tender & project coordinator,bli group,"['administration', 'microsoft office', 'consulting', 'management', 'training', 'writing', 'sales', 'customer service']",on-site,full time,experienced,,2 days ago,2.0,mohandessin,giza,egypt
lead generation specialist,it pro services llc,"['sales', 'b2b', 'lead generation', 'appointment setting', 'cold calling', 'cold email', 'business development']",remote,part time,experienced,,2 days ago,2.0,cairo,cairo,egypt
stem instructor,engineeius,"['coding instruction', 'classroom management', 'online teaching', 'communication', 'scratch programming', 'training', 'stem', 'steam']",hybrid,part time,entry level,,2 days ago,1.0,cairo,cairo,egypt
project manager,intrade,"['engineering', 'project management', 'construction engineering', 'risk management', 'budgeting', 'scheduling', 'quality control', 'leadership']",on-site,full time,manager,,2 days ago,3.0,6th of october,giza,egypt
ai video production,engineeius,"['video production', 'ai', 'content development', 'translation', 'stem', 'production', 'lms']",remote,freelance / project,experienced,,2 days ago,2.0,cairo,cairo,egypt
architect,tline,"['architecture', 'engineering']",on-site,full time,experienced,,2 days ago,2.0,maadi,cairo,egypt
local sales b2b executive - chemical,tld vietnam,"['b2b', 'sales', 'sales target', 'b2b sales', 'communication', 'engineering', 'negotiation']",remote,full time,experienced,,2 days ago,2.0,15th may city,cairo,egypt
community compliant engineer,new plan,"['engineering', 'customer relations', 'real estate', 'architecture', 'communication', 'computer science', 'construction', 'information technology (it)']",on-site,full time,entry level,,2 days ago,1.0,new capital,cairo,egypt
sales representative – indoor & outdoor sales,mass for trading,"['customer service', 'indoor sales', 'technical sales', 'management', 'negotiation', 'communication', 'b2b']",on-site,full time,experienced,,2 days ago,2.0,obour city,cairo,egypt
hr generalist,shougl,"['talent acquisition', 'performance management', 'competency based interview (cbi)', 'payroll management', 'recruitment', 'medical insurance', 'social insurance']",on-site,full time,experienced,,2 days ago,2.0,new cairo,cairo,egypt
external operations coordinator,some skin care,"['management', 'microsoft office', 'finance', 'manufacturing', 'project management', 'retail', 'sales']",on-site,full time,experienced,,2 days ago,2.0,cairo,cairo,egypt
senior treasury & banking accountant,el ezz for construction and trading,"['accounting', 'banking', 'finance', 'treasury']",on-site,full time,experienced,,2 days ago,2.0,cairo,cairo,egypt
project sales engineer,egic,"['project sales', 'technical presentations', 'client relationship management', 'negotiation', 'product knowledge (pipes & fittings)', 'market research', 'communication']",on-site,full time,entry level,,2 days ago,1.0,6th of october,giza,egypt
production planning engineer,confidential,"['engineering', 'planning', 'production planning', 'supply chain management', 'inventory control', 'process optimization', 'quality control', 'data analysis', 'project management']",on-site,full time,experienced,,2 days ago,2.0,obour city,cairo,egypt
hr operations manager,confidential,"['hr', 'human resources (hr)', 'personnel', 'administration', 'business administration', 'management', 'microsoft office']",on-site,full time,manager,,2 days ago,3.0,alsadat city,monufya,egypt
hr manager,confidential,"['recruitment', 'hr', 'communication', 'employee relations', 'human resources', 'human resources (hr)', 'management', 'microsoft office']",on-site,full time,manager,,2 days ago,3.0,sharqia,sharqia,egypt
e commerce manager,pearl boutique,"['e-commerce', 'commerce', 'e-marketing', 'marketing', 'online marketing', 'online sales', 'crm system']",on-site,full time,manager,,3 days ago,3.0,cairo,cairo,egypt
junior application support engineer,infinity tecs,"['application support', 'information technology (it)', 'technical support', 'software development', 'web development', 'mobile application development', 'browser devtools', 'restful apis']",on-site,full time,entry level,,3 days ago,1.0,cairo,cairo,egypt
production engineer (chemical reactors),activa international,"['engineering', 'production', 'manufacturing', 'chemical engineering', 'leadership', 'management', 'mba', 'troubleshooting']",on-site,full time,experienced,,3 days ago,2.0,6th of october,giza,egypt
payroll manager - (egypt & uk),london international patient services,"['human resources (hr)', 'microsoft office', 'recruitment', 'payroll', 'hr', 'hris', 'management', 'payroll system']",on-site,full time,manager,,3 days ago,3.0,cairo,cairo,egypt
or sales manager - home appliances,confidential,"['sales management', 'retail operations', 'strategic planning', 'or', 'sales', 'sales manager', 'sales director', 'home appliances', 'home electronics']",on-site,full time,manager,,3 days ago,3.0,new cairo,cairo,egypt
operations manager,confidential,"['management', 'microsoft office', 'business administration', 'communication', 'hospitality', 'ms office', 'leadership', 'operations management', 'sales']",on-site,full time,manager,,3 days ago,3.0,mohandessin,giza,egypt
sales specialist,monglish academy,"['sales', 'sales target', 'sales field', 'indoor sales', 'sales planning', 'sales plans', 'sales plan', 'cold calling']",on-site,full time,experienced,,3 days ago,2.0,alexandria,alexandria,egypt
senior media buyer,monglish academy,"['digital marketing', 'marketing', 'advertising media', 'ads', 'google ads', 'online ads', 'social media', 'advertising campaigns']",on-site,full time,experienced,,3 days ago,2.0,alexandria,alexandria,egypt
social media manager,monglish academy,"['e-marketing', 'marketing', 'social media', 'social media strategy', 'social media optimization', 'social media advertising', 'advertising campaigns', 'marketing campaigns']",on-site,full time,manager,,3 days ago,3.0,alexandria,alexandria,egypt
academic supervisor (alexandria residents),pyramakerz,"['leadership management', 'operations management', 'strategic thinking', 'communication', 'problem solving', 'lms']",on-site,full time,experienced,,3 days ago,2.0,glim,alexandria,egypt
deputy marketing manager,monglish academy,"['market research', 'marketing', 'social media', 'sales', 'digital marketing', 'marketing campaigns', 'marketing strategy']",on-site,full time,manager,,3 days ago,3.0,alexandria,alexandria,egypt
sales teamleader,monglish academy,"['sales target', 'sales', 'educational sales', 'indoor sales', 'sales planning', 'sales strategies', 'management', 'marketing']",on-site,full time,manager,,3 days ago,3.0,alexandria,alexandria,egypt
production intern,marmonil marble & granite,"['mechanical engineering', 'production']",on-site,internship,entry level,,3 days ago,1.0,new cairo,cairo,egypt
events & pr specialist – education sector,edulinx education ltd.,"['communication', 'digital marketing', 'marketing', 'media relations', 'public relations', 'public relations (pr)', 'social media', 'pr']",on-site,full time,experienced,,3 days ago,2.0,new cairo,cairo,egypt
senior graphic designer,raxeira beauty for cosmetics,"['adobe photoshop', 'adobe illustrator', 'graphic design', 'design']",on-site,full time,experienced,,3 days ago,2.0,obour city,cairo,egypt
data entry specialist,saudi-firmness,"['administration', 'data entry', 'microsoft office', 'customer service', 'attention to detail', 'typing speed', 'accuracy']",on-site,full time,entry level,,3 days ago,1.0,katameya,cairo,egypt
sales & marketing executive,amkscent,"['sales', 'sales target', 'marketing', 'b2b', 'business development', 'communication', 'management', 'negotiation', 'retail']",hybrid,full time,experienced,,3 days ago,2.0,new cairo,cairo,egypt
operation specialist,3d diagnostix,"['operating systems', 'customer care', '.net', 'customer service', 'logistics', 'medical', 'social insurance', 'transportation']",on-site,full time,entry level,,3 days ago,1.0,maadi,cairo,egypt
senior network administrator,confidential,"['computer science', 'engineering', 'information technology (it)', 'networking', 'network administration', 'ccna security', 'project management']",on-site,full time,experienced,,3 days ago,2.0,heliopolis,cairo,egypt
senior accounts receivable accountant,valero development,"['accounting', 'accounts receivable', 'finance', 'financial analysis', 'real estate']",on-site,full time,experienced,,3 days ago,2.0,obour city,cairo,egypt
general accountant,mcv - obour,"['accounting', 'finance', 'commerce', 'compliance', 'financial', 'financial analysis', 'financial management', 'ms office', 'reporting']",on-site,full time,experienced,,3 days ago,2.0,obour city,cairo,egypt
sales specialist,confidential,"['sales', 'sales target', 'communication', 'customer service', 'digital marketing', 'marketing', 'social media']",remote,part time,entry level,,3 days ago,1.0,6th of october,giza,egypt
senior accountant,confidential,"['accounting', 'finance', 'accounts payable', 'accounts receivable', 'accounting manager', 'financial management', 'cost accounting', 'budgeting', 'treasury']",on-site,full time,experienced,,3 days ago,2.0,downtown,cairo,egypt
accounts payable accountant,ibn sina pharma,"['accounting', 'accounts payable', 'erp', 'finance', 'financial', 'financial analysis', 'microsoft excel', 'reporting', 'erp systems']",on-site,full time,experienced,,3 days ago,2.0,obour city,cairo,egypt
restaurant manager (casual dinning: haram & new cairo),anas aldimashky,"['operations management', 'hospitality management', 'p&l management', 'food safety', 'team leadership', 'customer service', 'inventory management', 'staff training & development']",on-site,full time,manager,,3 days ago,3.0,cairo,cairo,egypt
oracle functional support specialist,confidential,"['information technology (it)', 'oracle', 'computer science', 'oracle database', 'technical support', 'computer engineering', 'microsoft office', 'oracle technologies']",on-site,full time,experienced,,3 days ago,2.0,new nozha,cairo,egypt
bilingual copywriter/content creator,vertex technologies,"['social media', 'content creation', 'copywriting', 'seo', 'content optimization', 'english b2+', 'marketing']",on-site,full time,experienced,,3 days ago,2.0,cairo,cairo,egypt
sales executive / engineer - alexandria,confidential,"['engineering', 'sales target', 'sales', 'tendering', 'technical sales', 'business development', 'microsoft office', 'b2b']",on-site,full time,experienced,,3 days ago,2.0,glim,alexandria,egypt
sales executive / engineer - cairo,confidential,"['engineering', 'sales target', 'sales', 'tendering', 'technical sales', 'b2b', 'computer skills', 'microsoft office']",on-site,full time,experienced,,3 days ago,2.0,downtown,cairo,egypt
medior full stack .net developer,vertex technologies,"['software development', '.net', 'asp.net', 'sql', 'web development', 'front-end web development', 'ms sql server', 'rest', 'unit testing']",on-site,full time,experienced,,3 days ago,2.0,cairo,cairo,egypt
senior organization development specialist,organi group,"['human resources (hr)', 'organization development', 'development', 'microsoft visio', 'od', 'human resources']",on-site,full time,experienced,,3 days ago,2.0,cairo,cairo,egypt
senior full stack .net developer,vertex technologies,"['software development', '.net', 'asp.net', 'c#', 'angular', 'react', 'ms sql', 'nosql', 'azure']",on-site,full time,experienced,,3 days ago,2.0,cairo,cairo,egypt
senior sales executive,rudder industries,"['sales target', 'customer service', 'sales', 'engineering', 'account management', 'communication', 'b2b', 'crm']",hybrid,freelance / project,experienced,,3 days ago,2.0,cairo,cairo,egypt
it technical support specialist,confidential,"['computer science', 'information technology (it)', 'technical support', 'customer support', 'troubleshooting', 'software installation', 'hardware installation']",on-site,full time,entry level,,3 days ago,1.0,heliopolis,cairo,egypt
two hr assistant (for alex and cairo branches ),agrocorp for agricultural investment,"['personnel', 'administration', 'management', 'human resources (hr)', 'recruitment', 'microsoft office', 'talent acquisition']",on-site,full time,experienced,,3 days ago,2.0,obour city,cairo,egypt
key account manager (f&b - modern trade),ghezaa company,"['sales', 'b2b', 'retail sales', 'modern trade', 'f&b', 'retail', 'communication', 'sales target']",on-site,full time,experienced,,3 days ago,2.0,new cairo,cairo,egypt
software developer,riseup (endemag for administrative skills development),"['computer science', 'information technology (it)', 'software development', 'software engineering', 'javascript', 'sql', 'react', 'java']",hybrid,full time,experienced,,3 days ago,2.0,maadi,cairo,egypt
key account manager – food service / horeca,ghezaa company,"['sales', 'food & beverage', 'business development', 'communication', 'management', 'microsoft office', 'account management', 'fmcg', 'horeca']",on-site,full time,experienced,,3 days ago,2.0,new cairo,cairo,egypt
telesales agent,assets,"['telesales', 'computer skills', 'confidence', 'customer service', 'communication skills', 'active listening', 'negotiation', 'crm software', 'sales techniques']",remote,full time,entry level,,3 days ago,1.0,cairo,cairo,egypt
graphic designer,orouba misr,"['graphic design', 'adobe photoshop', 'design']",hybrid,full time,entry level,,3 days ago,1.0,smouha,alexandria,egypt
senior bi analyst,ibn sina pharma,"['analysis', 'bi', 'business analysis', 'power bi', 'sql', 'computer science', 'data visualization', 'data modeling']",on-site,full time,experienced,,3 days ago,2.0,new cairo,cairo,egypt
accountant,petrogina trading,"['accounting', 'finance', 'financial analysis', 'quickbooks', 'accounting software', 'odoo erp', 'bookkeeping', 'data entry']",on-site,full time,entry level,,3 days ago,1.0,warraq,giza,egypt
senior full stack developer (.net core & angular),bi-technologies,"['asp.net', 'software development', '.net', 'information technology (it)', 'full stack', 'computer science', 'computer engineering', 'database design', 'data modeling']",hybrid,full time,experienced,,3 days ago,2.0,new cairo,cairo,egypt
architectural finishing engineer,afaaq developments,"['site supervision', 'architectural finishing', 'time management', 'autocad', 'revit', 'quality control', 'problem-solving', 'team coordination']",on-site,full time,experienced,,3 days ago,2.0,new cairo,cairo,egypt
draftsman,power solutions,"['lighting', 'construction', 'drafting', 'drawings', 'design', 'electrical engineering', 'autocad']",on-site,full time,experienced,,3 days ago,2.0,6th of october,giza,egypt
quality assurance specialist,eagle chemicals,"['qa', 'quality assurance', 'administration', 'chemistry', 'communication', 'engineering', 'quality control', 'sql']",on-site,full time,entry level,,3 days ago,1.0,6th of october,giza,egypt
community manager,afaaq developments,"['communication', 'management', 'microsoft office', 'time management', 'leadership', 'community engagement', 'conflict resolution']",on-site,full time,experienced,,3 days ago,2.0,new cairo,cairo,egypt
sales executive b2c,cls learning solutions,"['sales', 'sales target', 'training', 'sales field']",on-site,full time,experienced,,3 days ago,2.0,nasr city,cairo,egypt
fresh real estate agent,the address investments for real estate consultancy,"['real estate', 'sales target', 'sales', 'property', 'property sales', 'sales skills']",on-site,full time,entry level,,3 days ago,1.0,new cairo,cairo,egypt
quality control chemist,national paints,"['quality assurance', 'quality control']",on-site,full time,entry level,,3 days ago,1.0,obour city,cairo,egypt
ai engineer,midas global tech,"['ai', 'computer science', 'information technology (it)', 'python', 'react', 'node.js']",remote,part time,experienced,,3 days ago,2.0,shubra,cairo,egypt
hr specialist,mh for import and export,"['hr', 'human resources', 'human resources (hr)', 'recruitment', 'talent acquisition', 'personnel', 'hr specialist', 'microsoft office', 'employee relations']",on-site,part time,experienced,,3 days ago,2.0,6th of october,giza,egypt
electrical maintenance internship - graduates,prometeon tyres group – egypt,"['electrical engineering', 'electrical maintenance', 'plc', 'communication', 'english', 'ms office', 'maintenance', 'microsoft office']",hybrid,internship,entry level,,3 days ago,1.0,ameria,alexandria,egypt
video editor,confidential,"['adobe premiere', 'after effects', 'video editing', 'adobe after effects', 'editing', 'video']",remote,full time,experienced,,3 days ago,2.0,cairo,cairo,egypt
generative ai engineer.,etisalat egypt,"['adobe creative cloud', 'ai', 'aws', 'genai', 'llm-driven solutions', 'llm models', 'python', 'llm']",hybrid,full time,experienced,,3 days ago,2.0,mohandessin,giza,egypt
hr specialist,real pro,"['payroll accounting', 'social insurance', 'recruitment', 'hr specialist', 'hr information systems (hris)', 'employee relations', 'performance management', 'labor law compliance']",on-site,full time,experienced,,3 days ago,2.0,cairo,cairo,egypt
scrum master,ibn sina pharma,"['agile', 'computer science', 'information technology (it)', 'project management', 'scrum', 'jira', 'team leadership', 'facilitation']",on-site,full time,experienced,,3 days ago,2.0,new cairo,cairo,egypt
e commerce manager,zahret el-bon,"['commerce', 'e-marketing', 'fmcg marketing', 'fmcg sales', 'coffe', 'coffeescript', 'administration']",on-site,full time,manager,,3 days ago,3.0,cairo,cairo,egypt
area manager (casual dinning),anas aldimashky,"['hospitality management', 'microsoft excel', 'multi-unit operations', 'restaurant management', 'p&l management', 'sales growth strategies', 'cost control', 'team leadership']",on-site,full time,manager,,3 days ago,3.0,cairo,cairo,egypt
network security engineer,london international patient services,"['computer science', 'information technology (it)', 'network security', 'networking', 'security', 'communication', 'engineering', 'vpn', 'ccna']",on-site,full time,experienced,,3 days ago,2.0,heliopolis,cairo,egypt
junior mechanical design engineer – industrial equipment & machinery,confidential,"['mechanical engineering', 'mechanical design', 'machinery', 'engineering', 'design', '3d drawing', 'adobe illustrator']",on-site,full time,entry level,,3 days ago,1.0,10th of ramadan city,cairo,egypt
civil engineer,ewa group,"['civil engineering', 'autocad']",hybrid,full time,entry level,,3 days ago,1.0,alexandria,alexandria,egypt
content creator,orouba misr,"['marketing', 'social media']",hybrid,full time,experienced,,3 days ago,2.0,smouha,alexandria,egypt
hr supervisor- real estate,valero development,"['performance management', 'microsoft office', 'talent management', 'employee relations', 'human resources (hr)', 'personnel management', 'real estate hr', 'recruitment', 'payroll management']",on-site,full time,manager,,3 days ago,3.0,obour city,cairo,egypt
health and safety section head,"tmpa apparel manufacturing co.,ltd","['strong knowledge of occupational health and safety regulations and standards.', 'safety', 'health and safety', 'engineering']",on-site,full time,experienced,,3 days ago,2.0,shubra alkhaymah,qalubia,egypt
insurance sales - b2b sales,associated insurance brokers,"['bdm', 'sales', 'insurance sales', 'sales target', 'account management', 'customer service', 'customer relations']",on-site,full time,experienced,,3 days ago,2.0,katameya,cairo,egypt
art director,nile development,"['marketing', 'creative', 'design', 'graphic design', 'illustrator', 'advertising', 'adobe photoshop']",on-site,full time,manager,,3 days ago,3.0,new cairo,cairo,egypt
maintenance engineer,etisal for advanced industries,"['engineering', 'maintenance', 'mechanical', 'mechatronics', 'microsoft office', 'information technology (it)', 'erp', 'mechanical engineering']",on-site,full time,entry level,,3 days ago,1.0,6th of october,giza,egypt
process quality specialist - outsourced,prometeon tyres group – egypt,"['quality control', 'quality assurance', 'qa', 'english', 'ms office']",hybrid,full time,entry level,,3 days ago,1.0,ameria,alexandria,egypt
sales account manager,8x egypt,"['sales', 'sales skills', 'sales target', 'customer service', 'business administration', 'crm', 'business', 'saas']",on-site,full time,entry level,,3 days ago,1.0,maadi,cairo,egypt
l&d manager,expolink,"['capacity building', 'training', 'training needs analysis', 'development', 'business development', 'information technology (it)', 'management', 'planning']",on-site,full time,manager,,3 days ago,3.0,maadi,cairo,egypt
real estate operations manager,ritzy developments,"['engineering', 'real estate', 'sales', 'administration', 'business administration', 'communication', 'microsoft office', 'sales target']",on-site,full time,experienced,,3 days ago,2.0,giza,giza,egypt
warehouse supervisor,hook solutions,"['logistics', 'warehousing', 'supply chain']",on-site,full time,experienced,,3 days ago,2.0,obour city,cairo,egypt
sales engineer - outdoor- ( cairo - giza - tanta - alex - assuit - mansoura - sohag - mania ) ),sigma for import & export,"['presentation', 'biomedical', 'biomedical engineering', 'chemistry', 'communications', 'customer service', 'engineering']",on-site,full time,entry level,,3 days ago,1.0,heliopolis,cairo,egypt
ai full-stack developer / ai engineer,confidential,"['ai', 'javascript', 'software development', 'information technology (it)', 'aws', 'computer engineering', 'computer science', 'engineering']",hybrid,full time,entry level,,3 days ago,1.0,cairo,cairo,egypt
outdoor electric sales specialist:,confidential,"['outdoor sales', 'sales']",on-site,full time,entry level,,3 days ago,1.0,cairo,cairo,egypt
marketing communications section head,amreyah cement,"['marketing', 'social media', 'marketing campaigns', 'microsoft office', 'administration', 'business administration', 'communication', 'leadership']",on-site,full time,experienced,,3 days ago,2.0,sheraton,cairo,egypt
performace control and reporting specialist,gb corp,"['administration', 'crm', 'mom', 'rfi', 'kpi preparation', 'microsoft office', 'order management']",on-site,full time,entry level,,3 days ago,1.0,badr city,cairo,egypt
operations manager,united elite company,"['management', 'kpi & performance management', 'process improvement', 'reporting & data analysis', 'microsoft office', 'administration', 'banking', 'business administration', 'communication']",remote,full time,manager,,3 days ago,3.0,cairo,cairo,egypt
quality manager,united elite company,"['quality assurance', 'communication', 'quality management', 'performance management', 'team management', 'quality control', 'administration']",remote,full time,manager,,3 days ago,3.0,cairo,cairo,egypt
oracle developer,national technology,"['computer science', 'information technology (it)', 'oracle', 'software development', 'bi', 'configuration', 'database', 'development', 'engineering']",hybrid,full time,experienced,,3 days ago,2.0,nasr city,cairo,egypt
jewelry cad designer (rhino),l'azurde for jewelry,"['applied arts', 'jewelry', 'design', '3d design', 'art', 'metal products', 'cam', 'cad']",on-site,full time,entry level,,3 days ago,1.0,obour city,cairo,egypt
it helpdesk supervisor,akhnaton trading and distribution - eva group limted,"['itil', 'comptia network+', 'service performance', 'information technology (it)']",on-site,full time,experienced,,3 days ago,2.0,cairo,cairo,egypt
senior project engineer,ibn sina pharma,"['engineering', 'project management', 'microsoft project', 'construction project management', 'project management professional', 'project coordination', 'project planning', 'project cost control']",on-site,full time,experienced,,3 days ago,2.0,new cairo,cairo,egypt
senior mechanical design engineer – industrial equipment & machinery,confidential,"['design', 'engineering', 'mechanical', 'mechanical design', 'mechanical engineering', 'machinery', 'manufacturing', 'solidworks']",on-site,full time,manager,,3 days ago,3.0,10th of ramadan city,cairo,egypt
senior civil site engineer,new plan,"['civil engineering', 'construction engineering', 'construction field', 'engineering', 'site engineering', 'management', 'project', 'construction', 'project management']",on-site,full time,experienced,,3 days ago,2.0,new capital,cairo,egypt
recruitment supervisor – high-volume hiring,confidential,"['sourcing', 'interviewing', 'selection', 'onboarding', 'blue-collar hiring', 'social media recruitment', 'hr analytics']",on-site,full time,experienced,,3 days ago,2.0,nasr city,cairo,egypt
senior merchandiser,dice for ready made garments,"['merchandising', 'customer support', 'fashion', 'supply chain', 'textile']",on-site,full time,senior management,,3 days ago,,cairo,cairo,egypt
it technician,linrco egypt,"['information technology (it)', 'computer science']",on-site,full time,entry level,,3 days ago,1.0,nasr city,cairo,egypt
sales engineer,tps for power solutions,"['engineering', 'sales target', 'sales', 'business development', 'b2b', 'communication', 'crm']",on-site,full time,entry level,,3 days ago,1.0,nasr city,cairo,egypt
bim architect,elevate plus,"['architecture', 'bim', 'engineering', 'revit']",remote,full time,experienced,,3 days ago,2.0,cairo,cairo,egypt
ceo secretary,sakr group,"['administration', 'microsoft office', 'office management']",on-site,full time,experienced,,3 days ago,2.0,alexandria,alexandria,egypt
technical support engineer,confidential,"['information technology (it)', 'it infrastructure', 'microsoft certified it professional', 'computer science', 'engineering', 'technical support', 'technology']",on-site,full time,experienced,,3 days ago,2.0,obour city,cairo,egypt
quality control engineer (internship- october ),olam svi,"['qa', 'qc', 'quality assurance', 'quality control', 'research development', 'food processing', 'food production']",on-site,internship,entry level,,3 days ago,1.0,6th of october,giza,egypt
medical representative,medicamed,"['medical', 'sales']",on-site,full time,entry level,,3 days ago,1.0,cairo,cairo,egypt
organization development senior specialist,multi m group,"['human resources (hr)', 'development', 'organization development', 'talent management', 'change management', 'performance management', 'organizational design', 'training & development']",on-site,full time,experienced,,3 days ago,2.0,khanka,qalubia,egypt
steel structures technical office engineer (senior),protection,"['autocad', 'engineering', 'microsoft office', 'steel structures', 'technical office', 'egyptjobs', 'steel', 'construction']",on-site,full time,experienced,,3 days ago,2.0,sheikh zayed,giza,egypt
business development engineer (spare parts),mcv - obour,"['business development', 'mechanical engineering', 'sap', 'automotive spare parts', 'epc', 'supply chain', 'engineering', 'mercedes epc']",on-site,full time,experienced,,3 days ago,2.0,obour city,cairo,egypt
export sales manager,premiere paints & varnishes,"['export sales', 'export', 'paints', 'international business development', 'client relationship management', 'negotiation', 'market analysis', 'strategic planning']",on-site,full time,senior management,,3 days ago,,6th of october,giza,egypt
treasury accountant,egytrans,"['accounting', 'treasury', 'finance']",on-site,full time,experienced,,3 days ago,2.0,new cairo,cairo,egypt
foreign procurement specialist.,sphinx glass,"['purchasing', 'procurement', 'engineering', 'erp', 'industrial', 'manufacturing', 'supply chain']",on-site,full time,experienced,,3 days ago,2.0,alsadat city,monufya,egypt
environmental health and safety engineer,midea group,"['hse', 'safety', 'environmental', 'engineering', 'environment, health, and safety', 'iso 45001', 'iso 45001:2018 / 14001:2015', 'iosh certificate']",on-site,full time,experienced,,3 days ago,2.0,alsadat city,monufya,egypt
general manager,droomify ai academy,"['management', 'project management', 'operations management']",remote,full time,manager,,4 days ago,3.0,madinaty,cairo,egypt
commercial director,national glass,"['marketing strategy', 'sales management', 'business development', 'market analysis', 'team leadership', 'p&l management', 'strategic planning', 'negotiation']",on-site,full time,experienced,,4 days ago,2.0,10th of ramadan city,sharqia,egypt
human resources generalist,sye english community,"['human resources (hr)', 'hr diploma', 'performance management', 'human resources', 'personnel', 'payroll', 'od', 'organization development', 'compensation']",on-site,full time,experienced,,4 days ago,2.0,dokki,giza,egypt
talent acquisition specialist,sye english community,"['recruitment', 'human resources (hr)', 'interviews', 'mass hiring', 'hiring', 'sourcing', 'screening', 'fluent english', 'english']",on-site,full time,experienced,,4 days ago,2.0,dokki,giza,egypt
sales engineer,esc,"['sales engineering', 'mechanical', 'management', 'engineering', 'communication', 'sales target', 'technical sales']",on-site,full time,experienced,,4 days ago,2.0,new cairo,cairo,egypt
full stack developer,confidential,"['الواجهات الأمامية: html, css, javascript وإطارات العمل مثل react.js أو next.js.', 'التقنيات', 'الواجهات الخلفية وخوادم التشغيل: node.js, python/django, أو php/laravel.']",on-site,full time,experienced,,4 days ago,2.0,cairo,cairo,egypt
corporate & projects safety manager,confidential,"['occupational health & safety management', 'quality, health, safety, and environment', 'project management', 'communication', 'engineering', 'management', 'mechanical engineering', 'safety']",on-site,full time,manager,,4 days ago,3.0,giza,giza,egypt
it operations specialist,riseup (endemag for administrative skills development),"['configuration', 'information technology (it)', 'servicenow', 'jira', 'data visualization', 'power bi', 'tableau', 'ticketing systems', 'warehouse configuration']",hybrid,full time,experienced,,4 days ago,2.0,maadi,cairo,egypt
warehouse keeper - responsible for deliveries and stores -,refaat construction / baxter,"['storekeeping', 'warehousing', 'logistics', 'warehousing management', 'furniture', 'warehouse']",on-site,full time,experienced,,4 days ago,2.0,heliopolis,cairo,egypt
senior handing over / customer service executive ( real estate / residential projects),vantage developments,"['real estate', 'handing over procedures', 'customer service', 'project management', 'construction knowledge', 'client relations', 'problem-solving', 'communication skills']",on-site,full time,experienced,,4 days ago,2.0,new cairo,cairo,egypt
senior customer service agent (real estate),maalem-group,"['customer service', 'problem solving', 'crm software', 'time management', 'teamwork', 'conflict resolution', 'attention to detail']",on-site,full time,experienced,,4 days ago,2.0,cairo,cairo,egypt
senior talent acquisition specialist – fmcg / food manufacturing,am group,"['interviewing', 'recruitment', 'sourcing', 'talent acquisition', 'fmcg', 'full-cycle recruitment', 'candidate screening', 'mass hiring', 'mass recruitment']",on-site,full time,experienced,,4 days ago,2.0,obour city,cairo,egypt
technical office engineer,tline,"['architectural', 'architectural engineering', 'autocad', 'engineering', 'microsoft office', 'project', 'revit', 'technical office', 'skills']",on-site,full time,experienced,,4 days ago,2.0,new capital,cairo,egypt
electrical engineer,tline,"['construction', 'engineering', 'electrical engineering', 'autocad', 'dialux', 'revit', 'construction law']",on-site,full time,experienced,,4 days ago,2.0,new capital,cairo,egypt
quality engineer,dreem mashreq foods,"['quality control', 'quality assurance', 'engineering', 'food safety', 'haccp', 'iso 22000', 'quality management system (qms)']",on-site,full time,experienced,,4 days ago,2.0,bourj alarab,alexandria,egypt
commercial director,confidential,"['crm', 'management', 'marketing strategy', 'sales leadership', 'business development', 'operations management', 'strategic planning', 'team leadership']",on-site,full time,senior management,,4 days ago,,obour city,cairo,egypt
sales manager,confidential,"['sales target', 'sales', 'sales target achievement', 'sales skills', 'market analysis', 'team leadership', 'strategic planning', 'crm software', 'problem-solving']",on-site,full time,manager,,4 days ago,3.0,obour city,cairo,egypt
"senior accountant "" construction field""",maalem-group,"['accounting', 'finance', 'construction accounting', 'financial analysis', 'project costing', 'budget management', 'financial reporting', 'auditing', 'microsoft excel']",on-site,full time,experienced,,4 days ago,2.0,new cairo,cairo,egypt
telesales representative,elevate,"['telesales', 'b2b sales', 'business development', 'communication skills', 'sales', 'customer service', 'communication']",remote,part time,entry level,,4 days ago,1.0,cairo,cairo,egypt
senior costing accountant / construction industry,vantage developments,"['accounting', 'construction', 'finance', 'financial analysis', 'cost accounting', 'budgeting', 'project management', 'variance analysis']",on-site,full time,experienced,,4 days ago,2.0,new cairo,cairo,egypt
software application support engineer,ebseg,"['application support', 'technical troubleshooting', 'problem solving', 'communication', 'software deployment']",on-site,full time,experienced,,4 days ago,2.0,maadi,cairo,egypt
software sales executive,ebseg,"['sales', 'sales target', 'software sales']",hybrid,full time,entry level,,4 days ago,1.0,maadi,cairo,egypt
software qc -testing engineer,ebseg,"['information technology (it)', 'manual', 'automated', 'apis', 'mobile', 'web', 'functional']",hybrid,full time,entry level,,4 days ago,1.0,maadi,cairo,egypt
senior full stack .net developer,ebseg,"['.net', 'computer science', 'software development']",on-site,full time,experienced,,4 days ago,2.0,maadi,cairo,egypt
senior content writer,tech technology,"['social media', 'writing', 'marketing', 'conternt creator', 'content writer', 'seo']",remote,full time,experienced,,4 days ago,2.0,cairo,cairo,egypt
oil and gas sales engineer,lead,"['oil & gas', 'sales', 'outdoor sales', 'business development', 'business administration', 'engineering', 'mechanical', 'mechanical engineering']",on-site,full time,experienced,,4 days ago,2.0,dokki,giza,egypt
qhse section head,joy glass,"['engineering', 'management', 'hse', 'manufacturing', 'mechanical engineering', 'personnel', 'microsoft office']",on-site,full time,experienced,,4 days ago,2.0,6th of october,giza,egypt
sales executive,axcell,"['sales', 'sales target', 'customer service', 'communication', 'negotiation', 'telesales', 'crm']",on-site,full time,experienced,,4 days ago,2.0,sheikh zayed,giza,egypt
senior sales representative,safa soft,"['customer service', 'sales', 'sales target']",on-site,full time,experienced,,4 days ago,2.0,maadi,cairo,egypt
travel consultant,air arabia,"['tourism', 'travel', 'amadeus gds', 'galileo', 'hotel booking', 'transportation', 'airline ticketing', 'amadeus']",on-site,full time,entry level,,4 days ago,1.0,mohandessin,giza,egypt
senior property consultant - real estate only,arx developments,"['property', 'real estate', 'sales target', 'sales', 'communication', 'marketing', 'crm', 'brokerage']",on-site,full time,experienced,,4 days ago,2.0,cairo,cairo,egypt
retail branch manager - beauty,lo.labeauty,"['retail', 'sales', 'communication', 'customer service', 'fashion', 'management', 'pharmacy']",on-site,full time,manager,,4 days ago,3.0,rehab city,cairo,egypt
senior marketing specialist,confidential,"['marketing', 'social media', 'media buying', 'seo']",on-site,full time,experienced,,4 days ago,2.0,sheraton,cairo,egypt
internal audit supervisor,l'azurde for jewelry,"['accounting', 'auditing', 'risk management', 'risk assessment', 'internal control', 'finance', 'acca', 'cia', 'cpa']",on-site,full time,manager,,4 days ago,3.0,obour city,cairo,egypt
logistics manager,kandil industries,"['logistics', 'management', 'purchasing', 'supply chain', 'business administration', 'export', 'administration']",on-site,full time,manager,,4 days ago,3.0,nasr city,cairo,egypt
intermediate architect,alarinova for real estate and tourism investment,"['• technically competent and detail-oriented  • proactive and solutions-focused  • well organised and able to manage competing priorities  • a clear and effective communicator  • collaborative and comfortable working within multidisciplinary teams  • commi', 'we are looking for an architect who can bridge the gap between design intent and technical  execution—someone who is confident producing high-quality architectural documentation,  coordinating with consultants, understanding construction requirements, and', 'architecture', 'architectural engineering', 'architectural design']",on-site,full time,experienced,,4 days ago,2.0,new cairo,cairo,egypt
it b2b sales executive,optimum solutions,"['b2b sales', 'sales target']",on-site,full time,entry level,,4 days ago,1.0,heliopolis,cairo,egypt
marketing specialist,kandil glass,"['e-marketing', 'marketing', 'social media', 'b2b', 'communication', 'microsoft office', 'brand management', 'social media optimization']",on-site,full time,experienced,,4 days ago,2.0,new cairo,cairo,egypt
construction accountant,signe for trade and furniture,"['accounting', 'finance', 'financial analysis', 'accounting software', 'microsoft excel', 'cost control', 'construction accounting', 'payment certificates']",on-site,full time,experienced,,4 days ago,2.0,mohandessin,giza,egypt
internal auditor,pharma overseas,"['accounting', 'auditing', 'finance', 'financial analysis']",on-site,full time,experienced,,4 days ago,2.0,smouha,alexandria,egypt
export logistics specialist,al amal co. for trade & agencies,"['export', 'logistics']",on-site,full time,experienced,,4 days ago,2.0,sheikh zayed,giza,egypt
telesales executive,cld developments,"['communication', 'crm', 'customer service', 'negotiation', 'telesales', 'marketing']",on-site,full time,experienced,,4 days ago,2.0,new cairo,cairo,egypt
marketing manager,safa soft,"['market research', 'marketing', 'social media', 'digital marketing']",on-site,full time,manager,,4 days ago,3.0,maadi,cairo,egypt
hr executive,arma-hsa,"['hr', 'hr specialist', 'human resources (hr)', 'microsoft office', 'personnel', 'recruitment', 'administration']",on-site,full time,entry level,,4 days ago,1.0,10th of ramadan city,sharqia,egypt
plant engineer,arma-hsa,"['electrical engineering', 'engineering', 'mechanical engineering', 'production']",on-site,full time,experienced,,4 days ago,2.0,10th of ramadan city,sharqia,egypt
administrative assistant,confidential,"['administration', 'microsoft office', 'office management', 'communication', 'data entry', 'management']",on-site,full time,entry level,,4 days ago,1.0,cairo,cairo,egypt
content creator,gct for gold investment,"['marketing', 'writing', 'social media', 'copywriting', 'video editing', 'video production', 'creative']",hybrid,full time,experienced,,4 days ago,2.0,nozha,cairo,egypt
outpatient department (opd) manager,confidential,"['opd', 'outpatient department']",on-site,full time,manager,,4 days ago,3.0,dokki,giza,egypt
technical office engineer,confidential,"['engineering', 'technical office', 'autocad', 'construction management', 'project planning', 'quantity surveying', 'microsoft office suite', 'site supervision', 'problem solving']",on-site,full time,entry level,,4 days ago,1.0,dabaa,matruh,egypt
senior qc specialist - chemist,confidential,"['quality control', 'chemistry', 'analytical testing', 'laboratory management', 'method validation', 'regulatory compliance', 'quality assurance', 'problem solving', 'team leadership']",on-site,full time,senior management,,4 days ago,,dabaa,matruh,egypt
pest control engineer,talaat moustafa group,"['pest control', 'quality control', 'engineering', 'agricultural engineering', 'environmental science', 'chemical safety', 'ipma certificate', 'quality assurance']",on-site,full time,entry level,,4 days ago,1.0,new capital,cairo,egypt
site engineer,confidential,"['civil engineering', 'autocad', 'construction', 'engineering', 'site supervision', 'project management fundamentals', 'blueprint reading', 'quality control', 'safety regulations']",on-site,full time,entry level,,4 days ago,1.0,dabaa,matruh,egypt
head of middle &high school,manhattan schools,"['american curriculum', 'academic administration', 'leadership']",on-site,full time,manager,,4 days ago,3.0,maadi,cairo,egypt
project manager,confidential,"['engineering', 'project management', 'construction management', 'civil engineering', 'risk management', 'budgeting', 'scheduling', 'team leadership', 'stakeholder management']",on-site,full time,manager,,4 days ago,3.0,dabaa,matruh,egypt
sales administrator,confidential,"['sales', 'sales target', 'microsoft excel', 'soft skills', 'business administration', 'communication', 'customer service']",on-site,full time,experienced,,4 days ago,2.0,maadi,cairo,egypt
senior media buyer,gct for gold investment,"['digital marketing', 'marketing', 'social media', 'marketing campaigns', 'media buying', 'google ads', 'facebook ads', 'budget management']",hybrid,full time,experienced,,4 days ago,2.0,nozha,cairo,egypt
hr & administration manager,tma for industrial supplies,"['administration', 'hr', 'office management']",on-site,full time,manager,,4 days ago,3.0,nasr city,cairo,egypt
british key stage 2 teacher (year 5-8),manhattan schools,"['english teaching', 'teaching', 'british curriculum']",on-site,full time,experienced,,4 days ago,2.0,maadi,cairo,egypt
telesales agent,eltarek group,"['customer service', 'telesales', 'marketing', 'real estate', 'crm', 'sales', 'communication', 'sales field']",on-site,full time,entry level,,4 days ago,1.0,moharam bek,alexandria,egypt
british key stage 1 teacher (years 1–4),manhattan schools,"['english teaching', 'teaching', 'british curriculum', 'classroom management', 'child development', 'lesson planning', 'assessment', 'pastoral care', 'communication']",on-site,full time,experienced,,4 days ago,2.0,maadi,cairo,egypt
senior financial & budgeting analyst,mts,"['accounting', 'budgeting', 'finance', 'financial', 'financial analysis', 'cfa', 'cma', 'erp']",on-site,full time,experienced,,4 days ago,2.0,heliopolis,cairo,egypt
production engineer,confidential,"['science', 'chemistry', 'r&d', 'laboratory tests', 'computer skills', 'production', 'raw materials']",on-site,full time,experienced,,4 days ago,2.0,6th of october,giza,egypt
senior software quality control engineer,confidential,"['manual testing', 'quality', 'software', 'test automation', 'testing', 'automation', 'computer science']",hybrid,full time,experienced,,4 days ago,2.0,6th of october,giza,egypt
quality assurance specialist,target for chemicals industry and trade,"['qa', 'quality assurance', 'quality control', 'auditing', 'iso standards', 'quality assurance methods', 'manufacturing']",on-site,full time,entry level,,4 days ago,1.0,bourj alarab,alexandria,egypt
sr. info. security analyst,mts,"['cyber security', 'infomation security', 'cissp', 'gcih', 'oscp', 'iso 27001', 'computer science']",on-site,full time,experienced,,4 days ago,2.0,heliopolis,cairo,egypt
sales,diamond aesthetics,"['sales', 'sales target', 'customer service']",on-site,full time,entry level,,4 days ago,1.0,sheraton,cairo,egypt
mechanical technical office & tendering engineer,alhamd contracting company,"['autocad', 'mechanical', 'mechanical engineering', 'engineering', 'technical office', 'microsoft office', 'tendering', 'shop drawings', 'microsoft excel']",on-site,full time,experienced,,4 days ago,2.0,maadi,cairo,egypt
erp system admin,s g d,"['erp system administration', 'it security', 'database management', 'project management']",on-site,full time,experienced,,4 days ago,2.0,mohandessin,giza,egypt
export manager agriculture,kerma farms,"['export sales', 'agriculture', 'logistics', 'sales', 'export', 'international trade regulations', 'supply chain management', 'negotiation', 'customer relationship management']",on-site,full time,manager,,4 days ago,3.0,6th of october,giza,egypt
hr business partner,el banna group company,"['business administration', 'human resources (hr)', 'hr', 'performance management', 'recruitment', 'administration', 'employee relations', 'human resources', 'management']",on-site,full time,experienced,,4 days ago,2.0,10th of ramadan city,sharqia,egypt
cloud solutions pre-sales consultant,link development,"['computer science', 'pre-sales', 'sales', 'microsoft azure', 'microsoft office 365', 'cloud security', 'proposal writing']",hybrid,full time,experienced,,4 days ago,2.0,maadi,cairo,egypt
sales specialist,national glass,"['sales', 'sales target', 'administration', 'business administration', 'communication', 'commerce', 'customer service']",on-site,full time,entry level,,4 days ago,1.0,10th of ramadan city,sharqia,egypt
business development intern,i care kids,"['business development', 'sales', 'development', 'partnership development']",on-site,internship,entry level,,4 days ago,1.0,new cairo,cairo,egypt
business development specialist,statements consulting,"['business development', 'development', 'marketing', 'sales', 'administration', 'business administration', 'b2b']",on-site,full time,experienced,,4 days ago,2.0,cairo,cairo,egypt
facilities maintenance engineer,confidential,"['engineering', 'maintenance', 'mechanical engineering', 'facilities engineering', 'facilities operations', 'autocad', 'hvac']",on-site,full time,experienced,,4 days ago,2.0,alsadat city,monufya,egypt
site engineer,quantum automatic systems,"['engineering', 'civil engineering', 'construction']",on-site,full time,experienced,,4 days ago,2.0,heliopolis,cairo,egypt
qc/qa engineer,"arabian monayri for industry, shipping & trade","['qa', 'qc', 'quality assurance', 'quality control']",on-site,full time,experienced,,4 days ago,2.0,10th of ramadan city,cairo,egypt
outdoor sales intern,i care kids,"['outdoor sales', 'sales target', 'sales', 'customer service', 'customer relations']",on-site,internship,entry level,,4 days ago,1.0,cairo,cairo,egypt
regulatory affairs specialist,zeta pharma,"['detail oriented', 'communication', 'pharmacy', 'regulatory affairs', 'administration']",on-site,full time,entry level,,4 days ago,1.0,cairo,cairo,egypt
interior designer,ms design house,"['autocad', 'design', 'autodesk 3ds max', 'adobe photoshop', 'architecture', '3ds max', 'construction', 'drawing', 'interior design']",on-site,full time,entry level,,4 days ago,1.0,new cairo,cairo,egypt
training and technical support intern,i care kids,"['computer science', 'customer service', 'technical support', 'training', 'it service management']",hybrid,internship,entry level,,4 days ago,1.0,new cairo,cairo,egypt
b2b sales engineer – landscaping,el riyad landscape,"['irrigation systems', 'business development', 'sales', 'sales target achievement', 'b2b sales', 'landscape architecture', 'construction engineering', 'project management']",hybrid,full time,entry level,,4 days ago,1.0,cairo,cairo,egypt
technical & commissioning electrical engineer,redecam egypt,"['electrical engineering', 'engineering', 'commissioning', 'cement industry', 'lv/mv systems', 'motors', 'vsds', 'control & instrumentation systems', 'electrical drawings']",on-site,full time,experienced,,4 days ago,2.0,cairo,cairo,egypt
senior quality assurance specialist,genedy construction,"['quality management', 'iso 9001', 'qa', 'qms', 'quality assurance', 'quality control', 'construction', 'capa']",on-site,full time,experienced,,4 days ago,2.0,maadi,cairo,egypt
safety & sustainability supervisor,hi-tech apparel,"['compliance management', 'engineering principles', 'quality assurance', 'safety management systems', 'risk assessment', 'regulatory affairs', 'process improvement', 'auditing']",on-site,full time,manager,,4 days ago,3.0,qantara gharb,ismailia,egypt
telesales intern,i care kids,"['business development', 'sales', 'customer care', 'customer relations', 'customer support', 'customer survey', 'customer service']",remote,internship,entry level,,4 days ago,1.0,new cairo,cairo,egypt
cashier / treasury accountant,measuresoft oil and gas services,"['accounting', 'treasury']",on-site,full time,experienced,,4 days ago,2.0,maadi,cairo,egypt
network engineer,fiber com,"['sound system', 'access control', 'active network engineer']",on-site,full time,entry level,,4 days ago,1.0,mokattam,cairo,egypt
senior projects control engineer,ecosas international,"['engineering', 'information technology (it)', 'projects', 'quality control', 'computer science', 'construction', 'cost control', 'management', 'microsoft office']",on-site,full time,experienced,,4 days ago,2.0,heliopolis,cairo,egypt
branch manager travel agency,kuwaiti tourism and travel company,"['travel', 'tourism', 'sales', 'business development', 'customer service', 'management', 'ticketing']",on-site,full time,manager,,4 days ago,3.0,zamalek,cairo,egypt
personnel & payroll supervisor,hi-tech apparel,"['human resources (hr)', 'payroll management', 'personnel administration', 'recruitment', 'hr policies & procedures', 'employee relations', 'compliance', 'data management', 'team leadership']",on-site,full time,manager,,4 days ago,3.0,ismailia,ismailia,egypt
personnel & payroll supervisor,"yours for preparation, training, and qualification | خاص بك للإعداد و التدريب والتاهيل","['human resources (hr)', 'personnel management', 'recruitment', 'payroll management', 'labor law compliance', 'hris', 'performance management', 'employee relations', 'compensation & benefits']",on-site,full time,manager,,4 days ago,3.0,ismailia,ismailia,egypt
purchasing supervisor,hi-tech apparel,"['logistics', 'procurement', 'purchasing', 'supply chain management', 'vendor management', 'negotiation', 'inventory management', 'strategic sourcing']",on-site,full time,manager,,4 days ago,3.0,ismailia,ismailia,egypt
electrical technical office engineer,esc,"['technical office', 'electrical engineering', 'construction', 'autocad', 'engineering', 'microsoft office', 'construction drawings', 'project coordination']",on-site,full time,experienced,,4 days ago,2.0,new cairo,cairo,egypt
commercial manager,linkmisr,"['contracts management', 'commercial sales', 'commercial management', 'project management']",on-site,full time,manager,,4 days ago,3.0,heliopolis,cairo,egypt
field service engineer – document scanners & digital solutions,egyptian innovation system co,"['computer science', 'engineering', 'information technology (it)', 'technical support', 'hardware troubleshooting', 'hardware maintenance', 'field service']",hybrid,full time,entry level,,4 days ago,1.0,cairo,cairo,egypt
customer service specialist,gemma,"['communication', 'customer care', 'crm', 'customer service', 'customer support', 'engineering', 'ms office']",on-site,full time,experienced,,4 days ago,2.0,haram,giza,egypt
automotive mechanical engineer,mopars garage,"['electrical engineering', 'engineering', 'maintenance', 'mechanical', 'mechanical engineering', 'engineering services', 'engineering field']",on-site,full time,experienced,,4 days ago,2.0,cairo,cairo,egypt
parts advisor,mopars garage,"['administration', 'accounting', 'sales', 'sales field', 'engineering services', 'logistics', 'indoor sales']",on-site,full time,experienced,,4 days ago,2.0,giza,giza,egypt
automotive service advisor,mopars garage,"['call center', 'customer care', 'customer service', 'customer support', 'client support', 'technical support', 'automotive diagnostics']",on-site,full time,experienced,,4 days ago,2.0,cairo,cairo,egypt
fleet manager,confidential,"['fleet management', 'supply chain', 'logistics', 'gps tracking', 'transport logistics', 'management']",on-site,full time,manager,,4 days ago,3.0,mohandessin,giza,egypt
sales administrator,el galla jewelry,"['sales', 'accounting', 'customer relationship management (crm)', 'communication', 'organization', 'time management', 'microsoft office suite', 'data entry', 'problem-solving']",on-site,full time,entry level,,4 days ago,1.0,nasr city,cairo,egypt
customer service agent - all languages,confidential,"['english communication', 'team collaboration', 'time management', 'customer service', 'problem solving', 'call center', 'communication']",on-site,full time,entry level,,4 days ago,1.0,smart village,giza,egypt
sales account executive,jiffy p. m.,"['sales', 'sales target', 'customer service', 'communication', 'training']",on-site,full time,entry level,,4 days ago,1.0,nasr city,cairo,egypt
talent acquisition manager,napata,"['human resources (hr)', 'interviewing', 'recruitment', 'talent acquisition']",on-site,full time,manager,,4 days ago,3.0,6th of october,giza,egypt
receptionist,diamond aesthetics,"['administration', 'office management', 'microsoft office', 'customer service', 'communication skills', 'organizational skills', 'time management', 'data entry']",on-site,full time,entry level,,4 days ago,1.0,sheraton,cairo,egypt
hr specialist – sales & telesales,"yours for preparation, training, and qualification | خاص بك للإعداد و التدريب والتاهيل","['telesales', 'sales management', 'team leadership', 'mass recruitment', 'sales recruitment', 'sales', 'employee retention']",on-site,full time,experienced,,5 days ago,2.0,nasr city,cairo,egypt
sales manager,confidential,"['sales', 'sales target', 'sales skills', 'horeca', 'fmcg', 'food', 'ecommerce']",on-site,full time,manager,,5 days ago,3.0,cairo,cairo,egypt
sales representative,samy medical,"['sales', 'sales target achievement', 'customer service', 'communication', 'negotiation', 'product knowledge', 'client relationship management', 'problem solving']",on-site,full time,entry level,,5 days ago,1.0,haram,giza,egypt
operations excellence & assurance lead,el tawheed we el noor - التوحيد والنور,"['microsoft office', 'management', 'erp', 'last mile', 'rtos', 'sla magament']",on-site,full time,experienced,,5 days ago,2.0,mohandessin,giza,egypt
deputy marketing,turath real estate,"['marketing strategy', 'sales strategy', 'sales target achievement', 'digital marketing campaigns', 'social media management', 'content creation', 'market research', 'brand management', 'seo']",on-site,full time,experienced,,5 days ago,2.0,obour city,cairo,egypt
online category manager,el tawheed we el noor - التوحيد والنور,"['category management', 'marketing', 'sales', 'e-commerce']",on-site,full time,manager,,5 days ago,3.0,mohandessin,giza,egypt
sales manager,turath real estate,"['customer service', 'sales', 'sales target achievement', 'team leadership', 'communication', 'negotiation', 'cargo handling', 'market analysis']",on-site,full time,manager,,5 days ago,3.0,obour city,cairo,egypt
corporate sales specialist,recap,"['corporate sales', 'sales', 'sales target']",on-site,full time,experienced,,5 days ago,2.0,new cairo,cairo,egypt
telesales representative,recap,"['customer service', 'telesales', 'sales', 'communication', 'presentations', 'negotiation']",on-site,full time,entry level,,5 days ago,1.0,new cairo,cairo,egypt
graphic design specialist,el hegaz development,"['adobe illustrator', 'adobe photoshop', 'graphic design', 'design']",on-site,full time,experienced,,5 days ago,2.0,heliopolis,cairo,egypt
business development engineer - construction (alexandria residents),buildin,"['business development', 'technical presentations', 'sales strategy', 'client relationship management', 'construction engineering', 'market research', 'odoo erp', 'construction']",remote,full time,experienced,,5 days ago,2.0,alexandria,alexandria,egypt
business performance & analytics specialist,tawfeer,"['business analytics', 'data visualization', 'statistical analysis', 'performance reporting', 'data management', 'dashboard development', 'analysis', 'analytics', 'commerce']",on-site,full time,experienced,,5 days ago,2.0,maadi,cairo,egypt
security manager,el hegaz development,"['security', '""government relations""']",on-site,full time,experienced,,5 days ago,2.0,ain sokhna,suez,egypt
software sales executive (tanta),confidential,"['sales', 'software sales', 'sales target']",on-site,full time,experienced,,5 days ago,2.0,tanta,gharbia,egypt
social media marketing / specialist,el hegaz development,"['e-marketing', 'social media']",on-site,full time,experienced,,5 days ago,2.0,heliopolis,cairo,egypt
cost accountant,esc,"['accounting', 'cost accounting', 'finance', 'financial analysis', 'budgeting', 'forecasting', 'variance analysis', 'inventory management', 'supply chain analysis']",on-site,full time,experienced,,5 days ago,2.0,new cairo,cairo,egypt
sales engineer – dermatology medical devices,target for medical equipment,"['sales target', 'sales', 'biomedical engineering', 'negotiation', 'target-oriented', 'medical devices', 'time management']",on-site,full time,entry level,,5 days ago,1.0,cairo,cairo,egypt
ndt specialist,doosan enerbility co .ltd,"['ndt', 'welding inspection', 'civil engineering principles', 'mechanical engineering fundamentals', 'electrical engineering basics', 'quality assurance', 'material science']",on-site,full time,entry level,,5 days ago,1.0,dabaa,matruh,egypt
procurement specialist,badr and asfour,"['logistics', 'purchasing', 'procurement', 'supply chain', 'erp system', 'negotiation', 'communication']",on-site,full time,experienced,,5 days ago,2.0,minya,minya,egypt
project engineer,allamna integrated solutions,"['engineering', 'project', 'project management']",on-site,full time,entry level,,5 days ago,1.0,cairo,cairo,egypt
site engineer - interior finishings,meraki fine finishes,"['construction', 'engineering', 'autocad', 'civil engineering', 'interior finishing', 'project management', 'site supervision', 'quality control', 'problem solving']",on-site,full time,experienced,,6 days ago,2.0,dokki,giza,egypt
export & sales specialist herbs and seeds,naturise for food products,"['export', 'logistics', 'sales']",on-site,full time,experienced,,6 days ago,2.0,maadi,cairo,egypt
export & sales manager herbs and seeds,naturise for food products,"['export', 'logistics', 'sales']",on-site,full time,manager,,6 days ago,3.0,maadi,cairo,egypt
sales executive (b2b),octane solutions,"['sales', 'b2b', 'fleet', 'tech', 'business development']",on-site,full time,experienced,,6 days ago,2.0,cairo,cairo,egypt
data analysis instructor- online,yat learning centers,"['analysis', 'data analysis', 'bi', 'sql', 'python', 'tableau']",hybrid,freelance / project,experienced,,6 days ago,2.0,maadi,cairo,egypt
sr.team lead - compliance,almosafer,"['corporate law', 'tax law', 'labour law', 'social insurance law', 'employment law', 'commercial law', 'legal affairs', 'legal documents']",on-site,full time,experienced,,6 days ago,2.0,mohandessin,giza,egypt
site engineer,el hegaz development,"['construction', 'engineering', 'architect engineer']",on-site,full time,experienced,,6 days ago,2.0,ain sokhna,suez,egypt
maintenance manager,el hegaz development,"['maintenance', 'engineering', 'management', 'mechanical engineering']",on-site,full time,experienced,,6 days ago,2.0,ain sokhna,suez,egypt
sales executive,block gemini,"['customer service', 'sales', 'sales target', 'sales skills', 'business development', 'crm', 'english']",on-site,full time,entry level,,6 days ago,1.0,cairo,cairo,egypt
mechanical maintenance internship - alexandria,prometeon tyres group – egypt,"['mechanical engineering', 'mechanical power engineering', 'power', 'maintenance', 'mechanical', 'mechanical power', 'engineering']",on-site,internship,entry level,,7 days ago,1.0,ameria,alexandria,egypt
surveying manager,confidential,"['survey engineering', 'survey', 'construction', 'engineering']",on-site,full time,manager,,7 days ago,3.0,giza,giza,egypt
islamic educational content creator,consultraining inc.,"['islamic education', 'educational content development', 'english writing', 'arabic writing', 'curriculum development', 'creative writing', 'canva']",remote,full time,entry level,,7 days ago,1.0,cairo,cairo,egypt
senior mechanical design engineer,capital link developments,"['design', 'engineering', 'mechanical engineering', 'mechanical design', 'mechanical']",on-site,full time,experienced,,7 days ago,2.0,new cairo,cairo,egypt
infrastructure & platform engineer (junior–mid level),within earth holidays,"['computer science', 'engineering', 'information technology (it)', 'red hat enterprise linux', 'windows server', 'vmware virtualization', 'xcp-ng', 'haproxy']",on-site,full time,experienced,,7 days ago,2.0,mohandessin,giza,egypt
senior infrastructure engineer (production platform),within earth holidays,"['computer science', 'engineering', 'information technology (it)', 'production', 'xcp-ng virtualization cluster', 'linux system administration', 'vms', 'haproxy']",on-site,full time,experienced,,7 days ago,2.0,mohandessin,giza,egypt
sales engineer (mechatronics / civil / electrical power),espranza for scientific instruments,"['client relationship management', 'negotiation', 'presentations', 'sales']",hybrid,full time,entry level,,7 days ago,1.0,cairo,cairo,egypt
sales manager – banking & financial services,al aidy marketing managment,"['sales management', 'team management', 'sales target', 'financial services', 'mortgage sales', 'personal loans', 'credit cards']",remote,full time,manager,,7 days ago,3.0,giza,giza,egypt
website manager,البركة,"['digital marketing', 'marketing', 'seo', 'social media']",on-site,full time,experienced,,7 days ago,2.0,cairo,cairo,egypt
architectural engineer technical office,high art,"['architectural design', 'technical office engineering', 'project coordination']",on-site,full time,experienced,,7 days ago,2.0,sheraton,cairo,egypt
service center manager,confidential,"['service center', 'engineering services', 'automotive sales', 'automotive maintenance', 'crm', 'workshop systems', 'vehicle systems']",on-site,full time,manager,,7 days ago,3.0,obour city,cairo,egypt
electrical senior lead,fine hygienic holding,"['electrical engineering', 'root cause analysis', 'electrical maintenance', 'preventive maintenance', 'troubleshooting']",on-site,full time,manager,,7 days ago,3.0,6th of october,giza,egypt
senior architectural design engineer,confidential,"['architectural design', 'engineering', 'design', 'architecture', 'revit bim', 'bim modeling', 'bim', 'autocad']",on-site,full time,experienced,,7 days ago,2.0,cairo,cairo,egypt
technical office engineer,confidential,"['construction engineering', 'technical office', 'infrastructure engineering', 'technical office', 'infrastructure engineering', 'autocad', 'civil engineering design', 'quantity surveying', 'project planning']",on-site,full time,experienced,,7 days ago,2.0,mokattam,cairo,egypt
embedded systems & ai instructor,mica,"['embedded systems', 'python', 'training', 'c', 'computer science', 'engineering', 'arduino', 'oop']",on-site,full time,entry level,,7 days ago,1.0,haram,giza,egypt
sales & leasing manager,mmc for investment,"['leasing', 'sales', 'sales target']",on-site,full time,manager,,7 days ago,3.0,new cairo,cairo,egypt
chief accountant,mmc for investment,"['accounting', 'finance', 'financial analysis', 'financial management', 'odoo erp', 'accounting software', 'erp', 'cma', 'financial']",on-site,full time,experienced,,7 days ago,2.0,new cairo,cairo,egypt
content creator & copywriter (english & arabic),confidential,"['marketing', 'sales', 'digital marketing', 'e-marketing', 'social media', 'advertising', 'digital advertising']",on-site,full time,entry level,,7 days ago,1.0,zamalek,cairo,egypt
network trainer,mica,"['computer science', 'teaching', 'information technology (it)', 'electronics', 'engineering', 'network', 'networking']",on-site,full time,entry level,,7 days ago,1.0,haram,giza,egypt
sales engineer - giza area,endless creations company,"['automotive', 'sales', 'sales target', 'customer service', 'customer support', 'sales skills', 'customer care', 'communication']",remote,full time,entry level,,7 days ago,1.0,giza,giza,egypt
social media specialist,endless creations company,"['digital marketing', 'digital marketing', 'e-commerce', 'e-marketing', 'google analytics', 'social media']",hybrid,full time,experienced,,7 days ago,2.0,sheraton,cairo,egypt
marketing operations specialist,endless creations company,"['branding', 'communication', 'marketing']",on-site,full time,experienced,,7 days ago,2.0,sheraton,cairo,egypt
"freight forwarding sales (experienced, interns & freelance partners)",confidential,"['freight forwarding', 'supply chain', 'sales', 'logistics', 'pricing', 'communication']",hybrid,full time,experienced,,7 days ago,2.0,alexandria,alexandria,egypt
retail stores manager,travco group,"['retail', 'sales target', 'sales', 'communication', 'development']",on-site,full time,manager,,7 days ago,3.0,giza,giza,egypt
sales manager,idraaj,"['sales', 'sales planning', 'hospitality', 'b2b sales', 'b2b', 'sales target', 'coaching', 'management']",hybrid,full time,manager,,7 days ago,3.0,cairo,cairo,egypt
mold repair workshop manager,kandil glass,"['engineering', 'mechanical engineering', 'maintenance', 'solidworks', 'workshop', 'repair', 'repairs']",on-site,full time,manager,,7 days ago,3.0,10th of ramadan city,sharqia,egypt
general accountant,"tecles trading, distribution & commercial agencies","['accounting', 'erp software', 'finance', 'financial reporting', 'problem-solving', 'data analysis', 'communication', 'time management']",on-site,full time,experienced,,7 days ago,2.0,victoria,alexandria,egypt
system administrator,mar group egypt,"['information technology (it)', 'system administration', 'computer science']",on-site,full time,experienced,,7 days ago,2.0,obour city,cairo,egypt
e-commerce specialist,namaa it,"['e-commerce', 'marketing', 'e-marketing', 'commerce']",on-site,full time,experienced,,7 days ago,2.0,heliopolis,cairo,egypt
it sales promoter (oraby),b.tech,"['sales', 'sales target', 'marketing', 'stock accuracy', 'products safety', 'stock control', 'maintenance', 'invoicing']",on-site,full time,entry level,,7 days ago,1.0,mohandessin,giza,egypt
cost accountant,mcv - obour,"['accounting', 'cost accounting', 'financial analysis', 'finance', 'ms office', 'financial', 'reporting', 'commerce', 'auditing']",on-site,full time,entry level,,7 days ago,1.0,obour city,cairo,egypt
direct sales agent (cairo),confidential,"['customer service', 'direct sales', 'sales target', 'sales']",on-site,full time,entry level,,7 days ago,1.0,nasr city,cairo,egypt
administration manager,arabiat,"['administration', 'office management', 'operations management', 'budget management', 'vendor management', 'team leadership', 'strategic planning', 'process improvement']",on-site,full time,manager,,7 days ago,3.0,mohandessin,giza,egypt
applications support specialist,tab erp solutions,"['customer support', 'appliaction support', 'hr system support', 'technical support', 'functional consutant', 'erp implementation', 'application support', 'administration']",remote,full time,experienced,,7 days ago,2.0,cairo,cairo,egypt
store keeper,confidential,"['warehousing', 'inventory management', 'management', 'logistics', 'microsoft excel', 'supply chain']",on-site,full time,experienced,,7 days ago,2.0,shubra,cairo,egypt
talent acquisition manager,am group,"['interviewing', 'talent acquisition', 'recruitment', 'human resources (hr)', 'administration', 'business administration', 'hr', 'human resources']",on-site,full time,manager,,7 days ago,3.0,cairo,cairo,egypt
senior hr business partner.,confidential,"['business administration', 'human resources (hr)', 'recruitment', 'microsoft office', 'talent acquisition', 'talent management', 'information technology (it)']",on-site,full time,experienced,,7 days ago,2.0,heliopolis,cairo,egypt
senior hr business partner,confidential,"['business administration', 'human resources (hr)', 'recruitment', 'microsoft office', 'talent acquisition', 'talent management', 'information technology (it)']",on-site,full time,experienced,,7 days ago,2.0,sheraton,cairo,egypt
local purchasing supervisor,tank,"['analysis', 'communication', 'leadership', 'logistics', 'management', 'manufacturing', 'negotiation']",on-site,full time,manager,,7 days ago,3.0,10th of ramadan city,cairo,egypt
co-teacher,sparks preschool,"['nursery', 'teaching', 'communication', 'classroom management']",on-site,full time,entry level,,7 days ago,1.0,new cairo,cairo,egypt
generative ai engineer,etisalat egypt,"['ai', 'computer science', 'engineering', 'information technology (it)', 'sales', 'ai/ml technologies', 'genai', 'llm']",hybrid,full time,experienced,,7 days ago,2.0,mohandessin,giza,egypt
content creator (one man crew),rockal,"['marketing', 'social media', 'content creation', 'video editing', 'content strategy', 'conceptualization', 'storyboarding', 'reels production']",hybrid,full time,experienced,,7 days ago,2.0,nasr city,cairo,egypt
sales account manager,target integrated systems,"['crm', 'account manager', 'sales', 'sales target', 'sales skills', 'software', 'business']",on-site,full time,experienced,,7 days ago,2.0,maadi,cairo,egypt
accountant payable,scib paints,"['accounting', 'finance', 'payable accounting', 'payable accountant', 'accountant', 'payable', 'commerce']",on-site,full time,experienced,,7 days ago,2.0,6th of october,giza,egypt
merchant acquisition specialist – bnpl,cartona,"['b2b sales', 'merchant acquisition', 'bnpl', 'buy now', 'pay later', 'gmv', 'gross merchandise value', 'revenue growth', 'merchant activation']",on-site,full time,experienced,,7 days ago,2.0,giza,giza,egypt
fire chief,suez canal container terminal,"['incident command system (ics)', 'emergency response management', 'fire suppression operations', 'rescue operations', 'team leadership', 'incident investigation & root cause analysis', 'technical reporting & performance monitoring', 'crisis management']",on-site,full time,manager,,7 days ago,3.0,port said,port said,egypt
technical sales engineer,quantum automatic systems,"['engineering', 'sales', 'technical sales']",on-site,full time,experienced,,7 days ago,2.0,heliopolis,cairo,egypt
network & cctv technician,glc paints,"['computer science', 'information technology (it)']",on-site,full time,experienced,,7 days ago,2.0,obour city,cairo,egypt
senior b2b sales executive – saudi market,masar architects,"['b2b', 'b2b sales', 'marketing', 'sales', 'engineering', 'lead generation', 'negotiation', 'target']",hybrid,full time,experienced,,7 days ago,2.0,new cairo,cairo,egypt
senior accountant,al aidy marketing managment,"['vat registration and submision', 'quarterly vat filling', 'zoho accounting', 'financial reporting and reconciliation', 'attention to detail and compliance', 'english', 'financial management', 'reporting']",remote,full time,experienced,,7 days ago,2.0,cairo,cairo,egypt
quality control engineer,el rashidi el mizan,"['engineering', 'quality control', 'gmp', 'management', 'microsoft office', 'quality assurance', 'quality management']",on-site,full time,experienced,,7 days ago,2.0,giza,giza,egypt
senior mechanical site engineer,modern controls,"['mechanical engineering', 'plumbing systems', 'hvac systems', 'hvac', 'management', 'autocad', 'plumbing', 'mep', 'site engineering']",on-site,full time,experienced,,7 days ago,2.0,giza,giza,egypt
senior electrical site engineer,modern controls,"['electrical', 'electrical site', 'electrical engineering', 'engineering', 'autocad', 'mechanical engineering']",on-site,full time,experienced,,7 days ago,2.0,giza,giza,egypt
it manager,confidential,"['computer science', 'management', 'administration', 'networking', 'computer engineering', 'information technology (it)', 'project management', 'it infrastructure management']",on-site,full time,manager,,7 days ago,3.0,abu rawash,giza,egypt
civil engineers - site engineers,dynamics design build,"['architecture', 'autocad', 'civil engineering', 'construction', 'engineering', 'management', 'project management', 'quality control', 'site engineering']",on-site,full time,experienced,,7 days ago,2.0,aswan,aswan,egypt
technical office engineer (bidding pricing proposals) - sheet metal,confidential,"['industrial engineering', 'mechanical engineering', 'solidworks', 'autocad', 'sheet metal', 'technical office', 'microsoft office', 'inventor', 'supply chain management']",on-site,full time,entry level,,7 days ago,1.0,6th of october,giza,egypt
finance manager,aig,"['accounting', 'finance', 'financial analysis', 'financial management', 'odoo erp', 'cma', 'cpa']",on-site,full time,manager,,7 days ago,3.0,maadi,cairo,egypt
software sales account manager,roaya,"['customer service', 'sales', 'software sales', 'sales target', 'engineering', 'management']",on-site,full time,experienced,,7 days ago,2.0,maadi,cairo,egypt
hse specialist,modupay,"['hse', 'health and safety', 'environmental', 'safety', 'risk assessment', 'firefighting', 'health, safety and environment', 'incident investigation', 'emergency response']",on-site,full time,entry level,,7 days ago,1.0,10th of ramadan city,sharqia,egypt
graphic designer,safa soft,"['adobe photoshop', 'adobe illustrator', 'adobe indesign', 'graphic design', 'design', 'branding']",on-site,full time,entry level,,7 days ago,1.0,maadi,cairo,egypt
civil engineer - project manager .,dynamics design build,"['architecture', 'autocad', 'civil engineering', 'construction', 'design', 'engineering', 'management']",on-site,full time,manager,,7 days ago,3.0,aswan,aswan,egypt
electrical maintenance engineer,aga khan cultural services- egypt (akcs-e),"['electrical engineering', 'engineering', 'maintenance']",on-site,full time,experienced,,7 days ago,2.0,darrasa,cairo,egypt
computer science teacher,new horizon international school,"['computer science', 'strong classroom management', 'good communication skills', 'curriculum development', 'educational technology', 'problem-solving', 'lesson planning', 'mentorship', 'student engagement']",on-site,full time,experienced,,7 days ago,2.0,cairo,cairo,egypt
cnc engineer,kandil industries,"['cnc', 'engineering', 'mechanical engineering', 'production', 'cnc programming', 'mechanical', 'programming']",on-site,full time,experienced,,7 days ago,2.0,new cairo,cairo,egypt
science teacher,new horizon international school,"['classroom management', 'communication skills', 'curriculum development', 'lesson planning', 'student engagement', 'science education', 'differentiated instruction', 'assessment', 'mentoring']",on-site,full time,experienced,,7 days ago,2.0,cairo,cairo,egypt
japanese hr translator and content creation assistant,wecrin,"['human resources management', 'english', 'japanese', 'recruitment', 'business development', 'blogging']",remote,full time,entry level,,7 days ago,1.0,cairo,cairo,egypt
math teacher,new horizon international school,"['classroom management', 'curriculum development', 'communication skills', 'lesson planning', 'student engagement', 'educational technology', 'assessment strategies', 'differentiated instruction', 'problem-solving']",on-site,full time,experienced,,7 days ago,2.0,cairo,cairo,egypt
crm specialist & quality assurance,professional service - proserv,"['crm', 'quality assurance']",hybrid,full time,experienced,,7 days ago,2.0,new cairo,cairo,egypt
customer service engineer,middle east glass,"['customer care', 'customer service']",hybrid,full time,entry level,,7 days ago,1.0,musturad,qalubia,egypt
video editor (full-time | remote),wuzzuf,"['adobe photoshop', 'adobe premiere', 'after effects', 'social media', 'video montaged', 'podcast', 'english', 'visual effects', 'video editing']",remote,full time,experienced,,7 days ago,2.0,cairo,cairo,egypt
technical support engineer,confidential,"['engineering', 'technical support']",on-site,full time,entry level,,7 days ago,1.0,cairo,cairo,egypt
crm specialist,talaat moustafa group,"['crm', 'customer service', 'crm system']",on-site,full time,entry level,,7 days ago,1.0,madinaty,cairo,egypt
senior school librarian,"british international school, cairo","['administration', 'library science', 'library systems']",on-site,full time,experienced,,7 days ago,2.0,sheikh zayed,giza,egypt
transportation officer,"elvan knitting, dyeing and finishing s.a.e","['administration', 'logistics', 'transportation']",on-site,full time,entry level,,7 days ago,1.0,bourj alarab,alexandria,egypt
electronics maintenance engineer,confidential,"['electrical engineering', 'electronics maintenance', 'maintenance', 'engineering', 'electronics']",on-site,full time,entry level,,7 days ago,1.0,cairo,cairo,egypt
video editor (full-time | remote),roxton wealth ltd,"['adobe photoshop', 'adobe premiere', 'video editing', 'creative', 'motion graphics', 'premiere', 'social media']",remote,full time,experienced,,7 days ago,2.0,cairo,cairo,egypt
procurement manager,bahna engineering,"['logistics', 'procurement', 'purchasing', 'supply chain']",on-site,full time,manager,,7 days ago,3.0,zamalek,cairo,egypt
horeca supply/procurement account manager,cartona,"['horeca', 'supply', 'fmcg', 'vendor', 'vendor_managment']",on-site,full time,entry level,,7 days ago,1.0,giza,giza,egypt
director of sales,mido’s for distribution,"['management', 'sales target', 'sales']",on-site,full time,senior management,,7 days ago,,sheraton,cairo,egypt
sales & marketing section head,national electricity technology co.,"['sales strategy development', 'marketing management', 'business development', 'negotiation', 'market analysis', 'client relationship management', 'budgeting and forecasting']",on-site,full time,manager,,7 days ago,3.0,alexandria,alexandria,egypt
architectural site engineer – finishing,tbk developments,"['architecture', 'autocad', 'engineering', 'hotels', 'resorts', 'hospitality', 'construction details']",on-site,full time,experienced,,7 days ago,2.0,ras sedr,south sinai,egypt
compensation and benefits section head,erada,"['compensation', 'hr', 'human resources (hr)', 'benefits management', 'analysis', 'accounting', 'business administration']",on-site,full time,manager,,7 days ago,3.0,maadi,cairo,egypt
senior quality engineer,al-tawakol for electrical industries -ntt,"['engineering', 'quality control', 'low voltage panels', 'busway', 'iso9001', 'iec 60439', 'microsoft excel']",on-site,full time,experienced,,7 days ago,2.0,qalubia,qalubia,egypt
hse officer,buildin,"['hse', 'safety', 'engineering', 'health, safety and environment', 'occupational safety and health administration (osha)', 'health and safety', 'fire safety', 'environment, health, and safety (ehs)', 'environment, health, and safety']",on-site,full time,experienced,,7 days ago,2.0,heliopolis,cairo,egypt
software sales advisor,software house solution,"['customer relationship management (crm)', 'technical sales', 'product demonstration', 'negotiation', 'communication', 'presentation skills', 'problem solving', 'time management']",on-site,full time,entry level,,7 days ago,1.0,cairo,cairo,egypt
hardware sales advisor,software house solution,"['hardware sales', 'business development', 'communication', 'customer service', 'engineering', 'sales', 'sales target']",on-site,full time,experienced,,7 days ago,2.0,heliopolis,cairo,egypt
technical consultant support,software house solution,"['customer support', 'communication', 'problem-solving', 'technical troubleshooting', 'call center']",on-site,full time,entry level,,7 days ago,1.0,heliopolis,cairo,egypt
technical implementer,software house solution,"['software implementation', 'technical consulting', 'accounting', 'financial accounting', 'troubleshooting', 'system configuration', 'user training']",on-site,full time,entry level,,7 days ago,1.0,heliopolis,cairo,egypt
facility section head,tepco s.a.e.,"['engineering', 'facility management', 'mechanical engineering', 'electrical engineering', 'hse', 'safety', 'cmms', 'cafm', 'project management']",on-site,full time,experienced,,7 days ago,2.0,obour city,cairo,egypt
senior tax accountant,zamil steel buildings co,"['accounting', 'finance', 'microsoft office', 'manufacturing', 'financial reports', 'english', 'financial analysis', 'ms office', 'commerce']",on-site,full time,experienced,,7 days ago,2.0,6th of october,giza,egypt
clinical success specialist,aligna,"['customer care', 'customer service', 'customer support', 'medical', 'dentistry', 'clinic management', 'commercial']",on-site,full time,experienced,,8 days ago,2.0,giza,giza,egypt
full stack developer,confidential,"['node.js', 'rest', 'back-end', 'front-end', 'react', 'information technology (it)', 'development', 'computer science', 'javascript']",remote,full time,entry level,,8 days ago,1.0,cairo,cairo,egypt
homeroom teacher - august 2026,egypt education platform,"['education', 'learning', 'teaching', 'curriculum', 'child development', 'eyfs', 'elementary']",on-site,full time,experienced,,8 days ago,2.0,giza,giza,egypt
reel maker,فرص النماء للفن السينيمائي,"['digital marketing', 'photography', 'digital photography', 'video editing', 'video montage', 'video design']",on-site,part time,experienced,,8 days ago,2.0,cairo,cairo,egypt
sales service specialist,فرص النماء للفن السينيمائي,"['customer service', 'customer support', 'sales', 'communication', 'digital marketing', 'marketing', 'negotiation']",on-site,part time,experienced,,8 days ago,2.0,cairo,cairo,egypt
media buyer,فرص النماء للفن السينيمائي,"['digital marketing', 'marketing', 'social media']",remote,part time,senior management,,8 days ago,,cairo,cairo,egypt
receptionist,easy talent academy,"['microsoft office', 'office management', 'administration', 'communication', 'management', 'customer service']",on-site,full time,entry level,,8 days ago,1.0,maadi,cairo,egypt
senior system admin,orion,"['computer science', 'engineering', 'information technology (it)', 'system administration', 'system admin', 'computer engineering']",on-site,full time,experienced,,8 days ago,2.0,madinaty,cairo,egypt
maintenance planning engineer,monairy corn,"['mechanical engineering', 'planning', 'maintenance', 'engineering']",on-site,full time,entry level,,8 days ago,1.0,10th of ramadan city,sharqia,egypt
platform operations & growth manager,egymedics,"['business development', 'healthcare marketing', 'marketing', 'online marketing', 'online advertising', 'project management', 'software development']",remote,freelance / project,senior management,,8 days ago,,cairo,cairo,egypt
medior full stack js developer,vertex technologies,"['node.js', 'english b2', 'javascript', 'serverless', 'lambda functions', 'databases', 'scrum/kanban', 'unit tests', 'typescript']",on-site,full time,experienced,,8 days ago,2.0,cairo,cairo,egypt
utilities engineer,fort capital,"['utilities engineer', 'food & beverages', 'energy efficiency', 'preventive maintenance', 'regulatory compliance', 'hvac systems', 'water treatment', 'steam generation', 'operational performance']",on-site,full time,experienced,,8 days ago,2.0,cairo,cairo,egypt
technical sales.,confidential,"['sales', 'engineering', 'technical sales', 'programming language', 'php programming', 'sales target', 'flutter', 'android programming']",on-site,full time,experienced,,8 days ago,2.0,nasr city,cairo,egypt
senior hr specialist,confidential,"['hr specialist', 'human resources (hr)', 'recruitment', 'personnel', 'payroll']",on-site,full time,experienced,,8 days ago,2.0,tanta,gharbia,egypt
sales executive,kepro technology pvt. ltd,"['sales executive', 'sales', 'sales skills', 'sales target', 'marketing', 'executive', 'customer service']",on-site,full time,experienced,,8 days ago,2.0,nasr city,cairo,egypt
receptionist,all smiles,"['communication', 'administration', 'english', 'front desk', 'management', 'microsoft office', 'office management', 'customer service']",on-site,full time,entry level,,8 days ago,1.0,new cairo,cairo,egypt
it infrastructure engineer,kaizen genral contracting company,"['network administration', 'it infrastructure administration', 'network security and cybersecurity', 'erp administration and support', 'computer science', 'technical support and troubleshooting', 'microsoft 365', 'cloud services']",on-site,full time,experienced,,8 days ago,2.0,zagazig,sharqia,egypt
junior talent acquisition specialist,ninos kids wear,"['human resources (hr)', 'recruitment', 'talent acquisition', 'interviewing', 'hr', 'communication']",on-site,full time,entry level,,8 days ago,1.0,maadi,cairo,egypt
food production engineer – extracts herbal tea powders,tawakol for investment and development (tid),"['food processing', 'quality assurance', 'food safety', 'equipment operation', 'food production', 'food manufacturing', 'powder']",on-site,full time,experienced,,8 days ago,2.0,dar alsalam,cairo,egypt
mushroom farm microbiologist,tawakol for investment and development (tid),"['fungi', 'mushroom', 'microbiology']",on-site,full time,experienced,,8 days ago,2.0,salam city,cairo,egypt
hr generalist - badr city,arab mechanical engineers,"['hr specialist', 'hr', 'human resources (hr)', 'microsoft office', 'personnel', 'recruitment', 'communication']",on-site,full time,entry level,,8 days ago,1.0,badr city,cairo,egypt
marketing manager,zahret el-bon,"['marketing', 'market research', 'social media', 'business administration', 'communication', 'digital marketing', 'management', 'project management', 'sales']",on-site,full time,manager,,8 days ago,3.0,obour city,cairo,egypt
customer service agent,elsaba group co.,"['customer care', 'customer service', 'customer support', 'communication skills', 'problem-solving', 'active listening', 'empathy', 'conflict resolution', 'time management']",on-site,internship,entry level,,8 days ago,1.0,maadi,cairo,egypt
treasury accountant,aswaq,"['accounting', 'finance', 'treasury', 'treasury accounting', 'accounts receivable']",on-site,full time,experienced,,8 days ago,2.0,shorouk city,cairo,egypt
marketing & social media manager,araby.ai,"['e-marketing', 'social media', 'google ads', 'marketing campaigns', 'content marketing', 'creative', 'management', 'marketing']",remote,full time,experienced,,8 days ago,2.0,cairo,cairo,egypt
assistant global managing partner,csi,"['administration', 'office management', 'english', 'calendar management', 'business administration', 'detail oriented']",on-site,full time,experienced,,8 days ago,2.0,heliopolis,cairo,egypt
planning and cost control engineer,mcc,"['civil engineering', 'cost control', 'planning', 'engineering']",on-site,full time,experienced,,8 days ago,2.0,6th of october,giza,egypt
social media marketing specialist,the seo team,"['e-marketing', 'marketing', 'social media', 'business english', 'creative', 'ads', 'digital marketing', 'facebook ads']",hybrid,full time,entry level,,8 days ago,1.0,shorouk city,cairo,egypt
admin/receptionist,sparks preschool,"['administration', 'microsoft office', 'office management']",on-site,full time,experienced,,8 days ago,2.0,new cairo,cairo,egypt
territory sales manager,aligna,"['customer service', 'sales target', 'sales', 'territory sales', 'medical', 'dentistry', 'medical devices sales', 'b2b sales']",on-site,full time,manager,,8 days ago,3.0,cairo,cairo,egypt
senior budgeting specialist,amreyah cement,"['budgeting', 'sap program', 'cma', 'cpa', 'cfa', 'sap', 'erp', 'finance', 'financial analysis']",on-site,full time,experienced,,8 days ago,2.0,nasr city,cairo,egypt
electrical technical office engineer,mcc,"['autocad', 'drawings', 'electrical', 'cad', 'electrical engineering', 'shop drawings', 'skills', 'management']",on-site,full time,experienced,,8 days ago,2.0,6th of october,giza,egypt
regulatory affairs specialist,confidential,"['administration', 'regulatory affairs', 'pharmacy']",on-site,full time,entry level,,8 days ago,1.0,mohandessin,giza,egypt
head of technical office,smart group,"['fire fighting', 'fire protection', 'fire alarm', 'design', 'project management', 'autocad', 'technical office engineering']",on-site,full time,senior management,,8 days ago,,mokattam,cairo,egypt
pre sales engineer,confidential,"['engineering', 'sales target', 'sales', 'mechanical', 'mechatronics', 'microsoft office', 'technical sales']",on-site,full time,entry level,,8 days ago,1.0,dokki,giza,egypt
hr specialist,passionelle,"['recruitment', 'employee relations', 'payroll', 'workforce planning', 'training', 'labour law', 'erp system', 'administration']",on-site,full time,experienced,,8 days ago,2.0,new cairo,cairo,egypt
biostatistician,confidential,"['ibm spss', 'stata', 'r software', 'biostatistics', 'epidemiology']",remote,full time,entry level,,8 days ago,1.0,cairo,cairo,egypt
export sales specialist - agriculture focus,"tecles trading, distribution & commercial agencies","['crm', 'export', 'logistics', 'market research', 'sales target', 'supply chain', 'export sales', 'agriculture']",remote,full time,experienced,,8 days ago,2.0,cairo,cairo,egypt
telesales executive,recap,"['telesales', 'sales']",on-site,full time,entry level,,8 days ago,1.0,new cairo,cairo,egypt
senior electrical engineer (ain sokhna),pre group,"['electrical engineering', 'engineering', 'network infrastructure', 'infrastructure engineering', 'site engineering', 'site management', 'power systems', 'electrical design', 'autocad']",on-site,full time,experienced,,8 days ago,2.0,ain sokhna,suez,egypt
customer service representative,mena for contracting & trading,"['customer care', 'customer support', 'sales', 'customer service', 'business administration', 'commerce', 'construction', 'real estate', 'administration']",on-site,full time,experienced,,8 days ago,2.0,san stefano,alexandria,egypt
senior mechanical maintenance engineer,national pipe company,"['mechanical systems', 'maintenance engineering', 'hydraulic systems', 'preventive maintenance']",on-site,full time,experienced,,8 days ago,2.0,badr city,cairo,egypt
sales supervisor (ismailia),cairo three a  poultry,"['sales', 'sales target', 'supervision', 'leadership', 'computer skills', 'food industry', 'fmcg']",on-site,full time,experienced,,8 days ago,2.0,ismailia,ismailia,egypt
mechanical projects engineer,eagle chemicals,"['mechanical engineering', 'project management', 'projects', 'mechanical', 'project management software', 'mechanical design tools', 'cad', 'project design']",on-site,full time,experienced,,8 days ago,2.0,6th of october,giza,egypt
commercial manager,confidential,"['management', 'sales', 'retail', 'research analysis', 'sales coaching', 'leadership', 'highly communication skills']",on-site,full time,manager,,8 days ago,3.0,maadi,cairo,egypt
mechanical construction project manager,confidential,"['civil engineering', 'construction', 'engineering', 'project', 'mechanical', 'project management', 'autocad']",on-site,full time,manager,,8 days ago,3.0,sheraton,cairo,egypt
electrical construction project manager,confidential,"['construction', 'electrical construction', 'electrical engineering', 'engineering', 'project management', 'project', 'communication']",on-site,full time,manager,,8 days ago,3.0,sheraton,cairo,egypt
costing unit head,rameda,"['accountant', 'accounting', 'finance', 'oracle', 'communication skills', 'cost accounting', 'cost analysis']",on-site,full time,experienced,,8 days ago,2.0,6th of october,giza,egypt
hr operations supervisor - ismailia,cairo three a  poultry,"['hr', 'human resources (hr)', 'od', 'recruitment', 'fmcg', 'business administration', 'egyptian labour law']",on-site,full time,experienced,,8 days ago,2.0,ismailia,ismailia,egypt
senior legal affairs ( real estate lawyer ),mg developments,"['legal affairs', 'real estate']",on-site,full time,experienced,,8 days ago,2.0,nasr city,cairo,egypt
civil site engineer,buildin,"['civil engineering', 'site engineering', 'construction', 'autocad', 'project management', 'site supervision', 'problem solving', 'quality control', 'time management']",on-site,full time,experienced,,8 days ago,2.0,heliopolis,cairo,egypt
junior tender engineer,mapco l.l.c.,"['engineering', 'tendering', 'cost estimation', 'cost control', 'ms office']",on-site,full time,experienced,,8 days ago,2.0,mokattam,cairo,egypt
ai engineer,itgoals,"['ai', 'computer science', 'engineering', 'information technology (it)']",hybrid,full time,experienced,,8 days ago,2.0,new cairo,cairo,egypt
deputy director,techjump,"['management', 'business development', 'project management', 'operations management', 'strategic planning', 'team leadership', 'negotiation']",hybrid,full time,experienced,,8 days ago,2.0,alexandria,alexandria,egypt
sap abap consultant,itgoals,"['abap', 'computer science', 'information technology (it)', 'sap abap', 'sap']",hybrid,full time,experienced,,8 days ago,2.0,new cairo,cairo,egypt
hr operations manager - 10th of ramadan,alarabia group,"['hr', 'human resources (hr)', 'leadership', 'management', 'microsoft office', 'social insurance']",on-site,full time,experienced,,8 days ago,2.0,sharqia,sharqia,egypt
sap fico consultant,itgoals,"['abap', 'computer science', 'information technology (it)', 'sap fico', 'sap']",hybrid,full time,experienced,,8 days ago,2.0,new cairo,cairo,egypt
senior accountant,statements consulting,"['accounting', 'finance', 'financial analysis', 'financial management']",on-site,full time,experienced,,8 days ago,2.0,nasr city,cairo,egypt
sales supervisor - damietta,beyti - an almarai subsidiary,"['sales', 'sales target', 'negotiation', 'business administration', 'customer service', 'administration']",on-site,full time,manager,,8 days ago,3.0,damietta,damietta,egypt
tendering estimation engineer,buildin,"['civil engineering', 'architectural engineering', 'engineering', 'tendering']",on-site,full time,experienced,,8 days ago,2.0,heliopolis,cairo,egypt
hr recruitment specialist (remote),united elite company,"['human resources (hr)', 'recruitment', 'communication', 'human resources', 'interviewing', 'microsoft office', 'personnel', 'sourcing', 'talent acquisition']",remote,full time,experienced,,8 days ago,2.0,cairo,cairo,egypt
sap bid manager,itgoals,"['accounting', 'financial management', 'sap', 'finance']",hybrid,full time,experienced,,8 days ago,2.0,new cairo,cairo,egypt
sap finance manager,itgoals,"['accounting', 'finance', 'sap', 'financial management']",hybrid,full time,manager,,8 days ago,3.0,new cairo,cairo,egypt
architecture technical office engineer,beverlyhills,"['autocad', 'architectural design', 'shop drawing preparation', 'revit', 'technical drawing', 'project coordination', 'construction detailing', 'problem solving']",on-site,full time,experienced,,8 days ago,2.0,shorouk city,cairo,egypt
senior sales engineer – panel builder (lv),square e for electrical industries,"['schneider products', 'manufacturing', 'sales target', 'sales', 'electrical engineering', 'panels', 'engineering', 'business development']",hybrid,full time,experienced,,8 days ago,2.0,10th of ramadan city,sharqia,egypt
sap trm consultant,itgoals,"['information technology (it)', 'sap', 'abap']",hybrid,full time,experienced,,8 days ago,2.0,new cairo,cairo,egypt
feed sales representative (car or motorcycle required),confidential,"['sales', 'feed sales', 'owns a car or a motorcycle.', 'communication', 'customer service', 'marketing', 'negotiation', 'sales target', 'veterinary']",hybrid,full time,entry level,,8 days ago,1.0,gamasa,dakahlia,egypt
mechanical power engineer,alexandria company for vegetable oils extraction (s.a.e),"['mechanical power engineer', 'preventive maintenance', 'predictive maintenance', 'cad / autocad', 'cmms', 'machinery diagnostics', 'mechanical engineering', 'maintenance']",on-site,full time,experienced,,8 days ago,2.0,bourj alarab,alexandria,egypt
internal audit manager,jazeera paints,"['sap', 'management', 'accounting', 'auditing', 'business administration', 'cia', 'finance']",on-site,full time,manager,,8 days ago,3.0,10th of ramadan city,cairo,egypt
marketing communications manager,al-amal al-sharif for plastic,"['communication', 'marketing', 'marketing communications', 'brand marketing', 'content strategy', 'public relations', 'digital marketing']",on-site,full time,manager,,8 days ago,3.0,10th of ramadan city,cairo,egypt
mechanical technical office engineer,asc for construction and engineering,"['mechanical engineering', 'engineering', 'mechanical', 'technical', 'technical office', 'communication skills', 'autocad', 'communication', 'microsoft office']",on-site,full time,experienced,,8 days ago,2.0,nasr city,cairo,egypt
projects sales executive,gigantic for trading & contracting,"['sales', 'projects', 'sales target', 'epoxy', 'flooring', 'project sales']",on-site,full time,experienced,,8 days ago,2.0,heliopolis,cairo,egypt
quality control section head,orient group,"['quality control', 'manufacturing', 'production']",on-site,full time,experienced,,8 days ago,2.0,bourj alarab,alexandria,egypt
technical office engineer,confidential,"['technical office', 'engineering', 'autocad', 'civil engineering', 'computer science', 'construction', 'information technology (it)', 'microsoft office', 'ms office']",on-site,full time,experienced,,8 days ago,2.0,mokattam,cairo,egypt
content creator,enterprise holding,"['marketing', 'writing', 'content creation', 'video editing', 'video production', 'social media', 'production']",on-site,full time,experienced,,8 days ago,2.0,sheraton,cairo,egypt
call center agent,confidential,"['communication', 'crm', 'customer care', 'customer service', 'customer support', 'call center', 'crm system', 'crm software', 'communication skills']",on-site,full time,entry level,,8 days ago,1.0,cairo,cairo,egypt
graphic designer,snaabble,"['graphic design', 'adobe photoshop', 'adobe illustrator', 'social media design', 'branding', 'visual design', 'creative']",on-site,full time,entry level,,8 days ago,1.0,talkha,dakahlia,egypt
it help desk specialist,erada,"['computer science', 'information technology (it)', 'windows os', 'linux', 'macos', 'networking', 'lan', 'tcp/ip', 'dns']",on-site,full time,experienced,,8 days ago,2.0,qena,qena,egypt
supply chain operations manager,confidential,"['logistics', 'purchasing', 'supply', 'supply chain', 'business administration', 'management', 'erp']",on-site,full time,experienced,,8 days ago,2.0,new cairo,cairo,egypt
customer support associate,landmarks consulting solutions co,"['customer service', 'sales', 'communication', 'customer care', 'customer support', 'management', 'technical support']",on-site,full time,experienced,,8 days ago,2.0,maadi,cairo,egypt
business development consultant (field sales) f&b technology,venyo,"['business development', 'sales', 'technology', 'communication', 'sales target', 'training', 'startup']",on-site,part time,entry level,,8 days ago,1.0,new cairo,cairo,egypt
sales coordinator,adi egypt,"['sales coordinator', 'customer support', 'sales support', 'sales', 'administration', 'customer service', 'business administration', 'communication', 'coordination']",on-site,full time,experienced,,8 days ago,2.0,new cairo,cairo,egypt
applied ceramic specialist,torrecid egypt sae,"['applied arts ceramic', 'production', 'chemical engineering', 'marketing', 'communication', 'sales']",on-site,full time,entry level,,8 days ago,1.0,sheikh zayed,giza,egypt
senior quality assurance.,kandil steel,"['qa', 'quality assurance']",on-site,full time,experienced,,8 days ago,2.0,obour city,cairo,egypt
marketing executive,med right for medical services,"['market research', 'marketing', 'media buying']",on-site,full time,entry level,,8 days ago,1.0,cairo,cairo,egypt
electrical technical office manager,protection,"['autocad', 'electrical engineering', 'engineering', 'technical office', 'electrical technical office manager', 'electrical construction', 'electrical control']",on-site,full time,manager,,8 days ago,3.0,sheikh zayed,giza,egypt
bim architectural engineer,protection,"['architectural', 'architectural engineering', 'autocad', 'architecture', 'autodesk', 'revit', 'bim', 'engineering']",on-site,full time,experienced,,8 days ago,2.0,sheikh zayed,giza,egypt
store keeper aswan,marmonil marble & granite,"['warehousing', 'inventory management', 'supply chain', 'storekeeping']",on-site,full time,experienced,,8 days ago,2.0,aswan,aswan,egypt
google ads specialist,confidential,"['google ads', 'seo', 'ads', 'google analytics']",remote,full time,experienced,,9 days ago,2.0,cairo,cairo,egypt
junior pattern maker (gerber),aboul-ezz for industrial development,"['gerber', 'patronist', 'pattern making', 'pattern', 'general responsibility assignment software patterns', 'fashion design', 'fashion']",on-site,full time,entry level,,9 days ago,1.0,obour city,cairo,egypt
quality control inspector,power solutions,"['quality assurance', 'quality control', 'telecom', 'technology', 'inspection', 'calibration', 'documentation', 'problem solving']",on-site,full time,experienced,,9 days ago,2.0,6th of october,giza,egypt
senior business development manager (edtech igcse),jannah integrated solutions ltd,"['education technology', 'education sales', 'igcse', 'schools', 'tutoring', 'b2b', 'business development']",hybrid,full time,manager,,9 days ago,3.0,cairo,cairo,egypt
recruitment section head,middle east glass,"['human resources (hr)', 'recruitment']",on-site,full time,manager,,9 days ago,3.0,cairo,cairo,egypt
digital marketing specialist (b2b saas),renewable energy pros,"['digital marketing', 'e-marketing', 'marketing', 'saas', 'social media', 'b2b', 'brand awareness']",on-site,full time,experienced,,9 days ago,2.0,new cairo,cairo,egypt
sales manager,confidential,"['experienced in industrial packaging', 'customer service', 'sales target']",hybrid,full time,manager,,9 days ago,3.0,giza,giza,egypt
call center manager,alarabia group,"['call center', 'customer service', 'customer care', 'customer support', 'communication', 'leadership', 'management', 'people management']",on-site,full time,manager,,9 days ago,3.0,sharqia,sharqia,egypt
real estate customer service - spanish speaker,confidential,"['customer service', 'real estate', 'spanish speaking']",remote,full time,experienced,,9 days ago,2.0,cairo,cairo,egypt
hr lead,wuzzuf,"['human resources', 'recruitment', 'operations']",on-site,full time,experienced,,9 days ago,2.0,alexandria,alexandria,egypt
mechanical site engineer,skarpt company,"['mechanical engineering', 'maintenance', 'engineering', 'electrical engineering', 'project management', 'site supervision', 'hvac systems']",on-site,full time,experienced,,9 days ago,2.0,hadayek alahram,giza,egypt
arts crafts team leader,cosmofun,"['edutainment', 'interpersonal skills']",on-site,full time,entry level,,9 days ago,1.0,giza,giza,egypt
customer service team leader,cosmofun,"['experience', 'entertainment', 'arabic', 'communication', 'english', 'hospitality', 'sales', 'information technology (it)']",on-site,full time,entry level,,9 days ago,1.0,6th of october,giza,egypt
accountant,cosmofun,"['accounting', 'finance']",on-site,full time,experienced,,9 days ago,2.0,sheikh zayed,giza,egypt
internal audit manager,med right for medical services,"['accounting', 'finance', 'financial analysis', 'auditing', 'risk management', 'internal controls', 'compliance', 'fraud detection', 'report writing']",on-site,full time,manager,,9 days ago,3.0,cairo,cairo,egypt
social media supervisor,matgr for engineering and trading,"['marketing', 'social media']",on-site,full time,experienced,,9 days ago,2.0,new cairo,cairo,egypt
media buyer,shougl,"['e-marketing', 'online ads', 'google ads', 'media buying', 'performance management', 'marketing', 'digital marketing', 'social media']",hybrid,full time,entry level,,9 days ago,1.0,new cairo,cairo,egypt
installation engineer,almosallamy fo,"['engineering', 'site management', 'site installation', 'project coordination', 'quality assurance', 'troubleshooting', 'technical documentation', 'team leadership', 'problem solving']",on-site,full time,experienced,,9 days ago,2.0,10th of ramadan city,sharqia,egypt
marketing & service engineer,torrecid egypt sae,"['chemical engineering', 'chemistry', 'engineering', 'ceramics', 'marketing', 'customer service', 'english']",on-site,full time,entry level,,9 days ago,1.0,sheikh zayed,giza,egypt
marketing & service specialist,torrecid egypt sae,"['chemistry, applied chemistry, materials science', 'enthusiastic, proactive, and customer-oriented', 'communication', 'chemistry', 'customer service', 'marketing', 'travel', 'sales']",on-site,full time,entry level,,9 days ago,1.0,sheikh zayed,giza,egypt
junior technical support specialist,information dynamics,"['computer science', 'technical support', 'information technology (it)', 'computer engineering', 'engineering', 'customer service', 'sql']",on-site,full time,entry level,,9 days ago,1.0,nasr city,cairo,egypt
sales manager – dental division,arias egypt,"['sales', 'marketing', 'sales plan', 'management', 'communication', 'customer service', 'customer support', 'crm']",on-site,full time,manager,,9 days ago,3.0,heliopolis,cairo,egypt
production section head,intertrade co.,"['communication skills', 'engineering', 'english', 'erp', 'industrial engineering', 'manufacturing', 'management']",on-site,full time,manager,,9 days ago,3.0,10th of ramadan city,sharqia,egypt
field service & application specialist – sterile compounding systems,arias egypt,"['installations', 'troubleshooting']",on-site,full time,entry level,,9 days ago,1.0,heliopolis,cairo,egypt
training coordinator,cls learning solutions,"['customer care', 'customer service', 'customer support', 'communucation skills', 'ba', 'computer', 'computer science', 'customer']",on-site,full time,experienced,,9 days ago,2.0,nasr city,cairo,egypt
sales moderator,learn n' digital,"['sales', 'moderation', 'marketing', 'social media', 'communication', 'e-marketing', 'sales field']",on-site,full time,experienced,,9 days ago,2.0,mohandessin,giza,egypt
electrical maintenance engineer,international company for mining and investments,"['performance monitoring', 'preventive maintenance', 'teamwork', 'root cause analysis', 'plc programming', 'control systems', 'power distribution systems', 'automation systems']",on-site,full time,experienced,,9 days ago,2.0,alsadat city,monufya,egypt
mechanical maintenance engineer,international company for mining and investments,"['performance monitoring', 'preventive maintenance', 'problem-solving', 'teamwork', 'coordination', 'performance monitoring', 'problem-solving', 'teamwork']",on-site,full time,experienced,,9 days ago,2.0,monufya,monufya,egypt
math teacher,arab skills,"['math', 'mathematics', 'teaching', 'classroom management', 'presentation skills']",on-site,part time,experienced,,9 days ago,2.0,obour city,cairo,egypt
mechanical maintenance engineer,dreem mashreq foods,"['mechanical maintenance', 'engineering', 'mechanical', 'maintenance', 'mechanical engineering', 'electrical engineering', 'erp', 'manufacturing']",on-site,full time,experienced,,9 days ago,2.0,bourj alarab,alexandria,egypt
trainer – compliance,elabd foods,"['quality assurance', 'safety', 'quality control', 'training']",on-site,full time,experienced,,9 days ago,2.0,abu rawash,giza,egypt
designer,elhoda trade & supples,"['adobe illustrator', 'adobe photoshop', 'graphic design', 'design']",on-site,full time,experienced,,9 days ago,2.0,badr city,cairo,egypt
accountant in a medical devices company,elhoda trade & supples,"['accounts payable and receivable', 'accounting software', 'financial reporting']",on-site,full time,experienced,,9 days ago,2.0,badr city,cairo,egypt
senior customs clearance specialist,future express,"['customs clearance', 'cargo handling', 'courier management', 'nafeza', 'aci', 'acid', 'cargox']",on-site,full time,experienced,,9 days ago,2.0,cairo,cairo,egypt
receptionist,roya developments,"['administration', 'microsoft office', 'office management']",on-site,full time,experienced,,9 days ago,2.0,sheraton,cairo,egypt
sales representative,tradeline stores,"['customer service', 'sales', 'sales target', 'sales field', 'indoor sales', 'sales plan', 'sales planning', 'sales plans']",on-site,full time,experienced,,9 days ago,2.0,zagazig,sharqia,egypt
financial reporting manager,etisal import and export,"['accounting', 'financial', 'finance', 'financial analysis', 'financial management', 'reporting', 'financial reporting']",on-site,full time,manager,,9 days ago,3.0,new cairo,cairo,egypt
commercial specialist,confidential,"['customer service', 'microsoft office', 'sales', 'erp', 'crm', 'typeform', 'saas', 'research']",on-site,full time,experienced,,9 days ago,2.0,mohandessin,giza,egypt
general accountant,confidential,"['accounting', 'erp', 'auditing', 'financial', 'financial analysis', 'financial management', 'financial reporting']",on-site,full time,experienced,,9 days ago,2.0,alexandria,alexandria,egypt
customer service representative,diar developments,"['customer care', 'customer service', 'customer support']",on-site,full time,entry level,,9 days ago,1.0,new cairo,cairo,egypt
regional talent acquisition lead,waffarha.com,"['human resources (hr)', 'recruitment', 'talent acquisition', 'interviewing']",on-site,full time,manager,,9 days ago,3.0,sheraton,cairo,egypt
senior media buyer,confidential,"['digital marketing', 'social media', 'marketing', 'google ads', 'management', 'media buying', 'crm']",on-site,full time,experienced,,9 days ago,2.0,mohandessin,giza,egypt
it section head,mmc for investment,"['it infrastructure management', 'it operations management', 'network administration', 'cybersecurity', 'siem', 'ids/ips', 'vpn', 'access control systems', 'endpoint security']",on-site,full time,experienced,,9 days ago,2.0,cairo,cairo,egypt
electrical quantity surveyor – tendering & bidding,maramer contracting company,"['autocad', 'advanced ms excel', 'revit', 'electrical engineering', 'elv systems', 'lv', 'mv', 'tendering', 'bidding']",on-site,full time,experienced,,9 days ago,2.0,cairo,cairo,egypt
senior production planner,cairo three a  poultry,"['manufacturing', 'production', 'engineering', 'production planning', 'supply chain', 'administration', 'industrial engineering']",on-site,full time,experienced,,9 days ago,2.0,10th of ramadan city,cairo,egypt
sales marketing executive,icotrade,"['crm', 'communication', 'digital marketing', 'marketing', 'sales', 'sales target', 'customer relationship management (crm)']",hybrid,full time,experienced,,9 days ago,2.0,nasr city,cairo,egypt
mechanical quantity surveyor – tendering & bidding,maramer contracting company,"['autocad', 'mechanical engineering', 'tendering', 'bidding', 'revit mep', 'advanced ms excel', 'smacna', 'nfpa codes', 'ashrae standards']",on-site,full time,experienced,,9 days ago,2.0,cairo,cairo,egypt
sales representative,icotrade,"['customer service', 'sales target', 'sales', 'communication', 'negotiation', 'crm software', 'product knowledge', 'time management']",hybrid,full time,entry level,,9 days ago,1.0,nasr city,cairo,egypt
commercial engineer,asquared,"['quantity surveying', 'boqs', 'invoicing']",on-site,full time,experienced,,9 days ago,2.0,new cairo,cairo,egypt
engineering insternship,egic,"['electrical engineering', 'mechanical engineering', 'production engineering', 'quality control', 'quality assurance', 'project sales']",on-site,internship,entry level,,9 days ago,1.0,6th of october,giza,egypt
internal auditor,al - tadamun microfinance association,"['financial analysis', 'auditing', 'accounting']",on-site,full time,entry level,,9 days ago,1.0,dokki,giza,egypt
accounting manager (contracting),mg,"['accounting', 'contracting', 'engineering', 'finance', 'microsoft office', 'cma', 'erp', 'financial analysis']",on-site,full time,experienced,,9 days ago,2.0,nasr city,cairo,egypt
it associate,axios international,"['information technology (it)', 'azure', 'administration', 'computer science', 'microsoft office', 'software engineering', 'java']",on-site,full time,experienced,,9 days ago,2.0,dokki,giza,egypt
head of sales - tunisia,wuzzuf,"['sales', 'retail', 'low current']",on-site,full time,manager,,9 days ago,3.0,cairo,cairo,egypt
architectural technical office engineer,pre group,"['architectural', 'architecture', 'autocad', 'drawings', 'engineering', 'revit', 'technical office', 'microsoft office']",on-site,full time,experienced,,9 days ago,2.0,new cairo,cairo,egypt
b2b senior business development engineer,terra egypt,"['b2b', 'business development', 'sales', 'technical sales', 'relationship management', 'key account management', 'outdoor sales']",on-site,full time,experienced,,9 days ago,2.0,sheikh zayed,giza,egypt
kiln & utilities inspection section head,titan cement egypt,"['engineering', 'maintenance', 'mechanical engineering']",on-site,full time,experienced,,9 days ago,2.0,beni suef,beni suef,egypt
business process excellence supervisor,tank,"['analysis', 'business administration', 'computer skills', 'data analysis', 'logistics', 'management', 'microsoft excel', 'microsoft office']",on-site,full time,manager,,9 days ago,3.0,new nozha,cairo,egypt
chief executive officer (ceo)- pharmaceuticals,confidential,"['financial management', 'leadership', 'sales strategies', 'marketing strategy', 'strategic planning', 'leadership development', 'operations management']",on-site,full time,senior management,,9 days ago,,cairo,cairo,egypt
real estate broker – alexandria (salary + commission),confidential,"['real estate', 'sales', 'sales target', 'negotiation', 'lead generation', 'cold calling', 'communication']",on-site,full time,entry level,,9 days ago,1.0,alexandria,alexandria,egypt
senior payroll & personnel,confidential,"['personnel', 'payroll', 'human resources (hr)']",on-site,full time,experienced,,9 days ago,2.0,maadi,cairo,egypt
english homeroom teacher,sparks preschool,"['english teaching', 'teaching', 'classroom management', 'language teaching']",on-site,full time,entry level,,9 days ago,1.0,new cairo,cairo,egypt
marketing lead,turuq,"['marketing', 'lead generation', 'digital marketing', 'marketing campaigns', 'marketing strategy', 'seo', 'sales']",hybrid,full time,manager,,9 days ago,3.0,new cairo,cairo,egypt
pre sales softwar engineer,it pillars,"['pre-sales', 'engineering', 'security', 'computer science', 'sales engineering', 'communication skills', 'information technology (it)']",on-site,full time,entry level,,9 days ago,1.0,nasr city,cairo,egypt
"pre-sales engineer, (network & security )",it pillars,"['pre-sales', 'soc', 'engineering', 'security', 'ccnp', 'computer science', 'sales engineering']",on-site,full time,experienced,,9 days ago,2.0,nasr city,cairo,egypt
architecture technical office engineer,solik real estate investment,"['3d max', '3d', 'decorating', 'autocad', 'decoration', 'design', 'engineering', 'interior', 'interior design']",on-site,full time,experienced,,9 days ago,2.0,sidi gaber,alexandria,egypt
senior payroll specialist – oracle fusion,zamil steel buildings co,"['human resources management', 'hr policies and compliance', 'communication', 'teamwork', 'payroll and benefits administration', 'problem solving', 'hris/data management', 'human resources']",on-site,full time,experienced,,9 days ago,2.0,6th of october,giza,egypt
accounts payable accountant,gb corp,"['oracle', 'accounting', 'finance', 'financial reporting', 'journal entries', 'microsoft excel', 'attention to detail', 'financial', 'financial analysis']",on-site,full time,entry level,,9 days ago,1.0,obour city,cairo,egypt
senior oracle financial consultant- ebs,akhnaton trading and distribution - eva group limted,"['ebs', 'finance', 'financial', 'oracle ebs', 'oracle']",on-site,full time,experienced,,9 days ago,2.0,downtown,cairo,egypt
executive manger,confidential,"['engineering', 'marketing', 'manufacturing', 'managment', 'planning', 'cost control']",on-site,full time,senior management,,9 days ago,,sharqia,sharqia,egypt
operations & customer experience,brain snacks pharma,"['communication', 'microsoft office', 'customer support', 'administration', 'business administration', 'computer skills', 'customer care']",on-site,full time,entry level,,9 days ago,1.0,new cairo,cairo,egypt
project manager – fire protection & technical office engineer – fire protection,watania for engineering & contracting,"['autocad', 'fire protection', 'engineering', 'project', 'mechanical engineering', 'technical office', 'fire alarm', 'fire fighting', 'mechanical']",on-site,full time,manager,,9 days ago,3.0,glim,alexandria,egypt
healthcare marketing manager,confidential,"['healthcare marketing', 'market research', 'marketing', 'social media']",on-site,full time,manager,,9 days ago,3.0,6th of october,giza,egypt
quality manager,comex engineering company,"['quality assurance', 'quality management', 'team leadership', 'communication', 'iso 9001', 'management']",on-site,full time,manager,,9 days ago,3.0,6th of october,giza,egypt
business development director,ritzy developments,"['business development', 'development', 'sales target', 'sales', 'real estate', 'microsoft office', 'marketing']",on-site,full time,senior management,,9 days ago,,giza,giza,egypt
sales account manager (wuzzuf),basharsoft,"['sales target', 'sales', 'customer service', 'account management', 'business administration', 'business development', 'customer support', 'management']",hybrid,full time,entry level,,9 days ago,1.0,maadi,cairo,egypt
indoor sales executive,tyrepro egypt co. - continental tyres,"['sales', 'sales skills', 'sales target', 'customer service', 'communication', 'negotiation', 'product knowledge', 'crm software', 'time management']",on-site,full time,entry level,,9 days ago,1.0,cairo,cairo,egypt
export area sales manager,confidential,"['customer service', 'communication', 'english', 'engineering', 'negotiation', 'presentation skills', 'sales target', 'sales skills']",on-site,full time,experienced,,9 days ago,2.0,maadi,cairo,egypt
sales engineer,gazala steel fabrication gsf,"['engineering', 'sales', 'salesforce', 'steel structure', 'steel fabrication']",on-site,full time,experienced,,10 days ago,2.0,new cairo,cairo,egypt
sales manager,gazala steel fabrication gsf,"['sales', 'salesforce', 'steel fabrication']",on-site,full time,manager,,10 days ago,3.0,new cairo,cairo,egypt
estimation and tendering manager,gazala steel fabrication gsf,"['steel fabrication', 'steel structure', 'tendering', 'cost estimation', 'engineering']",on-site,full time,manager,,10 days ago,3.0,new cairo,cairo,egypt
hr director f&b,confidential,"['human resources (hr)', 'hr', 'management', 'recruitment', 'workforce management', 'strategic planning', 'food & beverage', 'development', 'microsoft office']",on-site,full time,senior management,,10 days ago,,new cairo,cairo,egypt
control engineer,activa international,"['engineering', 'control', 'automation', 'computer science', 'electronics', 'management', 'project management', 'quality assurance']",on-site,full time,experienced,,10 days ago,2.0,6th of october,giza,egypt
seo,vision 22 advertising agency,"['digital marketing', 'marketing', 'seo', 'social media marketing', 'content creation', 'keyword research', 'analytics']",on-site,internship,entry level,,10 days ago,1.0,maadi,cairo,egypt
marketing manager,confidential,"['market research', 'social media', 'marketing', 'sales', 'communication', 'management', 'seo', 'analysis']",hybrid,full time,manager,,10 days ago,3.0,cairo,cairo,egypt
learning & development manager,gold era,"['tot (training of trainers)', 'experiential learning', 'performance management systems', 'curriculum development', 'learning management systems (lms)', 'instructional design', 'project management']",on-site,full time,manager,,10 days ago,3.0,new cairo,cairo,egypt
technical sales specialist (b2b),sea port for trading and engineering,"['b2b', 'sales', 'sales target', 'manufacturing', 'b2b sales', 'sales strategy', 'sales target achievement']",on-site,full time,experienced,,10 days ago,2.0,cairo,cairo,egypt
sales support specialist,impact for learning & development,"['customer service', 'sales support', 'sales', 'lead generation', 'sales leads', 'business development', 'b2b']",hybrid,full time,experienced,,10 days ago,2.0,sheikh zayed,giza,egypt
talent acquisition lead,gold era,"['human resources (hr)', 'talent management', 'talent assessment', 'talent acquisition', 'leadership', 'strategic planning', 'performance management']",on-site,full time,manager,,10 days ago,3.0,new cairo,cairo,egypt
senior quality assurance specialist,semak,"['quality assurance', 'qa', 'gmp', 'manufacturing', 'chemistry', 'pharmaceutical', 'qms', 'quality management system']",on-site,full time,experienced,,10 days ago,2.0,fayoum,fayoum,egypt
sales specialist ( beni suef ),octane solutions,"['negotiation', 'sales target', 'b2b sales', 'communication', 'sales techniques', 'sales negotiation', 'business development', 'customer relationship management (crm)', 'market research']",hybrid,full time,experienced,,10 days ago,2.0,beni suef,beni suef,egypt
architect site engineer,alamayia for general contracting,"['architecture', 'engineering']",on-site,full time,experienced,,10 days ago,2.0,shatby,alexandria,egypt
project management engineer,mcv - obour,"['computer science', 'engineering', 'information technology (it)', 'management', 'project', 'project management']",on-site,full time,entry level,,10 days ago,1.0,obour city,cairo,egypt
production engineer,de.ci,"['engineering', 'furniture', 'microsoft office', 'production', 'maintenance', 'furniture production', 'manufacturing']",on-site,full time,experienced,,10 days ago,2.0,15th may city,cairo,egypt
it specialist,elsaba group co.,"['computer science', 'information systems', 'information technology (it)', 'technical support']",on-site,full time,experienced,,10 days ago,2.0,katameya,cairo,egypt
talent acquisition specialist,mcv - obour,"['human resources (hr)', 'interviewing', 'recruitment', 'talent acquisition', 'hr', 'business administration', 'administration']",on-site,full time,experienced,,10 days ago,2.0,obour city,cairo,egypt
office administrator,confidential,"['office management', 'administrative support', 'problem solving', 'document management', 'time management', 'communication', 'attention to detail']",on-site,full time,experienced,,10 days ago,2.0,maadi,cairo,egypt
firefighting & plumbing design engineer,ece,"['design', 'engineering', 'mechanical', 'mechanical engineering']",on-site,full time,experienced,,10 days ago,2.0,sheraton,cairo,egypt
medical sales representative,ug medical,"['sales', 'customer service', 'medical', 'medical sales', 'negotiation', 'pharmacy', 'sales target', 'veterinary']",on-site,full time,experienced,,10 days ago,2.0,alexandria,alexandria,egypt
sr. fp&a ( financial planning analyst ),daf holding,"['finance', 'financial analysis', 'financial planning', 'analysis', 'financial management']",on-site,full time,experienced,,10 days ago,2.0,maadi,cairo,egypt
technical design engineer,solution 13,"['design', 'technical design', 'engineering', 'mechanical engineering', 'computer science', 'development', 'autocad', 'information technology (it)']",on-site,full time,experienced,,10 days ago,2.0,giza,giza,egypt
senior mechanical engineer,ikk group (kcg -abuild),"['autocad', 'communication', 'plumbing', 'revit', 'design', 'engineering', 'fire fighting', 'information technology (it)', 'hvac']",on-site,full time,experienced,,10 days ago,2.0,cairo,cairo,egypt
team leader mechanical engineer,ikk group (kcg -abuild),"['autocad', 'communication', 'design', 'mechanical engineering', 'hvac systems', 'plumbing design', 'firefighting', 'revit', 'drawing']",on-site,full time,manager,,10 days ago,3.0,cairo,cairo,egypt
general accountant,mattu fashion uk,"['accounting', 'financial analysis', 'account reconciliation', 'accounts receivable', 'accounts payable']",on-site,full time,experienced,,10 days ago,2.0,cairo,cairo,egypt
sr. banking & treasury,flex asepto,"['banking', 'finance', 'treasury management', 'accounting', 'financial reporting', 'cash flow management', 'risk management', 'compliance']",on-site,full time,experienced,,10 days ago,2.0,6th of october,giza,egypt
lead generation specialist,namaa it,"['business development', 'lead generation', 'marketing', 'sales', 'communication', 'digital advertising', 'online advertising', 'customer service', 'support services']",on-site,full time,experienced,,10 days ago,2.0,heliopolis,cairo,egypt
it help desk,deutschland technology limited,"['computer science', 'information technology (it)']",on-site,full time,entry level,,10 days ago,1.0,obour city,cairo,egypt
enterprise applications & analytics manager,eagle chemicals,"['applications', 'computer science', 'customer support', 'engineering', 'information technology (it)', 'analysis', 'communication', 'erp', 'management']",on-site,full time,manager,,10 days ago,3.0,heliopolis,cairo,egypt
business development specialist,kandil glass,"['business development', 'development', 'marketing', 'sales', 'administration', 'business administration', 'communication']",on-site,full time,experienced,,10 days ago,2.0,new cairo,cairo,egypt
social media manager,blue nile,"['marketing', 'e-marketing', 'social media', 'seo', 'hospitality']",on-site,full time,manager,,10 days ago,3.0,zamalek,cairo,egypt
sales specialist - automotive filters,sea port for trading and engineering,"['sales', 'manufacturing', 'business development', 'sales target achievement', 'automotive spare parts', 'spare parts management', 'manufacturing processes']",on-site,full time,experienced,,10 days ago,2.0,cairo,cairo,egypt
maintenance manager,confidential,"['engineering', 'maintenance']",on-site,full time,manager,,10 days ago,3.0,musturad,qalubia,egypt
english instructor new cairo,ucmas academy,"['teaching', 'english instructing', 'communication', 'sales']",on-site,part time,entry level,,10 days ago,1.0,new cairo,cairo,egypt
sales key account manager - greater cairo ( non managerial level ),unioil,"['b2b sales', 'fmcg', 'sales', 'b2b', 'business administration', 'customer service', 'english']",on-site,full time,entry level,,10 days ago,1.0,cairo,cairo,egypt
sales supervisor alex - delta,unioil,"['b2b sales', 'food & beverage', 'key account management', 'team leadership', 'management', 'food production', 'business planning', 'sales planning']",hybrid,full time,experienced,,10 days ago,2.0,alexandria,alexandria,egypt
façade technical office engineer,icpm,"['technical office', 'autocad', 'engineering', 'microsoft office']",on-site,full time,experienced,,10 days ago,2.0,badr city,cairo,egypt
business development manager (delta egypt),cairoscan,"['business development', 'marketing', 'development', 'sales']",on-site,full time,experienced,,10 days ago,2.0,sharqia,sharqia,egypt
electrical engineer,talaat moustafa group,"['electrical engineering', 'engineering', 'maintenance', 'mechanical engineering', 'medium voltage', 'sales', 'mv', 'testing']",on-site,full time,experienced,,10 days ago,2.0,new capital,cairo,egypt
personnel specialist,boysen egypt,"['hr specialist', 'hr', 'hrm', 'human resources (hr)', 'human resource management (hrm)', 'human resources', 'human resource management', 'human resources development', 'human resource information system']",on-site,full time,experienced,,10 days ago,2.0,6th of october,giza,egypt
senior site engineer,no5 construction,"['construction', 'interior finishing', 'quality control', 'project management', 'site supervision']",on-site,full time,experienced,,10 days ago,2.0,sheikh zayed,giza,egypt
junior av support engineer,audio technology,"['engineering', 'technical support', 'audiovisual']",on-site,full time,entry level,,10 days ago,1.0,sheraton,cairo,egypt
hr specialist,boysen egypt,"['hr specialist', 'hr', 'hrm', 'human resources (hr)', 'human resource management (hrm)', 'human resources', 'human resource management', 'human resources development', 'human resource information system']",on-site,full time,experienced,,10 days ago,2.0,6th of october,giza,egypt
accountant – full time,bimcloud,"['microsoft office', 'accounting', 'commerce', 'financial', 'microsoft excel']",on-site,full time,experienced,,10 days ago,2.0,maadi,cairo,egypt
mechanical technical office engineer,confidential,"['autocad', 'communication', 'cad', 'mechanical engineering', 'mechanical', 'technical office', 'technical office engineering', 'technical']",on-site,full time,experienced,,10 days ago,2.0,giza,giza,egypt
warehouse manager,smart tower,"['inventory control, leadership,', 'logistics', 'warehousing', 'supply chain']",on-site,full time,manager,,10 days ago,3.0,6th of october,giza,egypt
"partnerships officer - mena ""educational background""",casita,"['business development', 'sales', 'sales skills', 'sales leads', 'crm', 'sales target', 'generating leads', 'partnership']",on-site,full time,experienced,,10 days ago,2.0,dokki,giza,egypt
business development executive,casita,"['business development', 'development', 'sales target', 'sales', 'negotiation', 'crm application', 'problem solving', 'time management']",hybrid,full time,experienced,,10 days ago,2.0,dokki,giza,egypt
it help desk technician,arabco international logistics company,"['information technology (it)', 'help desk']",on-site,full time,entry level,,10 days ago,1.0,downtown,cairo,egypt
senior crm specialist,new plan,"['brokerage', 'communication', 'crm', 'customer service', 'english', 'real estate', 'communication skills', 'crm systems', 'marketing']",on-site,full time,experienced,,10 days ago,2.0,heliopolis,cairo,egypt
project manager ksa,link development,"['agile', 'computer science', 'english', 'project management', 'software', 'pmp', 'information technology (it)', 'project']",hybrid,full time,experienced,,10 days ago,2.0,maadi,cairo,egypt
export sales manager – fresh & frozen fruits & vegetables,horizon chemical for special chemicals,"['export', 'export sales', 'logistics', 'vegetables', 'sales', 'export management', 'agricultural export']",on-site,full time,manager,,10 days ago,3.0,stanley,alexandria,egypt
business development executive (b2b) - alexandria,atomica agency,"['business development', 'online research', 'b2b sales', 'lead generation', 'negotiation', 'client acquisition', 'client relationship management']",on-site,full time,experienced,,10 days ago,2.0,alexandria,alexandria,egypt
bim engineer,optimize design,"['revit bim', 'autocad', 'precast concrete design', 'engineering principles', 'revit', 'bim coordination', 'architectural design', 'structural analysis', 'project management']",on-site,full time,entry level,,10 days ago,1.0,giza,giza,egypt
student activities & field trips coordinator,canadian international school,"['business administration', 'admin', 'marketing', 'students trips', 'students activites', 'administration', 'trips']",on-site,full time,experienced,,10 days ago,2.0,new cairo,cairo,egypt
architectural technical office engineer,diar developments,"['architecture', 'autocad', 'engineering', 'microsoft office', 'technical office']",on-site,full time,experienced,,10 days ago,2.0,new cairo,cairo,egypt
senior full stack developer .net + angular,icis,"['engineering', 'computer science', 'information technology (it)', 'sql', 'asp.net', 'mvc', 'html5', 'css']",hybrid,full time,experienced,,10 days ago,2.0,new cairo,cairo,egypt
oracle apex developer,icis,"['computer science', 'css', 'pl/sql', 'oracle database', 'oracle', 'software development', 'sql', 'database']",hybrid,full time,experienced,,10 days ago,2.0,new cairo,cairo,egypt
talent acquisition specialist,shiny white dental center,"['human resources', 'human resource management (hrm)', 'hr policies', 'payroll administration', 'payroll', 'human resource management', 'human resource information system', 'hr analyst']",on-site,full time,experienced,,10 days ago,2.0,cairo,cairo,egypt
electrical & instrumentation manager,national glass,"['electrical engineering', 'engineering', 'mechanical engineering', 'project management']",on-site,full time,manager,,10 days ago,3.0,10th of ramadan city,sharqia,egypt
technical office manager (electrical / mechanical),confidential,"['facility management', 'facilities operations', 'administration', 'engineering', 'erp', 'management', 'mechanical engineering', 'microsoft office']",on-site,full time,manager,,10 days ago,3.0,downtown,cairo,egypt
sales support executive,tc fruits egypt,"['customer service', 'sales', 'sales support', 'customer support', 'administration', 'business administration', 'communication', 'microsoft office', 'negotiation']",on-site,full time,experienced,,10 days ago,2.0,nasr city,cairo,egypt
middle it business analyst,vertex technologies,"['business analysis', 'requirements gathering', 'process modeling', 'stakeholder management', 'documentation', 'problem solving', 'sdlc knowledge', 'communication']",on-site,full time,experienced,,10 days ago,2.0,cairo,cairo,egypt
technical office mechanical engineer,esc,"['autocad', 'mechanical engineering', 'technical office management', 'microsoft office suite', 'mechanical, electrical, and plumbing (mep) systems', 'project coordination', 'design review', 'cost estimation']",on-site,full time,experienced,,10 days ago,2.0,new cairo,cairo,egypt
civil & facilities engineer,confidential,"['civil', 'civil engineering', 'construction', 'primavera', 'project', 'site', 'english', 'engineering', 'design']",on-site,full time,experienced,,10 days ago,2.0,alsadat city,monufya,egypt
technical office engineer,solution 13,"['aluminum', 'fabrication', 'curtain wall', 'cadding', 'technical office', 'engineering', 'information technology (it)', 'microsoft office', 'shop drawings']",on-site,full time,experienced,,10 days ago,2.0,giza,giza,egypt
civil & facility engineer,confidential,"['civil', 'civil engineering', 'construction', 'primavera', 'project', 'site', 'english', 'engineering', 'design']",on-site,full time,experienced,,10 days ago,2.0,alsadat city,monufya,egypt
bim engineer,precast talent,"['architecture', 'bim', 'engineering', 'revit', 'structural engineering', '3d modeling', 'construction documentation', 'collaboration', 'problem-solving']",on-site,full time,entry level,,10 days ago,1.0,giza,giza,egypt
external audit manager,confidential,"['external audit', 'audit management', 'financial auditing', 'internal control', 'risk assessment', 'financial statements', 'ifrs', 'isa']",on-site,full time,manager,,10 days ago,3.0,alexandria,alexandria,egypt
marketing communications coordinator,specialized seamless services,"['marketing', 'lead generation', 'administration', 'business development']",on-site,full time,entry level,,10 days ago,1.0,heliopolis,cairo,egypt
lead generation specialist,green place (recyclobekia),"['lead generation', 'business development', 'sales']",on-site,full time,experienced,,10 days ago,2.0,maadi,cairo,egypt
sem senior specialist,gt world of beauty,"['sem', 'google analytics', 'css', 'html', 'social media', 'marketing', 'seo', 'digital marketing']",hybrid,full time,experienced,,10 days ago,2.0,cairo,cairo,egypt
seo specialist,gt world of beauty,"['marketing', 'seo specialist', 'seo', 'e-marketing', 'social media', 'specialist', 'content marketing', 'content']",hybrid,full time,experienced,,10 days ago,2.0,cairo,cairo,egypt
pricing & cost controller,gt world of beauty,"['cost control', 'pricing', 'english', 'finance', 'german', 'commerce']",hybrid,full time,experienced,,10 days ago,2.0,maadi,cairo,egypt
construction manager,sinoma-cdi,"['civil engineering', 'construction', 'construction management', 'engineering', 'management', 'project management', 'project', 'autocad']",on-site,full time,manager,,10 days ago,3.0,ain sokhna,suez,egypt
service admininistrator,digitec,"['microsoft excel', 'administration', 'data archiving']",on-site,full time,experienced,,10 days ago,2.0,new cairo,cairo,egypt
project manager,confidential,"['business', 'computer science', 'information technology (it)', 'project management', 'software', 'management', 'engineering', 'project']",on-site,full time,experienced,,10 days ago,2.0,dokki,giza,egypt
senior compensation & benefits specialist,egypt education platform,"['benefits', 'hr', 'human resources', 'analytical', 'compensation and benefits', 'finance', 'human resources (hr)', 'payroll', 'compensation & benefits']",on-site,full time,experienced,,10 days ago,2.0,new cairo,cairo,egypt
multimedia designer,pharma overseas,"['design', 'graphic design', 'multimedia']",on-site,full time,experienced,,10 days ago,2.0,smouha,alexandria,egypt
manufacturing engineer,confidential,"['engineering', 'manufacturing', 'mechanical', 'mechanical engineering', 'quality control', 'six sigma', 'production']",on-site,full time,experienced,,10 days ago,2.0,alexandria,alexandria,egypt
quality control manager,confidential,"['auditing', 'quality assurance', 'quality control', 'engineering', 'construction', 'analysis', 'planning']",on-site,full time,manager,,10 days ago,3.0,alexandria,alexandria,egypt
brand manager,gt world of beauty,"['brand manager', 'brand', 'communication', 'branding', 'communication skills', 'advertising', 'english', 'market research', 'marketing']",hybrid,full time,experienced,,10 days ago,2.0,cairo,cairo,egypt
senior media buyer,kampaign agency,"['digital marketing', 'media buying', 'google ads', 'meta ads', 'facebook ads', 'google analytics', 'e-commerce', 'commerce']",hybrid,full time,experienced,,10 days ago,2.0,6th of october,giza,egypt
technical office engineer (architect),fame for trading and contracting co.,"['architecture', 'autocad', 'communication skills', 'construction', 'engineering', 'photoshop', 'microsoft office', 'communication', 'technical office']",on-site,full time,experienced,,10 days ago,2.0,agouza,giza,egypt
internal audit& governance office,pharma overseas,"['accounting', 'auditing', 'finance', 'microsoft office']",on-site,full time,experienced,,10 days ago,2.0,heliopolis,cairo,egypt
technical architect engineer,contrade egypt,"['autocad', 'engineering', 'shop drawings', 'architecture', 'computer science', 'construction', 'design', 'information technology (it)', 'revit']",on-site,full time,experienced,,10 days ago,2.0,cairo,cairo,egypt
it administrator,confidential,"['linux', 'windows server', 'networking', 'virtualization', 'hardware installation', 'technical support', 'system administration', 'information technology (it)', 'administration']",on-site,full time,experienced,,10 days ago,2.0,maadi,cairo,egypt
quality control,confidential,"['engineering', 'quality control', 'mechanical', 'analysis', 'mechatronics', 'ms office', 'planning', 'quality assurance']",on-site,full time,experienced,,10 days ago,2.0,sheraton,cairo,egypt
b2b sales & development specialist,global for office equipment,"['b2b', 'account management', 'b2b sales', 'business development', 'sales', 'sales target', 'development', 'client relationship management']",hybrid,full time,experienced,,10 days ago,2.0,dokki,giza,egypt
maintenance & service engineer,dani pack,"['maintenance', 'engineering', 'electrical engineering', 'inkjet', 'inkjet printing', 'mechanical engineering', 'mechatronics', 'technical support']",on-site,full time,entry level,,10 days ago,1.0,nasr city,cairo,egypt
graphic design team leader,my way,"['graphic design', 'adobe illustrator', 'design', 'adobe photoshop', 'team leadership', 'time management', 'packaging design', 'social media advertising']",on-site,full time,experienced,,10 days ago,2.0,obour city,cairo,egypt
operations manager,medexera,"['operations management', 'customer care', 'business english', 'sales', 'management', 'microsoft office', 'call center', 'budgeting']",on-site,full time,experienced,,10 days ago,2.0,downtown,cairo,egypt
procurement officer,arabian company for construction and management,"['procurement', 'purchasing', 'supply chain', 'logistics']",on-site,full time,entry level,,10 days ago,1.0,haram,giza,egypt
network support specialist,it pillars,"['network troubleshooting', 'router and switch configuration', 'network security', 'problem-solving', 'firewall management', 'tcp/ip protocols', 'technical documentation']",on-site,full time,experienced,,10 days ago,2.0,nasr city,cairo,egypt
senior validation specialist,royal herbs,"['validation', 'qc', 'qa', 'pharmaceutical', 'pharmaceutical science', 'fmcg sales', 'quality control']",on-site,full time,experienced,,10 days ago,2.0,abu alnumros,giza,egypt
senior accounts manager (remote),tech technology,"['microsoft office', 'pivot tables', 'financial analysis', 'financial accounting', 'financial services', 'microsoft query', 'communication', 'customer service']",remote,full time,manager,,10 days ago,3.0,cairo,cairo,egypt
projects sales manager,confidential,"['b2b', 'sales', 'sales target', 'engineering', 'heating, ventilation, and air conditioning (hvac)', 'water care', 'home appliances', 'hvac']",on-site,full time,manager,,11 days ago,3.0,10th of ramadan city,cairo,egypt
export sales specialist,international technical textile industry itti,"['export sales', 'customer service', 'sales target', 'export', 'sales']",on-site,full time,experienced,,11 days ago,2.0,6th of october,giza,egypt
route to market manager,savola,"['route to market', 'sales capability', 'microsoft office', 'rtm', 'business administration', 'sales', 'channel development', 'market research']",on-site,full time,manager,,11 days ago,3.0,new cairo,cairo,egypt
business analyst lead,tawfeer,"['sql', 'business analysis', 'analysis', 'business analytics', 'data visualization', 'statistical analysis', 'performance reporting', 'data management', 'dashboard development']",on-site,full time,experienced,,11 days ago,2.0,maadi,cairo,egypt
senior accountant - construction & real-estate,sea port for trading and engineering,"['construction', 'erp', 'real estate', 'accounting', 'construction finance', 'real estate finance', 'odoo erp']",on-site,full time,experienced,,11 days ago,2.0,new cairo,cairo,egypt
oppo store expanding specialist,oppo egypt,"['sales', 'negotiation', 'business development', 'leasing', 'expansion', 'chinese', 'real estate']",on-site,full time,experienced,,11 days ago,2.0,nasr city,cairo,egypt
contact center supervisor,oppo egypt,"['contact center', 'customer service', 'customer support', 'supervision', 'call center']",on-site,full time,experienced,,11 days ago,2.0,nasr city,cairo,egypt
warehouse operations specialist,oppo egypt,"['ecommerce', 'logistics', 'warehousing', 'e-commerce', 'supply chain', 'inventory management', 'inventory planning', 'fresh gradutes', 'english']",on-site,full time,entry level,,11 days ago,1.0,nasr city,cairo,egypt
export sales specialist,el mayhop for food industries الميهوب للصناعات الغذائية,"['sales target', 'sales', 'export sales', 'export', 'customer service', 'international sales', 'import / export']",on-site,full time,entry level,,11 days ago,1.0,sheikh zayed,giza,egypt
content creator,morjan,"['writing', 'social media', 'marketing', 'content strategy', 'seo', 'copywriting', 'digital storytelling']",on-site,full time,experienced,,11 days ago,2.0,maadi,cairo,egypt
financial manager,confidential,"['tourism', 'accounting', 'finance', 'financial management', 'budgeting', 'financial reporting', 'financial analysis', 'strategic planning', 'risk management']",on-site,full time,senior management,,11 days ago,,downtown,cairo,egypt
mechatronics maintenance engineer - pharma,apex pharma,"['cad', 'installations', 'maintenance', 'mechanical', 'mechanical engineering', 'pharmaceutical', 'engineering']",on-site,full time,experienced,,11 days ago,2.0,badr city,cairo,egypt
senior hr generalist,egast,"['human resources (hr)', 'od']",on-site,full time,experienced,,11 days ago,2.0,sheikh zayed,giza,egypt
executive office manager,new motors,"['administration', 'microsoft office', 'office management', 'management', 'communication']",on-site,full time,senior management,,11 days ago,,abu rawash,giza,egypt
senior back end developer,youxel,"['back end', 'backend development', '.net', 'asp.net', 'software development', 'software engineering', 'react', 'computer science']",hybrid,full time,experienced,,11 days ago,2.0,maadi,cairo,egypt
group logistics manager,confidential,"['logistics', 'supply chain', 'transportation', 'management', 'mba']",on-site,full time,senior management,,11 days ago,,nasr city,cairo,egypt
recruitment specialist,egast,"['human resources (hr)', 'recruitment', 'hiring', 'talent acquisition']",on-site,full time,experienced,,11 days ago,2.0,sheikh zayed,giza,egypt
head accountant,new motors,"['accounting', 'finance', 'financial analysis', 'financial management']",on-site,full time,senior management,,11 days ago,,tanta,gharbia,egypt
sales supervisor – retail / wholesale / large grocery,united food industry group,"['sales field', 'retail sales', 'wholesale', 'large grocery', 'sales', 'retail', 'production', 'sales target']",on-site,full time,manager,,11 days ago,3.0,giza,giza,egypt
automation engineer,fiber com,"['automation', 'engineering', 'information technology (it)', 'troubleshooting', 'automation engineering', 'communication', 'computer science']",on-site,full time,entry level,,11 days ago,1.0,mokattam,cairo,egypt
solution architect,youxel,"['solution architecture', 'software development', 'asp.net core', 'software engineering', 'aws', 'azure', 'cloud', 'computer engineering']",hybrid,full time,manager,,11 days ago,3.0,maadi,cairo,egypt
female sales executives (experienced),forest-line,"['sales', 'sales target']",on-site,full time,experienced,,11 days ago,2.0,sharqia,sharqia,egypt
social media specialist,energy & technology services,"['social media', 'marketing', 'advertising', 'communication', 'digital marketing', 'e-marketing', 'seo', 'writing']",hybrid,full time,entry level,,11 days ago,1.0,nasr city,cairo,egypt
pre-sales specialist,energy & technology services,"['pre-sales', 'sales', 'sales target', 'customer service', 'autocad', 'communication', 'medical', 'microsoft excel']",hybrid,full time,experienced,,11 days ago,2.0,nasr city,cairo,egypt
electromechanical construction manager.,confidential,"['construction', 'electromechanical', 'mechanical engineering', 'electrical engineering', 'budgeting', 'scheduling', 'team leadership']",on-site,full time,manager,,11 days ago,3.0,matruh,matruh,egypt
branch manager (radiology & laboratories),cairoscan,"['branch management', 'radiology', 'customer service', 'sales', 'communication', 'computer skills', 'management']",on-site,full time,experienced,,11 days ago,2.0,mohandessin,giza,egypt
sr. site engineer,confidential,"['civil engineering', 'construction', 'engineer', 'engineering', 'site engineer', 'site', 'autocad', 'civil', 'post-tensioning systems']",on-site,full time,entry level,,11 days ago,1.0,helwan,cairo,egypt
senior electrical design engineer,confidential,"['electrical design', 'engineering', 'mep', 'revit', 'autocad', 'computer science', 'design', 'electrical engineering']",on-site,full time,experienced,,11 days ago,2.0,nasr city,cairo,egypt
sheet metal engineer,metallic construction company,"['engineering', 'production', 'sheet metal', 'mechanical engineering', 'autocad', 'cad', 'design']",on-site,full time,experienced,,11 days ago,2.0,obour city,cairo,egypt
credit administrator,eltarek group,"['banking', 'business administration', 'finance', 'administration', 'analysis', 'banks', 'commerce']",on-site,full time,experienced,,11 days ago,2.0,katameya,cairo,egypt
interior design engineer,metallic construction company,"['3ds max', 'autocad', 'interior design', 'design', 'drawing', 'computer science', 'engineering', 'information technology (it)']",on-site,full time,experienced,,11 days ago,2.0,obour city,cairo,egypt
furniture designer,confidential,"['autocad', 'design', 'interior design']",hybrid,freelance / project,entry level,,11 days ago,1.0,cairo,cairo,egypt
site engineer,b-const,"['autocad', 'civil engineering', 'architectural engineering', 'construction management', 'project coordination', 'site supervision', 'quality control', 'technical drawing', 'problem solving']",on-site,full time,entry level,,11 days ago,1.0,heliopolis,cairo,egypt
senior accountant ap,trustcom,"['accounting', 'ap', 'finance', 'erp system', 'tax', 'problem solving']",on-site,full time,experienced,,11 days ago,2.0,new cairo,cairo,egypt
operations specialist,eltarek group,"['customer service', 'logistics', 'customer care', 'administration', 'business administration', 'commerce', 'management']",on-site,full time,experienced,,11 days ago,2.0,katameya,cairo,egypt
ar claims accountant,alfa laboratories,"['accounting', 'finance', 'ar', 'financial analysis']",on-site,full time,experienced,,11 days ago,2.0,mohandessin,giza,egypt
sales representative,olis holding,"['sales', 'sales target', 'outdoor sales', 'food & beverage', 'sales skills']",on-site,full time,experienced,,11 days ago,2.0,nasr city,cairo,egypt
chief accounting,el ezz for construction and trading,"['construction', 'financial management', 'financial analysis', 'erp', 'accounting', 'financial', 'finance', 'real estate']",on-site,full time,experienced,,11 days ago,2.0,new cairo,cairo,egypt
business development executive (field sales),venyo,"['sales', 'business development', 'b2b', 'b2b sales', 'communication', 'sales target', 'training']",on-site,part time,experienced,,11 days ago,2.0,new cairo,cairo,egypt
sales engineer/senior sales engineer/area sales manager,egybrit,"['negotiation', 'sales skills', 'sales', 'sales target', 'english', 'negotiation skills', 'business']",on-site,full time,experienced,,11 days ago,2.0,heliopolis,cairo,egypt
business development engineer,b-const,"['business development', 'sales', 'computer science', 'engineering', 'software development', 'software engineering', 'business administration']",on-site,full time,experienced,,11 days ago,2.0,heliopolis,cairo,egypt
marketing manager,armyverse,"['market research', 'social media', 'sales', 'marketing']",hybrid,full time,manager,,11 days ago,3.0,cairo,cairo,egypt
digital marketing intern,avenzasoft ug,"['digital marketing', 'e-marketing', 'marketing', 'social media', 'online marketing', 'internet marketing']",remote,part time,student,,11 days ago,,cairo,cairo,egypt
upper egypt regional sales manager,united food industry group,"['regional sales', 'sales target', 'sales', 'business administration', 'customer service', 'management', 'marketing', 'sales management']",on-site,full time,manager,,11 days ago,3.0,assiut,assiut,egypt
head of online sales & marketing,confidential,"['marketing', 'online marketing', 'online sales', 'sales']",on-site,full time,senior management,,11 days ago,,giza,giza,egypt
fresh sales specialist (real estate),the address investments for real estate consultancy,"['real estate', 'sales target', 'sales', 'sales management', 'crm']",on-site,full time,entry level,,11 days ago,1.0,cairo,cairo,egypt
steel design engineer,eco misr engineering,"['steel structure', 'sap 2000', 'ideastatica', 'steel design', 'industrial engineering', 'bim', 'communication', 'computer science', 'design']",on-site,full time,experienced,,11 days ago,2.0,moharam bek,alexandria,egypt
telesales representative,ensoulify,"['sales', 'telesales', 'communication', 'customer service', 'startup', 'target', 'b2b sales']",on-site,full time,entry level,,11 days ago,1.0,smart village,giza,egypt
associate product managemer,mindshift mena,"['project management', 'communication', 'management', 'product']",hybrid,internship,entry level,,11 days ago,1.0,cairo,cairo,egypt
quality assurance engineer,nebula technology,"['quality assurance', 'software testing']",hybrid,full time,experienced,,11 days ago,2.0,maadi,cairo,egypt
l&d senior executive,alnirvana over the world,"['training', 'business process management', 'business management', 'business development']",on-site,full time,experienced,,11 days ago,2.0,nasr city,cairo,egypt
hr manager,el helal trading and importing co,"['hr', 'human resources (hr)', 'microsoft office', 'personnel management', 'recruitment', 'employee relations', 'performance management']",on-site,full time,manager,,11 days ago,3.0,new cairo,cairo,egypt
ui/ux intern,mindshift mena,"['design', 'communication', 'computer science', 'information technology (it)', 'creative', 'ui', 'ui/ux', 'ux']",hybrid,internship,entry level,,11 days ago,1.0,nasr city,cairo,egypt
sales engineer,confidential,"['engineering', 'sales', 'sales target']",on-site,full time,experienced,,11 days ago,2.0,madinaty,cairo,egypt
presales engineer- structure cabling system,al andalus electrical solutions,"['engineering', 'fire alarm', 'light current', 'electrical', 'access control', 'electronics', 'information technology (it)']",on-site,full time,experienced,,11 days ago,2.0,new cairo,cairo,egypt
senior full-stack engineer (django + react + python + gcp),confidential,"['python', 'django', 'react.js', 'google cloud platform (gcp)', 'postgresql', 'rest apis', 'celery', 'redis']",remote,full time,experienced,,11 days ago,2.0,cairo,cairo,egypt
b2b membership growth & sales specialist – ai-powered content & digital outreach,confidential,"['gemini', 'canva', 'apollo', 'sender', 'linkedin sales navigator', 'saas', 'crm', 'zapier', 'whatsapp']",remote,full time,experienced,,11 days ago,2.0,cairo,cairo,egypt
product manager,nebula technology,"['product management', 'sql', 'saas', 'product strategy', 'product roadmapping', 'customer discovery', 'product analytics', 'data analysis', 'b2b']",hybrid,full time,experienced,,11 days ago,2.0,maadi,cairo,egypt
infrastructure administrator,nile integration,"['hardware troubleshooting', 'vmware esxi', 'microsoft office 365', 'microsoft active directory', 'fortinet firewall', 'veritas', 'veeam', 'leased line', 'computer engineering']",hybrid,full time,experienced,,11 days ago,2.0,abu rawash,giza,egypt
sales distribution manager - monufya,confidential,"['sales', 'sales target', 'sales skills', 'sales distribution', 'computer skills', 'communication skills', 'sales management', 'communication']",on-site,full time,manager,,11 days ago,3.0,monufya,monufya,egypt
sales distribution manager - kafr elshikh,confidential,"['sales', 'sales target', 'sales skills', 'sales distribution', 'computer skills', 'communication skills', 'sales management', 'communication']",on-site,full time,manager,,11 days ago,3.0,downtown,kafr alsheikh,egypt
senior sales engineer,confidential,"['engineering', 'information technology (it)', 'sales', 'computer science', 'crm', 'maintenance', 'mechanical', 'mechanical engineering']",on-site,full time,experienced,,11 days ago,2.0,dokki,giza,egypt
sales distribution manager - dakahlia,confidential,"['sales', 'sales target', 'sales skills', 'sales distribution', 'computer skills', 'communication skills', 'sales management', 'communication']",on-site,full time,manager,,11 days ago,3.0,mansoura,dakahlia,egypt
sales distribution manager - beni swif,confidential,"['sales', 'sales target', 'sales skills', 'sales distribution', 'computer skills', 'communication skills', 'sales management', 'communication']",on-site,full time,manager,,11 days ago,3.0,beni suef,beni suef,egypt
sales distribution manager - sohag,confidential,"['sales', 'sales target', 'sales skills', 'sales distribution', 'computer skills', 'communication skills', 'sales management', 'communication']",on-site,full time,manager,,11 days ago,3.0,sohag,sohag,egypt
sales distribution manager - fayoum,confidential,"['sales', 'sales target', 'sales skills', 'sales distribution', 'computer skills', 'communication skills', 'sales management', 'communication']",on-site,full time,manager,,11 days ago,3.0,fayoum,fayoum,egypt
sales distribution manager - qena,confidential,"['sales', 'sales target', 'sales skills', 'sales distribution', 'computer skills', 'communication skills', 'sales management', 'communication']",on-site,full time,manager,,11 days ago,3.0,qena,qena,egypt
finishing engineer,mena for contracting & trading,"['architecture', 'civil engineering', 'engineering', 'interior finishing', 'quality control', 'quality assurance', 'construction', 'projects']",on-site,full time,experienced,,11 days ago,2.0,alexandria,alexandria,egypt
junior lifestyle manager,bdo esnad,"['travel', 'english literature', 'hotel booking', 'events coordination']",on-site,full time,entry level,,11 days ago,1.0,maadi,cairo,egypt
wholesale sales representative,dandana,"['sales', 'wholesale', 'sales target', 'client relationship management', 'negotiation', 'market analysis', 'communication skills', 'presentation skills', 'crm software']",hybrid,full time,experienced,,11 days ago,2.0,nozha,cairo,egypt
head of supply chain,confidential,"['logistics', 'procurement', 'purchasing', 'supply chain', 'supply', 'administration', 'management']",on-site,full time,manager,,11 days ago,3.0,dokki,giza,egypt
senior graphic designer,egypt education platform,"['graphic design', 'design', 'adobe photoshop', 'adobe illustrator', 'creativity']",on-site,full time,experienced,,11 days ago,2.0,new cairo,cairo,egypt
maintenance & technical support specialist,infinity tecs,"['customer service', 'technical support', 'information technology (it)', 'computer science', 'maintenance']",on-site,internship,entry level,,11 days ago,1.0,cairo,cairo,egypt
procurement section head,kgroup,"['procurement', 'purchasing']",on-site,full time,experienced,,11 days ago,2.0,obour city,cairo,egypt
hr data analyst,amreyah cement,"['analysis', 'data analysis', 'hr', 'microsoft power bi', 'administration', 'business administration', 'computer science']",on-site,full time,entry level,,11 days ago,1.0,sheraton,cairo,egypt
it specialist,turath real estate,"['computer science', 'information technology (it)', 'technical support', 'network troubleshooting', 'hardware & software installation', 'system administration', 'customer service', 'problem solving', 'cybersecurity fundamentals']",on-site,full time,experienced,,11 days ago,2.0,obour city,cairo,egypt
senior personnel & payroll,majestic pharmaceuticals,"['social insurance', 'payroll', 'personnel', 'human resources (hr)', 'personnel management', 'payroll processing', 'egyptian labor law']",on-site,full time,experienced,,11 days ago,2.0,new cairo,cairo,egypt
furniture production engineer,abstract living,"['engineering', 'manufacturing', 'production', 'manufacturing process', 'mechanical engineering']",on-site,full time,experienced,,11 days ago,2.0,madinaty,cairo,egypt
executive assistant,floor in - فلور ان,"['administration', 'microsoft office', 'office management']",on-site,full time,experienced,,11 days ago,2.0,mokattam,cairo,egypt
ceo assistant,floor in - فلور ان,"['administration', 'microsoft office', 'office management']",on-site,full time,experienced,,11 days ago,2.0,mokattam,cairo,egypt
planning engineer,khater sports group,"['civil engineering', 'planning', 'engineering', 'project management', 'construction management', 'primavera p6', 'autocad', 'risk management']",on-site,full time,experienced,,11 days ago,2.0,nasr city,cairo,egypt
senior mechanical design engineer,almosallamy fo,"['design', 'engineering', 'mechanical', 'mechanical design', 'mechanical engineering', 'technical office engineering', 'autocad', 'information technology (it)']",on-site,full time,experienced,,11 days ago,2.0,10th of ramadan city,cairo,egypt
sales representative,el reda metals company,"['sales', 'computer skills', 'communication', 'retail sales', 'customer service']",on-site,full time,entry level,,11 days ago,1.0,cairo,cairo,egypt
planning engineer,confidential,"['planning', 'primavera', 'project management', 'project planning', 'construction', 'cost control', 'engineering', 'construction management']",on-site,full time,experienced,,11 days ago,2.0,nasr city,cairo,egypt
project manager,confidential,"['construction', 'engineering', 'project management', 'management', 'construction management', 'civil engineering', 'architecture', 'program management']",on-site,full time,senior management,,12 days ago,,nasr city,cairo,egypt
real estate sales | entry level,we add for real estate,"['sales target', 'real estate sales']",on-site,full time,entry level,,12 days ago,1.0,maadi,cairo,egypt
it help desk,sipes,"['information technology (it)', 'computer science']",on-site,full time,entry level,,12 days ago,1.0,10th of ramadan city,cairo,egypt
senior full stack developer,confidential,"['full stack development', 'react', 'api integration', '.net development', 'sql/nosql databases', 'javascript', '.net python', 'nodejs']",hybrid,full time,experienced,,12 days ago,2.0,cairo,cairo,egypt
biomedical engineer – maintenance & installation,arias egypt,"['maintenance', 'installations', 'troubleshooting', 'biomedical', 'biomedical engineering', 'communication', 'engineering', 'information technology (it)', 'medical']",on-site,full time,experienced,,12 days ago,2.0,monufya,monufya,egypt
senior technical office civil engineer,esc,"['autocad', 'civil engineering', 'engineering', 'microsoft office', 'technical office', 'revit', 'primavera', 'construction management']",on-site,full time,experienced,,12 days ago,2.0,new cairo,cairo,egypt
dentists (alexandria),shiny white dental center,"['cosmetic dentistry', 'dental implant', 'pediatric dentistry', 'dental care', 'dentistry', 'dental_surgeon', 'medical', 'dental centers', 'cad/cam']",on-site,full time,experienced,,12 days ago,2.0,alexandria,alexandria,egypt
warehouse manager,confidential,"['inventory control', 'warehouse management', 'team leadership', 'process optimization', 'budget management', 'problem solving', 'communication']",on-site,full time,manager,,12 days ago,3.0,bourj alarab,alexandria,egypt
retail sales manager,iconic fmcg,"['retail', 'retail sales', 'sales', 'sales target']",on-site,full time,manager,,12 days ago,3.0,new cairo,cairo,egypt
human resources manager,iconic fmcg,"['human resources', 'human resources (hr)', 'microsoft office', 'personnel', 'recruitment']",on-site,full time,manager,,12 days ago,3.0,new cairo,cairo,egypt
head of hr business partner & talent management,happy sweet,"['business administration', 'human resources (hr)', 'hr', 'microsoft office', 'recruitment', 'talent acquisition', 'talent development']",on-site,full time,experienced,,12 days ago,2.0,qaha,qalubia,egypt
production manager – snacks manufacturing,confidential,"['manufacturing', 'production', 'project management']",hybrid,full time,senior management,,12 days ago,,cairo,cairo,egypt
export manager,confidential,"['export documentation', 'international sales', 'logistics management', 'supply chain optimization', 'market analysis', 'negotiation', 'customs regulations', 'strategic planning', 'client relationship management']",on-site,full time,manager,,12 days ago,3.0,cairo,cairo,egypt
math teacher,new heliopolis modern school,"['math', 'mathematics', 'teaching']",on-site,full time,experienced,,12 days ago,2.0,shorouk city,cairo,egypt
operations manager- call center,medexera,"['call center', 'customer service', 'customer support', 'customer care', 'leadership', 'management']",on-site,full time,manager,,12 days ago,3.0,new cairo,cairo,egypt
grain weighing operator,famsun egypt industry s.a.e,"['weighbridge', 'truck scale', 'calibration']",on-site,full time,experienced,,13 days ago,2.0,dabaa,matruh,egypt
grain safety keeper,famsun egypt industry s.a.e,"['food production', 'safety', 'warehousing', 'warehouse management', 'stock control']",on-site,full time,experienced,,13 days ago,2.0,suez,suez,egypt
grain quality inspector,famsun egypt industry s.a.e,"['quality control', 'quality assurance', 'qc']",on-site,full time,experienced,,13 days ago,2.0,dabaa,matruh,egypt
administrative & logistics specialist,famsun egypt industry s.a.e,"['administration', 'logistics', 'business administration']",on-site,full time,experienced,,13 days ago,2.0,dabaa,matruh,egypt
chinese arabic translator,famsun egypt industry s.a.e,"['translation', 'interpretation', 'engineering']",on-site,full time,experienced,,13 days ago,2.0,dabaa,matruh,egypt
marine & berth operations manager,confidential,"['marine operations', 'port operations', 'terminal operations', 'vessel planning', 'stevedoring', 'bulk', 'cargo handling', 'crane operations']",on-site,full time,manager,,13 days ago,3.0,sharq,port said,egypt
logistics officer (permittee),"my truck logistics, llc","['logistics', 'management', 'supply chain', 'communication', 'transportation', 'permits', 'support services']",remote,full time,experienced,,13 days ago,2.0,cairo,cairo,egypt
logistics dispatcher,"my truck logistics, llc","['communication skills', 'supply chain', 'dispatch', 'dispatching', 'logistics', 'fleet', 'management']",remote,full time,experienced,,13 days ago,2.0,cairo,cairo,egypt
operations & network growth manager,confidential,"['transportation management', 'fleet management', 'operations management', 'route planning']",on-site,full time,manager,,13 days ago,3.0,giza,giza,egypt
senior electrical power engineer,pharco corporation,"['electrical engineering', 'engineering', 'mechanical engineering', 'plc automation', 'plc', 'plc programming']",on-site,full time,experienced,,13 days ago,2.0,bourj alarab,alexandria,egypt
educational video and game creator needed for kindergarten,dar al-jeel al-jadeed publishing and distribution,"['kindergarten', 'kids teaching', 'teaching', 'video production', 'game design', 'creativity', 'storytelling', 'digital tools', 'interactive learning']",hybrid,full time,experienced,,13 days ago,2.0,nasr city,cairo,egypt
chief accounting,aquarabia,"['accounting', 'finance', 'financial analysis', 'financial management', 'team management', 'financial accounting']",on-site,full time,manager,,13 days ago,3.0,nasr city,cairo,egypt
maintenance & service engineer,infinity tecs,"['engineering services', 'customer support', 'troubleshooting', 'site installation', 'hardware installation', 'electric machines', 'software engineering']",on-site,full time,entry level,,13 days ago,1.0,maadi,cairo,egypt
clinical research coordinator,confidential,"['research', 'microsoft excel', 'communication']",hybrid,full time,entry level,,13 days ago,1.0,new cairo,cairo,egypt
remote telesales representative (uae & gcc region focus),united elite company,"['sales', 'telesales', 'account management', 'communication', 'customer service', 'target']",remote,full time,experienced,,13 days ago,2.0,cairo,cairo,egypt
senior sales representative,infinity tecs,"['sales planning', 'business development', 'negotiation', 'contract negotiation', 'business english', 'travel', 'horeca sales']",on-site,full time,experienced,,13 days ago,2.0,maadi,cairo,egypt
sales representative,ehg intelligence,"['sales', 'b2b sales', 'field sales', 'cold calling', 'lead generation', 'team leadership', 'account management', 'crm']",on-site,full time,entry level,,13 days ago,1.0,sheikh zayed,giza,egypt
business and economics teacher,confidential,"['business administration', 'accounting']",on-site,full time,experienced,,14 days ago,2.0,new cairo,cairo,egypt
senior business development executive - construction,leeds fit-out,"['business development', 'communication', 'communication skills', 'construction', 'negotiation', 'presentation', 'sales', 'sales skills', 'sales target']",on-site,full time,experienced,,14 days ago,2.0,sheikh zayed,giza,egypt
mathematics teacher,akhnaton egyptian language  school,"['education', 'teaching', 'mathematics instruction', 'mathematics']",on-site,full time,experienced,,14 days ago,2.0,new cairo,cairo,egypt
media buyer,innovera for education technology,"['digital marketing', 'marketing', 'social media']",on-site,full time,entry level,,14 days ago,1.0,new cairo,cairo,egypt
digital marketing instructor,yat learning centers,"['digital marketing', 'e-marketing', 'social media', 'seo', 'teaching', 'instructor']",on-site,full time,experienced,,14 days ago,2.0,heliopolis,cairo,egypt
data analysis instructor,yat learning centers,"['ui', 'ux', 'graphic design', 'ui/ux', 'figma', 'teaching', 'instructor']",on-site,full time,experienced,,14 days ago,2.0,heliopolis,cairo,egypt
leasing specialist,takery,"['leasing', 'sales', 'food & beverage', 'accounting', 'administration', 'finance', 'microsoft office']",on-site,full time,experienced,,14 days ago,2.0,new cairo,cairo,egypt
business analyst / product owner - fresh graduate - alxexandria,alexandria for programming,"['product owner', 'business analysis', 'project managment', 'information systems', 'information technology (it)', 'development', 'product', 'computer', 'computer science']",on-site,internship,entry level,,14 days ago,1.0,bolkly,alexandria,egypt
software tester- fresh graduate - alxexandria,alexandria for programming,"['computer science', 'information technology (it)', 'software testing', 'quality control', 'software development', 'software engineering']",remote,internship,student,,14 days ago,,bolkly,alexandria,egypt
customer service manager,al seif group,"['customer service', 'customer support', 'customer care', 'team leadership', 'conflict resolution', 'communication skills', 'crm software']",on-site,full time,experienced,,14 days ago,2.0,smouha,alexandria,egypt
receptionist,florence dental care,"['office management', 'administration', 'microsoft office suite', 'customer service', 'communication skills', 'organizational skills', 'time management', 'problem-solving']",on-site,full time,experienced,,14 days ago,2.0,cairo,cairo,egypt
logistics (outbound distribution) manager,confidential,"['distribution', 'logistics']",on-site,full time,manager,,14 days ago,3.0,new cairo,cairo,egypt
senior sales specialist,takery,"['sales', 'food & beverage', 'business development', 'communication', 'customer service', 'business administration', 'microsoft office', 'real estate']",on-site,full time,experienced,,14 days ago,2.0,new cairo,cairo,egypt
junior gis technician,citylogix me,"['arc gis', 'gis', 'qgis']",on-site,full time,entry level,,14 days ago,1.0,katameya,cairo,egypt
business analyst,confidential,"['analysis', 'business analysis', 'computer science', 'data modeling', 'sql', 'requirements gathering', 'process improvement', 'stakeholder management']",on-site,full time,experienced,,14 days ago,2.0,dokki,giza,egypt
product owner,confidential,"['agile methodologies', 'computer science', 'software development life cycle (sdlc)', 'product management', 'scrum', 'requirements gathering', 'stakeholder management', 'jira']",on-site,full time,experienced,,14 days ago,2.0,dokki,giza,egypt
german b2b sales representative,alexandria for programming,"['b2b', 'b2b sales']",remote,part time,entry level,,14 days ago,1.0,bolkly,alexandria,egypt
mis manager,etisalat egypt,"['computer science', 'information technology (it)', 'project management', 'mis']",on-site,full time,manager,,14 days ago,3.0,cairo,cairo,egypt
costing accountant,confidential,"['cost accounting', 'accounting', 'financial analysis', 'finance']",on-site,full time,experienced,,14 days ago,2.0,nasr city,cairo,egypt
head of localization,neric,"['localization strategy & local content development', 'supplier development & qualification', 'industrialization', 'technology transfer']",on-site,full time,senior management,,14 days ago,,new heliopolis,cairo,egypt
head of sales exp 15+ (developer ),aswaq,"['sales', 'sales target', 'management', 'real estate sales', 'real estate developer', 'business development', 'sales management']",on-site,full time,senior management,,14 days ago,,sheraton,cairo,egypt
human resources supervisor,intertrade co.,"['human resources', 'human resources (hr)', 'personnel', 'microsoft office', 'recruitment', 'payroll', 'erp']",on-site,full time,experienced,,14 days ago,2.0,10th of ramadan city,sharqia,egypt
packaging graphic designer,confidential,"['adobe illustrator', 'adobe photoshop', 'design', 'packaging', 'graphic design']",on-site,full time,experienced,,14 days ago,2.0,nasr city,cairo,egypt
design architecture engineer manager,ece,"['engineering', 'architectural engineering', 'architecture design']",on-site,full time,manager,,14 days ago,3.0,cairo,cairo,egypt
procurement engineer,saudi-firmness,"['engineering', 'purchasing', 'procurement', 'supply chain management', 'vendor management', 'negotiation', 'technical specification analysis']",on-site,full time,entry level,,14 days ago,1.0,katameya,cairo,egypt
senior talent management specialist,neric,"['talent management', 'talent acquisition']",on-site,full time,experienced,,14 days ago,2.0,cairo,cairo,egypt
master data management specialist (mdm specialist),neric,"['master data management (mdm)', 'analytical thinking', 'mdm tools (informatica, sap mdg, oracle mdm)', 'problem solving', 'administration', 'communication', 'data analysis', 'data entry']",on-site,full time,experienced,,14 days ago,2.0,port said,port said,egypt
office administrator - disability candidates.,mckinsey & company,"['administration', 'microsoft office', 'office management']",on-site,full time,entry level,,14 days ago,1.0,new cairo,cairo,egypt
production engineer,saudi company for manufacture of pipes &fitting,"['mechanical engineering', 'manufacturing engineering', 'mechanical', 'production', 'manufacturing', 'engineering', 'pipe']",on-site,full time,experienced,,14 days ago,2.0,giza,giza,egypt
technical office desiger,hoffen,"['autocad', 'microsoft office', '3ds max', 'adobe photoshop']",on-site,full time,entry level,,14 days ago,1.0,mohandessin,giza,egypt
marketing operations,pure group,"['retail', 'market research', 'project management', 'analysis', 'marketing', 'marketing operations', 'fmcg marketing', 'operating models']",on-site,full time,manager,,14 days ago,3.0,cairo,cairo,egypt
sales account manager - hospitality sector,audio technology,"['sales', 'hospitality']",on-site,full time,experienced,,14 days ago,2.0,sheraton,cairo,egypt
oracle fusion hcm technical consultant,dautom,"['fusion', 'hcm', 'oracle', 'oracle technical', 'oracle fusion', 'information technology (it)', 'computer science', 'oracle hcm', 'soap']",hybrid,full time,experienced,,14 days ago,2.0,cairo,cairo,egypt
brand manager,pure group,"['brand management', 'market research', 'project management', 'branding', 'marketing', 'advertising', 'fmcg marketing', 'operating plan development', 'activation strategy']",on-site,full time,manager,,14 days ago,3.0,cairo,cairo,egypt
presales active network engineer,audio technology,"['engineering', 'network']",on-site,full time,experienced,,14 days ago,2.0,sheraton,cairo,egypt
product manager,shabana group,"['product development', 'product management', 'sales', 'market research', 'marketing', 'product', 'management', 'communication']",on-site,full time,experienced,,14 days ago,2.0,nasr city,cairo,egypt
"field sales supervisor, b2b",mazaya,"['b2b', 'sales', 'sales target']",on-site,full time,experienced,,14 days ago,2.0,cairo,cairo,egypt
"commercial section head, b2b",mazaya,"['b2b', 'sales', 'sales target']",on-site,full time,experienced,,14 days ago,2.0,new cairo,cairo,egypt
presales passive infrastructure network engineer,audio technology,"['engineering', 'network']",on-site,full time,experienced,,14 days ago,2.0,sheraton,cairo,egypt
planning engineer (material planning),savola,"['material planning', 'planning', 'supply chain', 'sap', 'project management', 'civil engineering', 'engineering', 'management']",on-site,full time,experienced,,14 days ago,2.0,10th of ramadan city,sharqia,egypt
sales associate,diamond medical services,"['customer service', 'sales', 'sales target', 'medical', 'communication', 'sales field', 'outdoor sales']",on-site,full time,entry level,,14 days ago,1.0,heliopolis,cairo,egypt
senior .net developer (c#),jadeer,"['software development', 'software engineering', 'information technology (it)', 'computer science', 'c', '.net']",on-site,full time,experienced,,14 days ago,2.0,cairo,cairo,egypt
hr specialist,saudi company for manufacture of pipes &fitting,"['human resources', 'administration', 'business administration', 'training', 'management', 'hr systems', 'hr admin']",on-site,full time,experienced,,14 days ago,2.0,giza,giza,egypt
educational assistant for middle school,canadian international school,"['teaching', 'education', 'english', 'english literature', 'co-teaching', 'co-teacher', 'communication skills']",on-site,full time,experienced,,14 days ago,2.0,new cairo,cairo,egypt
financial manager,saudi company for manufacture of pipes &fitting,"['accounting', 'finance', 'financial', 'financial analysis', 'financial management', 'management', 'microsoft excel', 'erp', 'budgeting']",on-site,full time,manager,,14 days ago,3.0,6th of october,giza,egypt
ni sales engineer,hauslift,"['technical sales', 'negotiation', 'client relationship management', 'communication', 'proposal writing', 'technical presentation']",on-site,full time,experienced,,14 days ago,2.0,cairo,cairo,egypt
procurement manager,mena for contracting & trading,"['procurement', 'purchasing', 'supply chain', 'logistics', 'engineering', 'construction', 'erp system']",on-site,full time,manager,,14 days ago,3.0,san stefano,alexandria,egypt
mechatronics maintenance engineer,modupay,"['mechatronics', 'preventive maintenance', 'troubleshooting', 'plc programming', 'automation systems', 'technical documentation', 'problem solving']",on-site,full time,entry level,,14 days ago,1.0,10th of ramadan city,sharqia,egypt
procurement specialist,middle east glass,"['purchasing', 'procurement']",on-site,full time,entry level,,14 days ago,1.0,musturad,qalubia,egypt
senior full stack developer,itida,"['information technology (it)', 'design, development', 'software development', 'digital transformation', 'rest/graphql apis', 'ci/cd pipelines and automated testing', 'computer science']",hybrid,full time,experienced,,14 days ago,2.0,smart village,giza,egypt
warehouse keeper,fiber com,"['warehousing', 'logistics', 'supply chain', 'computer skills', 'microsoft office', 'erp', 'warehousing management']",on-site,full time,experienced,,14 days ago,2.0,mokattam,cairo,egypt
business development supervisor,cairo three a  for international industries.,"['business development', 'development', 'sales strategy', 'client relationship management', 'market research', 'negotiation', 'lead generation', 'team leadership', 'strategic planning']",on-site,full time,experienced,,14 days ago,2.0,cairo,cairo,egypt
mechanical engineer,nissan ahmed marey,"['warranty management', 'system center service manager', 'workshop engineering', 'service advisory', 'mechanical engineering', 'electrical engineering', 'customer service', 'technical support']",on-site,full time,experienced,,14 days ago,2.0,smouha,alexandria,egypt
senior infrastructure systems engineer,itida,"['computer science', 'information technology (it)', 'systems', 'engineering', 'computer engineering', 'vmware / vsphere / esxi / vcenter', 'windows server / active directory / gpo']",hybrid,full time,experienced,,14 days ago,2.0,smart village,giza,egypt
sales executive - food department,al massat life sciences egypt,"['sales', 'sales target', 'b2b', 'b2b sales', 'communication', 'customer service', 'engineering', 'microsoft office', 'negotiation']",on-site,full time,senior management,,14 days ago,,cairo,cairo,egypt
talent acquisition specialist,sure international technology,"['human resources (hr)', 'talent acquisition', 'recruitment', 'candidate sourcing', 'interviewing', 'applicant tracking systems (ats)', 'onboarding', 'employer branding', 'communication skills']",hybrid,full time,experienced,,14 days ago,2.0,cairo,cairo,egypt
pharmaceutical analysis teacher,arab skills,"['pharmaceutical', 'pharmacy', 'analysis', 'teaching', 'gmp']",on-site,full time,experienced,,14 days ago,2.0,obour city,cairo,egypt
incubation program lead,itida,"['computer science', 'information technology (it)', 'startup', 'reporting', 'ai and technologies', 'ecosystem']",hybrid,full time,experienced,,14 days ago,2.0,6th of october,giza,egypt
production engineer,target for chemicals industry and trade,"['production', 'mechanical engineering', 'manufacturing', 'engineering', 'chemistry', 'communication']",on-site,full time,experienced,,14 days ago,2.0,bourj alarab,alexandria,egypt
hr manager,ilock,"['hr', 'human resources (hr)', 'personnel', 'recruitment']",on-site,full time,manager,,14 days ago,3.0,mit ghamr,dakahlia,egypt
mechanical tender engineer,csi,"['engineering', 'mechanical engineering', 'mechanical', 'boq', 'cost estimation', 'mep equipment', 'shop drawings']",on-site,full time,experienced,,14 days ago,2.0,heliopolis,cairo,egypt
admission and public relations officer ( american devision),manhattan schools,"['administration', 'marketing', 'public relations (pr)', 'schools', 'microsoft office', 'customer service', 'communication skills']",on-site,full time,experienced,,14 days ago,2.0,maadi,cairo,egypt
sales distribution manager - giza,confidential,"['sales', 'sales target', 'sales skills', 'sales distribution', 'computer skills', 'communication skills', 'sales management', 'communication']",on-site,full time,manager,,14 days ago,3.0,6th of october,giza,egypt
bank reconciliation accountant,matgr for engineering and trading,"['accounting', 'bank reconciliation', 'finance', 'reconciliation']",on-site,full time,experienced,,14 days ago,2.0,new cairo,cairo,egypt
planning team leader - civil,confidential,"['civil engineering', 'planning', 'communication', 'information technology (it)', 'management', 'ms office', 'leadership', 'sales', 'sales target']",on-site,full time,manager,,14 days ago,3.0,new cairo,cairo,egypt
senior cost control engineer - civil,confidential,"['cost control', 'project cost control', 'budgetting', 'forecasted cost', 'management', 'ms office', 'communication', 'computer science', 'cost management']",on-site,full time,experienced,,14 days ago,2.0,new cairo,cairo,egypt
senior backend engineer,sabika,"['backend development', 'node.js', 'express.js', 'nestjs', 'typescript', 'javascript', 'rest api', 'api development']",hybrid,full time,experienced,,14 days ago,2.0,maadi,cairo,egypt
quality assurance and quality control engineer,mena for contracting & trading,"['engineering', 'quality assurance', 'quality control', 'architecture', 'civil engineering', 'iso 9001', 'management', 'qc']",on-site,full time,experienced,,14 days ago,2.0,north coast,alexandria,egypt
qa senior engineer,mcs group,"['integrated management systems (ims)', 'imca, api', 'certified internal auditor', 'capa', '5-why', 'fishbone', 'fmea methodology', 'analysis', 'engineering']",on-site,full time,experienced,,14 days ago,2.0,nasr city,cairo,egypt
internal audit manager,confidential,"['accounting', 'auditing', 'finance', 'financial analysis']",on-site,full time,experienced,,14 days ago,2.0,giza,giza,egypt
senior hiring & recruitment specialist,innovvette for education,"['hiring', 'recruitment', 'hr specialist', 'human resources (hr)', 'interviewing', 'recruitment strategy', 'communication', 'negotiation', 'talent acquisition']",on-site,full time,experienced,,14 days ago,2.0,maadi,cairo,egypt
maintenance section head,elsaba group co.,"['engineering', 'maintenance', 'mechanical engineering', 'management']",on-site,full time,experienced,,14 days ago,2.0,cairo,cairo,egypt
sales manager,diamond medical services,"['customer service', 'sales', 'sales target', 'business administration', 'business development', 'communication', 'management']",on-site,full time,manager,,14 days ago,3.0,heliopolis,cairo,egypt
purchasing section head,confidential,"['purchasing', 'planning', 'purchasing management']",on-site,full time,experienced,,14 days ago,2.0,cairo,cairo,egypt
category operations manager,arma-hsa,"['management', 'sales', 'administration', 'business administration', 'category management', 'forecasting', 'marketing', 'microsoft office']",on-site,full time,manager,,14 days ago,3.0,new cairo,cairo,egypt
teacher,smart international school,"['mathematics', 'english teaching', 'curriculum development', 'classroom management', 'differentiated instruction', 'lesson planning', 'student assessment', 'communication skills']",on-site,full time,experienced,,14 days ago,2.0,fayoum,fayoum,egypt
sales representative consultant,dubai developments,"['sales', 'sales target', 'crm', 'business development', 'client relationship management', 'negotiation', 'communication', 'presentation skills']",on-site,full time,entry level,,14 days ago,1.0,10th of ramadan city,sharqia,egypt
payroll specialist,mcv - obour,"['payroll', 'human resources (hr)', 'compensation and benefits', 'personnel', 'ms office', 'hr']",on-site,full time,experienced,,14 days ago,2.0,obour city,cairo,egypt
senior his back office support engineer,confidential,"['information technology (it)', 'computer science', 'database sql server', 'erp applications', 'application support']",on-site,full time,experienced,,14 days ago,2.0,heliopolis,cairo,egypt
procurement & cost estimation engineer.,confidential,"['architecture', 'procurement', 'contract negotiation', 'vendor management', 'cost analysis', 'risk management', 'engineering drawings', 'construction materials knowledge']",on-site,full time,experienced,,14 days ago,2.0,mohandessin,giza,egypt
english teacher,new heliopolis modern school,"['english teaching', 'teaching', 'curriculum development', 'lesson planning', 'classroom management', 'communication skills', 'interpersonal skills', 'assessment and evaluation']",on-site,full time,experienced,,14 days ago,2.0,shorouk city,cairo,egypt
"export sales executive, west & central africa",decotam,"['export sales', 'export development', 'sales', 'sales field', 'sales target', 'outdoor sales', 'indoor sales', 'sales plan']",on-site,full time,experienced,,15 days ago,2.0,6th of october,giza,egypt
marketing specialist,al seif group,"['marketing', 'social media management', 'e-marketing', 'content creation', 'digital advertising', 'campaign management', 'market research']",on-site,full time,experienced,,15 days ago,2.0,sidi gaber,alexandria,egypt
chief marketing officer,al seif group,"['real estate marketing', 'web development for marketing', 'digital marketing strategy', 'brand management', 'market research', 'seo/sem', 'content marketing', 'social media marketing', 'data analytics']",on-site,full time,experienced,,15 days ago,2.0,sidi gaber,alexandria,egypt
internal audit section head,dakahlia group,"['accounting', 'auditing', 'finance', 'management', 'cia', 'financial accounting', 'treasury accounting']",on-site,full time,manager,,15 days ago,3.0,nasr city,cairo,egypt
treasury section head,egypt foods,"['treasury', 'microsoft office', 'management', 'mechanical engineering', 'sap', 'accounting', 'administration', 'business administration', 'engineering']",on-site,full time,manager,,15 days ago,3.0,quweisna,monufya,egypt
electrical section head,el mansour development,"['engineering', 'management', 'microsoft office', 'electrical engineering', 'mechanical engineering', 'construction', 'project management']",on-site,full time,manager,,15 days ago,3.0,mokattam,cairo,egypt
group internal audit manager,reliance egypt,"['auditing', 'certified internal auditor (cia)', 'quality auditing', 'certified internal auditor']",on-site,full time,manager,,15 days ago,3.0,downtown,cairo,egypt
cad designer,doosan enerbility co .ltd,"['design', 'interior design', 'autocad', 'sketchup', 'architectural design', 'construction documentation', 'material selection', 'construction']",on-site,full time,experienced,,15 days ago,2.0,dabaa,matruh,egypt
credit supervisor,alnirvana over the world,"['accounting', 'customer service', 'finance management', 'credit risk analysis', 'financial reporting', 'collection strategies', 'data analysis', 'negotiation', 'problem-solving']",on-site,full time,experienced,,15 days ago,2.0,nasr city,cairo,egypt
electrical site engineer,gila electric,"['electrical engineering', 'engineering']",on-site,full time,experienced,,15 days ago,2.0,downtown,cairo,egypt
performance marketing & e-commerce manager (international markets),carina wear,"['e-marketing', 'social media', 'e-commerce', 'performance marketing']",on-site,full time,manager,,15 days ago,3.0,new cairo,cairo,egypt
production manager,roasty,"['engineering', 'management', 'manufacturing', 'production', 'problem solving', 'production scheduling']",on-site,full time,manager,,15 days ago,3.0,qalyub,qalubia,egypt
pre-school english teacher,leap development hub,"['education', 'teaching', 'nursery', 'english', 'nurseries', 'pre school', 'schools']",on-site,full time,entry level,,15 days ago,1.0,new cairo,cairo,egypt
junior electrical production engineer,medineeds,"['electrical engineering', 'production', 'testing', 'troubleshooting', 'pcb']",on-site,full time,entry level,,15 days ago,1.0,marg,cairo,egypt
marketing specialist,skarpt company,"['marketing', 'e-marketing', 'social media']",on-site,full time,experienced,,15 days ago,2.0,hadayek alahram,giza,egypt
business excellence manager,confidential,"['hse', 'quality control', 'business administration', 'business development', 'construction', 'engineering', 'management']",on-site,full time,manager,,15 days ago,3.0,downtown,cairo,egypt
mechanical design engineer - r&d,medineeds,"['design', 'r&d', 'engineering', 'mechanical design', 'mechanical engineering', 'mechanical', 'information technology (it)']",on-site,full time,experienced,,15 days ago,2.0,agouza,giza,egypt
architecture technical office engineer,construction management systems,"['architecture', 'engineering', 'technical office', 'construction', 'site engineering']",on-site,full time,experienced,,15 days ago,2.0,cairo,cairo,egypt
head of commercial,confidential,"['sales', 'management']",on-site,full time,manager,,15 days ago,3.0,new cairo,cairo,egypt
fleet controller,confidential,"['logistics', 'quality control', 'fleet management', 'operations management', 'supply chain', 'administration']",on-site,full time,experienced,,15 days ago,2.0,cairo,cairo,egypt
software sales executive,confidential,"['sales', 'software sales', 'sales target', 'lead generation', 'erp software', 'odoo', 'saas']",hybrid,full time,entry level,,15 days ago,1.0,nasr city,cairo,egypt
supply & demand planning lead - alexandria,mobility pro,"['demand planning', 'planning', 'logistics', 'supply chain']",on-site,full time,experienced,,15 days ago,2.0,alexandria,alexandria,egypt
senior technical office architect,econtech for engineering & trading,"['architecture', 'autocad', 'engineering', 'technical office', 'shop drawings', 'fit-out', 'adobe photoshop']",on-site,full time,manager,,15 days ago,3.0,heliopolis,cairo,egypt
b2b sales manager,corbit company,"['b2b', 'b2b sales', 'sales', 'sales target']",on-site,full time,manager,,15 days ago,3.0,cairo,cairo,egypt
hr administrative specialist,mopars garage,"['administration', 'hr', 'microsoft office', 'office management', 'human resources (hr)', 'hr policies', 'hr admin', 'hr specialist']",on-site,full time,experienced,,15 days ago,2.0,giza,giza,egypt
architecture engineer – technical office,maramer contracting company,"['autocad', 'microsoft office', 'revit bim', 'sec/sbc', 'architectural engineering', 'bim', 'communication', 'architecture', 'engineering']",on-site,full time,experienced,,15 days ago,2.0,cairo,cairo,egypt
internship in operations team (english & arabic) 2026,ta telecom,"['customer service', 'english', 'marketing', 'operations', 'accounting', 'communication skills', 'management']",hybrid,internship,entry level,,15 days ago,1.0,maadi,cairo,egypt
key account manager,confidential,"['sales skills', 'supply chain management', 'logistics optimization', 'customer service excellence', 'customer relationship management (crm)', 'customer support', 'business development']",on-site,full time,experienced,,15 days ago,2.0,10th of ramadan city,sharqia,egypt
electrical maintenance engineer,confidential,"['communication', 'electrical engineer', 'manufacturing', 'electrical', 'mechanical engineering', 'manufacturing industry', 'maintenance engineering', 'maintenance']",on-site,full time,entry level,,15 days ago,1.0,6th of october,giza,egypt
health and safety engineer,gulsan egypt non-woven industries,"['communication', 'manufacturing', 'manufacturing industry', 'hse management', 'hse', 'health, safety and environment', 'fire fighting']",on-site,full time,entry level,,15 days ago,1.0,6th of october,giza,egypt
warehouse specialist (10th of ramadan city),midea group,"['inventory management', 'record keeping', 'stock control', 'warehouse operations', 'time management', 'communication', 'problem solving', 'microsoft excel', 'storekeeping']",on-site,full time,experienced,,15 days ago,2.0,10th of ramadan city,sharqia,egypt
team leader mep site engineer,zad mep,"['engineering', 'mep', 'autocad', 'revit', 'mechanical engineering', 'electrical engineering', 'site supervision', 'project management', 'leadership']",on-site,full time,experienced,,15 days ago,2.0,nasr city,cairo,egypt
senior mep mechanical site engineer,zad mep,"['mechanical engineering', 'site management', 'mep systems', 'project coordination', 'problem solving', 'autocad/revit proficiency', 'mechanical', 'mep', 'plumbing']",on-site,full time,experienced,,15 days ago,2.0,cairo,cairo,egypt
quality control engineer,trustcom,"['engineering', 'quality assurance', 'quality control']",on-site,full time,experienced,,15 days ago,2.0,cairo,cairo,egypt
mis specialist..,etisalat egypt,"['customer service', 'customer support', 'cx', 'leadership', 'inbound calls', 'crm system', 'freshdesk', 'zendesk', 'salesforce']",on-site,full time,experienced,,15 days ago,2.0,maadi,cairo,egypt
human resources generalist,kanza group,"['talent acquisition', 'personnel', 'microsoft office', 'communication', 'recruitment']",on-site,full time,experienced,,15 days ago,2.0,mohandessin,giza,egypt
tax accountant,abco group,"['accounting', 'finance', 'financial analysis', 'tax', 'tax compliance', 'financial reporting', 'auditing', 'microsoft excel']",on-site,full time,experienced,,15 days ago,2.0,bourj alarab,alexandria,egypt
warehouse specialist - (saadat),midea group,"['inventory management', 'record keeping', 'stock control', 'warehouse operations', 'time management', 'communication', 'problem solving', 'microsoft excel', 'storekeeping']",on-site,full time,experienced,,15 days ago,2.0,alsadat city,monufya,egypt
real estate acquisition supervisor,petromin,"['network planning', 'site selection', 'feasibility studies', 'market analysis', 'negotiation', 'investment analysis', 'microsoft office']",on-site,full time,experienced,,15 days ago,2.0,maadi,cairo,egypt
personnel specialist,professional service - proserv,"['human resources (hr)', 'personnel', 'recruitment', 'microsoft office', 'hr', 'hr systems', 'hr policies', 'compliance']",on-site,full time,entry level,,15 days ago,1.0,maadi,cairo,egypt
junior accountant,confidential,"['accounting', 'finance', 'bookkeeping', 'financial reporting', 'microsoft excel', 'data entry', 'general ledger', 'accounts payable', 'accounts receivable']",on-site,full time,entry level,,15 days ago,1.0,cairo,cairo,egypt
call center agent (english b2),etisalat egypt,"['call center', 'customer care', 'customer service', 'customer support', 'english teaching', 'english', 'insurance', 'promoting', 'training']",on-site,full time,entry level,,15 days ago,1.0,maadi,cairo,egypt
secretary,beverlyhills,"['administration', 'microsoft office suite', 'organizational skills', 'communication skills', 'time management', 'record keeping', 'data entry', 'scheduling', 'professionalism']",on-site,full time,experienced,,15 days ago,2.0,shorouk city,cairo,egypt
marketing manager,your parts,"['market research', 'marketing', 'social media']",on-site,full time,manager,,15 days ago,3.0,maadi,cairo,egypt
business development executive,unique saray development,"['business development', 'real estate', 'development', 'communication', 'negotiation', 'sales', 'sales target']",remote,full time,experienced,,15 days ago,2.0,cairo,cairo,egypt
administration manager,your parts,"['administration', 'management', 'business administration', 'microsoft office', 'ms office', 'office management']",on-site,full time,manager,,15 days ago,3.0,maadi,cairo,egypt
customer service /tele sales (turkish or urdu),qmove,"['customer service', 'customer support', 'sales', 'business development', 'communication', 'crm', 'call center', 'negotiation']",on-site,full time,entry level,,15 days ago,1.0,nasr city,cairo,egypt
english teacher - alexandria,egyptian english language schools,"['arts', 'education', 'english teaching', 'english', 'literature', 'teaching', 'language', 'schools']",on-site,full time,entry level,,15 days ago,1.0,mandara,alexandria,egypt
lead geotechnical design engineer,egec,"['geotechnical', 'design', 'civil engineering', 'computer science', 'geotechnical engineering', 'information technology (it)', 'engineering', 'software development']",on-site,full time,experienced,,15 days ago,2.0,giza,giza,egypt
senior electromechanical engineer,middle east glass,"['senior electromechanical engineer mep engineer mechanical project engineer electrical project engineer maintenance engineer utilities engineer plant engineer project engineer', 'project engineering', 'electrical engineering', 'computer science', 'engineering', 'electromechanical', 'information technology (it)', 'mechanical', 'project']",on-site,full time,senior management,,15 days ago,,cairo,cairo,egypt
production planning & mrp manager,confidential,"['mrp', 'production planning', 'erp system', 'analysis', 'engineering', 'leadership', 'erp', 'management']",on-site,full time,manager,,15 days ago,3.0,nasr city,cairo,egypt
proposal team leader – stp/wtp,system technique,"['wtp', 'stp', 'water treatment', 'wastewater treatment', 'mechanical engineering', 'chemical engineering', 'team leadership', 'civil engineering', 'construction']",on-site,full time,manager,,15 days ago,3.0,abu rawash,giza,egypt
civil site engineer,arabian company for construction and management,"['civil engineering', 'site engineering', 'construction', 'engineering', 'junior engineer', 'autocad', 'structure', 'project management', 'technical drawing']",on-site,full time,experienced,,15 days ago,2.0,cairo,cairo,egypt
sr. hvac engineer,afniah consulting engineering,"['hvac', 'mechanical engineering', 'engineering', 'design', 'revit mep', 'revit bim', 'autocad', 'communication', 'mechanical']",on-site,full time,experienced,,15 days ago,2.0,heliopolis,cairo,egypt
quality engineer,kandil industries,"['engineering', 'quality assurance', 'quality control', 'communication', 'management', 'manufacturing', 'quality management']",on-site,full time,experienced,,15 days ago,2.0,new cairo,cairo,egypt
electrical maintenance engineer,investment company for dairy products,"['electrical maintenance engineer', 'maintenance engineering', 'manufacturing industry', 'electrical engineering', 'maintenance', 'engineering']",on-site,full time,experienced,,15 days ago,2.0,alsadat city,monufya,egypt
medical approval supervisor,diamond medical services,"['medical insurance', 'approval', 'insurance', 'management', 'communication', 'medical', 'administration', 'pharmacy', 'sales']",on-site,full time,manager,,15 days ago,3.0,heliopolis,cairo,egypt
mechanical mep quantity surveyor ( fluent english),innovative consulting partners,"['mep', 'mechanical engineering', 'mechanical', 'quantity surveying', 'tendering', 'cost estimation']",remote,full time,experienced,,16 days ago,2.0,cairo,cairo,egypt
live content creator,kwng group,"['marketing', 'social media', 'writing', 'live streaming', 'content creation']",on-site,full time,entry level,,16 days ago,1.0,maadi,cairo,egypt
qa & ai validation,yzh,"['quality assurance', 'ai', 'programming language', 'software development']",on-site,full time,experienced,,16 days ago,2.0,new cairo,cairo,egypt
senior hr business partner & talent management,happy sweet,"['business administration', 'recruitment', 'management', 'human resources (hr)', 'talent management', 'talent acquisition']",on-site,full time,entry level,,16 days ago,1.0,qaha,qalubia,egypt
customer service manager,ebss - elite business solution service,"['customer care', 'customer service', 'customer support', 'business administration', 'communication', 'administration', 'leadership', 'management']",on-site,full time,manager,,16 days ago,3.0,tanta,gharbia,egypt
hr coordinator,midea group,"['human resources (hr)', 'recruitment', 'microsoft office', 'hr operations', 'business administration', 'administration', 'communication', 'hris', 'onboarding']",on-site,full time,entry level,,16 days ago,1.0,6th of october,giza,egypt
e-commerce senior marketplace,ahmed el-sallab,"['e-commerce', 'commerce', 'marketing', 'social media']",on-site,full time,experienced,,16 days ago,2.0,mokattam,cairo,egypt
full stack developer,gold era,"['computer science', 'information technology (it)', 'software development', 'javascript', 'html', 'css', 'typescript']",on-site,full time,experienced,,16 days ago,2.0,cairo,cairo,egypt
junior mechanical production engineer,medineeds,"['engineering', 'mechanical', 'mechanical engineering', 'production', 'cad', 'design', 'mechanical production', 'manufacturing']",on-site,full time,entry level,,16 days ago,1.0,marg,cairo,egypt
retail sales-agent,gold era,"['retail sales', 'retail', 'sales', 'sales target']",on-site,full time,experienced,,16 days ago,2.0,mansoura,dakahlia,egypt
early years academic director (eyfs) – remote,tech technology,"['academic teaching', 'academic research', 'business administration', 'administration', 'academic writing']",remote,full time,senior management,,16 days ago,,cairo,cairo,egypt
architectural finishing engineer,tbk developments,"['architecture', 'autocad', 'construction', 'engineering', 'microsoft excel', 'civil engineering']",on-site,full time,experienced,,16 days ago,2.0,new cairo,cairo,egypt
telesales specialist – remote,tech technology,"['sales', 'telesales', 'customer service', 'communication', 'crm', 'sales field', 'sales target']",remote,full time,experienced,,16 days ago,2.0,cairo,cairo,egypt
3 d designer,smartsigns,"['design', '3ds max', 'autocad', 'engineering', 'adobe photoshop', 'v-ray', 'sketchup', 'architecture design']",on-site,full time,experienced,,16 days ago,2.0,dokki,giza,egypt
data analyst,techjump,"['computer science', 'data analysis', 'information technology (it)', 'sql', 'python', 'data visualization', 'statistical analysis', 'machine learning fundamentals', 'database management']",hybrid,full time,experienced,,16 days ago,2.0,alexandria,alexandria,egypt
tax accountant,tbk developments,"['accounting', 'erp', 'finance', 'financial analysis', 'microsoft office', 'payroll', 'tax', 'vat', 'accounting software']",on-site,full time,experienced,,16 days ago,2.0,cairo,cairo,egypt
system administrator,confidential,"['engineering', 'information technology (it)', 'system administration', 'network administration', 'cloud platforms', 'virtualization', 'troubleshooting', 'security management']",hybrid,full time,experienced,,16 days ago,2.0,alexandria,alexandria,egypt
senior facade design engineer,integrated façade solution,"['2d', 'aluminum', 'architecture', '3d', 'autocad', 'autocad 2d', 'engineering', 'english']",on-site,full time,experienced,,16 days ago,2.0,heliopolis,cairo,egypt
talent acquisition internship,bakeland egypt,"['recruitment', 'interviewing', 'human resources (hr)', 'talent acquisition', 'candidate sourcing', 'applicant tracking systems (ats)', 'communication skills', 'organizational skills', 'time management']",on-site,internship,entry level,,16 days ago,1.0,10th of ramadan city,cairo,egypt
data entry specialist,cairo transport & touring,"['administration', 'data entry', 'ms office', 'data', 'english', 'excel', 'microsoft office', 'typing']",on-site,full time,experienced,,16 days ago,2.0,downtown,cairo,egypt
tendering senior engineer,national electricity technology co.,"['tender preparation', 'technical proposal writing', 'cost estimation', 'project coordination', 'contract analysis', 'risk assessment', 'supplier negotiation', 'time management']",on-site,full time,experienced,,16 days ago,2.0,agouza,giza,egypt
office manager,confidential,"['office management', 'administration', 'microsoft office', 'organization', 'multitasking', 'communication', 'reliable']",on-site,full time,manager,,16 days ago,3.0,cairo,cairo,egypt
startup investment and programs manager,itida,"['program management', 'information technology (it)', 'startup', 'startup ecosystem']",hybrid,full time,manager,,16 days ago,3.0,6th of october,giza,egypt
group treasury manager,confidential,"['treasury management', 'cash flow analysis', 'liquidity planning', 'financial reporting', 'risk management', 'bank relationship management', 'financial modeling', 'analytical thinking']",on-site,full time,manager,,16 days ago,3.0,sheraton,cairo,egypt
business development executive,apex ascension inc.,"['outbound calls', 'cold calling', 'appointment setting', 'sales', 'outdoor sales', 'b2b', 'booking', 'crm']",on-site,full time,experienced,,16 days ago,2.0,cairo,cairo,egypt
horeca sales manager,investment company for dairy products,"['horeca sales', 'sales management', 'dairy products', 'fmcg sales']",on-site,full time,manager,,16 days ago,3.0,abu alnumros,giza,egypt
retail collection team leader,premium card,"['communication', 'retail']",on-site,full time,experienced,,16 days ago,2.0,dokki,giza,egypt
senior electrical design engineer,tbk developments,"['electrical design', 'engineering', 'design', 'autocad', 'cad', 'computer science', 'development', 'dialux']",on-site,full time,experienced,,16 days ago,2.0,new cairo,cairo,egypt
"senior odoo consultant (functional & technical)| downtown, cairo",al masa,"['erp', 'odoo', 'information technology (it)', 'computer science', 'odoo development', 'odoo erp', 'erp system']",on-site,full time,experienced,,16 days ago,2.0,downtown,cairo,egypt
electrical maintenance manager,el banna group company,"['engineering', 'maintenance', 'mechanical engineering', 'management', 'electronics engineering', 'electrical engineering', 'electrical maintenance', 'microsoft office', 'planning']",on-site,full time,manager,,16 days ago,3.0,10th of ramadan city,sharqia,egypt
sales manager,al masa,"['sales', 'sales target', 'cctv system', 'cpd', 'sales planning', 'sales plans', 'sales field']",on-site,full time,manager,,16 days ago,3.0,downtown,cairo,egypt
accountant,white gold,"['accounting', 'finance', 'financial', 'financial analysis', 'financial management', 'financial reporting', 'microsoft excel', 'microsoft office', 'reporting']",on-site,full time,entry level,,16 days ago,1.0,cairo,cairo,egypt
sales supervisor,confidential,"['sales', 'sales target', 'outdoor sales', 'sales planning', 'sales field']",on-site,full time,experienced,,16 days ago,2.0,cairo,cairo,egypt
technical office architect,partner & more,"['autocad', 'engineering', 'architecture', 'architectural engineering', 'technical office', 'architectural design', 'autocad architecture', 'real estate']",on-site,full time,manager,,16 days ago,3.0,obour city,cairo,egypt
sales engineer,confidential,"['petroleum engineering', 'mechanical engineering', 'technical support', 'technical sales', 'outdoor sales', 'b2b', 'b2b sales', 'b2b marketing']",on-site,full time,experienced,,16 days ago,2.0,new nozha,cairo,egypt
clickup administrator / systems & operations specialist,united elite company,"['information technology (it)', 'administration', 'analysis', 'communication', 'computer science', 'hr', 'recruitment', 'reporting']",remote,full time,experienced,,16 days ago,2.0,cairo,cairo,egypt
accounting manager,goldentex,"['accounting', 'finance', 'financial analysis', 'financial management']",on-site,full time,manager,,16 days ago,3.0,10th of ramadan city,sharqia,egypt
ceo personal assistant,accredigo,"['business administration', 'marketing', 'business development', 'public relations (pr)', 'administration', 'management', 'microsoft office']",on-site,full time,experienced,,16 days ago,2.0,smouha,alexandria,egypt
hcm consultant,confidential,"['hcm implementation', 'oracle hcm cloud', 'hris configuration', 'project management', 'stakeholder management', 'business analysis', 'system integration']",hybrid,full time,senior management,,16 days ago,,heliopolis,cairo,egypt
sales software supervisor,confidential,"['odoo', 'sales', 'client relationship management', 'crm system']",hybrid,full time,experienced,,16 days ago,2.0,nasr city,cairo,egypt
technical procurement engineer,amreyah cement,"['technical procurement', 'communication', 'procurement', 'procurements', 'purchasing', 'computer science', 'engineering', 'information technology (it)']",on-site,full time,entry level,,16 days ago,1.0,cairo,cairo,egypt
area sales engineer,bedo company,"['engineering', 'sales']",on-site,full time,experienced,,16 days ago,2.0,6th of october,giza,egypt
accounts receivable senior specialist,ariston thermo,"['accounting', 'commerce', 'english', 'finance', 'sap', 'microsoft office', 'financial management', 'tax', 'account reconciliation']",on-site,full time,experienced,,16 days ago,2.0,new cairo,cairo,egypt
senior b2b sales specialist – chemicals & industrial raw materials | alexandria,horizon chemical for special chemicals,"['raw materials', 'sales', 'chemistry', 'chemical engineering', 'raw material', 'industrial raw materials', 'factories', 'outdoor sales', 'negotiation, communication, and presentation skills']",on-site,full time,experienced,,16 days ago,2.0,stanley,alexandria,egypt
human resources supervisor,eltarek group,"['administration', 'human resources', 'human resources (hr)', 'recruitment', 'business administration', 'payroll', 'microsoft office', 'leadership']",on-site,full time,experienced,,16 days ago,2.0,agami,alexandria,egypt
senior it network & cybersecurity administrator,specialized seamless services,"['computer science', 'network administration', 'engineering', 'security', 'routing']",on-site,full time,experienced,,16 days ago,2.0,heliopolis,cairo,egypt
enterprise ai engineer,specialized seamless services,"['python', 'oracle', 'ai']",on-site,full time,experienced,,16 days ago,2.0,cairo,cairo,egypt
electrical maintenance engineer,confidential,"['electrical engineering', 'electrical maintenance', 'autocad', 'cmms', 'pdf markup tools', 'microsoft word', 'microsoft excel', 'microsoft powerpoint']",on-site,full time,entry level,,16 days ago,1.0,bourj alarab,alexandria,egypt
graphic designer - full time,cizaro,"['adobe photoshop', 'graphic design', 'design', 'adobe illustrator', 'ai design tools', 'branding', 'advertising', 'illustrator']",hybrid,full time,experienced,,16 days ago,2.0,new cairo,cairo,egypt
marketing specialist,horeca star,"['digital', 'digital marketing', 'marketing', 'e-marketing', 'communication skills', 'social media']",on-site,full time,experienced,,16 days ago,2.0,new cairo,cairo,egypt
electrical design team leader (lv panel),gila electric,"['autocad', 'electrical engineering', 'design', 'engineering', 'electrical']",on-site,full time,experienced,,16 days ago,2.0,10th of ramadan city,sharqia,egypt
electrical utilities engineer,etisal for advanced industries,"['electrical engineering', 'engineering', 'mechanical engineering', 'computer skills', 'microsoft office', 'cad', 'sales']",on-site,full time,experienced,,16 days ago,2.0,6th of october,giza,egypt
receptionist,flexfilms egypt,"['management', 'administration', 'microsoft office', 'office management', 'communication', 'organizational skills', 'time management', 'problem-solving', 'attention to detail']",on-site,full time,entry level,,16 days ago,1.0,6th of october,giza,egypt
sales executive,qmove,"['sales target achievement', 'sales strategy', 'client relationship management', 'negotiation', 'communication skills', 'problem solving', 'logistics', 'supply chain management']",hybrid,full time,entry level,,16 days ago,1.0,cairo,cairo,egypt
creative director,confidential,"['adobe creative suite', 'communication', 'art direction', 'graphic design', 'creative', 'design', 'marketing']",on-site,full time,manager,,16 days ago,3.0,new cairo,cairo,egypt
technical sales specialist,confidential,"['customer service', 'technical sales', 'sales', 'sales management', 'customer relations', 'customer support', 'customer relationship management (crm)', 'product knowledge']",on-site,full time,experienced,,16 days ago,2.0,new cairo,cairo,egypt
procurement engineer,napata,"['engineering', 'procurement', 'purchasing', 'supply chain', 'business planning', 'erp', 'management']",on-site,full time,experienced,,16 days ago,2.0,6th of october,giza,egypt
graphic designer,cairbou coffee egypt,"['design', 'graphic design', 'adobe photoshop', 'adobe illustrator', 'ai', 'food & beverage']",on-site,full time,entry level,,16 days ago,1.0,maadi,cairo,egypt
senior steel detailing engineer,saudi-firmness,"['steel detailing', 'tekla structures', 'structural engineering', 'project coordination', 'civil engineering', 'steel construction']",on-site,full time,experienced,,16 days ago,2.0,katameya,cairo,egypt
(engineer) mechanical trainer,el sewedy technical academy,"['design engineering', 'mechanical design', 'mechanical engineering', 'reseach and development']",on-site,full time,experienced,,16 days ago,2.0,10th of ramadan city,sharqia,egypt
sales representative,new hope,"['sales', 'sales target', 'customer service', 'communication', 'negotiation', 'veterinary', 'veterinary medicine', 'agriculture']",remote,full time,experienced,,17 days ago,2.0,mahalla kubra,gharbia,egypt
video content creator,jarz,"['marketing', 'social media', 'writing', 'video editing', 'video production', 'videography', 'content creation']",hybrid,full time,experienced,,17 days ago,2.0,smart village,giza,egypt
civil technical office engineer (epc projects),saudi-firmness,"['civil engineering', 'engineering', 'microsoft office', 'technical office', 'projects']",on-site,full time,entry level,,17 days ago,1.0,cairo,cairo,egypt
technical architect,dewan architects and engineers,"['revit', 'architecture', 'engineering', 'technical office', 'communication', 'computer skills', 'autocad', 'bim', 'ms office']",on-site,full time,experienced,,17 days ago,2.0,new cairo,cairo,egypt
assistant project manager,dewan architects and engineers,"['project management', 'project', 'microsoft office', 'management', 'office management', 'administration', 'architecture', 'autocad']",on-site,full time,experienced,,17 days ago,2.0,new cairo,cairo,egypt
customer service representative,tyrepro egypt co. - continental tyres,"['customer care', 'customer service', 'customer support', 'communication', 'tires', 'reporting']",on-site,full time,experienced,,17 days ago,2.0,new cairo,cairo,egypt
quality assurance supervisor,nature's rule egypt llc,"['qa', 'quality assurance', 'quality control', 'test planning', 'defect tracking', 'process improvement', 'agile methodologies']",on-site,full time,experienced,,17 days ago,2.0,badr city,cairo,egypt
quality engineer,alunaut,"['engineering', 'quality assurance', 'quality control', 'process improvement', 'root cause analysis', 'statistical process control', 'iso 9001', 'auditing', 'data analysis']",on-site,full time,experienced,,17 days ago,2.0,nasr city,cairo,egypt
advertising sales executive,vision 22 advertising agency,"['sales', 'agencies', 'marketing agencies', 'sales target', 'sales skills', 'planning']",on-site,full time,experienced,,17 days ago,2.0,maadi,cairo,egypt
it infrastructure manager,confidential,"['computer science', 'engineering', 'information technology (it)', 'project management']",on-site,full time,manager,,17 days ago,3.0,alexandria,alexandria,egypt
senior accounting manager,mena for contracting & trading,"['accounting', 'finance', 'financial analysis', 'financial management', 'cma', 'leadership', 'management', 'real estate']",on-site,full time,senior management,,17 days ago,,san stefano,alexandria,egypt
supply chain manager,confidential,"['logistics', 'procurement', 'purchasing', 'supply', 'supply chain', 'planning', 'erp']",on-site,full time,manager,,17 days ago,3.0,smouha,alexandria,egypt
sales executive,leadsmart,"['technology', 'sales', 'b2b sales', 'media buying', 'administration', 'communication', 'b2b', 'crm']",on-site,full time,entry level,,17 days ago,1.0,heliopolis,cairo,egypt
technical office manager (electrical low current),confidential,"['fire alarm', 'edwards,', 'fire alarm system design', 'tender preparation', 'cost estimation', 'autocad', 'project coordination', 'technical documentation', 'low current systems (lc)']",on-site,full time,experienced,,17 days ago,2.0,mohandessin,giza,egypt
financial planning and analysis supervisor,orchidia pharmaceutical industries,"['accounting', 'financial', 'finance', 'analysis', 'financial management', 'planning', 'financial planning']",on-site,full time,experienced,,17 days ago,2.0,cairo,cairo,egypt
senior procurement engineer (raw material),amreyah cement,"['procurement', 'purchasing', 'raw materials', 'manufacturing', 'communication', 'computer science', 'supply chain', 'engineering']",on-site,full time,experienced,,17 days ago,2.0,cairo,cairo,egypt
internal audit team leader,middle east glass,"['auditing', 'finance', 'financial analysis', 'accounting']",on-site,full time,experienced,,17 days ago,2.0,nasr city,cairo,egypt
administration manager,confidential,"['administration', 'office management']",on-site,full time,manager,,17 days ago,3.0,musturad,qalubia,egypt
material planning section head,amreyah cement,"['material planning', 'planning', 'engineering', 'management', 'business administration', 'cpim', 'manufacturing', 'production']",on-site,full time,manager,,17 days ago,3.0,cairo,cairo,egypt
medical sales representative - alexandria,orthomedics,"['customer service', 'medical sales', 'medical', 'sales target', 'medical devices sales', 'otdoor sales', 'pharmacy']",on-site,full time,entry level,,17 days ago,1.0,sidi bishr,alexandria,egypt
internal audit supervisor,eagle chemicals,"['accounting', 'auditing', 'finance', 'financial analysis', 'risk management', 'internal controls', 'compliance', 'data analysis']",on-site,full time,experienced,,17 days ago,2.0,nozha,cairo,egypt
piping engineer,doosan enerbility co .ltd,"['autocad', 'engineering', 'mechanical engineering', 'piping design', 'welding']",on-site,full time,experienced,,17 days ago,2.0,dabaa,matruh,egypt
it specialist,midea group,"['computer science', 'information technology (it)', 'technical support', 'it asset management', 'network troubleshooting', 'english', 'problem solving', 'time management']",on-site,full time,entry level,,17 days ago,1.0,smart village,giza,egypt
digital marketing & social media specialist,al aidy marketing managment,"['digital marketing', 'e-marketing', 'marketing', 'social media']",remote,full time,experienced,,17 days ago,2.0,sharqia,sharqia,egypt
stock controller 10th of ramadan,fridal,"['accounting', 'stock control', 'supply chain', 'business management', 'customer service', 'management', 'engineering']",on-site,full time,entry level,,17 days ago,1.0,10th of ramadan city,sharqia,egypt
automation test engineer.,etisalat egypt,"['automation', 'computer science', 'information technology (it)', 'software testing', 'testing', 'multiple machines', 'grid']",hybrid,full time,experienced,,17 days ago,2.0,mohandessin,giza,egypt
brand manager,confidential,"['brand strategy', 'market analysis', 'pets', 'consumer health', 'business administration', 'pharmacy', 'veterinary medicine', 'brand management']",on-site,full time,manager,,17 days ago,3.0,mokattam,cairo,egypt
senior geotechnical engineer,egec,"['geotechnical engineering', 'geotechnical', 'engineering', 'engineering services', 'engineering service', 'engineering field', 'civil engineering', 'design']",on-site,full time,experienced,,17 days ago,2.0,haram,giza,egypt
sr. electrical engineer,afniah consulting engineering,"['electrical engineering', 'design', 'revit', 'power', 'lighting', 'autocad', 'electrical engineering principles of ksa', 'electrical engineering codes', 'ksa electrical engineering standards']",on-site,full time,experienced,,17 days ago,2.0,heliopolis,cairo,egypt
electrical tendering engineer – medium voltage panels,tepco s.a.e.,"['electrical engineering', 'medium voltage', 'tendering', 'engineering', 'manufacturing', 'low voltage', 'mv']",on-site,full time,experienced,,17 days ago,2.0,6th of october,giza,egypt
interior design engineer,el mansour development,"['design', 'engineering', 'interior design', 'adobe photoshop', 'architecture', '3ds max', 'autocad', 'computer science', 'information technology (it)']",on-site,full time,experienced,,17 days ago,2.0,mokattam,cairo,egypt
a/r accountant / minya,alarabia group,"['accounting', 'ar', 'finance', 'financial analysis', 'communication', 'financial', 'financial reporting', 'reporting']",hybrid,full time,experienced,,17 days ago,2.0,menia,minya,egypt
qc civil engineer,el mansour development,"['civil engineering', 'engineering', 'construction', 'qc', 'autocad', 'microsoft office', 'qa', 'architecture']",on-site,full time,experienced,,17 days ago,2.0,cairo,cairo,egypt
senior design architect,cred developments,"['autocad', 'design', 'interior', 'interior design', 'sketchup', 'photoshop', '3d max', 'architecture']",on-site,full time,experienced,,17 days ago,2.0,new cairo,cairo,egypt
quality control engineer,la poire,"['quality control', 'quality assurance', 'engineering', 'management', 'microsoft office', 'quality management', 'gmp', 'safety']",on-site,full time,experienced,,17 days ago,2.0,basatin,cairo,egypt
deputy branch manager (nationwide egypt),"the micro, small & medium enterprise development agency","['branch management', 'branch operations', 'financial services', 'decision making', 'problem solving', 'administration']",on-site,full time,manager,,17 days ago,3.0,giza,giza,egypt
sales development representative (sdr),remote&,"['business development', 'sales', 'sales development', 'sales target']",remote,full time,entry level,,17 days ago,1.0,cairo,cairo,egypt
oracle fusion specialist (supply chain),al-amal al-sharif for plastic,"['erp', 'fusion', 'computer science', 'information technology (it)', 'oracle fusion', 'oracle', 'supply chain']",on-site,full time,entry level,,17 days ago,1.0,sharqia,sharqia,egypt
operations executive - layan branch - new cairo,confidential,"['operations', 'science', 'management', 'facility', 'administration', 'arts', 'maintenance']",on-site,full time,experienced,,17 days ago,2.0,maadi,cairo,egypt
senior site engineer - architecture,redminds developments,"['construction management', 'architectural engineering', 'real estate development', 'technical office leadership', 'autocad', 'revit', 'project management', 'team leadership', 'cost estimation']",on-site,full time,senior management,,17 days ago,,cairo,cairo,egypt
assistant to the chief operating officer (coo),afniah consulting engineering,"['personnel management', 'microsoft excel', 'microsoft word', 'presentations', 'time scheduling', 'real time management', 'microsoft outlook', 'engineering consulting', 'engineering design']",on-site,full time,experienced,,17 days ago,2.0,heliopolis,cairo,egypt
accountant,national technology group,"['accounting', 'microsoft office', 'accounts payable']",on-site,full time,experienced,,17 days ago,2.0,6th of october,giza,egypt
technical office architect team leader,redminds developments,"['construction management', 'architectural engineering', 'real estate development', 'technical office leadership', 'autocad', 'revit', 'project management', 'team leadership', 'cost estimation']",on-site,full time,experienced,,17 days ago,2.0,cairo,cairo,egypt
graphic designer,confidential,"['graphic design', 'design', 'photoshop', 'graphic', 'illustrator', 'canva', 'adobe photoshop', 'adobe illustrator']",remote,full time,experienced,,17 days ago,2.0,cairo,cairo,egypt
account manager (partner relationship manager),next technology development,"['account management', 'business administration', 'business development', 'communication', 'customer service', 'management', 'marketing']",on-site,full time,experienced,,17 days ago,2.0,cairo,cairo,egypt
senior key account manager – engineering,wadi degla clubs,"['ups', 'datacenter', 'hvac', 'engineering', 'sales', 'electromechanical engineering', 'marketing']",on-site,full time,experienced,,17 days ago,2.0,cairo,cairo,egypt
senior technical office engineer for facility management,confidential,"['technical office', 'maintenance', 'engineering', 'autocad', 'construction', 'management', 'microsoft excel', 'microsoft office', 'planning']",on-site,full time,experienced,,17 days ago,2.0,downtown,cairo,egypt
planning lead,fine hygienic holding,"['planning', 'logistics management', 'logistics', 'supply chain', 'forecasting', 'engineering', 'business administration', 'business development']",on-site,full time,experienced,,17 days ago,2.0,6th of october,giza,egypt
personnel specialist,confidential,"['human resources (hr)', 'personnel', 'human resources', 'microsoft office', 'social insurance', 'medical insurance', 'business administration']",on-site,full time,experienced,,17 days ago,2.0,new cairo,cairo,egypt
marketing director,our education,"['marketing', 'management', 'branding', 'digital marketing', 'leadership', 'market research', 'marketing campaigns']",on-site,full time,senior management,,17 days ago,,maadi,cairo,egypt
training manager,cairbou coffee egypt,"['human resources (hr)', 'management', 'training', 'curriculum development', 'performance management', 'talent development', 'learning & development', 'coaching']",on-site,full time,manager,,17 days ago,3.0,maadi,cairo,egypt
packaging & development officer,dabur,"['science', 'r&d', 'business development', 'engineering', 'mechanical engineering', 'microsoft office', 'chemistry', 'packaging']",on-site,full time,experienced,,17 days ago,2.0,10th of ramadan city,cairo,egypt
enterprise sales executive,secu tech,"['sales target', 'it service management', 'sales', 'b2b sales', 'computer science', 'customer service']",on-site,full time,experienced,,17 days ago,2.0,smart village,giza,egypt
executive secretary,ift corporation,"['executive secretary', 'office management', 'business administration', 'microsoft office', 'administration']",on-site,full time,experienced,,17 days ago,2.0,mokattam,cairo,egypt
executive chef – iraq,top organic,"['head chef', 'executive management', 'team leadership', 'menu costing', 'microsoft office', 'leadership', 'hospitality', 'food cost']",on-site,full time,manager,,17 days ago,3.0,cairo,cairo,egypt
recruitment officer,power solutions,"['human resources (hr)', 'personnel management', 'recruitment', 'microsoft office', 'candidate sourcing', 'interviewing', 'onboarding', 'talent acquisition']",on-site,full time,experienced,,17 days ago,2.0,6th of october,giza,egypt
senior customer service & logistics specialist,confidential,"['customer service', 'inside sales', 'sales target', 'sales', 'administration', 'business administration', 'communication']",on-site,full time,experienced,,17 days ago,2.0,maadi,cairo,egypt
medical sales representative,samy medical,"['medical sales', 'sales target achievement', 'client relationship management', 'product knowledge', 'communication skills', 'negotiation', 'presentation skills', 'market analysis', 'territory management']",on-site,full time,entry level,,17 days ago,1.0,alexandria,alexandria,egypt
financial planning & analysis (fp&a) & budgeting manager,am group,"['accounting', 'finance', 'budgeting', 'analysis', 'financial planning', 'financial management', 'cma', 'financial']",on-site,full time,manager,,17 days ago,3.0,cairo,cairo,egypt
professional tourist visa consultant,trip house travel,"['visa processing', 'worldwide visa regulations', 'tourism visa expertise', 'client consultation', 'sales acumen', 'customer service excellence', 'document management']",on-site,full time,experienced,,17 days ago,2.0,nasr city,cairo,egypt
collections specialist,tbk developments,"['accounting', 'collection', 'finance', 'financial', 'microsoft office']",on-site,full time,entry level,,17 days ago,1.0,new cairo,cairo,egypt
treasury & banking manager,am group,"['accounting', 'banking', 'treasury', 'finance', 'financial analysis', 'manufacturing', 'microsoft excel']",on-site,full time,manager,,17 days ago,3.0,obour city,cairo,egypt
junior accountant,egyptian english language schools,"['accounting', 'computer software', 'financial', 'finance', 'analytical', 'microsoft office', 'ms office', 'financial analysis', 'financial reporting']",on-site,full time,entry level,,17 days ago,1.0,alexandria,alexandria,egypt
operations manager,confidential,"['management', 'microsoft office']",on-site,full time,manager,,17 days ago,3.0,cairo,cairo,egypt
it business solutions manager – manufacturing & logistics (oracle fusion ),kgroup,"['oracle fusion erp', 'erp implementation & support', 'business applications management', 'system integration', 'application support', 'sla management', 'it service management (itsm)']",on-site,full time,manager,,17 days ago,3.0,obour city,cairo,egypt
store manager,beneshty,"['retail', 'store management', 'sales', 'negotiation', 'team management']",on-site,full time,manager,,17 days ago,3.0,mohandessin,giza,egypt
technical support mobile engineer,oppo egypt,"['management', 'computer science', 'english', 'information technology (it)', 'skills', 'technical support', 'engineering', 'communication']",on-site,full time,entry level,,17 days ago,1.0,nasr city,cairo,egypt
back office application support engineer,confidential,"['application support', 'computer science', 'information technology (it)', 'information systems', 'microsoft office', 'communication', 'customer support']",on-site,full time,entry level,,17 days ago,1.0,shorouk city,cairo,egypt
senior design engineer- security systems,audio technology,"['engineering', 'design', 'security systems', 'light current systems', 'cctv system', 'presales']",on-site,full time,experienced,,17 days ago,2.0,sheraton,cairo,egypt
sales engineer - aluminum,confidential,"['development', 'sales target', 'communication', 'construction', 'engineering', 'building materials', 'sales']",on-site,full time,experienced,,17 days ago,2.0,cairo,cairo,egypt
corporate sales specialist - medical insurance,محمود سليمان للوساطة التامينية,"['corporate sales', 'medical insurance', 'sales target achievement', 'client relationship management', 'negotiation', 'presentation skills', 'market analysis']",on-site,full time,experienced,,17 days ago,2.0,nasr city,cairo,egypt
leadership program,east,"['internship', 'engineering']",on-site,part time,entry level,,17 days ago,1.0,maadi,cairo,egypt
maintenance engineer,power solutions,"['electrical', 'engineering', 'mechanical engineering', 'maintenance', 'spare parts', 'production', 'communication skills', 'communication']",on-site,full time,experienced,,17 days ago,2.0,6th of october,giza,egypt
architect & interior designer,elsaba group co.,"['architecture', 'autocad', 'design', 'interior design', 'architectural engineering', 'construction']",on-site,full time,entry level,,17 days ago,1.0,new cairo,cairo,egypt
operations associate,clevrly,"['customer service', 'customer support', 'sales', 'business english', 'crm software', 'operations management', 'standard operating procedure']",on-site,full time,entry level,,18 days ago,1.0,cairo,cairo,egypt
equipment engineer – caterpillar equipment - yemen,kamf real estate marketing,"['heavy equipment', 'maintenance', 'communication', 'engineering', 'management', 'mechanical', 'mechanical engineering']",on-site,full time,experienced,,18 days ago,2.0,cairo,cairo,egypt
electrical engineer – caterpillar equipment-yemen,kamf real estate marketing,"['electrical engineering', 'engineering', 'communication', 'control systems', 'heavy equipment', 'maintenance', 'mechanical engineering', 'troubleshooting']",on-site,full time,experienced,,18 days ago,2.0,cairo,cairo,egypt
senior web developer,madar soft,"['computer science', 'information technology (it)', 'software development', 'web', 'css', 'javascript', 'mvc', 'agile']",remote,full time,experienced,,18 days ago,2.0,fleming,alexandria,egypt
recruitment coordinator,riseup (endemag for administrative skills development),"['administration', 'business administration', 'communication', 'hr', 'human resources (hr)', 'management', 'microsoft office', 'recruitment']",hybrid,full time,entry level,,18 days ago,1.0,maadi,cairo,egypt
job change engineer-glass experience,kandil glass,"['glass', 'maintenance']",on-site,full time,experienced,,18 days ago,2.0,cairo,cairo,egypt
business development specialist,arla group,"['business development', 'marketing', 'sales', 'business administration', 'administration', 'corporate sales', 'b2b', 'crm']",on-site,full time,experienced,,18 days ago,2.0,sheikh zayed,giza,egypt
procurement engineer,east,"['supply chain', 'procurement', 'engineering']",on-site,full time,entry level,,18 days ago,1.0,maadi,cairo,egypt
recruitment & talent acquisition specialist,arla group,"['human resources (hr)', 'interviewing', 'recruitment', 'talent acquisition']",on-site,full time,entry level,,18 days ago,1.0,sheikh zayed,giza,egypt
finance manager,confidential,"['financial data analysis', 'financial management', 'budgeting', 'cashflow managment', 'financial reporting', 'cost control', 'leadership', 'financial planing']",on-site,full time,manager,,18 days ago,3.0,maadi,cairo,egypt
procurement manager,suez canal container terminal,"['procurement', 'logistics', 'management', 'supply chain']",on-site,full time,manager,,18 days ago,3.0,port fuad,port said,egypt
chromatography specialist,confidential,"['chromatography', 'application specialist', 'analytical instrument sales / technical executive', 'product specialist - analytical equipment', 'agriculture']",on-site,full time,experienced,,18 days ago,2.0,cairo,cairo,egypt
founding operations manager (launch team),laundo,"['operations management', 'logistics', 'supply chain', 'last mile', 'fleet management', 'dispatch', 'route planning']",on-site,full time,manager,,18 days ago,3.0,new cairo,cairo,egypt
sales specialist - 6th of october,b.tech,"['sales', 'sales target', 'stock accuracy', 'marketing', 'products safety', 'stock control', 'maintenance', 'invoicing', 'sales tracking']",on-site,full time,entry level,,18 days ago,1.0,6th of october,giza,egypt
finance manager,confidential,"['financial management', 'budgeting', 'cost accounting', 'financial', 'manufacturing', 'oracle', 'financial analysis']",on-site,full time,manager,,18 days ago,3.0,cairo,cairo,egypt
contact center operations supervisor,waffarha.com,"['call center', 'contact center', 'customer service', 'customer support', 'analysis', 'management', 'leadership', 'performance management']",on-site,full time,manager,,18 days ago,3.0,sheraton,cairo,egypt
senior fire protection engineer,ece,"['design', 'engineering', 'mechanical', 'mechanical engineering']",on-site,full time,experienced,,18 days ago,2.0,sheraton,cairo,egypt
interior designer,confidential,"['autocad', 'photoshop cs6', '3ds max', 'microsoft office', 'interior design', 'architectural engineering', 'business english', 'design']",on-site,full time,entry level,,18 days ago,1.0,nasr city,cairo,egypt
customer experience & engagement analyst,tank,"['customer experience', 'crm', 'power bi', 'microsoft power bi', 'advanced excel', 'microsoft excel', 'dashboards', 'odoo']",on-site,full time,experienced,,18 days ago,2.0,new nozha,cairo,egypt
marketing specialist,olis holding,"['marketing', 'creative ideas', 'business administration', 'english', 'digital marketing', 'e-marketing', 'trade marketing', 'brand management']",on-site,full time,entry level,,18 days ago,1.0,10th of ramadan city,sharqia,egypt
general accountant,olis holding,"['accounting', 'finance', 'financial analysis', 'accounting software', 'financial management']",on-site,full time,entry level,,18 days ago,1.0,10th of ramadan city,sharqia,egypt
supply chain manager,confidential,"['supply chain management', 'logistics', 'procurement', 'supply', 'purchasing', 'inventory management', 'vendor management', 'strategic sourcing', 'operations management']",on-site,full time,manager,,18 days ago,3.0,cairo,cairo,egypt
sales account manager - wuzzuf,wuzzuf,"['sales target', 'sales', 'customer service']",hybrid,full time,entry level,,18 days ago,1.0,maadi,cairo,egypt
senior material planner,swiss garment company,"['material planning', 'material requirements planning (mrp)', 'supply chain']",on-site,full time,experienced,,18 days ago,2.0,10th of ramadan city,sharqia,egypt
technical support / it specialist,swiss garment company,"['communication', 'computer science', 'information technology (it)', 'networking', 'troubleshooting', 'technical support', 'customer support']",on-site,full time,experienced,,18 days ago,2.0,10th of ramadan city,sharqia,egypt
business development specialist ( sales outdoors),horeca star,"['business development', 'sales', 'sales skills', 'sales target', 'communication', 'english', 'outdoor sales', 'communication skills']",on-site,full time,experienced,,18 days ago,2.0,cairo,cairo,egypt
quality assurance specialist,national glass,"['qa', 'quality assurance', 'test cases', 'bug reporting', 'manual testing', 'software development life cycle (sdlc)', 'communication skills']",on-site,full time,entry level,,18 days ago,1.0,10th of ramadan city,sharqia,egypt
customer service assistant,qmove,"['customer service', 'customer care', 'customer support', 'communication', 'ms office', 'sales', 'crm']",on-site,full time,entry level,,18 days ago,1.0,cairo,cairo,egypt
social media designer,swapdor international trading,"['e-marketing', 'social media', 'marketing', 'communication', 'creative', 'adobe photoshop', 'design']",on-site,full time,entry level,,18 days ago,1.0,cairo,cairo,egypt
facility engineer,mersal,"['electrical engineering', 'engineering', 'mechanical engineering', 'facility management', 'mep', 'mechanical']",on-site,full time,experienced,,18 days ago,2.0,maadi,cairo,egypt
treasury accountant,khater sports group,"['construction', 'treasury', 'accounting', 'financial analysis', 'construction finance', 'cash management', 'risk management', 'forecasting']",on-site,full time,experienced,,18 days ago,2.0,nasr city,cairo,egypt
qa manager (background foods),confidential,"['quality assurance', 'food safety', 'haccp implementation', 'iso standards compliance', 'analytical thinking', 'audit management', 'english']",on-site,full time,manager,,18 days ago,3.0,6th of october,giza,egypt
telesales representative,nextera education,"['telesales', 'sales', 'customer service', 'microsoft office', 'negotiation', 'crm', 'communication']",on-site,full time,experienced,,18 days ago,2.0,maadi,cairo,egypt
accountant,arma non food,"['accounting', 'finance', 'financial analysis', 'financial management', 'accounting software', 'accounts payable', 'bookkeeping', 'financial', 'financial reporting']",on-site,full time,experienced,,18 days ago,2.0,talkha,dakahlia,egypt
senior graphic designer,infinity clinic pharma,"['adobe illustrator', 'adobe photoshop', 'graphic design', 'design', 'branding', 'motion', 'motion graphics', 'packaging', 'social media']",on-site,full time,experienced,,18 days ago,2.0,nasr city,cairo,egypt
senior planning engineer,ghoneim developments group,"['engineering', 'planning', 'analysis', 'construction']",on-site,full time,experienced,,18 days ago,2.0,cairo,cairo,egypt
teachers for all subjects,green heights language school,"['teaching', 'general educational development']",on-site,full time,experienced,,18 days ago,2.0,new cairo,cairo,egypt
performance marketing manager.,confidential,"['marketing', 'b2b', 'ai', 'demand planning', 'gtm', 'export development', 'ads']",hybrid,full time,experienced,,18 days ago,2.0,alsadat city,monufya,egypt
senior export sales operation,al amir ingredients,"['export sales operation', 'food intgredients industry', 'asptic concentrates', 'technical data sheets(tds)', 'cerificates of analysis(coa)', 'incoterms fob cif cfr', 'sap s/4hana', 'zoho crm']",on-site,full time,experienced,,18 days ago,2.0,alsadat city,monufya,egypt
export sales manager,al amir ingredients,"['export documentation', 'crm systems( zoho/sales force', 'b2b sales', 'food ingredients insustry', 'tecnical data sheets (tds)', 'certificates of anaysis(coa)', 'incoterms(fob,cif,cfr)']",on-site,full time,manager,,18 days ago,3.0,alsadat city,monufya,egypt
civil engineer,aga khan cultural services- egypt (akcs-e),"['architecture', 'civil engineering', 'construction', 'engineering']",on-site,full time,experienced,,18 days ago,2.0,darrasa,cairo,egypt
senior architecture engineer,ghoneim developments group,"['architecture', 'autocad', 'engineering']",on-site,full time,experienced,,18 days ago,2.0,new cairo,cairo,egypt
administrative assistant,aladly &co,"['administration', 'office management', 'microsoft office', 'customer support', 'communication', 'data entry', 'management']",on-site,full time,entry level,,18 days ago,1.0,sheikh zayed,giza,egypt
junior technical consultant engineer - aluminum,alumil,"['engineering', 'microsoft excel', 'communication', 'technical support', 'autocad', 'computer science', 'computer skills', 'information technology (it)']",on-site,full time,experienced,,18 days ago,2.0,heliopolis,cairo,egypt
local purchasing manager,national glass,"['procurement', 'purchasing', 'vendor management', 'negotiation', 'supply chain management', 'contract management', 'cost reduction', 'logistics', 'stakeholder management']",on-site,full time,manager,,18 days ago,3.0,sharqia,sharqia,egypt
digital marketing team leader (fashion/ e-commerce),casa sancho,"['administration', 'marketing', 'marketing operations', 'sales', 'digital marketing', 'communication', 'coordination']",hybrid,full time,experienced,,18 days ago,2.0,cairo,cairo,egypt
spare parts operations lead,raya auto,"['vendor management', 'inventory control', 'spare parts sales', 'operations management', 'spare parts logistics', 'supply chain optimization', 'customer relationship management']",on-site,full time,experienced,,18 days ago,2.0,giza,giza,egypt
quality assurance coordinator,cairo three a  for agricultural and animal production,"['qa', 'quality assurance', 'agriculture', 'lab analysis', 'data collection', 'documentation', 'problem solving', 'attention to detail', 'communication skills']",on-site,full time,entry level,,18 days ago,1.0,new cairo,cairo,egypt
talent acquisition specialist (blue collars),anasia egypt for trading,"['human resources (hr)', 'interviewing', 'recruitment', 'talent acquisition']",on-site,full time,entry level,,18 days ago,1.0,sheraton,cairo,egypt
senior talent acquisition specialist,gazala steel fabrication gsf,"['human resources', 'human resources (hr)', 'hiring', 'talent acquisition', 'recruitment', 'blue-collar']",on-site,full time,experienced,,18 days ago,2.0,new cairo,cairo,egypt
hr manager,confidential,"['hr', 'human resources (hr)', 'microsoft office', 'recruitment', 'personnel']",on-site,full time,manager,,18 days ago,3.0,nasr city,cairo,egypt
quantity surveying engineer,module streamline,"['autocad', 'engineering', 'quantity surveying', 'civil engineering', 'surveying']",on-site,full time,experienced,,18 days ago,2.0,6th of october,giza,egypt
senior property consultant,emarcom group developments,"['property sales', 'real estate market analysis', 'client relationship management', 'sales target achievement', 'negotiation', 'communication skills', 'market research', 'presentation skills', 'lead generation']",on-site,full time,experienced,,18 days ago,2.0,giza,giza,egypt
technical office engineer (shop drawings),module streamline,"['engineering', 'shop drawings', 'technical office']",on-site,full time,experienced,,18 days ago,2.0,6th of october,giza,egypt
electrical maintenance engineer,east,"['maintenance', 'electrical engineering', 'electrical maintenance']",on-site,full time,experienced,,18 days ago,2.0,maadi,cairo,egypt
cost accountant,acry hub,"['accounting', 'finance', 'cost accounting', 'commerce', 'financial analysis']",on-site,full time,experienced,,18 days ago,2.0,albagour,monufya,egypt
export sales manager – marble & granite,tabarak marble,"['export sales', 'export', 'sales target', 'customer service', 'sales', 'building materials', 'sales field', 'logistics', 'marketing']",on-site,full time,experienced,,18 days ago,2.0,masr al qadima,cairo,egypt
civil engineer,academia for industrial solutions,"['civil engineering', 'communication', 'engineering', 'projects']",on-site,full time,entry level,,18 days ago,1.0,new cairo,cairo,egypt
hse manager,akhnaton trading and distribution - eva group limted,"['administration', 'engineering', 'health and safety', 'hse management', 'hse', 'safety', 'management']",on-site,full time,manager,,18 days ago,3.0,downtown,cairo,egypt
supply chain manager – chemical additives industry ‎,confidential,"['supply chain', 'supply', 'purchasing', 'procurement', 'logistics', 'sales operations']",on-site,full time,manager,,18 days ago,3.0,giza,giza,egypt
mechanical engineer,flex asepto,"['cad', 'electrical engineering', 'engineering', 'maintenance', 'management', 'mechanical', 'mechanical engineering', 'project management', 'troubleshooting']",on-site,full time,experienced,,18 days ago,2.0,ain sokhna,suez,egypt
supply chain section head,confidential,"['procurement', 'purchasing', 'supply chain', 'logistics', 'management', 'supply', 'supply chain management']",on-site,full time,manager,,18 days ago,3.0,6th of october,giza,egypt
junior technical drafter,hswoodindustries,"['3d modeling', 'autocad', 'rendering']",on-site,full time,experienced,,18 days ago,2.0,new nozha,cairo,egypt
claims auditor - resubmission unit,al ahly medical company,"['medical claims', 'medical', 'auditing', 'reporting', 'quality assurance', 'data analysis', 'attention to detail', 'regulatory compliance']",on-site,full time,experienced,,18 days ago,2.0,giza,giza,egypt
cnc wood machinery operator,hswoodindustries,"['cnc machines', 'woodworking', 'machine operator']",on-site,full time,experienced,,18 days ago,2.0,cairo,cairo,egypt
financial officer,alshrouk paper,"['finance', 'financial analysis', 'financial management', 'budgeting', 'forecasting', 'strategic planning', 'risk management', 'compliance', 'accounting software']",on-site,full time,manager,,18 days ago,3.0,alsadat city,monufya,egypt
junior technical facade engineer,cpc,"['aluminum & glazing', 'aluminum', 'engineering', 'facade design', 'structural analysis', 'cad software', 'material science', 'building codes']",on-site,full time,entry level,,18 days ago,1.0,maadi,cairo,egypt
sales teamleader,ehg intelligence,"['sales', 'b2b sales', 'field sales', 'cold calling', 'lead generation', 'team leadership', 'account management', 'crm']",on-site,full time,experienced,,18 days ago,2.0,sheikh zayed,giza,egypt
recruitment & l&d specialist,ferrometalco steel construction,"['human resources (hr)', 'recruitment', 'training', 'development']",on-site,full time,entry level,,18 days ago,1.0,belbes,sharqia,egypt
bim senior facade engineer,cpc,"['aluminum', 'façade engineering', 'glazing', 'bim', 'engineering', 'revit', 'autocad', 'civil3d']",on-site,full time,experienced,,18 days ago,2.0,maadi,cairo,egypt
مدير مالي,confidential,"['قيادة الفريق', 'التخطيط المالي', 'إدارة السيولة والتحصيل', 'إعداد التقارير', 'الدقة والقدرة على اتخاذ القرار']",on-site,full time,senior management,,18 days ago,,new cairo,cairo,egypt
process engineer,haier electric egypt,"['engineering', 'erp systems', 'process mapping', 'six sigma', 'mechanical engineering', 'fmea', 'computer science', 'information technology (it)']",on-site,full time,experienced,,18 days ago,2.0,10th of ramadan city,sharqia,egypt
sales development representative (pre-sales),logiworx,"['sales', 'business development', 'development', 'pre-sales', 'sales development', 'sales target', 'communication', 'startup']",remote,part time,experienced,,18 days ago,2.0,cairo,cairo,egypt
b2b business developer,aces contact center,"['lead generation', 'b2b', 'sales', 'business development', 'business process outsourcing', 'bpo', 'telesales']",remote,full time,entry level,,18 days ago,1.0,cairo,cairo,egypt
payroll specialist,burger king,"['payroll', 'human resources (hr)', 'personnel', 'recruitment', 'accounting']",on-site,full time,experienced,,18 days ago,2.0,heliopolis,cairo,egypt
facade design team leader,cpc,"['aluminum', 'bim', 'cad', 'engineering', 'shop drawings', 'facade design', 'architectural design']",on-site,full time,experienced,,18 days ago,2.0,maadi,cairo,egypt
risk & compliance senior specialist,royal herbs,"['quality assurance', 'quality management system', 'risk and compliance', 'pharmaceutical industry', 'pharma', 'quality auditing', 'certified internal auditor (cia)', 'certified information systems auditor']",on-site,full time,experienced,,18 days ago,2.0,haram,giza,egypt
it infrastructure & application support supervisor – fayoum site,logistica,"['it infrastructure & security management', 'enterprise applications & technical support']",on-site,full time,experienced,,18 days ago,2.0,fayoum,fayoum,egypt
procurement supervisor,erada,"['procurement', 'logistics', 'purchasing', 'supply chain', 'it', 'software', 'cloud infrastructure', 'mba']",on-site,full time,experienced,,19 days ago,2.0,maadi,cairo,egypt
sales manager,deemax,"['customer service', 'sales', 'sales target', 'microsoft office', 'account management', 'business development', 'communication']",on-site,full time,manager,,19 days ago,3.0,abbassia,cairo,egypt
cost accountant - manufacturing environment,deemax,"['accounting', 'finance', 'financial analysis', 'manufacturing', 'cost accountant', 'microsoft excel', 'cost accounting']",on-site,full time,experienced,,19 days ago,2.0,abbassia,cairo,egypt
executive assistant / chairman's office manager,deemax,"['administration', 'microsoft office', 'office management', 'communication', 'management', 'customer support']",on-site,full time,experienced,,19 days ago,2.0,abbassia,cairo,egypt
design engineer – commercial refrigeration & kitchen equipment,deemax,"['design', 'autocad', 'mechanical engineering', 'solidworks', 'electrical engineering', 'architectural design']",on-site,full time,experienced,,19 days ago,2.0,abbassia,cairo,egypt
facilities manager,blue ventures,"['facility management', 'maintenance', 'administration', 'management', 'security', 'engineering', 'development', 'cctv system', 'fire extinguishers']",on-site,full time,manager,,19 days ago,3.0,nasr city,cairo,egypt
workspace business development executive,blue ventures,"['business development', 'sales target', 'sales', 'b2b', 'communication', 'development', 'marketing', 'negotiation']",on-site,full time,experienced,,19 days ago,2.0,nasr city,cairo,egypt
business development executive,blue ventures,"['business development', 'sales', 'sales target', 'outdoor sales', 'b2b sales', 'b2b', 'corporate sales', 'development']",on-site,full time,entry level,,19 days ago,1.0,nasr city,cairo,egypt
light current engineer,beverlyhills,"['light current systems', 'electrical engineering', 'system installation', 'maintenance & repair', 'troubleshooting', 'autocad', 'project management', 'safety regulations']",on-site,full time,experienced,,19 days ago,2.0,shorouk city,cairo,egypt
technical office engineer (aluminum & glass sector),el alfy group,"['autocad', 'glass', 'aluminum', 'technical office', 'microsoft office', 'engineering', 'facade']",on-site,full time,experienced,,19 days ago,2.0,badr city,cairo,egypt
maintenance engineer,confidential,"['engineering', 'maintenance', 'mechanical engineering', 'information technology (it)']",on-site,full time,entry level,,19 days ago,1.0,10th of ramadan city,sharqia,egypt
commercial manager,blue ventures,"['sales', 'marketing', 'management', 'f&b', 'food & beverage']",on-site,full time,manager,,19 days ago,3.0,nasr city,cairo,egypt
group commercial department,blue ventures,"['business development', 'sales', 'sales strategies', 'sales planning', 'accounting', 'administration', 'communication', 'marketing', 'crm']",on-site,full time,senior management,,19 days ago,,cairo,cairo,egypt
payroll & personnel specialist,euromed for medical industries,"['payroll', 'personnel', 'human resources (hr)', 'labor law', 'social insurance', 'attendance management', 'microsoft excel', 'pivot tables', 'xlookup / vlookup']",on-site,full time,experienced,,19 days ago,2.0,nasr city,cairo,egypt
production manager (steel & metal products),confidential,"['engineering', 'manufacturing', 'management', 'production', 'maintenance', 'mechanical engineering', 'planning']",on-site,full time,manager,,19 days ago,3.0,qalubia,qalubia,egypt
business development consultant,gulf data international,"['business development', 'development', 'sales target', 'sales']",on-site,full time,manager,,20 days ago,3.0,heliopolis,cairo,egypt
customer support real estate specialist,gulf data international,"['customer care', 'customer service', 'customer support', 'real estate', 'sales', 'communication', 'problem-solving', 'client relationship management']",on-site,full time,entry level,,20 days ago,1.0,nasr city,cairo,egypt
social media specialist,raqmu for building and construction,"['e-marketing', 'marketing', 'social media']",on-site,full time,experienced,,20 days ago,2.0,new cairo,cairo,egypt
production engineering manager,grain,"['production', 'engineering', 'manufacturing', 'process optimization', 'quality control', 'lean principles', 'project management', 'problem solving']",on-site,full time,manager,,20 days ago,3.0,alsadat city,monufya,egypt
bank accountant,confidential,"['accounting', 'accounting software', 'financial', 'accounts payable', 'communication skills', 'excel', 'finance', 'banking']",remote,full time,experienced,,20 days ago,2.0,sheraton,cairo,egypt
architecture technical office engineer,meraki fine finishes,"['autocad', 'technical office management', 'architectural design', 'sketchup', 'bim software', 'construction documentation', 'project coordination', 'material selection', 'site supervision']",on-site,full time,experienced,,20 days ago,2.0,dokki,giza,egypt
construction project manager,meraki fine finishes,"['construction', 'project management', 'engineering', 'site supervision', 'budget management', 'risk management', 'contract negotiation', 'autocad']",on-site,full time,manager,,20 days ago,3.0,dokki,giza,egypt
senior network engineer,crown computers,"['information technology (it)', 'network administration', 'network engineering', 'network security', 'helpdesk', 'microsoft azure', 'kaseya', 'connectwise', 'acronis']",remote,full time,experienced,,20 days ago,2.0,cairo,cairo,egypt
director of digital transformation & growth,mr. tailor,"['marketing', 'online marketing', 'digital advertising', 'digital marketing', 'information technology (it)', 'ai']",on-site,full time,experienced,,21 days ago,2.0,maadi,cairo,egypt
it manager,confidential,"['information technology (it)', 'project management']",on-site,full time,manager,,21 days ago,3.0,alsadat city,monufya,egypt
dentist (italian speaker),3d diagnostix,"['dental implants', 'dentist', 'dentistry', 'medical', 'healthcare', 'cosmetic dentistry', 'dental implant', 'dental care', 'pediatric dentistry']",on-site,full time,entry level,,21 days ago,1.0,maadi,cairo,egypt
quantity surveyor,sherif el-gohary & co.,"['architecture', 'civil engineering', 'construction', 'engineering']",on-site,full time,experienced,,21 days ago,2.0,mohandessin,giza,egypt
mechanical production engineer,fth-industries,"['sheet metal', 'mechanical design engineering', 'steel structure', 'solidworks', 'steel fabrication', 'workshop management', 'production engineering', 'production planning', 'cnc machines']",on-site,full time,experienced,,21 days ago,2.0,6th of october,giza,egypt
sales engineer - cardiac,ali ben ali,"['engineering', 'sales', 'sales target', 'biomedical', 'biomedical engineering', 'medical', 'microsoft office']",on-site,full time,entry level,,21 days ago,1.0,downtown,cairo,egypt
senior tenchnical office engineer,esc,"['autocad', 'engineering', 'information technology (it)', 'microsoft office', 'project management', 'technical documentation', 'construction management', 'civil engineering principles']",on-site,full time,experienced,,21 days ago,2.0,new cairo,cairo,egypt
backend engineer (node.js / nestjs / typescript),tech technology,"['node.js', 'software development', 'software engineering', 'typescript', 'nest', 'architecture', 'aws', 'computer science']",remote,full time,experienced,,21 days ago,2.0,cairo,cairo,egypt
senior procurement specialist,iskefe nile for leather manufacturing and trade,"['microsoft office', 'logistics', 'procurement', 'supply chain', 'purchasing', 'procurements', 'trade', 'compliance']",on-site,full time,experienced,,21 days ago,2.0,10th of ramadan city,sharqia,egypt
technical sales engineer,fth-industries,"['civil engineering', 'steel structure', 'technical sales', 'architecture', 'business development', 'outdoor sales', 'sales planning']",on-site,full time,experienced,,21 days ago,2.0,6th of october,giza,egypt
hse associate manager,dabur,"['hse', 'management', 'nebosh', 'microsoft office', 'engineering', 'project management', 'safety']",on-site,full time,manager,,21 days ago,3.0,10th of ramadan city,cairo,egypt
head of operations,power fast eg,"['management', 'networks', 'startup', 'technology', 'project', 'sales', 'microsoft office']",on-site,full time,senior management,,21 days ago,,giza,giza,egypt
operation team leader.,medexera,"['information technology (it)', 'customer support', 'call center', 'communication', 'leadership', 'sales', 'sales target']",on-site,full time,experienced,,22 days ago,2.0,new cairo,cairo,egypt
muffler production manager,confidential,"['engineering', 'manufacturing', 'production', 'lean manufacturing', 'quality control', 'process improvement', 'supply chain management']",on-site,full time,manager,,22 days ago,3.0,giza,giza,egypt
sales associate - fashion,talaat moustafa group,"['customer service', 'fashion', 'sales target', 'sales', 'retail sales', 'retail']",on-site,shift based,entry level,,22 days ago,1.0,cairo,cairo,egypt
merchandising manager,dreem mashreq foods,"['merchandising', 'retail', 'sales']",on-site,full time,manager,,22 days ago,3.0,cairo,cairo,egypt
ceo personal assistant,نوبل للتدريب - nobel group,"['office management', 'microsoft office', 'management', 'communication', 'administration', 'office management', 'calendar management', 'travel coordination', 'communication skills']",on-site,full time,experienced,,22 days ago,2.0,6th of october,giza,egypt
hr administrative assistants,نوبل للتدريب - nobel group,"['administration', 'hr', 'office management', 'microsoft office', 'customer service', 'organizational skills', 'data entry', 'confidentiality']",on-site,full time,experienced,,22 days ago,2.0,6th of october,giza,egypt
quality control chemist,sipes,"['quality control', 'chemistry', 'manufacturing']",on-site,full time,entry level,,22 days ago,1.0,10th of ramadan city,cairo,egypt
senior it specialist,مجموعة شركات النماء لحلول الاعمال التنفيذية وتنمية دخول الافراد,"['computer science', 'information technology (it)', 'software engineering', 'administration', 'management', 'dns', 'mysql', 'network']",on-site,full time,experienced,,22 days ago,2.0,6th of october,giza,egypt
head of leasing,mg developments,"['leasing', 'contract negotiation', 'real estate development', 'commercial negotiation', 'lasing manager', 'banking', 'business administration', 'computer science', 'database']",on-site,full time,manager,,22 days ago,3.0,new cairo,cairo,egypt
landscape lead architect,capital link developments,"['adobe photoshop', 'architecture', 'autocad', 'engineering', 'revit bim', 'sketchup', 'adobe indesign', 'lumion', 'bim']",on-site,full time,experienced,,22 days ago,2.0,new cairo,cairo,egypt
senior automation qa engineer,vertex technologies,"['test automation', 'selenium', 'cypress', 'ci/cd', 'api testing', 'agile methodologies', 'quality assurance', 'java / typescript / python / c#']",on-site,full time,experienced,,22 days ago,2.0,cairo,cairo,egypt
mechanical engineering manager,metalvision,"['mechanical engineering', 'electrical engineering', 'mechanical', 'engineering', 'business development', 'communication', 'manufacturing']",on-site,full time,manager,,22 days ago,3.0,6th of october,giza,egypt
iot solutions specialist,confidential,"['•\tmqtt', '•\tble', '•\tembedded systems', 'computer science', 'information technology (it)']",on-site,full time,experienced,,22 days ago,2.0,alexandria,alexandria,egypt
ai solutions specialist,روية للحلول المتكاملة,"['ai', '•\tpython', '•\ttensorflow', '•\tnlp', 'information technology (it)', 'sales', 'computer science']",on-site,full time,experienced,,22 days ago,2.0,alexandria,alexandria,egypt
application performance monitoring engineer,روية للحلول المتكاملة,"['performance monitoring', 'monitoring', 'software development', '•\tdashboard reporting', '•\trca', 'information technology (it)']",on-site,full time,experienced,,22 days ago,2.0,alexandria,alexandria,egypt
sales consultant,dwg,"['negotiation', 'sales prospecting', 'communication', 'time management', 'problem-solving', 'adaptability', 'teamwork', 'sales', 'sales field']",on-site,full time,experienced,,22 days ago,2.0,nasr city,cairo,egypt
qa engineer,confidential,"['qa', 'qc', 'quality assurance', 'quality control', '•\tselenium', '•\ttestrail', 'quality auditing']",on-site,full time,experienced,,22 days ago,2.0,alexandria,alexandria,egypt
devops engineer,confidential,"['•\tdocker', '•\tjenkins', '•\tmaven', '•\ttomcat', 'devops', 'computer science', 'software development', 'information technology (it)']",on-site,full time,experienced,,22 days ago,2.0,alexandria,alexandria,egypt
full stack developer,confidential,"['•\thtml  •\tcss  •\tjavascript  •\treact  •\tc#  •\t.net  •\tjava  •\toracle  •\tgit', 'software development', 'javascript', 'information technology (it)']",on-site,full time,experienced,,22 days ago,2.0,alexandria,alexandria,egypt
senior mechanical engineer – proposals and tenders,citiscape,"['engineering', 'mechanical', 'mechanical engineering']",on-site,full time,experienced,,22 days ago,2.0,katameya,cairo,egypt
backend developer (.net),confidential,"['•\tc#  •\t.net core / .net 8  •\tasp.net core web api  •\tentity framework core  •\tlinq', '•\trestful apis  •\topenapi (swagger)  •\tjson  •\tjwt authentication  •\toauth2', '•\toracle database  •\tsql  •\tstored procedures  •\tperformance tuning']",on-site,full time,experienced,,22 days ago,2.0,alexandria,alexandria,egypt
sales executive - industrial equipment,infinity for industrial investment,"['sales', 'business english', 'business development', 'microsoft office', 'communication', 'packaging machinery sales', 'email communication']",on-site,full time,experienced,,22 days ago,2.0,10th of ramadan city,sharqia,egypt
senior logistics specialist,confidential,"['logistics', 'management', 'supply chain', 'purchasing', 'communication skills']",on-site,full time,experienced,,22 days ago,2.0,qalyub,qalubia,egypt
backend developer (java),confidential,"['•\tjava  •\tspring boot / spring mvc  •\tc#  •\t.net  •\toracle  •\tsql  •\trest api  •\tjwt  •\toauth2  •\tgit', 'java', 'software engineering', 'software development']",on-site,full time,experienced,,22 days ago,2.0,alexandria,alexandria,egypt
customer service advisor – spanish speakers (manufacturing medical devices),k line europe,"['german speaker', 'key account management', 'account management', 'german language fluency', 'client relationship building', 'presentation skills', 'problem solving', 'negotiation']",remote,full time,experienced,,22 days ago,2.0,nasr city,cairo,egypt
clinics manager,mersal,"['administration', 'clinic', 'healthcare', 'medical', 'medicine', 'office management', 'procurement', 'quality']",on-site,full time,manager,,22 days ago,3.0,maadi,cairo,egypt
sales executive (catering),confidential,"['sales', 'sales target', 'customer service', 'food & beverage', 'negotiation', 'time management', 'communication']",on-site,full time,entry level,,22 days ago,1.0,nozha,cairo,egypt
mobile application developer,confidential,"['•\tandroid  •\tios  •\tjava  •\tkotlin  •\tswift  •\tflutter  •\trest api  •\tgit  •\tfirebase  •\tpush notifications  •\tbrowserstack', 'software engineering', 'software development']",on-site,full time,experienced,,22 days ago,2.0,alexandria,alexandria,egypt
senior accountant,confidential,"['accounting', 'finance', 'financial analysis', 'financial management', 'cost accounting', 'customer service', 'budgeting', 'financial reporting', 'auditing']",on-site,full time,manager,,22 days ago,3.0,nasr city,cairo,egypt
human resource business partner,confidential,"['human resources (hr)', 'hr policies', 'talent acquisition', 'employee relations', 'performance management', 'compensation & benefits', 'hris', 'labor law compliance', 'conflict resolution']",on-site,full time,experienced,,22 days ago,2.0,cairo,cairo,egypt
social studies teacher,ivy stem international school,"['history', 'social studies', 'teaching', 'economics', 'curriculum development', 'classroom management', 'lesson planning', 'student engagement', 'cross-cultural communication']",on-site,full time,entry level,,22 days ago,1.0,mokattam,cairo,egypt
cost accounting manager,egast,"['accounting', 'cost accounting', 'financial analysis']",on-site,full time,senior management,,22 days ago,,abu almatamir,beheira,egypt
operation engineer assistant,riseup (endemag for administrative skills development),"['engineering', 'management', 'sql', 'communication', 'computer science', 'information technology (it)', 'data analysis']",hybrid,full time,experienced,,22 days ago,2.0,maadi,cairo,egypt
electrical project engineer,spinneys egypt,"['electrical engineering', 'project management', 'food processing', 'automation systems', 'plc programming', 'electrical design', 'compliance standards', 'technical documentation', 'team collaboration']",on-site,full time,experienced,,22 days ago,2.0,cairo,cairo,egypt
electrical engineer,flex asepto,"['electrical troubleshooting', 'electrical engineering', 'plc', 'electrical systems', 'mechanical, electrical, and plumbing (mep)']",on-site,shift based,experienced,,22 days ago,2.0,ain sokhna,suez,egypt
officer - dispatch,flex asepto,"['dispatching', 'trucking', 'dispatch coordination', 'problem-solving', 'warehousing management', 'time management', 'dispatching', 'dispatch coordination', 'problem-solving']",on-site,full time,experienced,,22 days ago,2.0,ain sokhna,suez,egypt
mobile repair engineer (cairo),oppo egypt,"['maintenance', 'english', 'arabic', 'microsoft office', 'repair', 'computer skills', 'software', 'hardware', 'technician']",on-site,full time,entry level,,22 days ago,1.0,nasr city,cairo,egypt
finance specialist,confidential,"['accounting', 'financial analysis', 'erp', 'analysis', 'communication', 'data entry', 'finance', 'microsoft office', 'sap']",on-site,full time,experienced,,22 days ago,2.0,cairo,cairo,egypt
procurement engineer,wander developments,"['engineering', 'procurement', 'purchasing', 'autocad', 'architecture', 'negotiation', 'supply chain']",on-site,full time,experienced,,22 days ago,2.0,new cairo,cairo,egypt
store manager - cizaro retail stores,cizaro,"['retail management', 'store operations', 'team leadership', 'fashion retail', 'sales targets', 'customer service', 'inventory management']",on-site,full time,manager,,22 days ago,3.0,nasr city,cairo,egypt
business development executive (egypt-ksa),mrkoon,"['business development', 'sales', 'b2b sales', 'scrap and surplus', 'supplier', 'customer service', 'regional sales']",on-site,full time,entry level,,22 days ago,1.0,maadi,cairo,egypt
mechanical bim engineer,amaaer,"['bim', 'engineering', 'revit', 'architecture', 'mep systems', 'structural engineering', 'construction management', 'project coordination']",on-site,full time,senior management,,22 days ago,,6th of october,giza,egypt
sales executive b2b software,mts-it,"['b2b', 'b2b software', 'software sales']",hybrid,full time,manager,,22 days ago,3.0,maadi,cairo,egypt
purchasing specialist,module streamline,"['logistics', 'procurement', 'purchasing', 'supply chain']",on-site,full time,experienced,,22 days ago,2.0,6th of october,giza,egypt
internal audit manager,egast,"['accounting', 'auditing', 'finance']",on-site,full time,senior management,,22 days ago,,abu almatamir,beheira,egypt
accounting manager,egast,"['accounting', 'finance', 'financial management']",on-site,full time,manager,,22 days ago,3.0,abu almatamir,beheira,egypt
installation engineer,alpha matar co. for elevators & escalators,"['engineering', 'mechanical engineering', 'computer science', 'information technology (it)', 'safety', 'project', 'troubleshooting']",on-site,full time,entry level,,22 days ago,1.0,kit kat,giza,egypt
book layout designer (editorial design),al farouk for educational service,"['adobe illustrator', 'adobe photoshop', 'illustrator', 'layout', 'layout design', 'typography', 'creative', 'design', 'graphic design']",on-site,full time,experienced,,22 days ago,2.0,nasr city,cairo,egypt
senior site architect,ramw,"['architecture', 'engineering', 'architectural engineering', 'interior finishing', 'site engineering', 'site management']",on-site,full time,manager,,22 days ago,3.0,new cairo,cairo,egypt
digital marketing executive,confidential,"['social media', 'marketing', 'e-marketing', 'digital marketing', 'design', 'marketing campaigns', 'sales', 'seo']",on-site,full time,manager,,22 days ago,3.0,maadi,cairo,egypt
project engineer,cairo three a  for international industries.,"['engineering', 'project management', 'civil engineering', 'construction management', 'risk management', 'autocad', 'primavera p6', 'site supervision']",on-site,full time,experienced,,22 days ago,2.0,new cairo,cairo,egypt
reception/admin,sg group,"['administration', 'reception']",on-site,full time,entry level,,22 days ago,1.0,sheikh zayed,giza,egypt
technical office electrical engineer,ots,"['technical office', 'electrical engineering', 'autocad', 'construction', 'design', 'dialux', 'engineering', 'lighting', 'microsoft office']",on-site,full time,experienced,,22 days ago,2.0,maadi,cairo,egypt
financial manager,faid alnaam,"['accounting', 'analysis', 'budgeting', 'finance', 'financial', 'financial analysis', 'financial management', 'forecasting']",on-site,full time,senior management,,22 days ago,,new cairo,cairo,egypt
senior network infrastructure engineer,gb corp,"['network', 'network infrastructure', 'networking', 'information technology (it)', 'engineering', 'computer science', 'ccnp']",on-site,full time,experienced,,22 days ago,2.0,abu rawash,giza,egypt
technical office engineer (marble & finishes),el alfy group,"['engineering', 'technical office', 'architectural design', 'shop drawings', 'cost estimation', 'boq', 'interior design']",on-site,full time,experienced,,22 days ago,2.0,maadi,cairo,egypt
scientific office manager,top cosmetic,"['regulatory affairs', 'pharmaceutical', 'administration', 'product registration', 'medical registration', 'moh platform', 'regulatory compliance', 'cosmetics registration']",on-site,full time,manager,,22 days ago,3.0,cairo,cairo,egypt
general accountant - bookkeeping company,landmarks consulting solutions co,"['accounting', 'finance', 'financial management', 'general accountant', 'financial analysis', 'accountant', 'financial accounting']",on-site,full time,experienced,,22 days ago,2.0,maadi,cairo,egypt
architectural project manager,tbk developments,"['engineering', 'project management', 'project', 'pmp', 'management', 'architecture', 'communication', 'computer science', 'information technology (it)']",on-site,full time,manager,,22 days ago,3.0,ras sedr,south sinai,egypt
planning manager,confidential,"['planning', 'production planning']",on-site,full time,manager,,22 days ago,3.0,new cairo,cairo,egypt
tax manager,mma accounting office,"['accounting', 'personal tax', 'taxation', 'communication skills', 'payroll', 'tax analysis', 'excel', 'finance', 'financial management']",on-site,full time,manager,,22 days ago,3.0,heliopolis,cairo,egypt
process engineer,fine hygienic holding,"['engineering', 'mechanical engineering', 'process', 'english', 'manufacturing', 'computer skills', 'manufacturing process', 'paper engineering']",on-site,full time,entry level,,22 days ago,1.0,6th of october,giza,egypt
treasury manager (manufacturing),tank,"['treasury management', 'cash flow forecasting', 'bank relationship management', 'liquidity planning', 'risk management', 'financial analysis', 'negotiation', 'financial reporting']",on-site,full time,manager,,22 days ago,3.0,heliopolis,cairo,egypt
sales and marketing,e-logistics misr,"['sales', 'marketing', 'communication', 'customer service', 'logistics', 'management', 'sales management']",on-site,full time,entry level,,22 days ago,1.0,cairo,cairo,egypt
finance manager – construction company,al-alama contracting & supplies,"['accounting', 'construction', 'finance', 'financial management']",on-site,full time,experienced,,22 days ago,2.0,6th of october,giza,egypt
advertising sales manager,vision communications,"['advertising sales', 'sales target', 'sales', 'advertising', 'customer service', 'marketing', 'negotiation']",on-site,full time,manager,,22 days ago,3.0,cairo,cairo,egypt
quality assurance manager,egast,"['engineering', 'quality assurance']",on-site,full time,manager,,22 days ago,3.0,abu almatamir,beheira,egypt
senior business development specialist,confidential,"['business development', 'sales', 'export', 'import', 'international business development', 'english', 'sales field']",on-site,full time,experienced,,22 days ago,2.0,qalubia,qalubia,egypt
warehouse supervisor,le souverain,"['warehousing', 'warehouse management system', 'warehouse operations', 'warehouse supervising']",on-site,full time,experienced,,22 days ago,2.0,10th of ramadan city,sharqia,egypt
front desk receptionist,egyptian company for cosmetics,"['administration', 'reception', 'front desk operations', 'customer service', 'communication skills', 'organizational skills', 'time management', 'problem solving', 'microsoft office suite']",on-site,full time,entry level,,22 days ago,1.0,nasr city,cairo,egypt
graphic designer,amer printing,"['adobe illustrator', 'design thinking', 'graphic design', 'adobe photoshop', 'branding', 'typography', 'layout design', 'visual communication', 'digital marketing design']",on-site,full time,experienced,,22 days ago,2.0,new nozha,cairo,egypt
accounting manager,cleopatra developments,"['accounting', 'finance', 'financial analysis', 'financial management', 'budgeting', 'collection', 'financial reporting']",on-site,full time,manager,,22 days ago,3.0,sheikh zayed,giza,egypt
sales account executive,el naqi water,"['customer service', 'sales', 'telesales', 'communication skills', 'active listening', 'negotiation', 'crm software', 'problem-solving']",on-site,full time,entry level,,22 days ago,1.0,mokattam,cairo,egypt
hr manager,amecold,"['human resources (hr)', 'hr', 'recruitment', 'personnel']",on-site,full time,manager,,22 days ago,3.0,obour city,cairo,egypt
sales engineer,tepco s.a.e.,"['engineering', 'sales', 'sales target', 'lv', 'low voltage panels', 'medium voltage', 'medium voltage panel', 'business development', 'electrical engineering']",on-site,full time,entry level,,22 days ago,1.0,dokki,giza,egypt
commercial manager,confidential,"['commercial management', 'heavy equipment', 'contracts management', 'trucks', 'business growth', 'business development', 'equipment maintenance']",on-site,full time,senior management,,22 days ago,,cairo,cairo,egypt
head of security,amecold,"['administration', 'security', 'information technology (it)', 'ccna', 'ccna security', 'ccnp security']",on-site,full time,manager,,22 days ago,3.0,obour city,cairo,egypt
oracle database administrator,gb corp,"['computer science', 'information technology (it)', 'database', 'oracle database', 'sql', 'oracle', 'administration', 'sql server', 'linux']",on-site,full time,entry level,,22 days ago,1.0,giza,giza,egypt
head of finance.,power fast eg,"['accounting', 'finance', 'budgets', 'bookkeeping', 'erp', 'financial management', 'management', 'financial', 'financial analysis']",on-site,full time,senior management,,22 days ago,,giza,giza,egypt
ui web developer,erpplus5,"['angular', 'angularjs', 'angular4', 'angular.js', 'angular2', 'computer science', 'information technology (it)']",hybrid,full time,experienced,,22 days ago,2.0,maadi,cairo,egypt
sales engineer – cssd & sterilization,target for medical equipment,"['engineering', 'sales', 'sales target', 'business development', 'account management', 'english', 'biomedical engineering']",on-site,full time,entry level,,23 days ago,1.0,assiut,assiut,egypt
product specialist – or & icu medical devices,target for medical equipment,"['medical devices', 'medical', 'sales', 'biomedical engineering', 'biomedical', 'engineering', 'veterinary', 'pharmacy']",on-site,full time,entry level,,23 days ago,1.0,cairo,cairo,egypt
maintenance engineer - or & icu medical devices,target for medical equipment,"['maintenance', 'engineering', 'mechanical engineering', 'biomedical', 'electrical engineering', 'electronics', 'information technology (it)', 'mechatronics', 'microsoft office']",on-site,full time,experienced,,23 days ago,2.0,mokattam,cairo,egypt
team leader - medical billing,medexera,"['customer service', 'medical', 'communication', 'information technology (it)', 'leadership', 'management', 'sales', 'sales target']",on-site,full time,manager,,23 days ago,3.0,new cairo,cairo,egypt
unified communications sales manager,moghazy dream,"['b2b', 'sales target', 'sales']",on-site,full time,manager,,23 days ago,3.0,heliopolis,cairo,egypt
process engineer – foaming technology,haier electric egypt,"['engineering', 'software development', 'analysis', 'computer science', 'documentation', 'information technology (it)', 'management', 'six sigma', 'systems']",on-site,full time,experienced,,23 days ago,2.0,10th of ramadan city,sharqia,egypt
hr manager,moghazy dream,"['hr', 'human resources (hr)', 'microsoft office', 'personnel', 'recruitment']",on-site,full time,manager,,23 days ago,3.0,heliopolis,cairo,egypt
marketing manager,riyada,"['google analytics', 'market research', 'marketing', 'management', 'digital marketing', 'communication', 'planning']",on-site,full time,manager,,23 days ago,3.0,maadi,cairo,egypt
hospital contracts manager,mersal,"['contracting', 'management', 'contract negotiation', 'healthcare marketing', 'time management', 'legal compliance', 'construction']",on-site,full time,manager,,23 days ago,3.0,maadi,cairo,egypt
personnel & payroll specialist,shiny white dental center,"['human resources', 'human resource management (hrm)', 'hr policies', 'payroll administration', 'payroll', 'human resource management', 'human resource information system', 'hr analyst', 'oracle human resource management system (hrms)']",on-site,full time,experienced,,23 days ago,2.0,cairo,cairo,egypt
ai & automation developer (python),injaz digital,"['ai', 'automation', 'computer science', 'information technology (it)', 'python', 'software development', 'software engineering', 'sql']",on-site,full time,experienced,,23 days ago,2.0,new cairo,cairo,egypt
receptionist,dorra group,"['front office management', 'communication', 'reception', 'customer service', 'real estate', 'administration', 'microsoft office', 'office management']",on-site,full time,entry level,,23 days ago,1.0,sheikh zayed,giza,egypt
system administrator / it infrastructure specialist,confidential,"['computer science', 'engineering', 'information technology (it)', 'system administration']",on-site,full time,experienced,,23 days ago,2.0,giza,giza,egypt
career advising and training officer,zewail city,"['business administration', 'training', 'career advising', 'training management']",on-site,full time,experienced,,23 days ago,2.0,6th of october,giza,egypt
media buyer,module streamline,"['meta ads', 'google ads', 'linkedin', 'tiktok', 'facebook ads', 'instagram', 'social media']",on-site,full time,experienced,,23 days ago,2.0,6th of october,giza,egypt
maintenance & projects manager,technobit group,"['project management', 'maintenance', 'projects', 'solidworks', 'autocad design', 'team leadership', 'budget management', 'vendor management', 'problem solving']",on-site,full time,manager,,23 days ago,3.0,belbes,sharqia,egypt
business development coordinator,selah eltelmeez for publishing & printing,"['business development', 'development', 'coordinator', 'sales skills', 'sales', 'communication', 'business', 'english']",on-site,full time,entry level,,23 days ago,1.0,obour city,cairo,egypt
senior design engineer - infrastructure,confidential,"['design', 'engineering', 'real estate']",on-site,full time,experienced,,23 days ago,2.0,sheraton,cairo,egypt
it supervisor,hi-tech apparel,"['computer engineering', 'computer science', 'engineering', 'information technology (it)']",on-site,full time,manager,,23 days ago,3.0,ismailia,ismailia,egypt
jerry can sales manager,nile egypt plastech industries s.a.e,"['marketing', 'sales field', 'business development', 'sales planning', 'relationship building']",on-site,full time,manager,,23 days ago,3.0,nozha,cairo,egypt
career and alumni relations officer,zewail city,"['career management', 'relational databases', 'data tracking']",on-site,full time,experienced,,23 days ago,2.0,6th of october,giza,egypt
senior frontend developer: react & magento 2 frontend,revton,"['magento 2', 'react', 'javascript', 'typescript', 'html5', 'css3', 'less', 'sass']",remote,full time,senior management,,23 days ago,,cairo,cairo,egypt
data analyst & office manager,confidential,"['administration', 'data analysis', 'data entry', 'microsoft office', 'management', 'microsoft excel', 'analysis', 'business administration']",on-site,full time,experienced,,23 days ago,2.0,mohandessin,giza,egypt
business developer,confidential,"['business development', 'sales', 'digital marketing', 'public relations', 'business analysis', 'business administration', 'engineering']",hybrid,part time,entry level,,23 days ago,1.0,suez,suez,egypt
senior bim architect,grfn,"['bim', 'design', 'engineering', 'autocad', 'architecture']",hybrid,full time,experienced,,23 days ago,2.0,zamalek,cairo,egypt
senior packaging designer (fmcg),decotam,"['senior packaging & brand designer', 'adobe illustrator', 'design', 'adobe photoshop', 'packaging', 'graphic design', 'information technology (it)', 'software development']",on-site,full time,experienced,,23 days ago,2.0,6th of october,giza,egypt
crm executive,mopars garage,"['crm software', 'customer service excellence', 'customer care', 'customer support', 'customer relations management', 'customer satisfaction', 'quality management systems']",on-site,full time,experienced,,23 days ago,2.0,cairo,cairo,egypt
national sales manager,aug pharma,"['sales', 'sales target', 'pharmacy', 'pharmaceutical']",on-site,full time,manager,,23 days ago,3.0,6th of october,giza,egypt
hr admin,34ml,"['information technology (it)', 'hr', 'human resources', 'human resources (hr)', 'business administration', 'human resources development', 'human capital management (hcm)']",hybrid,full time,entry level,,23 days ago,1.0,heliopolis,cairo,egypt
distribution account manager,daf holding,"['distribution', 'customer service', 'sales', 'sales target', 'account management']",on-site,full time,experienced,,23 days ago,2.0,cairo,cairo,egypt
supply & demand planning lead - alexandria,wuzzuf,"['supplychain', 'logestics', 'demand', 'planning']",on-site,full time,experienced,,23 days ago,2.0,cairo,cairo,egypt
senior sales account manger- ( medical background),nawah-scientific,"['sales', 'pharmaceutical', 'pharmaceutical industries', 'business development', 'outdoor sales', 'indoor sales', 'medical sales']",on-site,full time,experienced,,23 days ago,2.0,mokattam,cairo,egypt
digital marketing executive / associate manager,dabur,"['seo/sem optimization', 'search engine marketing (sem)', 'digital marketing strategy', 'data analysis', 'web analytics', 'project management', 'campaign management']",on-site,full time,experienced,,23 days ago,2.0,new cairo,cairo,egypt
executive assistant,igi-group,"['secretary', 'administration', 'office management', 'management', 'microsoft office', 'ms office', 'time management']",on-site,full time,experienced,,23 days ago,2.0,sheikh zayed,giza,egypt
marketing specialist,technobit group,"['e-marketing', 'social media', 'marketing']",on-site,full time,entry level,,23 days ago,1.0,sharabeya,cairo,egypt
electrical technical office engineer,al sharif group holding,"['engineering', 'design', 'electrical engineering', 'autocad', 'hv', 'mv']",on-site,full time,experienced,,23 days ago,2.0,cairo,cairo,egypt
"sales supervisor - ""medical background""",nawah-scientific,"['sales', 'customer service', 'medical', 'sales target', 'indoor sales', 'outdoor sales', 'sales plan']",on-site,full time,experienced,,23 days ago,2.0,mokattam,cairo,egypt
procurement team lead (medical background),nawah-scientific,"['procurement', 'purchasing', 'foreign purchasing', 'international purchasing', 'purchasing management', 'procurements', 'supply chain']",on-site,full time,manager,,23 days ago,3.0,mokattam,cairo,egypt
customer relation officer,gulf data international,"['communication', 'customer care', 'crm', 'customer service', 'customer support', 'management', 'relationship management']",on-site,full time,experienced,,23 days ago,2.0,heliopolis,cairo,egypt
cost accountant section head (construction experience),concrete plus,"['accounting', 'cost accounting', 'odoo erp', 'construction', 'erp', 'finance', 'financial analysis', 'microsoft excel', 'financial management']",on-site,full time,senior management,,23 days ago,,new cairo,cairo,egypt
operations manager,divaz,"['operations management', 'project management', 'ecommerce', 'notion', 'vendor management', 'supply chain', 'client relations', 'commerce']",hybrid,full time,manager,,23 days ago,3.0,cairo,cairo,egypt
camera operator,fawry plus,"['detail oriented', 'surveillance cameras']",on-site,full time,experienced,,23 days ago,2.0,smart village,giza,egypt
machine learning engineer (mid–senior level),confidential,"['computer science', 'engineering', 'information technology (it)', 'mechanical engineering', 'machine learning']",hybrid,full time,experienced,,23 days ago,2.0,new cairo,cairo,egypt
medical records head,confidential,"['medical', 'medical record']",on-site,full time,experienced,,23 days ago,2.0,dokki,giza,egypt
it help desk,fawry plus,"['computer science', 'information technology (it)']",on-site,internship,entry level,,23 days ago,1.0,smart village,giza,egypt
store keeper,el helal trading and importing co,"['warehousing', 'logistics', 'supply chain', 'inventory management', 'record keeping', 'organizational skills', 'attention to detail']",on-site,full time,entry level,,23 days ago,1.0,new cairo,cairo,egypt
graphic designer,technobit group,"['adobe illustrator', 'design', 'adobe photoshop', 'graphic design']",on-site,full time,entry level,,23 days ago,1.0,sharabeya,cairo,egypt
senior fp&a,haier electric egypt,"['accounting', 'finance', 'erp system', 'costing', 'information technology (it)', 'financial', 'computer science', 'analysis', 'erp']",on-site,full time,experienced,,23 days ago,2.0,sharqia,sharqia,egypt
sales trainer (dakahlia),oppo egypt,"['sales', 'training', 'communication', 'customer service', 'leadership', 'sales field', 'sales target', 'sales plan']",on-site,full time,entry level,,23 days ago,1.0,dakahlia,dakahlia,egypt
senior hr generalist,kayan for import,"['human resources (hr)', 'microsoft office', 'recruitment', 'personnel', 'human resources', 'employee relations']",on-site,full time,experienced,,23 days ago,2.0,6th of october,giza,egypt
sales engineer,acrylicon egypt for flooring,"['engineering', 'sales', 'technical sales', 'client relationship management', 'project management', 'problem solving', 'communication skills']",on-site,full time,experienced,,23 days ago,2.0,new cairo,cairo,egypt
purchasing specialist,travco group,"['procurement', 'purchasing', 'po']",on-site,full time,experienced,,23 days ago,2.0,sheikh zayed,giza,egypt
senior financial planning & budgeting analyst,anasia egypt for trading,"['budgeting', 'financial analysis', 'forecasting', 'accounting', 'finance', 'financial', 'financial management', 'financial planning', 'microsoft excel']",on-site,full time,experienced,,23 days ago,2.0,cairo,cairo,egypt
administrative assistant,الحطيب الهندي للاستثمار التجاري والصناعي,"['administration', 'office management', 'microsoft office suite', 'communication skills', 'organizational skills', 'time management', 'problem-solving', 'data entry', 'scheduling']",on-site,full time,experienced,,23 days ago,2.0,downtown,cairo,egypt
senior logistics specialist,tepco s.a.e.,"['senior logistics specialist', 'supply chain', 'freight forwarding, import & export', 'customs clearance', 'shipping operations', 'sap', 'business administration', 'engineering', 'export']",on-site,full time,experienced,,23 days ago,2.0,obour city,cairo,egypt
production manager,eva cosmetics,"['management', 'manufacturing', 'production', 'pharmaceutical industries', 'project management professional', 'lean six sigma', 'operations management']",on-site,full time,senior management,,23 days ago,,6th of october,giza,egypt
sr. accountant,innovatech group,"['finance', 'financial accounting', 'erp', 'financial reporting', 'commerce', 'ms office', 'financial recordkeeping', 'accounts payable and receivable', 'problem-solving']",on-site,full time,experienced,,24 days ago,2.0,heliopolis,cairo,egypt
executive secretary,gulf data international,"['microsoft office', 'office management', 'management', 'customer service', 'communication', 'administration', 'organizational skills', 'calendar management']",on-site,full time,experienced,,24 days ago,2.0,heliopolis,cairo,egypt
corporate quality manager (management systems),gold era,"['quality assurance', 'quality auditing', 'quality management', 'quality management system', 'total quality management', 'iso 9001', 'iso 17025']",on-site,full time,experienced,,24 days ago,2.0,abbassia,cairo,egypt
it manager,confidential,"['information technology (it)', 'computer engineering', 'computer science', 'project management']",on-site,full time,senior management,,24 days ago,,alexandria,alexandria,egypt
quality supervisor,jaffangroup,"['quality assurance', 'quality control', 'food safety management system']",on-site,full time,experienced,,24 days ago,2.0,obour city,cairo,egypt
warehouse dispatch coordinator,beyti - an almarai subsidiary,"['logistics', 'supply chain', 'warehousing', 'dispatch']",on-site,full time,entry level,,24 days ago,1.0,noubaria,beheira,egypt
wholesale sales executive,jaffangroup,"['sales', 'sales target', 'wholesale', 'microsoft office 365', 'food industry', 'fmcg sales']",on-site,full time,experienced,,24 days ago,2.0,obour city,cairo,egypt
product engineer,alarabia group,"['engineering', 'product', 'computer science', 'information technology (it)', 'mechatronics', 'mechanical', 'production']",on-site,full time,entry level,,24 days ago,1.0,10th of ramadan city,sharqia,egypt
costing,alexandria new medical center,"['cost accounting', 'finance', 'accounting']",on-site,full time,manager,,24 days ago,3.0,smouha,alexandria,egypt
graphic designer (paid internship),aboul-ezz for industrial development,"['adobe illustrator', 'adobe photoshop', 'design', 'graphic design']",hybrid,internship,student,,24 days ago,,obour city,cairo,egypt
digital marketing team leader,mersal,"['digital marketing strategy', 'social media management', 'team leadership', 'seo/sem', 'content marketing', 'campaign management', 'team management', 'ngos']",on-site,full time,experienced,,24 days ago,2.0,maadi,cairo,egypt
sales engineer (interior finishing),silk road for trading,"['engineering', 'sales', 'business development']",on-site,full time,experienced,,24 days ago,2.0,badr city,cairo,egypt
steel structures technical office manager,protection,"['steel structure', 'structure', 'technical office', 'civil engineering', 'steel', 'tekla', 'construction']",on-site,full time,experienced,,24 days ago,2.0,sheikh zayed,giza,egypt
fashion designer (paid internship),aboul-ezz for industrial development,"['design', 'fashion', 'fashion design', 'fashion accessories']",on-site,full time,student,,24 days ago,,obour city,cairo,egypt
design manager – landscape & master plan,confidential,"['engineering', 'design']",on-site,full time,manager,,24 days ago,3.0,cairo,cairo,egypt
production section head - sheet metal,badawy - beeco,"['engineering', 'mechanical engineering', 'production', 'microsoft office', 'management', 'operations management', 'process improvement']",on-site,full time,manager,,24 days ago,3.0,cairo,cairo,egypt
hotel sales manager,confidential,"['hotel sales management', 'team leadership', 'strategic planning', 'negotiation', 'client relationship management', 'presentation skills', 'communication']",on-site,full time,senior management,,24 days ago,,ras sedr,south sinai,egypt
business unit manager,aug pharma,"['business administration', 'sales']",on-site,full time,manager,,24 days ago,3.0,6th of october,giza,egypt
key account manager,catalyst for leather products and advertising,"['sales', 'customer service', 'account management', 'b2b sales', 'communication', 'management', 'b2b']",on-site,full time,experienced,,24 days ago,2.0,cairo,cairo,egypt
outdoor sales representative,rockal,"['outdoor sales', 'sales', 'customer service', 'negotiation', 'communication']",on-site,full time,entry level,,24 days ago,1.0,nasr city,cairo,egypt
mechanical engineer,galal paper,"['maintenance', 'engineering', 'mechanical engineering', 'management', 'microsoft office', 'mechanical', 'communication']",on-site,full time,experienced,,24 days ago,2.0,qalyub,qalubia,egypt
data analysis,mani group,"['analysis', 'data analysis', 'computer science', 'financial', 'bi', 'banking', 'information technology (it)', 'power bi']",on-site,full time,experienced,,24 days ago,2.0,nasr city,cairo,egypt
learning & development specialist,miniso life,"['business development', 'human resources development']",on-site,full time,experienced,,24 days ago,2.0,nasr city,cairo,egypt
pavement visual inspection engineer,citylogix me,"['engineering services', 'roads', 'transportation engineering', 'engineering', 'qa', 'highways']",on-site,full time,entry level,,24 days ago,1.0,new cairo,cairo,egypt
senior media buyer - real estate,dubai misr,"['digital marketing', 'social media', 'marketing', 'media buying', 'campaign optimization', 'performance marketing', 'data analysis', 'google ads']",on-site,full time,experienced,,24 days ago,2.0,new cairo,cairo,egypt
mid-level android developer,expert apps,"['android', 'back-end', 'apis', 'computer', 'computer science', 'information technology (it)', 'offline storage', 'restful']",hybrid,full time,experienced,,24 days ago,2.0,maadi,cairo,egypt
interior designer,creative structures for construction & project management,"['3dmax', 'sketchup', 'architecture', 'autocad', 'design', 'interior design', 'v-ray', 'communication', '3ds max']",on-site,full time,entry level,,24 days ago,1.0,maadi,cairo,egypt
deputy head of electrical department,galal paper,"['electrical engineering', 'mechanical engineering', 'engineering', 'electrical design']",on-site,full time,senior management,,24 days ago,,qalyub,qalubia,egypt
senior graphic designer - real estate,dubai misr,"['design', 'graphic design', 'adobe photoshop', 'adobe illustrator', 'adobe indesign', 'branding', 'typography', 'layout design', 'visual communication']",on-site,full time,experienced,,24 days ago,2.0,new cairo,cairo,egypt
medical representative - nasr city,macro group,"['pharmacy', 'chemistry', 'medical', 'pharma', 'sales', 'science', 'communication', 'communication skills']",on-site,full time,entry level,,24 days ago,1.0,nasr city,cairo,egypt
medical representative - new cairo,macro group,"['pharmacy', 'chemistry', 'medical', 'pharma', 'sales', 'science', 'communication', 'communication skills']",on-site,full time,entry level,,24 days ago,1.0,nasr city,cairo,egypt
senior mechanical technical office engineer,ecosas international,"['autocad', 'engineering', 'mechanical engineering', 'mechanical', 'technical office', 'microsoft office', 'communication', 'construction']",on-site,full time,experienced,,24 days ago,2.0,heliopolis,cairo,egypt
experienced electrical engineer,galal paper,"['electrical engineering', 'automation control', 'control systems', 'electrical systems', 'electrical control']",on-site,full time,experienced,,24 days ago,2.0,qalyub,qalubia,egypt
senior site engineer,wander developments,"['autocad', 'construction engineering', 'budget management', 'software development', 'architecture', 'communication', 'computer science', 'engineering', 'information technology (it)']",on-site,full time,experienced,,24 days ago,2.0,cairo,cairo,egypt
technical office manager,pins and corners,"['technical office', 'shop drawings', 'autocad', 'revit', 'administration', 'civil engineering', 'communication', 'construction', 'engineering']",on-site,full time,manager,,24 days ago,3.0,sheikh zayed,giza,egypt
mep manager,qubix,"['autocad', 'electrical', 'construction', 'electrical engineering', 'mechanical', 'mechanical engineering', 'project management']",hybrid,full time,manager,,24 days ago,3.0,sheikh zayed,giza,egypt
head of leasing,wuzzuf,"['leasing', 'leasing manager', 'retail leasing', 'retail expansion', 'commercial leasing', 'expansion', 'real estate development', 'site selection', 'site acquisition']",on-site,full time,manager,,24 days ago,3.0,cairo,cairo,egypt
duty manager,smart tower,"['administration', 'management', 'customer service', 'health and safety', 'hospitality', 'microsoft office', 'safety']",on-site,full time,manager,,24 days ago,3.0,mohandessin,giza,egypt
human resources (hr) generalist,contra pmc,"['hr', 'human resources', 'human resources (hr)', 'personnel', 'recruitment', 'hr systems', 'leadership', 'microsoft office']",on-site,full time,experienced,,24 days ago,2.0,cairo,cairo,egypt
senior customer service - real estate,dubai misr,"['customer service', 'customer support', 'customer care', 'conflict resolution', 'communication skills', 'problem solving', 'empathy', 'active listening', 'crm software']",on-site,full time,experienced,,24 days ago,2.0,new cairo,cairo,egypt
finishing works site engineer,contra pmc,"['construction engineering', 'site engineering', 'construction management', 'site supervision', 'technical drawing interpretation', 'project coordination', 'quality assurance', 'problem-solving', 'communication']",on-site,full time,experienced,,24 days ago,2.0,cairo,cairo,egypt
site engineer,wander developments,"['construction', 'civil engineering', 'autocad', 'communication', 'engineering', 'architecture', 'site work']",on-site,full time,experienced,,24 days ago,2.0,cairo,cairo,egypt
electrical site engineer,qubix,"['electrical engineering', 'technical drawing interpretation', 'quality assurance', 'problem-solving', 'project coordination', 'mechanical, electrical, and plumbing (mep)', 'electrical design']",on-site,full time,experienced,,24 days ago,2.0,sheikh zayed,giza,egypt
electrical engineer,galal paper,"['electrical engineering', 'control systems', 'preventive maintenance', 'industrial electrical systems', 'electrical maintenance', 'engineering']",on-site,full time,entry level,,24 days ago,1.0,qalyub,qalubia,egypt
robotics & programming instructor - kids,future technology,"['programming', 'robotics', 'teaching', 'development', 'computer science', 'embedded systems', 'arduino', 'html']",on-site,full time,entry level,,24 days ago,1.0,maadi,cairo,egypt
ibm maximo administraor,royaki,"['ibm maximo', 'information technology (it)', 'maximo', 'engineering', 'sql', 'db2', 'computer science']",remote,full time,experienced,,24 days ago,2.0,cairo,cairo,egypt
general ledger accountant,sinmar soft,"['accounting', 'finance', 'financial']",on-site,full time,experienced,,24 days ago,2.0,new nozha,cairo,egypt
erp technical support,sinmar soft,"['information technology', 'technical support', 'customer service']",on-site,full time,experienced,,24 days ago,2.0,new nozha,cairo,egypt
logistics & customs clearance specialist,voestalpine turnout technology egypt s.a.e.,"['erp', 'documentation', 'logistics', 'shipment', 'supply chain', 'clearance', 'freight', 'shipping', 'ms office']",on-site,full time,experienced,,24 days ago,2.0,abbassia,cairo,egypt
auto parts tele sales representative,elezaby automotive,"['customer service', 'sales', 'sales target', 'communication skills', 'active listening', 'product knowledge', 'problem solving', 'crm software']",on-site,full time,entry level,,24 days ago,1.0,6th of october,giza,egypt
procurement specialist,confidential,"['logistics', 'procurement', 'purchasing', 'supply chain', 'negotiation', 'administration', 'business administration']",on-site,full time,entry level,,24 days ago,1.0,heliopolis,cairo,egypt
auto parts sales representative,elezaby automotive,"['product', 'sales', 'sales target', 'spare parts', 'customer relationship management', 'negotiation', 'product knowledge', 'inventory management', 'communication']",hybrid,full time,experienced,,24 days ago,2.0,6th of october,giza,egypt
chief financial officer (cfo),confidential,"['accounting', 'finance', 'financial analysis', 'financial management', 'financial']",on-site,full time,senior management,,24 days ago,,heliopolis,cairo,egypt
electrical design engineer,confidential,"['electrical design', 'design', 'electrical engineering', 'engineering', 'autocad', 'information technology (it)', 'mep', 'projects']",on-site,full time,manager,,24 days ago,3.0,sheraton,cairo,egypt
demand planner senior specialist,tank,"['demand planning', 'sales planning', 'analysis', 'data analysis', 'data analytics', 'repoting', 'collaboration', 'forecasting']",on-site,full time,experienced,,24 days ago,2.0,new nozha,cairo,egypt
technical procurement specialist,confidential,"['logistics', 'procurement', 'purchasing', 'supply chain', 'negotiation', 'administration', 'business administration']",on-site,full time,entry level,,24 days ago,1.0,heliopolis,cairo,egypt
customer assistant,sotaico,"['customer care', 'customer support', 'customer service']",on-site,full time,experienced,,24 days ago,2.0,cairo,cairo,egypt
business developer,enterprise holding,"['business development', 'sales target', 'upselling', 'sales', 'target driven', 'sales pipeline and follow-up management', 'market research and identifying business opportunities', 'fluent in english']",on-site,full time,entry level,,24 days ago,1.0,sheraton,cairo,egypt
sector sales manager,electratec for electric industries,"['sales', 'sales target', 'business development']",on-site,full time,manager,,24 days ago,3.0,cairo,cairo,egypt
telesales executive,qawafil for real estate investment,"['telesales', 'sales']",on-site,full time,experienced,,24 days ago,2.0,new cairo,cairo,egypt
social media specialist,confidential,"['e-marketing', 'marketing', 'social media', 'graphic design', 'communication', 'management']",on-site,full time,entry level,,24 days ago,1.0,badr city,cairo,egypt
graphic designer / illustrator,aboul-ezz for industrial development,"['adobe illustrator', 'adobe photoshop', 'graphic design', 'illustrator', 'applied arts']",on-site,full time,experienced,,24 days ago,2.0,obour city,cairo,egypt
medical sales representative - mansoura,orthomedics,"['medical', 'medical sales', 'sales target', 'outdoor sales', 'medical devices sales', 'veterinary medicine', 'medicine']",on-site,full time,entry level,,24 days ago,1.0,mansoura,dakahlia,egypt
medical purchasing specialist,misr international hospital,"['logistics', 'medical', 'purchasing', 'supply chain', 'procurement']",on-site,full time,experienced,,24 days ago,2.0,dokki,giza,egypt
mep technical & site engineer,artwave engineering,"['engineering', 'information technology (it)', 'microsoft office', 'technical office', 'computer science', 'autocad', 'boq']",hybrid,full time,experienced,,24 days ago,2.0,sheikh zayed,giza,egypt
electrical engineer,evergrow for speciality fertilizers,"['electrical engineering', 'engineering', 'electrical design', 'mechanical, electrical, and plumbing (mep)', 'mechanical, electrical, and plumbing', 'automation', 'communication', 'mechanical engineering', 'machines']",on-site,full time,experienced,,24 days ago,2.0,alsadat city,monufya,egypt
english language instructor - nasr city/ rehab,berlitz egypt,"['english language', 'languages', 'linguistics', 'translation', 'training', 'teaching', 'instructor', 'education']",on-site,part time,entry level,,24 days ago,1.0,nasr city,cairo,egypt
hr officer,dabur,"['hr', 'hr officer', 'human resources (hr)', 'hrms', 'management', 'personnel', 'administration', 'business administration']",on-site,full time,experienced,,24 days ago,2.0,10th of ramadan city,cairo,egypt
senior payroll,musandah fm,"['payroll management', 'human resources (hr)', 'microsoft office', 'personnel management', 'accounting software', 'financial reporting', 'compliance']",on-site,full time,senior management,,24 days ago,,cairo,cairo,egypt
ai lead,efada technology,"['data management', 'etl processes', 'data privacy and compliance', 'data analysis', 'cloud data platforms', 'stakeholder communication', 'llm']",on-site,full time,manager,,24 days ago,3.0,new cairo,cairo,egypt
sales supervisor,saudi company for manufacture of pipes &fitting,"['pipe fitting', 'salea pips', 'upvc pipes', 'pe pipes', 'sales', 'upvc', 'pvc', 'ppr', 'pe']",on-site,full time,experienced,,24 days ago,2.0,6th of october,giza,egypt
fleet coordinator rajab al-attar,ragab al attar,"['fleet coordinator', 'fleet maintenance', 'fleet management']",on-site,full time,entry level,,24 days ago,1.0,obour city,cairo,egypt
social media specialist,tulipe,"['social media', 'marketing', 'communication', 'digital marketing', 'emarketing', 'management']",on-site,full time,entry level,,24 days ago,1.0,giza,giza,egypt
executive pastry chef,irth house,"['pastry', 'hospitality', 'leadership', 'management', 'food quality', 'production', 'food production']",on-site,full time,experienced,,24 days ago,2.0,new cairo,cairo,egypt
human resource advisor,e-sico,"['employee relations', 'human resources (hr)', 'microsoft office', 'recruitment']",on-site,full time,experienced,,24 days ago,2.0,assiut,assiut,egypt
legal manager,confidential,"['communication', 'construction', 'contract', 'law', 'lawyer', 'legal', 'corporate law', 'arbitration']",on-site,full time,manager,,24 days ago,3.0,new cairo,cairo,egypt
senior procurement engineer,icon holding,"['procurement', 'engineering', 'analysis', 'computer science', 'erp', 'information technology (it)', 'management', 'microsoft office']",on-site,full time,experienced,,24 days ago,2.0,helwan,cairo,egypt
senior networking engineer,talaat moustafa group,"['computer science', 'engineering', 'information technology (it)', 'networking', 'ccna', 'ccnp', 'r&s', 'voip']",on-site,full time,experienced,,24 days ago,2.0,new cairo,cairo,egypt
solutions architect – e-invoicing integrations,intelleti llc,"['solution architecture', 'e-invoice', 'erp integration', 'api design', 'requirements analysis', 'information technology (it)', 'sql', 'architecture', 'computer engineering']",remote,full time,experienced,,24 days ago,2.0,cairo,cairo,egypt
"administrative assistant ""operations""",smart egat,"['administration', 'office operations', 'document control', 'social media']",on-site,full time,experienced,,25 days ago,2.0,haram,giza,egypt
factory manager (polyethylene film),aldawlia for plastic materials,"['engineering', 'management', 'manufacturing', 'production', 'quality control', 'quality assurance', 'quality auditing']",on-site,full time,manager,,25 days ago,3.0,belbes,sharqia,egypt
hr coordinator,turath real estate,"['human resources (hr)', 'microsoft office', 'personnel management', 'recruitment', 'onboarding', 'employee relations', 'hr policies', 'administrative support', 'communication']",on-site,full time,entry level,,25 days ago,1.0,obour city,cairo,egypt
senior structural designer,abu gemeaa,"['revit structure software', 'autocad', 'bim360', 'navisworks', 'microsoft excel', 'tekla structure', 'bluebeam revu', 'autodesk']",on-site,full time,experienced,,25 days ago,2.0,cairo,cairo,egypt
desktop application developer ( . net ),premium card,"['information technology (it)', 'desktop applications']",on-site,full time,entry level,,25 days ago,1.0,giza,giza,egypt
marketing manager,shabana group,"['market research', 'marketing', 'social media', 'design', 'google analytics', 'management', 'sales', 'seo']",on-site,full time,manager,,25 days ago,3.0,nasr city,cairo,egypt
instrumentation / automation service engineer,soulintec,"['plc', 'siemens', 'scada', 'software', 'computer skills', 'engineering', 'information technology (it)', 'instrumentation']",on-site,full time,experienced,,25 days ago,2.0,alexandria,alexandria,egypt
electrical site engineer,soulintec,"['electrical engineering', 'site supervision', 'project management', 'instrumentation and control', 'technical documentation', 'hse compliance', 'problem solving', 'team collaboration', 'autocad']",on-site,full time,experienced,,25 days ago,2.0,alexandria,alexandria,egypt
cfo (manufacturing experience),orchidia pharmaceutical industries,"['finance', 'financial analysis', 'financial management', 'manufacturing', 'accounting', 'cost accounting', 'cost management']",on-site,full time,senior management,,25 days ago,,obour city,cairo,egypt
data governance engineer,etisalat egypt,"['computer engineering', 'computer science', 'engineering', 'information technology (it)', 'data governance (dg)', 'data governance', 'data modelling']",on-site,full time,experienced,,25 days ago,2.0,mohandessin,giza,egypt
treasury manager,orchidia pharmaceutical industries,"['treasury', 'finance', 'accounting', 'financial analysis', 'ctp']",on-site,full time,manager,,25 days ago,3.0,obour city,cairo,egypt
talent acquisition specialist,am group,"['interviewing', 'recruitment', 'talent acquisition', 'administration', 'business administration', 'communication', 'hiring', 'human resources', 'human resources (hr)']",on-site,full time,experienced,,25 days ago,2.0,giza,giza,egypt
mid level graphic designer,catalyst for leather products and advertising,"['creative', 'work of art', 'design', 'computer science', 'information technology (it)', '.net']",on-site,full time,entry level,,25 days ago,1.0,cairo,cairo,egypt
shipping specialist,mcv - obour,"['logistics', 'shipping', 'supply chain', 'business administration', 'export', 'microsoft office', 'purchasing', 'erp']",on-site,full time,entry level,,25 days ago,1.0,obour city,cairo,egypt
account manager,confidential,"['customer service', 'customer support', 'customer relations', 'business administration', 'crm', 'account management', 'marketing', 'microsoft office', 'sales']",on-site,full time,experienced,,25 days ago,2.0,sheraton,cairo,egypt
chief financial officer,confidential,"['accounting', 'finance', 'financial analysis', 'financial management', 'financial', 'cma', 'mba']",on-site,full time,senior management,,25 days ago,,cairo,cairo,egypt
office manager,cred developments,"['administration', 'office management', 'hr', 'maintenance', 'management', 'microsoft office', 'procurement']",on-site,full time,manager,,25 days ago,3.0,new cairo,cairo,egypt
central control unit operator,wadi group,"['computer science', 'information technology (it)', 'software engineering', 'unit testing', 'system monitoring', 'problem solving', 'troubleshooting', 'command line interface (cli)', 'networking fundamentals']",on-site,full time,experienced,,25 days ago,2.0,sheikh zayed,giza,egypt
operations manager,confidential,"['management', 'production', 'product management', 'production engineering', 'production process', 'operations management', 'manager']",on-site,full time,manager,,25 days ago,3.0,khanka,qalubia,egypt
operation manager,magico group,"['product management', 'factory management', 'management', 'medical services', 'engineering', 'manufacturing', 'production']",on-site,full time,manager,,25 days ago,3.0,obour city,cairo,egypt
"senior civil draughtsman ""draftsman""",abu gemeaa,"['autocad 3d', 'civil engineering', 'autocad 2d', 'drafting', 'cross section', 'infrastructure engineering', 'detailing', 'clash detection', 'shop drawings']",on-site,full time,experienced,,25 days ago,2.0,new cairo,cairo,egypt
senior technical office engineer – architecture,better home,"['architecture', 'autocad', 'technical office', 'engineering', 'microsoft office']",on-site,full time,experienced,,25 days ago,2.0,new capital,cairo,egypt
junior tender engineer,delta egypt for lighting,"['tender preparation', 'tendering', 'electrical engineering', 'technical analysis', 'engineering', 'engineering services']",on-site,full time,entry level,,25 days ago,1.0,obour city,cairo,egypt
personnel and payroll specialist,arcelormittal egypt,"['human resources (hr)', 'personnel management', 'microsoft office suite', 'recruitment', 'onboarding', 'employee relations', 'payroll administration', 'hr policies']",on-site,full time,experienced,,25 days ago,2.0,badr city,cairo,egypt
unit distribution manager (giza),arma-hsa,"['identifying and evaluating opportunities', 'problem-solving', 'commitment', 'sales', 'sales field', 'sales target', 'sales planning', 'sales management']",on-site,full time,manager,,25 days ago,3.0,giza,giza,egypt
product designer (autocad & solidworks),alpha,"['autocad', 'solidworks', 'design', 'product design']",on-site,full time,entry level,,25 days ago,1.0,new cairo,cairo,egypt
personnel specialist,zeta pharma,"['personnel affairs', 'personnel management', 'personnel administration', 'human resources (hr)', 'personnel', 'microsoft office']",on-site,full time,entry level,,25 days ago,1.0,cairo,cairo,egypt
sr. cloud & vmware engineer,roaya,"['cloud', 'computer science', 'information technology (it)', 'engineering', 'vmware']",on-site,full time,experienced,,25 days ago,2.0,maadi,cairo,egypt
administrative security officer (retired armed forces or police officer),tahya masr holding,"['administration', 'police', 'security']",on-site,full time,experienced,,25 days ago,2.0,cairo,cairo,egypt
accounting manager,turath real estate,"['accounting', 'finance', 'financial analysis', 'financial management', 'gaap', 'ifrs', 'budgeting', 'forecasting']",on-site,full time,manager,,25 days ago,3.0,obour city,cairo,egypt
junior civil qs engineer,new plan,"['civil engineering', 'quantity surveying', 'autocad', 'construction', 'engineering', 'architecture', 'surveying']",on-site,full time,entry level,,25 days ago,1.0,new capital,cairo,egypt
sales,ibs,"['sales', 'sales target', 'customer relationship management (crm)', 'negotiation', 'communication', 'lead generation', 'presentation skills', 'client acquisition', 'account management']",on-site,full time,experienced,,25 days ago,2.0,nasr city,cairo,egypt
receptionist,el mansour development,"['administration', 'office management', 'microsoft office', 'customer service', 'customer support', 'customer care']",on-site,full time,entry level,,25 days ago,1.0,mokattam,cairo,egypt
tinting machine maintenance supervisor,jazeera paints,"['color matching', 'maintenance', 'manufacturing', 'troubleshooting', 'mechanical engineering', 'electrical systems', 'preventive maintenance']",on-site,full time,entry level,,25 days ago,1.0,dakahlia,dakahlia,egypt
technical office & pre sales engineer,lse,"['engineering', 'microsoft office', 'sales', 'technical office']",on-site,full time,experienced,,25 days ago,2.0,nasr city,cairo,egypt
production engineer,new marina plast,"['engineering', 'manufacturing', 'mechanical engineering', 'production', 'process optimization', 'quality control', 'problem solving', 'lean manufacturing']",on-site,full time,experienced,,25 days ago,2.0,bourj alarab,alexandria,egypt
planning engineer,confidential,"['civil engineering', 'engineering', 'planning', 'project management', 'communication', 'primavera', 'primavera p6', 'project']",on-site,full time,experienced,,25 days ago,2.0,cairo,cairo,egypt
mechanical engineer,new marina plast,"['mechanical engineering', 'engineering', 'maintenance', 'troubleshooting', 'preventive maintenance', 'technical drawing', 'manufacturing processes', 'problem solving', 'project management']",on-site,full time,experienced,,25 days ago,2.0,bourj alarab,alexandria,egypt
industrial fabrication communication and outreach lab engineer,british university of egypt,"['rapid prototyping & manufacturing', 'equipment lifecycle management', 'applied engineering', 'autocad', 'canva', 'adobe premiere', 'marketing & communications']",on-site,full time,entry level,,25 days ago,1.0,cairo,cairo,egypt
audit accountant,el mansour development,"['accounting', 'auditing', 'finance', 'financial analysis', 'construction', 'financial', 'financial reporting', 'internal controls', 'real estate']",on-site,full time,experienced,,25 days ago,2.0,mokattam,cairo,egypt
crm & marketing automation specialist (gohighlevel),confidential,"['automation', 'crm', 'e-marketing', 'marketing', 'marketing automation', 'social media', 'gohighlevel (ghl) crm implementation & configuration']",remote,freelance / project,experienced,,25 days ago,2.0,cairo,cairo,egypt
hr administrator,confidential,"['human resources', 'administration', 'recruitment', 'employee relations', 'onboarding', 'hris management', 'hr compliance', 'payroll administration']",on-site,full time,experienced,,25 days ago,2.0,cairo,cairo,egypt
stock controller,el mansour development,"['accounting', 'stock', 'logistics', 'stock control', 'supply chain', 'business administration', 'administration', 'inventory control']",on-site,full time,experienced,,25 days ago,2.0,mokattam,cairo,egypt
accountant,egyptian engineering company,"['time management', 'accounting', 'erp system', 'microsoft excel', 'financial accounting', 'ms office']",on-site,full time,experienced,,25 days ago,2.0,6th of october,giza,egypt
data protection officer(dpo),meahco - saudi german health,"['cybersecurity', 'data protection']",on-site,full time,experienced,,25 days ago,2.0,katameya,cairo,egypt
tele sales representative (male only),confidential,"['sales', 'customer service', 'sales target', 'call center']",on-site,full time,entry level,,25 days ago,1.0,maadi,cairo,egypt
technical office electrical engineer,sherif el-gohary & co.,"['electrical engineering', 'construction', 'microsoft office', 'technical office', 'shop drawings', 'engineering', 'autocad']",on-site,full time,experienced,,25 days ago,2.0,mohandessin,giza,egypt
full stack web developer,gcssd,"['computer science', 'software engineering', 'information systems', '.net', 'software development', 'web development', 'wcf', 'c#', 'microsoft sql server']",on-site,full time,entry level,,25 days ago,1.0,heliopolis,cairo,egypt
video editor,foto tech,"['adobe photoshop', 'adobe premiere', 'video editing', 'aftereffect', 'premiere', 'creative', 'storytelling']",on-site,full time,experienced,,25 days ago,2.0,mounib,giza,egypt
network specialist,glc paints,"['computer science', 'information technology (it)', 'network', 'networking']",on-site,full time,experienced,,25 days ago,2.0,obour city,cairo,egypt
senior site engineer (architect),no5 construction,"['construction', 'interior finishing', 'quality control', 'project management', 'site supervision', 'architecture']",on-site,full time,experienced,,25 days ago,2.0,sheikh zayed,giza,egypt
internal auditor,my way,"['analytical and detail-oriented', '• strong communication skills', '• high integrity and confidentiality', '• ability to work independently', 'strong follow-up and problem-solving skills']",on-site,full time,experienced,,25 days ago,2.0,obour city,cairo,egypt
operations manager,confidential,"['management', 'microsoft office']",on-site,full time,manager,,25 days ago,3.0,sharqia,sharqia,egypt
accountant,al ahly medical company,"['accounting', 'finance', 'financial reporting', 'bookkeeping', 'data entry', 'microsoft excel', 'attention to detail', 'problem-solving', 'communication']",on-site,full time,entry level,,25 days ago,1.0,giza,giza,egypt
accounts payable supervisor,flex asepto,"['accounts payable', 'accounting', 'finance', 'payments', 'export', 'import / export', 'bank reconciliation', 'banking', 'financial reporting']",on-site,full time,manager,,25 days ago,3.0,6th of october,giza,egypt
electrical design engineer (mep),confidential,"['autocad', 'design', 'electrical engineering', 'mep design', 'electrical design']",on-site,full time,entry level,,25 days ago,1.0,heliopolis,cairo,egypt
mechanical design engineer (hvac),confidential,"['autocad', 'mechanical engineering', 'design', 'hvac', 'mep', 'mep design']",on-site,full time,entry level,,25 days ago,1.0,heliopolis,cairo,egypt
senior graphic designer,top chef,"['adobe illustrator', 'adobe photoshop', 'graphic design', '3d photo manipulation', 'e-commerce banner design', 'social media campaign design', 'brand identity development', 'printing production management', 'packaging design']",on-site,full time,senior management,,25 days ago,,obour city,cairo,egypt
warehouse manager,royal herbs,"['logistics', 'warehousing', 'supply chain', 'administration', 'business administration', 'management', 'erp']",on-site,full time,manager,,25 days ago,3.0,alsadat city,monufya,egypt
jira administrator,technosat,"['jira', 'information technology (it)', 'jira service management (jsm)', 'confluence', 'jira data center', 'scriptrunner', 'jmwe', 'eazybi', 'acp-120']",hybrid,full time,experienced,,25 days ago,2.0,cairo,cairo,egypt
project manager,confidential,"['project management', 'projects', 'information technology (it)']",on-site,full time,experienced,,25 days ago,2.0,sheraton,cairo,egypt
business intelligence analyst,arma-hsa,"['analysis', 'business analysis', 'business intelligence', 'administration', 'bi', 'business administration', 'computer science', 'information technology (it)', 'power bi']",on-site,full time,entry level,,25 days ago,1.0,new cairo,cairo,egypt
procurement specialist – packaging materials,confidential,"['packaging', 'procurement', 'purchasing', 'supply chain']",on-site,full time,experienced,,25 days ago,2.0,bourj alarab,alexandria,egypt
facilities supervisor,eureka solar energy,"['administration', 'engineering', 'management', 'facility maintenance', 'operations management', 'project management', 'vendor management']",on-site,full time,experienced,,25 days ago,2.0,10th of ramadan city,sharqia,egypt
site engineer,confidential,"['construction', 'engineering', 'autocad']",on-site,full time,experienced,,25 days ago,2.0,new cairo,cairo,egypt
electrical engineer,cleopatra developments,"['electrical engineering', 'engineering', 'construction management', 'project management', 'autocad electrical', 'etap', 'power systems', 'low voltage systems']",on-site,full time,experienced,,25 days ago,2.0,sheikh zayed,giza,egypt
content creator specialist (real estate),valero development,"['content creation', 'creative ideas', 'social media', 'real estate', 'marketing']",on-site,full time,experienced,,25 days ago,2.0,obour city,cairo,egypt
oracle functional scm executive (ebs),eva cosmetics,"['oracle ebs r12', 'oracle supply chain management (scm)', 'purchasing', 'inventory management', 'ebs', 'oracle consultant', 'supply chain']",on-site,full time,experienced,,25 days ago,2.0,6th of october,giza,egypt
presales technical consultant,cybersrv,"['computer science', 'presales', 'engineering', 'information technology (it)', 'pre-sales', 'consulting', 'sales', 'communication']",remote,part time,entry level,,25 days ago,1.0,giza,giza,egypt
senior architecture technical office engineer,beta developments,"['3ds max', 'autocad', 'revit', 'architecture', 'engineering', 'microsoft office', 'real estate']",on-site,full time,experienced,,25 days ago,2.0,heliopolis,cairo,egypt
maintenance supervisors,cleopatra developments,"['electrical engineering', 'maintenance', 'mechanical engineering', 'troubleshooting', 'preventive maintenance', 'team leadership', 'safety regulations']",on-site,full time,experienced,,25 days ago,2.0,sheikh zayed,giza,egypt
site civil engineer (hotel and resort project),travco group,"['civil engineering', 'construction', 'engineering', 'projects', 'architecture', 'autocad', 'communication', 'management', 'microsoft office']",on-site,full time,experienced,,25 days ago,2.0,hurghada,red sea,egypt
mechanical industrial engineer,groupe- atlantic,"['mechanical', 'mechanical engineering', 'project management', 'engineering']",on-site,full time,experienced,,25 days ago,2.0,10th of ramadan city,cairo,egypt
digital marketing specialist,egyptcomp for integrated systems,"['digital marketing', 'social media', 'b2b marketing', 'social media stratgey', 'brand marketing', 'brand awareness', 'marketing campaigns', 'seo', 'google ads']",remote,full time,experienced,,26 days ago,2.0,cairo,cairo,egypt
warehouse accountant,aton crops for agriculture and export,"['accounting', 'financial analysis', 'financial management', 'warehouse management', 'inventory control', 'cost accounting', 'auditing', 'logistics']",on-site,full time,experienced,,26 days ago,2.0,menia,minya,egypt
account manager,confidential,"['customer service', 'team leadership', 'account management', 'business administration', 'business development', 'management', 'marketing', 'microsoft office']",on-site,full time,experienced,,26 days ago,2.0,downtown,cairo,egypt
"director of security, background of the militarization of a retired army brigade.",aton crops for agriculture and export,"['security management', 'risk assessment', 'crisis management', 'strategic planning', 'team leadership', 'security operations', 'physical security', 'intelligence analysis']",on-site,full time,manager,,26 days ago,3.0,menia,minya,egypt
international marketing intern,vision 22 advertising agency,"['advertising', 'marketing', 'e-marketing', 'market research', 'communication skills', 'digital marketing', 'international business development']",on-site,internship,entry level,,26 days ago,1.0,maadi,cairo,egypt
brand marketing manager,raxeira beauty for cosmetics,"['brand management', 'digital marketing', 'cosmetics marketing', 'skincare', 'influencer marketing', 'content marketing', 'brand activation']",on-site,full time,manager,,26 days ago,3.0,obour city,cairo,egypt
export sales specialist.,aton crops for agriculture and export,"['export', 'export sales', 'sales', 'sales target', 'customer service', 'international trade', 'logistics']",on-site,full time,experienced,,26 days ago,2.0,maadi,cairo,egypt
contractors accountant,el mansour development,"['accounting', 'finance', 'construction', 'financial analysis', 'financial accounting', 'accounting reports']",on-site,full time,experienced,,26 days ago,2.0,mokattam,cairo,egypt
events & public relations assistant,ivein clinic,"['marketing', 'public relations', 'public relations (pr)', 'social media', 'business administration', 'mass communication', 'microsoft office', 'administration']",on-site,full time,entry level,,26 days ago,1.0,alexandria,alexandria,egypt
office admin - medical clinics,maksoud medical ltd,"['administration', 'english', 'translation', 'communication', 'arabic', 'ms office', 'office management', 'organizational skills', 'time management']",on-site,full time,entry level,,26 days ago,1.0,alexandria,alexandria,egypt
graphic designer,tie house,"['adobe illustrator', 'adobe photoshop', 'photoshop', 'design', 'graphic design', 'graphic']",on-site,full time,experienced,,26 days ago,2.0,new cairo,cairo,egypt
quality manager,le souverain,"['quality control', 'quality management', 'quality management system', 'quality auditing']",on-site,full time,manager,,27 days ago,3.0,10th of ramadan city,sharqia,egypt
brand manager,savola,"['branding', 'marketing', 'advertising', 'market research', 'management', 'mba', 'fmcg', 'excel']",on-site,full time,manager,,27 days ago,3.0,new cairo,cairo,egypt
talent acquisition & employer branding manager,confidential,"['human resources (hr)', 'recruitment', 'talent acquisition', 'human resources', 'interviewing', 'hiring', 'hr']",on-site,full time,manager,,27 days ago,3.0,maadi,cairo,egypt
senior project manager,confidential,"['project management', 'engineering', 'fitting-out', 'construction management', 'civil engineering', 'architectural design', 'site supervision', 'budget management']",on-site,full time,senior management,,27 days ago,,mohandessin,giza,egypt
middle business data analyst - bi engineer,vertex technologies,"['business data analysis', 'business intelligence (bi)', 'english b2', 'power bi', 'databases', 'dwh', 'sql', 'etl processes', 'data mining']",on-site,full time,experienced,,27 days ago,2.0,cairo,cairo,egypt
call center trainee,ivein clinic,"['call center', 'customer care', 'customer service', 'customer support', 'computer skills']",on-site,internship,entry level,,27 days ago,1.0,mahta alraml,alexandria,egypt
sales representative,saeed saadan shehata & partners co.,"['erp', 'sales', 'spare parts']",on-site,full time,experienced,,27 days ago,2.0,downtown,cairo,egypt
erp implementer,erpplus5,"['erp', 'implementation', 'finance', 'accounting', 'financial accounting', 'accounting systems', 'business processes']",on-site,full time,experienced,,27 days ago,2.0,maadi,cairo,egypt
administrative assistant / secretary,arms surveying & automation systems,"['microsoft office', 'office management', 'computer skills', 'communication', 'training']",on-site,full time,entry level,,27 days ago,1.0,hadayek alahram,giza,egypt
electronics / mechatronics engineer – technical & operations coordinator,arms surveying & automation systems,"['electronics', 'engineering', 'mechatronics', 'operations management']",on-site,full time,entry level,,27 days ago,1.0,hadayek alahram,giza,egypt
vip customer service specialist-arabic/chinese,confidential,"['customer service', 'customer support', 'communication']",remote,full time,student,,27 days ago,,cairo,cairo,egypt
production manager,startrans,"['engineering', 'management', 'manufacturing', 'production', 'six sigma lean', 'process optimization', 'quality control']",on-site,full time,manager,,28 days ago,3.0,6th of october,giza,egypt
technical sales engineer - electrical,startrans,"['electrical engineering', 'engineering', 'sales', 'technical sales', 'customer relationship management (crm)', 'business development', 'tendering']",on-site,full time,experienced,,28 days ago,2.0,tanta,gharbia,egypt
account manager,akamaar dev,"['crm', 'property', 'real estate', 'data entry', 'conflict resolution', 'spreadsheets', 'property management', 'attention to detail']",remote,full time,experienced,,28 days ago,2.0,cairo,cairo,egypt
senior technical architect engineer,life theme,"['architecture', 'autocad', 'engineering']",on-site,full time,experienced,,28 days ago,2.0,new cairo,cairo,egypt
customer success specialist,wuzzuf,"['customer care', 'customer service', 'customer success', 'customer support']",on-site,full time,entry level,,28 days ago,1.0,maadi,cairo,egypt
senior general accountant,3dimension,"['general accounting', 'financial reporting', 'cost accounting', 'accounts payable (ap)', 'accounts receivable (ar)', 'bank reconciliation', 'general ledger (gl)']",on-site,full time,experienced,,28 days ago,2.0,giza,giza,egypt
senior purchasing specialist,confidential,"['construction field', 'logistics', 'purchasing', 'supply chain management', 'procurement', 'microsoft excel', 'vendor management']",on-site,full time,experienced,,28 days ago,2.0,mohandessin,giza,egypt
sales executive (edtech),naziredu,"['sales', 'sales target', 'customer service', 'business development', 'communication', 'marketing', 'microsoft office', 'negotiation']",hybrid,full time,experienced,,28 days ago,2.0,cairo,cairo,egypt
event planner,royal house language school,"['event planning', 'marketing', 'public relations (pr)', 'event management', 'event coordination', 'education', 'school', 'media']",on-site,full time,experienced,,28 days ago,2.0,giza,giza,egypt
senior electrical site engineer,integrated-ltd,"['electrical engineering', 'electrical', 'engineering', 'project', 'electrical systems', 'nec', 'nfpa codes', 'safety regulations', 'autocad']",on-site,full time,experienced,,28 days ago,2.0,new cairo,cairo,egypt
devops engineer,confidential,"['devops', 'cloud infrastructure', 'configuration management', 'aws', 'azure', 'computer science', 'docker']",on-site,full time,experienced,,28 days ago,2.0,mohandessin,giza,egypt
telesales executive,engineering tracks,"['communication', 'negotiation', 'sales', 'telesales', 'customer service', 'crm software', 'active listening', 'problem solving']",on-site,full time,entry level,,28 days ago,1.0,nasr city,cairo,egypt
store manager,miniso life,"['retail', 'sales', 'store management']",on-site,full time,experienced,,28 days ago,2.0,cairo,cairo,egypt
key account manager (pharma),daf holding,"['pharma', 'sales', 'sales target', 'account management']",on-site,full time,manager,,28 days ago,3.0,cairo,cairo,egypt
senior lifestyle manager,bdo esnad,"['customer support', 'customer care', 'customer relations', 'travel', 'finance', 'reservation']",on-site,full time,senior management,,28 days ago,,mohandessin,giza,egypt
it risk assistant manager,taly,"['risk management', 'information analysis', 'information security', 'cism', 'communication', 'compliance', 'computer science', 'information technology (it)', 'management']",on-site,full time,experienced,,28 days ago,2.0,cairo,cairo,egypt
fleet sales executive,elsaba group co.,"['sales', 'sales target']",on-site,full time,experienced,,28 days ago,2.0,cairo,cairo,egypt
facility management engineer,gold era,"['engineering', 'facility management', 'project management', 'information technology (it)', 'mechanical engineering', 'electrical engineering', 'civil engineering']",on-site,full time,experienced,,28 days ago,2.0,new cairo,cairo,egypt
head of marketing,wuzzuf,"['business startegy', 'business planning', 'business operations', 'decision analysis']",on-site,full time,manager,,28 days ago,3.0,cairo,cairo,egypt
head of strategy & execution,wuzzuf,"['business startegy', 'business planning', 'business operations', 'decision analysis']",on-site,full time,experienced,,28 days ago,2.0,cairo,cairo,egypt
social media manager,نوبل للتدريب - nobel group,"['advertising', 'social media', 'e-marketing', 'marketing', 'digital marketing', 'management', 'content creation', 'communication']",on-site,full time,experienced,,28 days ago,2.0,6th of october,giza,egypt
odoo functional consultant / implementer,rockal,"['erp implementation', 'finance', 'accounting', 'erp', 'odoo', 'financial management', 'business analysis', 'system implementation']",hybrid,full time,experienced,,28 days ago,2.0,nasr city,cairo,egypt
senior electrical – power & light current design engineer,ace consulting engineers  (moharram - bakhoum,"['electrical engineering', 'engineering', 'light current', 'design', 'autocad', 'revit']",on-site,full time,experienced,,28 days ago,2.0,dokki,giza,egypt
procurement manager,el mohandess print house,"['business administration', 'engineering', 'logistics', 'procurement', 'purchasing', 'supply chain']",on-site,full time,manager,,28 days ago,3.0,10th of ramadan city,sharqia,egypt
junior electrical – power & light current design engineer - head office,ace consulting engineers  (moharram - bakhoum,"['autocad', 'design', 'electrical engineering', 'light current', 'engineering']",on-site,full time,entry level,,28 days ago,1.0,dokki,giza,egypt
senior hr generalist,next maritime slu,"['human resources (hr)', 'microsoft office', 'personnel', 'recruitment', 'hr', 'employee relations', 'communication']",on-site,full time,experienced,,28 days ago,2.0,alexandria,alexandria,egypt
construction manager,alunaut,"['engineering', 'project management', 'construction management', 'civil engineering', 'architecture', 'risk management', 'budget management', 'schedule management']",on-site,full time,experienced,,28 days ago,2.0,nasr city,cairo,egypt
field service & installation team leader engineer,comtec,"['electrical engineering', 'mechanical engineering', 'engineering', 'installations']",on-site,full time,manager,,28 days ago,3.0,heliopolis,cairo,egypt
data entry clerk,upsell,"['data entry', 'customer service', 'microsoft office', 'administration', 'computer science', 'content management', 'customer support', 'management']",remote,full time,entry level,,28 days ago,1.0,cairo,cairo,egypt
real-time analyst (rta),etisalat egypt,"['call center', 'customer care', 'customer service', 'genesys', 'information technology (it)', 'management', 'microsoft excel', 'statistics']",on-site,full time,entry level,,28 days ago,1.0,maadi,cairo,egypt
personal assistants,blue sky real estate,"['administration', 'microsoft office', 'office management']",on-site,full time,experienced,,28 days ago,2.0,nasr city,cairo,egypt
sales marketing executive,blue sky real estate,"['marketing', 'sales', 'sales target']",remote,full time,experienced,,28 days ago,2.0,nasr city,cairo,egypt
techcnial sales engineer,alunaut,"['engineering', 'sales']",on-site,full time,experienced,,28 days ago,2.0,nasr city,cairo,egypt
mechanical maintenance engineer,joy glass,"['communication', 'management', 'mechanical', 'manufacturing', 'mechatronics', 'glass manufacturing', 'glass industry']",on-site,full time,entry level,,28 days ago,1.0,6th of october,giza,egypt
financial manager - real estate & property management,genena group,"['accounting', 'financial management', 'financial analysis', 'financial reporting', 'real estate finance', 'property management accounting', 'budgeting', 'forecasting', 'strategic planning']",on-site,full time,senior management,,28 days ago,,new cairo,cairo,egypt
senior customer service representative - english,ttec,"['customer care', 'customer service', 'customer support', 'communication', 'management', 'negotiation', 'retail', 'sales']",on-site,full time,experienced,,28 days ago,2.0,cairo,cairo,egypt
consulting engineers,inscenco,"['engineering', 'consulting', 'mechanical engineering', 'interior design', 'exterior design', 'bim modeling', 'rivet', 'autodesk 3ds max']",remote,full time,manager,,28 days ago,3.0,kafr alsheikh,kafr alsheikh,egypt
marketing & social media director,royal house language school,"['marketing- digital marketing', 'social media strategy', 'leadership', 'management', 'digital advertising', 'education fields', 'media']",on-site,full time,senior management,,28 days ago,,giza,giza,egypt
photographer & videographer,royal house language school,"['adobe photoshop', 'photography', 'design', 'videography', 'video editing', 'social media', 'lightroom', 'creative', 'adobe premiere']",on-site,full time,experienced,,28 days ago,2.0,giza,giza,egypt
warranty engineer,elsaba group co.,"['creating warranty repair orders.', 'receiving replaced parts after reviewing the warranty repair order.']",on-site,full time,experienced,,28 days ago,2.0,maadi,cairo,egypt
operations coordinator,al betar for computer supplies,"['operations management', 'order management', 'order fulfillment', 'store operations', 'team leadership', 'logistics', 'coordination', 'supply chain', 'customer support']",on-site,full time,experienced,,28 days ago,2.0,sidi gaber,alexandria,egypt
operations manager – clinics sector reports to,lms,"['operations management', 'management', 'administration', 'reporting']",on-site,full time,manager,,28 days ago,3.0,maadi,cairo,egypt
corporate sales manager – insurance & clinics sector,lms,"['insurance', 'medical', 'communications', 'sales', 'sales skills', 'sales target']",on-site,full time,manager,,28 days ago,3.0,maadi,cairo,egypt
أخصائي تسويق أداء وتقني seo,smaw,"['•\xa0\xa0\xa0\xa0\xa0 إعداد وربط أدوات التتبّع والبكسل (meta pixel، tiktok pixel، google tag manager / ga4) وضبط أحداث التحويل (conversions api).', '•\xa0\xa0\xa0\xa0\xa0 إدارة وتحسين منتجات وكتالوج المتجر على منصة سلة (العناوين، الأوصاف، التصنيفات، الصور).', '•\xa0\xa0\xa0\xa0\xa0 تحسين محركات البحث (seo) التقني والداخلي للمتجر.', '•\xa0\xa0\xa0\xa0\xa0 إدارة وتحسين حملات google ads وgoogle merchant center، ومتابعة search console.', '•\xa0\xa0\xa0\xa0\xa0 تحليل أداء المتجر عبر google analytics ولوحات سلة، وإعداد تقارير دورية.', '•\xa0\xa0\xa0\xa0\xa0 التنسيق مع فريق السوشيال ميديا في السعودية لتوحيد التتبّع والبيانات.']",on-site,full time,experienced,,28 days ago,2.0,cairo,cairo,egypt
operation specialist,orion,"['networking', 'fiber optics', 'system control']",on-site,full time,entry level,,28 days ago,1.0,madinaty,cairo,egypt
business developer,ziraa smart solutions,"['business development', 'sales', 'sales target']",remote,freelance / project,entry level,,28 days ago,1.0,cairo,cairo,egypt
graphic designer,hassan allam sports club,"['adobe illustrator', 'adobe photoshop', 'graphic design', 'design', 'illustrator', 'creative', 'marketing', 'social media', 'video editing']",hybrid,full time,entry level,,28 days ago,1.0,new cairo,cairo,egypt
senior technical office architecture engineer,gb corp,"['architecture', 'engineering', 'autocad', 'cad', 'construction', 'design', 'microsoft office', 'revit', 'urban design']",on-site,full time,experienced,,28 days ago,2.0,giza,giza,egypt
personal assistant.,reservya,"['administration', 'canva', 'ai tools', 'time management', 'communication skills', 'organizational skills', 'customer service']",remote,internship,student,,28 days ago,,cairo,cairo,egypt
tax associate,statements consulting,"['accounting', 'finance', 'microsoft office', 'tax', 'auditing', 'tax accounting']",on-site,full time,experienced,,28 days ago,2.0,cairo,cairo,egypt
medical representative,light life,"['sales', 'marketing strategy', 'pharmaceutical sales', 'relationship building', 'product presentation', 'market analysis', 'communication skills']",hybrid,full time,experienced,,28 days ago,2.0,sharqia,sharqia,egypt
pharmacist ( mokattam specialized ),al ahly medical company,"['pharmaceutical', 'pharmacy', 'medical', 'pharmcist', 'safety', 'sales']",on-site,full time,experienced,,28 days ago,2.0,mokattam,cairo,egypt
senior technical office engineer,roya developments,"['engineering', 'microsoft office', 'technical office']",on-site,full time,experienced,,28 days ago,2.0,alamein,matruh,egypt
product manager – ux & customer experience,whispyr ai,"['product management', 'ux design', 'ui design', 'figma', 'prototyping', 'user research', 'customer relations']",on-site,full time,experienced,,28 days ago,2.0,new cairo,cairo,egypt
tender & procurement mep engineer.,united engineering company,"['mechanical engineering', 'procurement', 'tendering', 'mep', 'technical office engineering']",on-site,full time,experienced,,28 days ago,2.0,haram,giza,egypt
general accountant,el masry specialized hospital,"['accounting', 'finance']",on-site,full time,experienced,,28 days ago,2.0,mokattam,cairo,egypt
hr operations manager,confidential,"['engineering', 'human resources (hr)', 'management', 'microsoft office', 'talent acquisition', 'employee relations', 'performance management', 'hris']",on-site,full time,manager,,28 days ago,3.0,cairo,cairo,egypt
"sr. project manager ""payments""",efada technology,"['project management professional', 'project management', 'technical assistance', 'itil', 'agile', 'jira', 'problem solving']",hybrid,full time,manager,,28 days ago,3.0,cairo,cairo,egypt
maintenance engineer - heavy equipment,travco group,"['heavy equipment maintenance', 'mechanical troubleshooting', 'preventive maintenance', 'safety compliance', 'heavy equipment', 'mechanical engineering', 'mechatronics']",on-site,full time,experienced,,28 days ago,2.0,hurghada,red sea,egypt
senior mechanical engineer,epp,"['mechanical engineering', 'rotating equipment', 'maintenance', 'manufacturing', 'mechanical', 'communication', 'api', 'computer science', 'engineering']",on-site,full time,experienced,,28 days ago,2.0,port said,port said,egypt
(python) full stack developer,etisalat egypt,"['computer science', 'python', 'python developer', 'full stack development', 'python scripting', 'python development', 'python full stack', 'it']",on-site,full time,experienced,,29 days ago,2.0,new cairo,cairo,egypt
hse engineer,abu gemeaa,"['engineering', 'quality control', 'hse', 'nebosh', 'microsoft office', 'health, safety & environment', 'safety audits']",on-site,full time,experienced,,29 days ago,2.0,cairo,cairo,egypt
motion graphics designer,mico world limited,"['adobe illustrator', 'adobe photoshop', 'design', 'graphic design', 'motion graphics', 'video editing', 'animation']",on-site,full time,entry level,,29 days ago,1.0,maadi,cairo,egypt
vip-french speaker,mico world limited,"['customer care', 'customer service', 'customer support', 'french language proficiency', 'sales acumen', 'problem-solving', 'communication skills', 'client relationship management', 'active listening']",on-site,full time,entry level,,29 days ago,1.0,maadi,cairo,egypt
electrical sales engineer (lv switchgear & rmu),electratec for electric industries,"['sales target', 'sales', 'engineering', 'switchboard sales', 'low voltage panels sales', 'rmu sales', 'electrical products sales', 'communication']",on-site,full time,experienced,,29 days ago,2.0,10th of ramadan city,cairo,egypt
sr. sales account manager ( public sector ),fixed solutions,"['sales', 'sales target']",hybrid,full time,experienced,,29 days ago,2.0,cairo,cairo,egypt
senior sales account manager (commercial sector),fixed solutions,"['sales', 'sales target']",hybrid,full time,experienced,,29 days ago,2.0,cairo,cairo,egypt
cloud & infrastructure consultant,link development,"['azure', 'cloud', 'aws', 'aws cloud', 'microsoft azure', 'azure devops server', 'active directory', 'networking', 'vmware']",hybrid,full time,experienced,,29 days ago,2.0,maadi,cairo,egypt
electrical engineering manager,al salmanya,"['design', 'electrical engineering', 'engineering', 'management', 'project management', 'hvac', 'mechanical engineering', 'team leadership', 'budget management']",on-site,full time,manager,,29 days ago,3.0,cairo,cairo,egypt
it help desk,lotus for food industries,"['computer science', 'information technology (it)', 'networking', 'windows server', 'it security basics', 'communication', 'time management', 'user support', 'problem solving']",on-site,full time,entry level,,29 days ago,1.0,kerdasa,giza,egypt
senior administrative officer,community systems foundation,"['business administration', 'administration', 'information technology (it)', 'quickbooks', 'microsoft excel', 'google workspace']",hybrid,full time,experienced,,29 days ago,2.0,cairo,cairo,egypt
shop drawings designer,guillam,"['research', 'analysis', 'business english', 'interior design', 'autocad', 'adobe creative suite', 'material selection', 'space planning']",on-site,full time,entry level,,29 days ago,1.0,san stefano,alexandria,egypt
purchasing manager – medical supplies manufacturing,euromed for medical industries,"['procurement', 'purchasing management', 'local & foreign purchasing', 'supplier management', 'strategic sourcing', 'negotiation', 'cost reduction', 'import procedures & incoterms', 'erp systems']",on-site,full time,manager,,29 days ago,3.0,nasr city,cairo,egypt
demand planner specialist,lotus for food industries,"['planning', 'supply chain', 'computer skills', 'inventory planning', 'forecasting', 'demand planning', 'management', 'new product forecasting']",on-site,full time,experienced,,29 days ago,2.0,kerdasa,giza,egypt
quality control manager,euromed for medical industries,"['operations/management', 'quality control (qc) quality management quality assurance (qa) iso 13485 gmp (good manufacturing practices) capa (corrective and preventive actions) root cause analysis internal auditing risk management statistical process control (spc) documentation & re', 'quality management', 'iso 13485', 'gmp (good manufacturing practices)', 'capa (corrective and preventive actions)', 'root cause analysis']",on-site,full time,manager,,29 days ago,3.0,nasr city,cairo,egypt
senior training coordinator,gold era,"['human resources (hr)', 'training', 'learning & development', 'coordination', 'project management', 'curriculum development', 'communication skills']",on-site,full time,experienced,,29 days ago,2.0,cairo,cairo,egypt
sales ( real estate ) - alexandria,dewan for real estate,"['real estate', 'sales', 'negotiation', 'crm software', 'communication skills', 'presentation skills', 'closing deals', 'sales target']",on-site,full time,experienced,,29 days ago,2.0,smouha,alexandria,egypt
tendering engineer - low & medium voltage switchboards,electratec for electric industries,"['electrical engineering', 'tendering', 'switchboards', 'low voltage panels', 'medium voltage panel', 'ring main units']",on-site,full time,experienced,,29 days ago,2.0,10th of ramadan city,cairo,egypt
"sales account manager - sms, websites & digital solutions",ta telecom,"['corporate sales', 'sms advertising', 'sales', 'business development', 'vas', 'digital services', 'negotiation', 'presentation skills']",hybrid,full time,experienced,,29 days ago,2.0,maadi,cairo,egypt
sales/retail internship,union group,"['retail', 'sales target', 'sales', 'sales field', 'sales planning', 'retail sales', 'customer support']",on-site,internship,entry level,,29 days ago,1.0,obour city,cairo,egypt
internal audit accountant,ascom,"['accounting', 'computer skills', 'erp system', 'finance', 'microsoft office', 'communication', 'auditing']",on-site,full time,experienced,,29 days ago,2.0,maadi,cairo,egypt
switchboard design engineer,electratec for electric industries,"['design', 'switchboard', 'manufacturing', 'computer science', 'autocad', 'electrical engineering', 'engineering', 'information technology (it)', 'microsoft office']",on-site,full time,experienced,,29 days ago,2.0,10th of ramadan city,cairo,egypt
site engineer (owner representative),ragab group,"['civil engineering', 'engineering', 'construction', 'autocad', 'architectural engineering', 'architecture', 'civil design']",on-site,full time,experienced,,29 days ago,2.0,haram,giza,egypt
transition specialist.,etisalat egypt,"['transation managment', 'project management', 'project planning', 'risk management']",on-site,full time,experienced,,29 days ago,2.0,cairo,cairo,egypt
procurement manager (local & international),confidential,"['logistics', 'procurement', 'purchasing', 'supply chain', 'erp', 'supply', 'administration']",on-site,full time,manager,,29 days ago,3.0,heliopolis,cairo,egypt
assistant restaurant manager,matana group,"['food & beverage', 'food processing', 'food manufacturing', 'food safety management system', 'international food safety management systems standard', 'food quality', 'restaurant manager', 'ass restaurant manager']",on-site,full time,manager,,29 days ago,3.0,cairo,cairo,egypt
e- commerce data entry specialist,al betar for computer supplies,"['data entry', 'administration', 'computer skills', 'erp', 'microsoft office', 'typing', 'e-commerce', 'inventory management']",on-site,full time,experienced,,29 days ago,2.0,sidi gaber,alexandria,egypt
talent acquisition supervisor,matgr for engineering and trading,"['human resources (hr)', 'interviewing', 'recruitment', 'talent acquisition']",on-site,full time,experienced,,29 days ago,2.0,cairo,cairo,egypt
finance/accounting internship,union group,"['accounting', 'financial analysis', 'finance', 'financial management', 'budgeting', 'cost accounting']",on-site,internship,entry level,,29 days ago,1.0,obour city,cairo,egypt
sales engineer,engineering advanced solutions,"['sales target', 'communication', 'negotiation', 'engineering', 'mechanical', 'ms office', 'sales']",remote,full time,experienced,,29 days ago,2.0,6th of october,giza,egypt
talent & organizational development manager,matgr for engineering and trading,"['human resources (hr)', 'recruitment', 'od', 'organizational development', 'development']",on-site,full time,manager,,29 days ago,3.0,new cairo,cairo,egypt
procurement manager,erada,"['procurement', 'logistics', 'purchasing', 'supply chain', 'it', 'software', 'cloud infrastructure', 'mba']",on-site,full time,manager,,29 days ago,3.0,maadi,cairo,egypt
project planning engineer,mevac,"['project scheduling', 'project baseline', 'project monitoring', 'scope management', 'work breakdown structure (wbs)', 'critical path method (cpm)', 'primavera p6 / ms project', 'resource allocation', 'cost estimation']",on-site,full time,entry level,,29 days ago,1.0,sharqia,sharqia,egypt
software developers java/angular (3 years of experience),mts-it,"['angular', 'computer science', 'full stack', 'information technology (it)', 'software development', 'css', 'spring framework', 'java se']",on-site,full time,experienced,,29 days ago,2.0,maadi,cairo,egypt
sustainability program coordinator,riseup (endemag for administrative skills development),"['project management', 'administration', 'analysis', 'coordination', 'documentation', 'engineering', 'microsoft office', 'ai']",hybrid,full time,experienced,,29 days ago,2.0,maadi,cairo,egypt
sales & fitting specialist - delta region,amplifon middle east,"['customer service', 'sales target', 'sales', 'engineering', 'management', 'communication']",on-site,full time,entry level,,29 days ago,1.0,alexandria,alexandria,egypt
architectural / life safety engineer,arcanios,"['cad', '3ds max', 'engineering', 'autocad']",on-site,full time,entry level,,29 days ago,1.0,obour city,cairo,egypt
civil engineer,ecosas international,"['architecture', 'civil engineering', 'engineering', 'construction', 'autocad', 'communication', 'ms office']",on-site,full time,experienced,,29 days ago,2.0,heliopolis,cairo,egypt
supply chain manager,confidential,"['supply chain', 'warehousing', 'purchasing', 'erp', 'logistics', 'planning', 'procurement']",on-site,full time,manager,,29 days ago,3.0,nasr city,cairo,egypt
product development engineer,kandil glass,"['computer science', 'development', 'information technology (it)', 'product development', 'microsoft office', 'computer skills', 'design']",on-site,full time,entry level,,29 days ago,1.0,10th of ramadan city,cairo,egypt
ar accountant (customer account),ift corporation,"['accounting', 'finance', 'microsoft office', 'ar', 'accounts receivable', 'sap', 'english', 'financial analysis', 'financial']",on-site,full time,experienced,,29 days ago,2.0,mokattam,cairo,egypt
portuguese customer services agent - multinational company,riseup (endemag for administrative skills development),"['call center', 'customer service', 'customer support', 'agent', 'customer care', 'english', 'portuguese']",on-site,full time,entry level,,29 days ago,1.0,maadi,cairo,egypt
maintenance engineer,hitachi railway,"['high availability (ha)', 'team player', 'electrical engineering', 'communication', 'mechanical engineering', 'maintenance', 'maintenance engineering']",on-site,full time,entry level,,29 days ago,1.0,cairo,cairo,egypt
general accountant (travel agency),cairo transport & touring,"['accountant', 'travel', 'accounting', 'accounts', 'accounts payable', 'accounts receivable', 'finance', 'microsoft excel', 'cost accounting']",on-site,full time,experienced,,29 days ago,2.0,downtown,cairo,egypt
chief accounting officer,tiba perfumes,"['accounting', 'finance', 'financial management', 'financial analysis', 'cost management', 'cost accounting', 'financial accounting', 'accounting reports']",on-site,full time,senior management,,29 days ago,,cairo,cairo,egypt
technical office mechanical engineer,ecosas international,"['autocad', 'mechanical', 'mechanical engineering', 'technical office', 'engineering', 'communication', 'fire fighting', 'hvac']",on-site,full time,experienced,,29 days ago,2.0,heliopolis,cairo,egypt
deputy it manager for infrastructure,nile university,"['information technology (it)', 'engineering', 'networking', 'project management', 'software', 'ccna', 'computer science', 'english']",on-site,full time,manager,,29 days ago,3.0,sheikh zayed,giza,egypt
agricultural engineer,sotaico,"['agriculture', 'agricultural engineering', 'pest control']",remote,full time,entry level,,29 days ago,1.0,nozha,cairo,egypt
planning specialist,koning food industries,"['material planning', 'production planning', 'reporting analysis']",on-site,full time,entry level,,29 days ago,1.0,10th of ramadan city,sharqia,egypt
site engineer,global traders,"['construction', 'autocad', 'microsoft office', 'project management', 'site supervision', 'quality control', 'civil engineering principles', 'blueprint reading', 'team leadership']",on-site,full time,experienced,,29 days ago,2.0,cairo,cairo,egypt
solar engineer,cairo contracting company,"['solar energy', 'electrical engineering', 'autocad', 'pvsyst', 'renewable energy systems', 'project design', 'system optimization', 'feasibility studies', 'problem solving']",on-site,full time,experienced,,29 days ago,2.0,heliopolis,cairo,egypt
sales,trustcom,"['sales', 'client relationship management', 'negotiation', 'business development', 'presentation skills', 'market analysis', 'communication', 'problem-solving', 'sales target']",on-site,full time,experienced,,29 days ago,2.0,cairo,cairo,egypt
head of mathematics department (american division),manhattan schools,"['math', 'teaching', 'management', 'curriculum development', 'educational leadership', 'mentoring', 'strategic planning']",on-site,full time,manager,,29 days ago,3.0,maadi,cairo,egypt
modern trade sales manager,international food & consumable goods - egypt s.a.e,"['modern trade', 'sales', 'sales target', 'trade', 'sales field', 'commerce', 'commercial sales', 'client support']",on-site,full time,manager,,29 days ago,3.0,6th of october,giza,egypt
secretary,reservya,"['administration', 'microsoft office', 'office management', 'customer service', 'communication', 'organizational skills', 'time management']",remote,internship,student,,29 days ago,,cairo,cairo,egypt
teller,al ahly momkn for e-payment,"['finance', 'banking', 'accounting']",on-site,full time,entry level,,29 days ago,1.0,fayoum,fayoum,egypt
camera operator,foto tech,"['photography', 'video editing', 'video montage', 'video design', 'video production', 'videography']",on-site,full time,experienced,,29 days ago,2.0,giza,giza,egypt
product specialist - endoscopy,bm-egypt,"['medical', 'pharmacy', 'product', 'sales', 'gastrointestinal endoscopy', 'endoscopy', 'biomedical engineering', 'medicine']",on-site,full time,experienced,,29 days ago,2.0,cairo,cairo,egypt
logistics specialist,ncc x-calibur,"['logistics', 'communication skills', 'supply chain management', 'supply chain']",on-site,full time,experienced,,29 days ago,2.0,new cairo,cairo,egypt
supply chain specialist,trag international,"['procurement', 'logistics', 'purchasing', 'supply chain management', 'inventory management', 'vendor management', 'negotiation', 'data analysis', 'sap']",on-site,full time,experienced,,29 days ago,2.0,sheraton,cairo,egypt
export sales specialist,ncc x-calibur,"['export', 'skills', 'supply chain', 'chemicals', 'logistics', 'sales', 'english']",on-site,full time,experienced,,29 days ago,2.0,new cairo,cairo,egypt
telecom rigger (working at heights technician),confidential,"['telecom', 'fiber optics', 'tower climbing', 'power cables', 'grounding systems', 'hse', 'lte']",on-site,full time,experienced,,29 days ago,2.0,cairo,cairo,egypt
marketing account manager,groovy medical spa,"['marketing', 'communication', 'crm', 'management', 'customer service', 'marketing strategy', 'account management', 'client relationship management']",on-site,full time,experienced,,29 days ago,2.0,heliopolis,cairo,egypt
freight forwarding operations coordinator,sunshine for logistic services,"['freight forwarding', 'logistics', 'supply chain', 'administration', 'import / export', 'business administration', 'management', 'microsoft office', 'shipping']",on-site,full time,experienced,,29 days ago,2.0,new cairo,cairo,egypt
administrative assistant,groovy medical spa,"['administration', 'communication', 'customer service', 'data entry', 'management', 'microsoft office', 'office management']",on-site,full time,entry level,,29 days ago,1.0,new cairo,cairo,egypt
python full stack developer,etisalat egypt,"['computer science', 'information technology (it)', 'javascript', 'python', 'software development', 'djngo', 'python frameworks']",hybrid,full time,experienced,,29 days ago,2.0,new cairo,cairo,egypt
warehouse manager,confidential,"['warehouse management', 'warehouse management system (wms)', 'kpi management', 'fifo / fefo inventory management', 'health & safety compliance', 'warehousing']",on-site,full time,manager,,29 days ago,3.0,alsadat city,monufya,egypt
data protection officer (dpo),pharma overseas,"['data protection', 'data privacy', 'pdpl', 'gdpr', 'compliance', 'information security', 'computer science', 'data analysis', 'data entry']",on-site,full time,experienced,,29 days ago,2.0,new cairo,cairo,egypt
sales executive,confidential,"['sales target', 'sales', 'customer service', 'logistics', 'sales field', 'outdoor sales', 'indoor sales', 'sales planning']",on-site,full time,entry level,,29 days ago,1.0,sheikh zayed,giza,egypt
"senior business development manager (ai & robotics) – emea, remote",pokamind,"['business development', 'partnerships', 'sales', 'marketing', 'lead generation', 'negotiation', 'market research', 'research', 'development']",remote,full time,manager,,29 days ago,3.0,cairo,cairo,egypt
product manager,comtec,"['product', 'product management']",on-site,full time,manager,,29 days ago,3.0,heliopolis,cairo,egypt
tech lead,billqode,"['computer science', 'information technology (it)', 'javascript', 'software development', 'team leadership', 'project management', 'system architecture', 'agile methodologies']",on-site,full time,manager,,29 days ago,3.0,cairo,cairo,egypt
telesales executive,arabicss,"['b2b sales', 'medical sales', 'sales']",on-site,full time,entry level,,29 days ago,1.0,maadi,cairo,egypt
engineering manager,billqode,"['computer science', 'engineering', 'information technology (it)', 'project management', 'software development life cycle (sdlc)', 'team leadership', 'agile methodologies', 'stakeholder management']",on-site,full time,manager,,29 days ago,3.0,cairo,cairo,egypt
group senior internal audit,as-salam international hospital,"['accounting', 'auditing', 'cia', 'commerce', 'finance', 'financial accounting', 'accounting reports']",on-site,full time,experienced,,29 days ago,2.0,6th of october,giza,egypt
human resources generalist,mena for contracting & trading,"['human resources', 'microsoft office', 'human resources (hr)', 'recruitment', 'personnel', 'business administration', 'hr', 'payroll', 'administration']",on-site,full time,experienced,,29 days ago,2.0,san stefano,alexandria,egypt
sourcing engineer,haier electric egypt,"['sourcing', 'communication skills', 'manufacturing', 'purchasing', 'microsoft office', 'development', 'computer science', 'information technology (it)']",on-site,full time,experienced,,29 days ago,2.0,10th of ramadan city,sharqia,egypt
software tester,reservya,"['computer science', 'information technology (it)', 'software testing', 'quality control', 'test automation', 'manual testing', 'bug tracking']",remote,internship,student,,29 days ago,,cairo,cairo,egypt
backend developer,reservya,"['laravel framework', 'computer science', 'information technology (it)', 'bootstrap 4', 'software engineering', 'software development', 'php', 'sql']",remote,internship,student,,29 days ago,,cairo,cairo,egypt
dentists-phd /masters holder,shiny white dental center,"['dentistry', 'dental implant', 'cosmetic dentistry', 'dental care', 'pediatric dentistry', 'cad/cam', 'veneers', 'crown', 'fixed prothdontics']",on-site,full time,experienced,,29 days ago,2.0,cairo,cairo,egypt
senior talent management,billqode,"['accounting', 'administration', 'talent management', 'hr', 'management', 'microsoft office', 'planning', 'business administration', 'financial management']",on-site,full time,experienced,,29 days ago,2.0,cairo,cairo,egypt
senior marketing executive,billqode,"['social media', 'advertising', 'communication', 'digital marketing', 'market research', 'marketing', 'sales', 'sem']",on-site,full time,experienced,,29 days ago,2.0,cairo,cairo,egypt
data scientist,meahco - saudi german health,"['pandas', 'numpy', 'scikit-learn', 'scipy', 'cnns', 'rnns', 'lstms', 'transformers', 'autoencoders']",on-site,full time,experienced,,29 days ago,2.0,katameya,cairo,egypt
front end developer,reservya,"['react native', 'react.js', 'computer science', 'information technology (it)', 'software development', 'javascript', 'front-end development']",remote,internship,student,,29 days ago,,cairo,cairo,egypt
merchandiser,"tmpa apparel manufacturing co.,ltd","['merchandiser', 'sales', 'merchandising', 'order management', 'garment merchandiser', 'supply chain & merchandising', 'communication', 'management']",on-site,full time,experienced,,29 days ago,2.0,shubra alkhaymah,qalubia,egypt
human resources generalist,confidential,"['human resources', 'microsoft office', 'recruitment', 'human resources (hr)', 'personnel']",on-site,full time,experienced,,29 days ago,2.0,6th of october,giza,egypt
cost accountant,elvan egypt,"['accounting', 'cost accounting', 'finance', 'financial analysis']",on-site,full time,experienced,,29 days ago,2.0,alsadat city,monufya,egypt
value-based healthcare analytics specialist,meahco - saudi german health,"['sql', 'python', 'tableau', 'r', 'power bi', 'hl7', 'fhir']",on-site,full time,experienced,,29 days ago,2.0,katameya,cairo,egypt
assistant department manager,reservya,"['sales', 'administration', 'communication', 'design', 'canva', 'follow up', 'organizational skills']",remote,internship,student,,29 days ago,,cairo,cairo,egypt
kitchen designer,wts global,"['autocad', 'sales', 'design']",on-site,full time,entry level,,29 days ago,1.0,cairo,cairo,egypt
electrical teacher,el sewedy technical academy,"['electrical engineering', 'electrical teacher', 'educational']",on-site,full time,experienced,,29 days ago,2.0,ain sokhna,suez,egypt
mechanical design engineer,confidential,"['engineering', 'design', 'mechanical', 'mechanical design', 'mechanical engineering']",on-site,full time,experienced,,29 days ago,2.0,6th of october,giza,egypt
social media manager,malton couture,"['social media', 'e-marketing', 'marketing', 'content creation', 'communication', 'adobe photoshop', 'graphic design']",on-site,full time,experienced,,29 days ago,2.0,new cairo,cairo,egypt
"health, safety & environmental section head",sadko plast,"['safety', 'hse', 'environmental', 'engineering', 'manufacturing', 'microsoft office', 'nebosh']",on-site,full time,senior management,,29 days ago,,10th of ramadan city,sharqia,egypt
senior procurement officer,boysen egypt,"['procurement', 'purchasing', 'supply chain']",on-site,full time,experienced,,29 days ago,2.0,6th of october,giza,egypt
sales team leader (maadi office),51talk headquaters,"['sales target', 'crm', 'telesales', 'sales field', 'lead generation', 'sales leads', 'sales']",on-site,full time,manager,,30 days ago,3.0,maadi,cairo,egypt
procurement specialist,nass academy,"['logistics', 'procurement', 'purchasing', 'supply chain', 'negotiation', 'po', 'microsoft office']",on-site,full time,experienced,,30 days ago,2.0,mokattam,cairo,egypt
software project manager,fixed solutions,"['computer science', 'information technology (it)', 'project management', 'engineering', 'pmp', 'risk management', 'agile', 'business administration']",hybrid,full time,experienced,,30 days ago,2.0,cairo,cairo,egypt
installation engineer,hauslift,"['problem solving', 'technical drawing interpretation', 'time management', 'communication', 'risk assessment', 'elevators', 'construction', 'escalators']",on-site,full time,experienced,,30 days ago,2.0,cairo,cairo,egypt
procurement director - finishing and construction,confidential,"['construction', 'procurement', 'purchasing', 'supply chain', 'logistics', 'vendor management', 'negotiation', 'strategic sourcing']",on-site,full time,senior management,,30 days ago,,sheikh zayed,giza,egypt
sales executive,hermes express,"['sales', 'sales target', 'microsoft excel', 'negotiation', 'client relationships', 'customer service']",on-site,full time,entry level,,30 days ago,1.0,nasr city,cairo,egypt
chartered accountant (ca) – part-time (remote),united elite company,"['accounting', 'chartered accountant', 'finance', 'financial analysis', 'ap', 'ifrs', 'vat']",remote,part time,experienced,,30 days ago,2.0,cairo,cairo,egypt
digital marketing specialist,مصنع العمران المتقن للمنتجات الاسمنتيه,"['communication', 'digital marketing', 'e-marketing', 'management', 'marketing', 'sem', 'seo']",remote,full time,experienced,,30 days ago,2.0,cairo,cairo,egypt
senior hvac design engineer,ece,"['mechanical engineering', 'design', 'hvac']",on-site,full time,experienced,,30 days ago,2.0,heliopolis,cairo,egypt
firefighter design engineer,arcanios,"['engineering', 'hvac', 'firefighting', 'mechanical engineering', 'autocad', 'ms office', 'computer science']",on-site,full time,experienced,,30 days ago,2.0,obour city,cairo,egypt
sales executive – wedding & events,beau jardin venues,"['client relationships', 'communication', 'crm', 'customer service', 'hospitality', 'indoor sales', 'negotiation']",on-site,full time,experienced,,30 days ago,2.0,sheikh zayed,giza,egypt
oracle ebs hems techno. functional consultant,wsc,"['computer science', 'ebs', 'oracle', 'oracle ebs', 'functional consulting', 'technical consulting', 'system integration', 'business analysis', 'requirements gathering']",hybrid,full time,experienced,,30 days ago,2.0,giza,giza,egypt
oracle ebs tech. consultant,wsc,"['oracle ebs', 'oracle', 'ebs', 'sql', 'pl/sql', 'technical consulting', 'system integration', 'data migration', 'requirements gathering']",hybrid,full time,experienced,,30 days ago,2.0,giza,giza,egypt
fire alarm design engineer,arcanios,"['fire alarm', 'engineering', 'electrical engineering', 'fire safety', 'autocad', 'ibc', 'nfpa codes']",on-site,full time,experienced,,30 days ago,2.0,obour city,cairo,egypt
sales manager for cnc machines - laser machines - pipe production lines,elmasa group,"['cnc', 'cnc machines', 'mechanical engineering', 'production', 'sales', 'engineering', 'machines', 'administration', 'mechanical']",on-site,full time,manager,,30 days ago,3.0,6th of october,giza,egypt
inventory controller,matgr for engineering and trading,"['inventory management', 'warehouse operations', 'erp software']",on-site,full time,experienced,,30 days ago,2.0,new cairo,cairo,egypt
sales specialist,aton crops for agriculture and export,"['sales target', 'negotiation', 'communication', 'crm', 'customer service', 'management', 'sales']",on-site,full time,entry level,,30 days ago,1.0,sheraton,cairo,egypt
cost and general accountant.,aton crops for agriculture and export,"['cost accounting', 'erp', 'cost control', 'accounting', 'finance', 'financial analysis', 'financial management', 'budgeting', 'financial reporting']",on-site,full time,experienced,,30 days ago,2.0,maadi,cairo,egypt
property consultant,cred developments,"['customer service', 'sales target', 'sales', 'communication', 'crm', 'microsoft office', 'negotiation', 'real estate']",on-site,full time,entry level,,30 days ago,1.0,cairo,cairo,egypt
technical office engineer,elmasa group,"['engineering', 'information technology (it)', 'technical office', 'computer science', 'microsoft office', 'autocad', 'mechanical', 'production', 'solidworks']",on-site,full time,experienced,,30 days ago,2.0,giza,giza,egypt
senior site architectural engineer,alfa laboratories,"['engineering', 'civil engineering', 'civil design', 'site engineering', 'architecture', 'autocad', 'construction', 'microsoft office']",on-site,full time,experienced,,30 days ago,2.0,mohandessin,giza,egypt
content creator,semak,"['marketing', 'writing', 'research', 'seo', 'social media', 'creative', 'wordpress', 'content creation', 'content writing']",on-site,full time,experienced,,30 days ago,2.0,dokki,giza,egypt
junior it infrastructure engineer,dtec,"['data center infrastructure', 'enterprise network infrastructure.', 'structured cabling systems (commscope, panduit, leviton, or equivalent).', 'lan infrastructure', 'network switches', 'basic network troubleshooting', 'ability to work on-site', 'willingness to travel.', 'teamwork & communication skills.']",on-site,full time,experienced,,30 days ago,2.0,heliopolis,cairo,egypt
senior product owner,3s software,"['product ownership', 'agile', 'scrum', 'requirements gathering', 'user stories', 'brd', 'backlog management']",hybrid,full time,experienced,,30 days ago,2.0,nasr city,cairo,egypt
automotive retail sales manager,confidential,"['communication', 'customer service', 'management', 'leadership', 'retail', 'sales', 'sales target']",on-site,full time,manager,,30 days ago,3.0,mohandessin,giza,egypt
sales specialist - it - alexandria sidi gaber,b.tech,"['sales', 'sales target', 'stock accuracy', 'marketing', 'products safety', 'stock control', 'maintenance', 'invoicing']",on-site,full time,entry level,,30 days ago,1.0,sidi gaber,alexandria,egypt
sales specialist - it - suez,b.tech,"['sales', 'sales target', 'stock accuracy', 'marketing', 'products safety', 'stock control', 'maintenance', 'invoicing']",on-site,full time,entry level,,30 days ago,1.0,suez,suez,egypt
learning & development (l&d) manager,confidential,"['communication', 'human resources (hr)', 'learning management system (lms)', 'training', 'curriculum development', 'instructional design', 'performance management', 'talent development', 'organizational development']",on-site,full time,manager,,30 days ago,3.0,agouza,giza,egypt
steel structural design engineer,gazala steel fabrication gsf,"['steel structural design engineer', 'steel', 'structural design', 'design', 'civil engineering', 'autocad', 'engineering']",on-site,full time,experienced,,30 days ago,2.0,new cairo,cairo,egypt
operation coordinator,odz outfit,"['administration', 'microsoft office', 'logistics', 'microsoft excel', 'inventory management', 'warehouse operations', 'order processing']",on-site,full time,entry level,,30 days ago,1.0,cairo,cairo,egypt
project engineer,otak trading & contracting,"['engineering', 'project management']",on-site,full time,experienced,,30 days ago,2.0,new cairo,cairo,egypt
fresh sales agent (real estate broker),the address investments for real estate consultancy,"['sales', 'real estate', 'sales target', 'customer service', 'marketing', 'negotiation', 'property', 'communication']",on-site,full time,entry level,,30 days ago,1.0,new cairo,cairo,egypt
junior business automation & zoho consultant,it pillars,"['business administration', 'erp', 'zoho', 'business process automation', 'workflow automation', 'business analysis', 'json', 'sql']",on-site,full time,entry level,,1 month ago,1.0,nasr city,cairo,egypt
technical sales engineer,trag international,"['pharma', 'sales', 'machinery']",on-site,full time,experienced,,1 month ago,2.0,sheraton,cairo,egypt
marketing & business development intern,optimatech for technical solutions,"['marketing', 'sales', 'business development', 'development', 'lead generation', 'digital marketing', 'market research']",remote,internship,entry level,,1 month ago,1.0,wosta,beni suef,egypt
crm specialist,aton crops for agriculture and export,"['crm software', 'customer service', 'sales strategy', 'data analysis', 'team leadership', 'communication skills', 'problem-solving', 'process improvement', 'reporting']",on-site,full time,entry level,,1 month ago,1.0,maadi,cairo,egypt
french customer services agent - multinational company,riseup (endemag for administrative skills development),"['call center', 'french', 'customer service', 'customer support', 'agent', 'customer care', 'english']",on-site,full time,entry level,,1 month ago,1.0,maadi,cairo,egypt
general accountant,soudanco,"['accounting', 'finance', 'financial analysis', 'financial management']",on-site,full time,experienced,,1 month ago,2.0,zohour,port said,egypt
b2b sales specialist,timedoor academy,"['b2b', 'b2b sales', 'marketing', 'sales', 'communication', 'business administration', 'customer service', 'lead generation']",on-site,full time,entry level,,1 month ago,1.0,cairo,cairo,egypt
senior it infrastructure site engineer,dtec,"['ict infrastructure', 'structured cabling', 'fiber optic cabling', 'utp networks', 'low current systems (lc)', 'data center infrastructure', 'site supervision', 'project coordination', 'engineering drawings review']",on-site,full time,experienced,,1 month ago,2.0,heliopolis,cairo,egypt
sales engineer (light current systems),3s software,"['light current', 'cctv system', 'access control', 'fire alarm systems', 'security systems', 'sales engineering', 'technical sales', 'solution design']",on-site,full time,entry level,,1 month ago,1.0,nasr city,cairo,egypt
silo storage solutions sales manager,famsun egypt industry s.a.e,"['sales', 'sales target', 'storage']",on-site,full time,manager,,1 month ago,3.0,new cairo,cairo,egypt
social media specialist,alarabia group,"['social media', 'marketing', 'communication', 'design', 'digital marketing', 'e-marketing', 'graphic design']",on-site,full time,entry level,,1 month ago,1.0,10th of ramadan city,sharqia,egypt
sales marketing executive,wwv agency,"['sales', 'marketing', 'advertising', 'business development', 'communication', 'corporate sales', 'digital marketing', 'sales target', 'social media']",on-site,full time,entry level,,1 month ago,1.0,cairo,cairo,egypt
fleet supervisor,confidential,"['administration', 'construction', 'fleet management', 'management', 'maintenance', 'transportation', 'microsoft office', 'cost control']",on-site,full time,manager,,1 month ago,3.0,new cairo,cairo,egypt
senior sales executive,billqode,"['sales', 'sales target', 'b2b', 'business administration', 'crm', 'customer service', 'engineering', 'marketing', 'negotiation']",on-site,full time,experienced,,1 month ago,2.0,sheraton,cairo,egypt
software automation tester,linrco egypt,"['automation', 'software testing']",on-site,full time,experienced,,1 month ago,2.0,nasr city,cairo,egypt
"project manager – landscape, irrigation & swimming pools",khater sports group,"['architecture', 'civil engineering', 'construction', 'swimming pools', 'engineering', 'project management', 'landscape design', 'irrigation systems', 'site supervision']",on-site,full time,manager,,1 month ago,3.0,nasr city,cairo,egypt
esp (supplier evaluation professional,nile sugar,"['auditing', 'labor management', 'ethical sourcing']",on-site,full time,experienced,,1 month ago,2.0,mallawi,minya,egypt
senior sales operations specialist,billqode,"['sales', 'sales operations', 'sales target', 'crm', 'business administration', 'administration', 'customer service', 'management']",on-site,full time,experienced,,1 month ago,2.0,sheraton,cairo,egypt
ai engineer,meahco - saudi german health,"['ai', 'computer science', 'information technology (it)', '●\tprogramming & software engineering', '●\tdeep learning frameworks']",on-site,full time,experienced,,1 month ago,2.0,katameya,cairo,egypt
senior tax accountant,mma accounting office,"['accounting', 'finance', 'financial management', 'financial analysis', 'tax accounting', 'cma', 'cpa', 'tax analysis', 'tax preparer']",on-site,full time,experienced,,1 month ago,2.0,heliopolis,cairo,egypt
senior vat accountant,mma accounting office,"['accounting', 'finance', 'financial management', 'financial analysis', 'tax accounting', 'cma', 'cpa', 'tax analysis', 'tax preparer']",on-site,full time,experienced,,1 month ago,2.0,heliopolis,cairo,egypt
investor relations associate,semak,"['business development', 'investor relations', 'investment management', 'investment analysis', 'roi', 'corporate finance', 'strategic planning', 'business valuation']",on-site,full time,experienced,,1 month ago,2.0,dokki,giza,egypt
odoo erp implementer,k line europe,"['computer science', 'information technology (it)', 'odoo', 'odoo erp', 'erp']",remote,full time,experienced,,1 month ago,2.0,cairo,cairo,egypt
odoo erp developer,k line europe,"['computer science', 'erp', 'information technology (it)', 'odoo', 'odoo erp', 'software development']",remote,full time,experienced,,1 month ago,2.0,cairo,cairo,egypt
digital marketing specialist,confidential,"['digital marketing', 'social media', 'media buying', 'e-marketing', 'google analytics', 'communication', 'marketing', 'web analytics']",on-site,full time,experienced,,1 month ago,2.0,luxor,luxor,egypt
senior sales associate - garden 8,azza fahmy jewellery,"['customer service', 'sales']",on-site,full time,experienced,,1 month ago,2.0,new cairo,cairo,egypt
talent acquisition manager,confidential,"['human resources (hr)', 'recruitment', 'talent acquisition', 'interviewing', 'candidate sourcing', 'applicant tracking systems (ats)', 'onboarding', 'performance management']",on-site,full time,manager,,1 month ago,3.0,agouza,giza,egypt
mid-level cloud native engineer,confidential,"['helm', 'argo cd', 'computer science', 'istio', 'git', 'information technology (it)', 'linux', 'cilium', 'ceph']",on-site,full time,experienced,,1 month ago,2.0,maadi,cairo,egypt
people & culture manager,ninos kids wear,"['management', 'people management', 'administration', 'business administration', 'communication', 'customer service', 'leadership']",on-site,full time,manager,,1 month ago,3.0,maadi,cairo,egypt
senior talent acquisition specialist,mk enterprise,"['talent acquisition', 'recruitment strategy', 'team leadership', 'interviewing', 'sourcing', 'employer branding', 'communication', 'analytical thinking', 'negotiation']",on-site,full time,experienced,,1 month ago,2.0,downtown,cairo,egypt
senior tax accountant.,burger king,"['accounting', 'finance', 'financial analysis', 'tax', 'financial management', '•\tdevelopment', '•\tsub franchisee', '•\tauditor', 'financial']",on-site,full time,senior management,,1 month ago,,heliopolis,cairo,egypt
agricultural / farm manager,confidential,"['agriculture', 'management', 'production', 'crop management', 'livestock management', 'farm operations', 'budgeting', 'team leadership', 'supply chain management']",on-site,full time,manager,,1 month ago,3.0,wadi alnatrun,beheira,egypt
foreign purchasing specialist,unistar,"['foreign purchasing', 'logistics', 'procurement', 'purchasing', 'supply chain', 'shipping', 'erp']",on-site,full time,experienced,,1 month ago,2.0,badr city,cairo,egypt
import cost accountant,alshrouk paper,"['accounting', 'cost accounting', 'finance', 'financial reporting', 'inventory management', 'erp systems', 'data analysis', 'auditing', 'microsoft excel']",on-site,full time,experienced,,1 month ago,2.0,alsadat city,monufya,egypt
fresh sales person (real estate),the address investments for real estate consultancy,"['real estate', 'sales', 'sales target', 'communication', 'customer service', 'marketing', 'negotiation', 'property', 'training']",on-site,full time,entry level,,1 month ago,1.0,new cairo,cairo,egypt
treasury accountant-alex,egyptian abrasives co.,"['treasury accounting', 'accounting', 'finance', 'financial analysis']",on-site,full time,entry level,,1 month ago,1.0,alexandria,alexandria,egypt
architect tender engineer,raqmu for building and construction,"['architecture', 'engineering', 'tendering', 'pricing', 'construction field', 'technical office engineering', 'revit', 'autocad', 'cost estimation']",on-site,full time,experienced,,1 month ago,2.0,cairo,cairo,egypt
sample room planning specialist (garment section),rubyred garment,"['design patterns', 'pattern making', 'sample']",on-site,full time,entry level,,1 month ago,1.0,bourj alarab,alexandria,egypt
senior ui/ux designer (b2c apps & platforms)-remote,taa consultancy,"['computer science', 'information technology (it)', 'ui/ux', 'ux', 'ui']",remote,full time,experienced,,1 month ago,2.0,madinaty,cairo,egypt
devops technical lead,link development,"['devops', 'computer science', 'cloud', 'aws', 'azure', 'information technology (it)', 'management', 'software development', 'jenkins']",hybrid,full time,experienced,,1 month ago,2.0,maadi,cairo,egypt
it manager,confidential,"['network administration', 'infrastructure management', 'windows server', 'active directory', 'microsoft office 365', 'vmware', 'hyper-v', 'tcp/ip']",on-site,full time,manager,,1 month ago,3.0,10th of ramadan city,sharqia,egypt
electrical engineer,smart villages development & managment company,"['electrical engineering', 'electrical', 'electrical construction', 'engineering', 'structure', 'maintenance engineering', 'technical office engineering']",on-site,full time,experienced,,1 month ago,2.0,abu rawash,giza,egypt
lead generation specialist (sales development representative),trust information technology,"['lead generation', 'sales prospecting', 'crm management', 'b2b sales', 'market research', 'communication', 'relationship building', 'business development']",hybrid,full time,experienced,,1 month ago,2.0,6th of october,giza,egypt
it sales executive - manageengine,trust information technology,"['business', 'b2b', 'it', 'sales', 'sales executive', 'sales target', 'sales skills']",on-site,full time,experienced,,1 month ago,2.0,6th of october,giza,egypt
it specialist - manageengine,trust information technology,"['active directory', 'networking', 'itil', 'information technology (it)']",on-site,full time,entry level,,1 month ago,1.0,6th of october,giza,egypt
senior business development,a-part auto,"['business development', 'communication', 'negotiation', 'analytical skills', 'sales strategy', 'market research', 'client relationship management', 'lead generation']",on-site,full time,experienced,,1 month ago,2.0,katameya,cairo,egypt
executive secretary,resource options,"['microsoft office', 'communication', 'english education', 'digital marketing', 'social media', 'office management', 'administration', 'microsoft excel']",on-site,full time,experienced,,1 month ago,2.0,zamalek,cairo,egypt
housekeeping manager,wadi degla clubs,"['managing people.', 'managing resources', 'customer oriented', 'logical reasoning', 'collaboration', 'safety management', 'cleaning equipment operation']",on-site,full time,manager,,1 month ago,3.0,cairo,cairo,egypt
sales engineer – panel builder (lv & mv),confidential,"['electrical engineering', 'sales', 'power distribution', 'low voltage', 'medium voltage']",on-site,full time,entry level,,1 month ago,1.0,heliopolis,cairo,egypt
design junior engineer (id department),confidential,"['architecture', 'design', 'interior design']",on-site,full time,entry level,,1 month ago,1.0,new cairo,cairo,egypt
head of customer accounts department,el shorbagy,"['accounting', 'financial accounting', 'leadership management', 'team management', 'client relationship management', 'financial reporting', 'budget management', 'risk management', 'strategic planning']",on-site,full time,senior management,,1 month ago,,qalyub,qalubia,egypt
preschool english teacher- new academic year,trillium preschool,"['education', 'teaching', 'preschool', 'english', 'school', 'montessori', 'preschool teaching', 'english teaching']",on-site,full time,entry level,,1 month ago,1.0,new cairo,cairo,egypt
branches audit specialist - greater cairo and upper egypt,"the micro, small & medium enterprise development agency","['accounting', 'auditing', 'branch management', 'external auditing', 'reporting']",on-site,full time,experienced,,1 month ago,2.0,dokki,giza,egypt
fire prevention & protection director,copack,"['police', 'safety', 'fire safety', 'health, safety and environment', 'manufacturing', 'management', 'fire fighting', 'fire fighting system']",on-site,full time,manager,,1 month ago,3.0,6th of october,giza,egypt
concrete plant manager,organi group,"['engineering', 'management', 'production', 'finance', 'quality assurance', 'pmp']",on-site,full time,manager,,1 month ago,3.0,new capital,cairo,egypt
construction supervision engineer.,enppi,"['mechanical engineering', 'mechatronics', 'management', 'scheduling', 'architecture', 'civil engineering', 'construction', 'construction management', 'engineering']",on-site,full time,experienced,,1 month ago,2.0,cairo,cairo,egypt
senior graphic designer,fridal,"['graphic design', 'graphic', 'adobe photoshop', 'adobe illustrator', 'graphics', 'fine arts', 'photoshop']",on-site,full time,experienced,,1 month ago,2.0,6th of october,giza,egypt
software engineering specialist – cloud dynamics 365 crm and power platform,link development,"['crm', 'dynamics 365', 'power platform.', 'computer engineering', 'computer science', 'devops', 'engineering', 'design', 'information technology (it)']",hybrid,full time,experienced,,1 month ago,2.0,maadi,cairo,egypt
hr specialist,elbattat steel,"['microsoft office 365', 'communication', 'business administration', 'administration', 'human resources', 'hr', 'human resources (hr)', 'microsoft office', 'personnel']",on-site,full time,experienced,,1 month ago,2.0,damanhour,beheira,egypt
senior software sales specialist,our education,"['sales', 'software sales', 'business development', 'sales target', 'english', 'software', 'customer service', 'information technology (it)']",on-site,full time,experienced,,1 month ago,2.0,maadi,cairo,egypt
product owner,softxpert incorporation,"['agile process', 'agile', 'communication', 'product onwer', 'business analyst', 'user stories', 'po', 'management']",hybrid,full time,entry level,,1 month ago,1.0,bolkly,alexandria,egypt
software quality control engineer.,softxpert incorporation,"['computer science', 'qc', 'qa', 'quality control', 'quality assurance', 'software development', 'istqb']",hybrid,full time,entry level,,1 month ago,1.0,alexandria,alexandria,egypt
project engineer,egypro fme,"['engineering', 'project', 'project management', 'mechanical engineering', 'mechanical, electrical, and plumbing (mep)']",on-site,full time,experienced,,1 month ago,2.0,maadi,cairo,egypt
marketing manager b2c,menthum,"['marketing', 'marketing campaigns', 'planning', 'market research', 'advertising', 'sales', 'social media']",on-site,full time,manager,,1 month ago,3.0,maadi,cairo,egypt
senior internal projects engineer,icon holding,"['engineering', 'project management', 'projects', 'autocad', 'communication', 'computer science', 'construction', 'information technology (it)']",on-site,full time,experienced,,1 month ago,2.0,helwan,cairo,egypt
it technical support,pico,"['information technology (it)', 'communication', 'computer science', 'technical support']",on-site,full time,entry level,,1 month ago,1.0,mohandessin,giza,egypt
quality supervisor,emkay foods,"['quality control', 'quality assurance', 'food production', 'food processing', 'food manufacturing', 'food safety management system', 'food hygiene']",on-site,full time,experienced,,1 month ago,2.0,abu rawash,giza,egypt
office manager,elshams group for mines,"['administration', 'admin', 'secretary', 'office management']",on-site,full time,experienced,,1 month ago,2.0,mokattam,cairo,egypt
oracle apps database administrator (dba),gb corp,"['computer science', 'information technology (it)', 'database', 'oracle database', 'sql', 'oracle', 'postgresql', 'sql server', 'linux']",on-site,full time,entry level,,1 month ago,1.0,giza,giza,egypt
full time seo expert,stem technology,"['seo', 'wordpress', 'python', 'content marketing', 'keyword research', 'google analytics', 'technical seo']",remote,full time,experienced,,1 month ago,2.0,cairo,cairo,egypt
cv sourcing & recruitment specialist,icrema,"['human resources (hr)', 'interviewing', 'recruitment', 'sourcing', 'hr']",on-site,full time,experienced,,1 month ago,2.0,maadi,cairo,egypt
it business analyst,etisalat egypt,"['business analysis', 'information technology business analysis', 'project management', 'stakeholders', 'system architecture', 'enterprise solutions', 'microsoft excel', 'power bi', 'jira']",hybrid,full time,experienced,,1 month ago,2.0,new cairo,cairo,egypt
system administrator,etisalat egypt,"['linux system administration', 'red hat enterprise linux', 'centos', 'ubuntu', 'tcp/ip', 'routing', 'vlans', 'bash', 'python']",hybrid,full time,experienced,,1 month ago,2.0,new cairo,cairo,egypt
business development executive,icrema,"['business development', 'sales', 'sales target', 'b2b', 'development', 'networking', 'recruitment']",on-site,full time,experienced,,1 month ago,2.0,maadi,cairo,egypt
sales supervisor (cairo-alex-mansoura-assuit-ismalia),ice foods,"['sales', 'sales target', 'customer service', 'logistics', 'management', 'marketing', 'modern trade']",on-site,full time,experienced,,1 month ago,2.0,cairo,cairo,egypt
senior architect / interior designer,life theme,"['architecture', 'autocad', 'design', 'interior design', 'planning', 'visualization', '3ds max']",on-site,full time,experienced,,1 month ago,2.0,new cairo,cairo,egypt
renewable energy engineer,renewable energy pros,"['energy storage modeling', 'renewable energy technologies', 'electrical engineering', 'english', 'python', 'pvsyst', 'power engineering']",on-site,full time,entry level,,1 month ago,1.0,new cairo,cairo,egypt
ehs specialist,confidential,"['hse management', 'health, safety and environment', 'ehs management', 'power bi', 'iso 45001', 'iso 14001', 'osha', 'manufacturing', 'engineering']",on-site,full time,experienced,,1 month ago,2.0,alsadat city,monufya,egypt
digital marketing specialist,riyada,"['digital marketing', 'social media management', 'content creation & copywriting', 'marketing campaign management', 'market research', 'adobe photoshop / illustrator (preferred)', 'canva (required)', 'ai tools  (preferred)']",on-site,full time,experienced,,1 month ago,2.0,maadi,cairo,egypt
hr specialist.,confidential,"['human resources management', 'employee relations', 'recruitment and talent acquisition', 'performance management', 'hr systems', 'hrm', 'microsoft office suite', 'sap', 'business administration']",on-site,full time,experienced,,1 month ago,2.0,alsadat city,monufya,egypt
foreign procurement specialist,sphinx glass,"['purchasing', 'procurement', 'engineering', 'erp', 'industrial', 'manufacturing', 'supply chain']",on-site,full time,experienced,,1 month ago,2.0,alsadat city,monufya,egypt
transition specialist,etisalat egypt,"['microsoft office 365', 'transition', 'business english', 'communication', 'stakeholders']",on-site,full time,entry level,,1 month ago,1.0,cairo,cairo,egypt
general accountant,wham clinics,"['accounts payable and receivable', 'financial reporting', 'problem solving', 'time management']",on-site,full time,experienced,,1 month ago,2.0,san stefano,alexandria,egypt
telecom engineer,confidential,"['installations', 'systems integration', 'commissioning', 'configuration', 'engineering', 'telecom', 'telecommunication', 'telecom engineering']",on-site,full time,experienced,,1 month ago,2.0,abu rawash,giza,egypt
sales representative,orion productions,"['sales', 'business development', 'lead generation', 'client acquisition', 'cold calling', 'negotiation', 'closing deals']",on-site,full time,entry level,,1 month ago,1.0,hurghada,red sea,egypt
executive office secretaria,aton crops for agriculture and export,"['administration', 'communication', 'management', 'microsoft office', 'office management', 'front office', 'office management']",on-site,full time,entry level,,1 month ago,1.0,maadi,cairo,egypt
digital marketing specialist,asquared,"['marketing', 'social media', 'content creation', 'digital marketing', 'real estate', 'business administration', 'communication', 'e-marketing']",on-site,full time,experienced,,1 month ago,2.0,new cairo,cairo,egypt
medical sales representative,therapy botanical,"['customer service', 'sales', 'sales target', 'medical', 'sales field', 'outdoor sales', 'indoor sales']",on-site,full time,experienced,,1 month ago,2.0,cairo,cairo,egypt
sales account executive,الديناري للدعايا و الاعلان,"['sales field', 'client relationship management', 'client acquisition', 'communication', 'advertising', 'customer service', 'digital marketing', 'marketing', 'microsoft office']",on-site,full time,experienced,,1 month ago,2.0,cairo,cairo,egypt
social media manager,realme,"['social media', 'content creation', 'instagram', 'tiktok', 'linkedin', 'design', 'data analysis', 'communication']",on-site,full time,manager,,1 month ago,3.0,nasr city,cairo,egypt
sales manager,مجموعة شركات النماء لحلول الاعمال التنفيذية وتنمية دخول الافراد,"['customer service', 'sales target', 'sales', 'indoor sales', 'sales field', 'sales plan', 'sales planning']",on-site,full time,manager,,1 month ago,3.0,6th of october,giza,egypt
quality assurance manager,gb corp,"['quality assurance', 'automobile engineering', 'engineering', 'quality manager', 'industrial engineering', 'manufacturing', 'mechanical']",on-site,full time,manager,,1 month ago,3.0,suez,suez,egypt
senior customer service specialist - sales admin,national electricity technology co.,"['customer service', 'customer support', 'customer care', 'sales', 'crm', 'management', 'microsoft office']",on-site,full time,experienced,,1 month ago,2.0,10th of ramadan city,sharqia,egypt
graphic designer,elvan egypt,"['adobe illustrator', 'design', 'graphic design', 'adobe photoshop', 'packaging', '3d design']",on-site,full time,experienced,,1 month ago,2.0,alsadat city,monufya,egypt
sales engineer,power capital,"['engineering', 'sales target', 'b2b sales', 'customer service', 'sales planning', 'solar energy', 'solar photovoltaic (pv)']",on-site,full time,experienced,,1 month ago,2.0,obour city,cairo,egypt
workshop head (cnc & steel fabrication ),al-amal al-sharif for plastic,"['mechanical engineering', 'workshop  engineer', 'steel fabrication', 'cnc programming', 'leadership', 'team management', 'fabrication workshop', 'steel fabrication', 'welding operations']",on-site,full time,manager,,1 month ago,3.0,10th of ramadan city,cairo,egypt
after-sales operations engineer,midea group,"['communication skills', 'engineering', 'english', 'microsoft excel', 'customer service', 'after-sales', 'after sales', 'service center']",on-site,full time,experienced,,1 month ago,2.0,cairo,cairo,egypt
deputy manager,wham clinics,"['management', 'sales']",on-site,full time,manager,,1 month ago,3.0,sheikh zayed,giza,egypt
technical support engineer (home appliances),midea group,"['communication skills', 'english', 'technical support', 'home appliances', 'repair orders', 'technical training', 'microsoft excel', 'communication']",on-site,full time,experienced,,1 month ago,2.0,cairo,cairo,egypt
b2b account manager it hardware,b.tech,"['b2b sales', 'account management', 'negotiation', 'presentation skills', 'sales', 'sales target', 'b2b', 'business administration', 'communication']",on-site,full time,experienced,,1 month ago,2.0,nasr city,cairo,egypt
senior hr generalist,confidential,"['hr', 'human resources (hr)', 'recruitment', 'human resources', 'management', 'microsoft office', 'personnel']",on-site,full time,experienced,,1 month ago,2.0,15th may city,cairo,egypt
real estate agent,baytex real estate,"['real estate', 'sales', 'sales target', 'negotiation', 'client relationship management', 'market analysis', 'communication', 'persuasion', 'problem-solving']",on-site,full time,entry level,,1 month ago,1.0,alexandria,alexandria,egypt
b2b sales supervisor,confidential,"['sales target', 'sales', 'crm', 'communication', 'b2b sales']",on-site,full time,experienced,,1 month ago,2.0,cairo,cairo,egypt
infrastructure engineer,national technology group,"['it infrastructure management', 'network administration']",hybrid,full time,experienced,,1 month ago,2.0,6th of october,giza,egypt
senior sales project engineer,prime group,"['engineering', 'project', 'sales']",on-site,full time,senior management,,1 month ago,,nasr city,cairo,egypt
freight forwarding specialist - export,dr.greiche,"['export', 'freight forwarding', 'logistics', 'sales', 'supply chain', 'business administration', 'erp', 'shipping']",on-site,full time,experienced,,1 month ago,2.0,10th of ramadan city,sharqia,egypt
foreign purchasing lead,egytrafo,"['foreign purchasing', 'procurement', 'supply chain management', 'logistics', 'purchasing', 'vendor management', 'negotiation']",on-site,full time,experienced,,1 month ago,2.0,badr city,cairo,egypt
brand manager,arma-hsa,"['marketing', 'branding', 'advertising', 'market research', 'management', 'atl', 'brand management', 'btl']",on-site,full time,experienced,,1 month ago,2.0,new cairo,cairo,egypt
electrical lead,fine hygienic holding,"['electrical engineering', 'embedded systems', 'plc programming', 'root cause', 'electrical troubleshooting']",on-site,full time,experienced,,1 month ago,2.0,6th of october,giza,egypt
warehouse senior associate,fine hygienic holding,"['warehousing', 'storage management', 'work scheduling', 'microsoft excel', 'english language', 'oracle', 'data management', 'logistics', 'management']",on-site,full time,experienced,,1 month ago,2.0,6th of october,giza,egypt
key account manager / unit manager (sales),aton crops for agriculture and export,"['customer service', 'sales target', 'sales']",on-site,full time,experienced,,1 month ago,2.0,cairo,cairo,egypt
senior business development manager,grafen group,"['b2b', 'business development', 'development', 'retail', 'sales', 'communication', 'marketing']",on-site,full time,experienced,,1 month ago,2.0,new cairo,cairo,egypt
finance director (accounting & finance | strategic financial leadership),international capital company for education,"['accounting', 'finance', 'financial', 'financial analysis', 'financial management', 'leadership']",on-site,full time,senior management,,1 month ago,,new capital,cairo,egypt
stock controller,gest for metals,"['stock control', 'stock']",on-site,full time,experienced,,1 month ago,2.0,10th of ramadan city,sharqia,egypt
accountant,confidential,"['accounting', 'finance', 'financial management', 'ms excel', 'general ledger']",on-site,full time,entry level,,1 month ago,1.0,smart village,giza,egypt
factory manager,gest for metals,"['manufacturing management', 'engineering', 'manufacturing', 'management', 'production', 'operations', 'leadership']",on-site,full time,senior management,,1 month ago,,10th of ramadan city,sharqia,egypt
technical office electrical engineer,khater sports group,"['autocad', 'electrical engineering', 'technical office', 'design review', 'project coordination', 'problem solving', 'attention to detail', 'communication skills']",on-site,full time,experienced,,1 month ago,2.0,nasr city,cairo,egypt
export sales manager (steel & metal products),confidential,"['sales', 'steel', 'sales target', 'export', 'export sales', 'international business development', 'salesforce', 'target']",on-site,full time,manager,,1 month ago,3.0,qalubia,qalubia,egypt
customer service / real estate,emarcom group developments,"['communication', 'customer care', 'customer service', 'customer support', 'real estate', 'sales', 'management']",on-site,full time,experienced,,1 month ago,2.0,6th of october,giza,egypt
senior sales executive (b2b saas),dataninfo,"['b2b sales', 'business development', 'senior sales executive', 'sales', 'saas', 'b2b', 'lead generation', 'prospecting']",on-site,full time,experienced,,1 month ago,2.0,new nozha,cairo,egypt
international sales associate,renewable energy pros,"['sales strategy', 'digital marketing', 'business development', 'crm software', 'market research', 'client relationship management', 'renewable energy knowledge']",on-site,full time,experienced,,1 month ago,2.0,new cairo,cairo,egypt
electronics maintenance engineer,hi tech textile egypt,"['electronics', 'electronics maintenance', 'maintenance', 'troubleshooting', 'electrical systems', 'mechanical systems', 'preventive maintenance', 'corrective maintenance', 'circuit analysis']",on-site,full time,experienced,,1 month ago,2.0,ameria,alexandria,egypt
sales engineer (renewable energy),renewable energy pros,"['sales', 'business development', 'communication skills', 'marketing', 'english', 'crm', 'customer relationship management']",on-site,full time,entry level,,1 month ago,1.0,new cairo,cairo,egypt
technical support specialist - rotational shifts,orion,"['technical support', 'computer hardware', 'software applications', 'computer science', 'customer service', 'customer support', 'microsoft office', 'troubleshooting']",on-site,full time,experienced,,1 month ago,2.0,madinaty,cairo,egypt
french preschool teacher - elsheikh zayed,innovvette for education,"['early childhood', 'french', 'preschool', 'education', 'children', 'teaching', 'nursery']",on-site,full time,entry level,,1 month ago,1.0,6th of october,giza,egypt
toddlers english co-teacher,innovvette for education,"['lesson planning', 'team collaboration', 'english language proficiency', 'communication', 'early childhood education', 'classroom management', 'child development', 'creativity', 'problem-solving']",on-site,full time,experienced,,1 month ago,2.0,6th of october,giza,egypt
preschool french instructor - steamulation hub - maadi,innovvette for education,"['early childhood', 'french', 'preschool', 'education', 'children', 'teaching', 'nursery']",on-site,full time,entry level,,1 month ago,1.0,maadi,cairo,egypt
operations manager,power fast eg,"['management', 'networks', 'startup', 'technology', 'project', 'sales', 'microsoft office']",on-site,full time,manager,,1 month ago,3.0,giza,giza,egypt
sales coordinator,majestic pharmaceuticals,"['microsoft office', 'microsoft excel', 'communication', 'administration', 'customer service', 'sales', 'sales support']",on-site,full time,entry level,,1 month ago,1.0,new cairo,cairo,egypt
site engineer,igi-group,"['autocad', 'civil engineering', 'construction', 'engineering', 'management', 'project management', 'quality control']",on-site,full time,experienced,,1 month ago,2.0,6th of october,giza,egypt
help desk specialist,8x egypt,"['helpdesk', 'technical assistance', 'technical support']",on-site,full time,entry level,,1 month ago,1.0,maadi,cairo,egypt
it senior specialist,tam environmental services,"['information technology (it)', 'computer science', 'software development']",on-site,full time,experienced,,1 month ago,2.0,new cairo,cairo,egypt
hr specialist,arma-hsa,"['hr', 'hr specialist', 'human resources (hr)', 'recruitment', 'microsoft office', 'accounting', 'administration', 'business administration', 'human resources']",on-site,full time,entry level,,1 month ago,1.0,10th of ramadan city,sharqia,egypt
customer success specialist,8x egypt,"['account management', 'sales', 'business development', 'software', 'business administration', 'sales skills', 'sales target', 'customer service']",on-site,full time,experienced,,1 month ago,2.0,maadi,cairo,egypt
general accountant,mopars garage,"['accounting', 'finance', 'financial analysis', 'financial management', 'follow up', 'financial accounting', 'microsoft office suite', 'office tools', 'business administration']",on-site,full time,experienced,,1 month ago,2.0,6th of october,giza,egypt
senior electrical engineer,confidential,"['electrical engineering', 'eplan', 'autocad', 'autocad electrical', 'wiring diagrams', 'panel design', 'hvac systems', 'industrial automation']",on-site,full time,experienced,,1 month ago,2.0,6th of october,giza,egypt
senior marketing communication,billqode,"['advertising', 'communication', 'market research', 'crm', 'marketing', 'sales', 'sem']",on-site,full time,experienced,,1 month ago,2.0,cairo,cairo,egypt
senior sales account manager,confidential,"['business development', 'account management', 'customer service', 'customer support', 'indoor sales', 'outdoor sales', 'sales target']",on-site,full time,experienced,,1 month ago,2.0,cairo,cairo,egypt
sales manager – real estate,confidential,"['sales', 'real estate', 'sales target', 'administration', 'business administration', 'communication', 'management', 'marketing']",on-site,full time,manager,,1 month ago,3.0,cairo,cairo,egypt
supply chain engineer,confidential,"['logistics', 'procurement', 'purchasing', 'supply chain', 'sheet metal', 'hvac', 'cnc machines']",on-site,full time,experienced,,1 month ago,2.0,6th of october,giza,egypt
"operations manager "" facility management soft services""",inertia,"['facility management', 'leadership management', 'vendor management', 'budget management', 'cost management', 'operations management']",on-site,full time,manager,,1 month ago,3.0,mokattam,cairo,egypt
sales representative,marinero,"['customer service', 'sales', 'sales target', 'microsoft office', 'negotiation', 'fashion', 'communication', 'target']",on-site,full time,entry level,,1 month ago,1.0,obour city,cairo,egypt
automation test engineer .,etisalat egypt,"['automation', 'computer science', 'information technology (it)', 'software testing', 'testing', 'selenium', 'appium']",on-site,full time,entry level,,1 month ago,1.0,mohandessin,giza,egypt
planning supervisor,aug pharma,"['planning', 'communication', 'management', 'pharmaceutical', 'microsoft excel', 'production', 'supply chain']",on-site,full time,experienced,,1 month ago,2.0,6th of october,giza,egypt
logistic specialist,royal herbs,"['supply chain', 'logistics', 'inventory management', 'warehouse operations', 'customs regulations', 'transportation management', 'data entry', 'microsoft office', 'problem solving']",on-site,full time,entry level,,1 month ago,1.0,6th of october,giza,egypt
sales executive,professional service - proserv,"['b2b sales', 'technical sales', 'chemicals', 'sales', 'business development', 'customer service', 'communication', 'microsoft office']",hybrid,full time,experienced,,1 month ago,2.0,cairo,cairo,egypt
account manager,opex egypt,"['customer service', 'account management', 'b2b', 'b2b sales', 'crm', 'management', 'microsoft office', 'negotiation', 'sales']",on-site,full time,experienced,,1 month ago,2.0,new cairo,cairo,egypt
payroll specialist,british university of egypt,"['payroll', 'accounting', 'finance']",on-site,full time,entry level,,1 month ago,1.0,shorouk city,cairo,egypt
senior engineer - ai & digital transformation,confidential,"['artificial intelligence (ai)', 'computer science', 'cloud', 'programming language', 'software development', 'devops', 'machine learning']",remote,full time,experienced,,1 month ago,2.0,cairo,cairo,egypt
hub manager - alex,opex egypt,"['logistics', 'management', 'administration', 'planning', 'supply chain', 'warehouse management', 'marketing']",on-site,full time,manager,,1 month ago,3.0,alexandria,alexandria,egypt
hub manager - ismailia,opex egypt,"['operations management', 'logistics']",on-site,full time,manager,,1 month ago,3.0,ismailia,ismailia,egypt
it specialist,opex egypt,"['information technology (it)', 'technical support', 'lan', 'maintenance', 'network', 'network administration', 'security', 'computer science']",on-site,full time,entry level,,1 month ago,1.0,obour city,cairo,egypt
cashier,opex egypt,"['accounting', 'commerce', 'finance']",on-site,full time,entry level,,1 month ago,1.0,obour city,cairo,egypt
human resources generalist ( personnel and operations ),egyptian company for cosmetics,"['human resources', 'personnel', 'hr operations', 'onboarding', 'employee relations', 'hr policies', 'administrative support', 'communication', 'problem-solving']",on-site,full time,entry level,,1 month ago,1.0,nasr city,cairo,egypt
finance director,confidential,"['financial strategy', 'financial planning & analysis (fp&a)', 'treasury management', 'taxation', 'performance management', 'mergers & acquisitions (preferred']",on-site,full time,senior management,,1 month ago,,giza,giza,egypt
fresh engineer,gazala steel fabrication gsf,"['electrical engineering', 'mechatronics', 'mechanical engineering']",on-site,full time,entry level,,1 month ago,1.0,new cairo,cairo,egypt
sr. plumbing & fire fighting engineer,afniah consulting engineering,"['design', 'engineering', 'fire fighting', 'mechanical', 'mechanical engineering', 'plumbing', 'fire protection', 'revit', 'plumbing system design']",on-site,full time,experienced,,1 month ago,2.0,heliopolis,cairo,egypt
garment production & product development professional.,n.a studio official,"['product management', 'product development', 'production', 'business development', 'communication', 'development', 'planning', 'quality control']",on-site,full time,experienced,,1 month ago,2.0,garden city,cairo,egypt
head of accounting,monairy corn,"['accounting', 'finance', 'financial analysis', 'financial management', 'financial accounting', 'account management', 'problem solving', 'leadership', 'team management']",on-site,full time,experienced,,1 month ago,2.0,10th of ramadan city,sharqia,egypt
quality control inspector (petroleum services),confidential,"['quality control', 'inspection & testing', 'api standard', 'quality documantation', 'oil & gas', 'thread inspection', 'vernier caliper', 'api']",on-site,full time,experienced,,1 month ago,2.0,alexandria,alexandria,egypt
corporate acquisition manager,bokra,"['account management', 'business development', 'communication', 'corporate sales', 'customer service', 'management', 'crm']",on-site,full time,manager,,1 month ago,3.0,maadi,cairo,egypt
financial planning and analysis,bokra,"['accounting', 'analysis', 'budgeting', 'finance', 'financial', 'financial analysis', 'financial management']",on-site,full time,experienced,,1 month ago,2.0,maadi,cairo,egypt
preschool french instructor - elshorouk - discovery campus,innovvette for education,"['early childhood', 'french', 'preschool', 'education', 'children', 'teaching', 'nursery']",on-site,full time,entry level,,1 month ago,1.0,shorouk city,cairo,egypt
administration section head,cairo three a  poultry,"['administration', 'management', 'facility management', 'business administration', 'leadership', 'fleet management', 'operations management']",on-site,full time,manager,,1 month ago,3.0,new cairo,cairo,egypt
steel detailing engineer,famsun egypt industry s.a.e,"['autocad', 'engineering', 'steel', 'steel detailing', 'detailing', 'civil engineering', 'design']",on-site,full time,experienced,,1 month ago,2.0,new cairo,cairo,egypt
technical support engineer,el abd group,"['customer service', 'problem-solving', 'communication', 'technical troubleshooting', 'technical documentation']",on-site,full time,experienced,,1 month ago,2.0,cairo,cairo,egypt
sales specialist mansoura,b.tech,"['sales', 'sales target', 'marketing', 'stock accuracy', 'products safety', 'stock control', 'maintenance', 'invoicing']",on-site,full time,entry level,,1 month ago,1.0,mansoura,dakahlia,egypt
it technical support specialist,gb corp,"['information technology (it)', 'technical support', 'windows', 'ms office', 'computer science', 'mcse', 'pc hardware']",on-site,full time,entry level,,1 month ago,1.0,alsadat city,monufya,egypt
experienced receptionist,trip house travel,"['administration', 'office management', 'microsoft office', 'customer service', 'communication skills', 'organizational skills', 'time management', 'problem solving']",on-site,full time,experienced,,1 month ago,2.0,nasr city,cairo,egypt
junior accountant (retail / fashion),reda'- رداء,"['accounting', 'finance', 'financial analysis', 'microsoft office', 'retail']",on-site,full time,experienced,,1 month ago,2.0,mokattam,cairo,egypt
marketing manager,edge architects,"['digital marketing', 'online marketing', 'marketing campaigns']",on-site,full time,manager,,1 month ago,3.0,new cairo,cairo,egypt
sales engineer - concrete admixtures,sipes,"['engineering', 'sales target', 'sales']",on-site,full time,experienced,,1 month ago,2.0,heliopolis,cairo,egypt
quality control engineer (polyethylene film),aldawlia for plastic materials,"['chemist', 'iso 22000', 'quality', 'quality control', 'plastics engineering', 'plastic extrusion', 'process improvement']",on-site,full time,experienced,,1 month ago,2.0,10th of ramadan city,cairo,egypt
production engineer (blown film),aldawlia for plastic materials,"['plastic extrusion', 'plastics engineering', 'manufacturing industry', 'mechanical engineering', 'microsoft office', 'manufacturing', 'production']",on-site,full time,experienced,,1 month ago,2.0,10th of ramadan city,sharqia,egypt
internal audit senior manager,savola,"['ca', 'accounting', 'finance', 'internal audit', 'auditing', 'fmcg', 'business administration', 'commerce']",on-site,full time,senior management,,1 month ago,,new cairo,cairo,egypt
internal audit assistant manager,savola,"['auditing', 'cia', 'internal controls', 'administration', 'accounting', 'finance', 'financial analysis', 'business administration']",on-site,full time,experienced,,1 month ago,2.0,new cairo,cairo,egypt
2d animator,mico world limited,"['animation', 'creative', 'autocad', 'autocad 2d', 'design', '2d animation', 'character design', 'storyboarding']",on-site,full time,experienced,,1 month ago,2.0,maadi,cairo,egypt
it help desk,la hacienda,"['computer science', 'it', 'installation', 'information technology (it)', 'help desk', 'computer systems', 'technical']",on-site,full time,experienced,,1 month ago,2.0,ras sedr,south sinai,egypt
brand manager (retail background required),ahmed el-sallab,"['marketing', 'retail', 'branding', 'trade marketing', 'fmcg marketing']",on-site,full time,manager,,1 month ago,3.0,cairo,cairo,egypt
senior export sales specialist,monairy corn,"['sales', 'export sales', 'sales plan', 'export development', 'communication', 'negotiation', 'customer service', 'after-sales', 'problem solving']",on-site,full time,experienced,,1 month ago,2.0,10th of ramadan city,sharqia,egypt
head of accounting,best media,"['accounting', 'finance']",on-site,full time,experienced,,1 month ago,2.0,6th of october,giza,egypt
quality control engineer,eamar al delta,"['quality control', 'construction inspection', 'engineering', 'construction', 'construction management', 'quality', 'management', 'ms office']",on-site,full time,experienced,,1 month ago,2.0,new cairo,cairo,egypt
secretary,icotrade,"['microsoft office', 'office management', 'business english', 'administration', 'communication']",on-site,full time,entry level,,1 month ago,1.0,nasr city,cairo,egypt
civil site engineer,mena for contracting & trading,"['architecture', 'civil engineering', 'construction', 'engineering', 'autocad', 'microsoft office']",on-site,full time,experienced,,1 month ago,2.0,agami,alexandria,egypt
hr manager,happy pack for industry,"['human resources (hr)', 'personnel management', 'recruitment', 'talent acquisition', 'employee relations', 'hr strategy', 'organizational development', 'performance management']",on-site,full time,manager,,1 month ago,3.0,10th of ramadan city,cairo,egypt
procurement head,new plan,"['procurement', 'vendor management', 'engineering', 'construction', 'logistics', 'management', 'civil engineering', 'purchasing']",on-site,full time,manager,,1 month ago,3.0,cairo,cairo,egypt
technical office engineer,egyptianeuropean,"['mechanical engineering', 'autocad', 'revit', 'drawing', 'refrigeration', 'air conditioning', 'hvac design', 'hvac', 'cfd']",on-site,full time,experienced,,1 month ago,2.0,6th of october,giza,egypt
"senior golang, devops & cloud-native architect",confidential,"['golang', 'docker', 'devops', 'computer science', 'aws', 'cloud-native architectures', 'kubernetes', 'microservices', 'system design']",on-site,full time,experienced,,1 month ago,2.0,maadi,cairo,egypt
sap fico consultant,arma-hsa,"['sap fico', 'sap', 'abap', 'sap implementation', 'accounting', 'commerce', 'computer science', 'information technology (it)']",on-site,full time,experienced,,1 month ago,2.0,new cairo,cairo,egypt
horeca key account sales specialist,confidential,"['sales leadership', 'negotiation', 'customer service', 'sales target', 'sales', 'sales field', 'outdoor sales', 'indoor sales']",on-site,full time,experienced,,1 month ago,2.0,obour city,cairo,egypt
financial planning & analysis section head,confidential,"['financial planning', 'financial management', 'financial analysis', 'financial', 'finance', 'accounting', 'analysis', 'budgeting', 'commerce']",on-site,full time,manager,,1 month ago,3.0,new cairo,cairo,egypt
er & engagement specialist,bdo esnad,"['employee engagement', 'human resources (hr)', 'personnel affairs', 'investigations', 'community engagement']",on-site,full time,experienced,,1 month ago,2.0,mohandessin,giza,egypt
senior maintenance engineer,gb corp,"['maintenance', 'engineering', 'electrical engineering', 'autocad', 'computer science', 'information technology (it)', 'software development', 'training']",on-site,full time,experienced,,1 month ago,2.0,cairo,cairo,egypt
purchasing specialist,olam svi,"['logistics', 'procurement', 'purchasing', 'supply chain', 'erp', 'erp system', 'erp software']",on-site,full time,experienced,,1 month ago,2.0,6th of october,giza,egypt
accounting manager,happy vision,"['accounting', 'cma', 'accounting software', 'finance', 'financial analysis', 'financial management', 'ifrs', 'gaap', 'microsoft office']",on-site,full time,experienced,,1 month ago,2.0,mohandessin,giza,egypt
sales manager - cosmetics & detergents,tawfeer,"['sales target', 'retail', 'sales', 'sales target achievement', 'detergents product knowledge', 'cosmetics sales', 'account management', 'market analysis', 'negotiation']",on-site,full time,manager,,1 month ago,3.0,maadi,cairo,egypt
production engineer,az developments,"['manufacturing', 'engineering', 'production']",on-site,full time,experienced,,1 month ago,2.0,abu rawash,giza,egypt
senior fleet specialist,cairo three a  poultry,"['fleet management', 'route optimization', 'team leadership', 'problem-solving', 'logistics coordination', 'communication', 'data analysis', 'operational planning', 'administration']",on-site,full time,experienced,,1 month ago,2.0,ismailia,ismailia,egypt
senior hr generalist & talent acquisition specialist,namaa it,"['hr', 'human resources (hr)', 'interviewing', 'recruitment', 'talent acquisition', 'kpis']",on-site,full time,experienced,,1 month ago,2.0,heliopolis,cairo,egypt
senior costing accountant,cairo three a  poultry,"['costing', 'finance', 'financial analysis', 'financial management', 'ifrs', 'budgeting', 'cma', 'accounting', 'communication']",on-site,full time,experienced,,1 month ago,2.0,ismailia,ismailia,egypt
senior accounts payable accountant,cairo three a  poultry,"['accounting', 'accounts payable', 'finance', 'fmcg', 'oracle', 'ms office', 'accounting software', 'financial analysis']",on-site,full time,experienced,,1 month ago,2.0,ismailia,ismailia,egypt
senior account receivable accountant,cairo three a  poultry,"['accountant', 'ar', 'excel', 'finance', 'financial accounting', 'general ledger', 'accounting', 'accounts receivable', 'erp']",on-site,full time,experienced,,1 month ago,2.0,ismailia,ismailia,egypt
assistant restaurant manager,confidential,"['inventory control', 'cost control', 'staff training', 'food safety management', 'customer service', 'upselling']",on-site,full time,experienced,,1 month ago,2.0,cairo,cairo,egypt
supplier onboarding specialist,autocycle,"['computer literacy', 'sales field', 'communication', '•\tresilience', 'persistence', 'automotive spare parts', 'supply management']",hybrid,full time,entry level,,1 month ago,1.0,dokki,giza,egypt
interior design team leader,confidential,"['interior design', 'design', 'team leadership']",on-site,full time,manager,,1 month ago,3.0,sheraton,cairo,egypt
senior mechanical mep engineer,x-mission technology,"['mechanical', 'mechanical engineering', 'mep', 'engineering', 'electrical engineering', 'hvac', 'autocad', 'revit']",on-site,full time,experienced,,1 month ago,2.0,cairo,cairo,egypt
senior marketing specialist,confidential,"['marketing', 'digital marketing', 'branding', 'event organization', 'social media', 'advertising', 'online marketing', 'online advertising']",on-site,full time,experienced,,1 month ago,2.0,new cairo,cairo,egypt
fleet manager,ice foods,"['fleet management', 'workshop management', 'planning', 'supply chain', 'administration', 'business administration', 'logistics']",on-site,full time,manager,,1 month ago,3.0,mansoura,dakahlia,egypt
procurement manager,trustcom,"['procurement', 'contract management', 'tendering', 'cost control', 'vendor management', 'supplier management', 'negotiation']",on-site,full time,manager,,1 month ago,3.0,cairo,cairo,egypt
foreign purchasing supervisor,aug pharma,"['foreign purchasing', 'purchasing', 'supply chain']",on-site,full time,experienced,,1 month ago,2.0,6th of october,giza,egypt
senior sales real estate,everest mohammed and mounir,"['real estate', 'sales', 'sales target', 'communication', 'customer service', 'negotiation', 'projects', 'real estate sales']",on-site,full time,experienced,,1 month ago,2.0,new cairo,cairo,egypt
online business english instructor - project based,sye english community,"['business english instruction', 'adult education', 'classroom management', 'communication skills', 'feedback and evaluation', 'lesson planning', 'interactive teaching', 'professional english proficiency']",remote,freelance / project,entry level,,1 month ago,1.0,nasr city,cairo,egypt
credit & ar accountant,confidential,"['accounts receivable management', 'credit control', 'financial analysis', 'accounting principles', 'data reconciliation', 'customer relationship management', 'attention to detail', 'erp systems', 'accounting software']",on-site,full time,experienced,,1 month ago,2.0,alsadat city,monufya,egypt
graphic designer,kig konnice,"['3d design', 'graphic design', 'adobe photoshop', 'cinema 4d', '3ds max', 'design', 'adobe illustrator', 'creative', 'graphic design software']",on-site,full time,experienced,,1 month ago,2.0,shorouk city,cairo,egypt
pre-school french teacher,leap development hub,"['teaching', 'education', 'nursery', 'school', 'french']",on-site,full time,experienced,,1 month ago,2.0,new cairo,cairo,egypt
e-commerce operations specialist,mini 4wd egypt,"['e-commerce', 'commerce', 'e-marketing', 'seo', 'ai', 'analysis', 'design', 'management']",hybrid,full time,entry level,,1 month ago,1.0,zaytoun,cairo,egypt
live sales specialist (english),kwng group,"['sales', 'customer service', 'customer support', 'sales field', 'interactive voice response', 'presenter', 'presentation skills']",on-site,full time,entry level,,1 month ago,1.0,maadi,cairo,egypt
on-camera presenter – live shopping host (english),kwng group,"['sales', 'retail', 'social media', 'media sales', 'tv presenter', 'live streaming', 'live shopping']",on-site,full time,entry level,,1 month ago,1.0,maadi,cairo,egypt
mall manager,a-plus management,"['administration', 'communication', 'customer service', 'facility management', 'maintenance', 'management', 'marketing']",on-site,full time,manager,,1 month ago,3.0,new cairo,cairo,egypt
senior talent management specialist,confidential,"['talent acquisition', 'full-cycle recruitment', 'candidate sourcing', 'interviewing', 'communication', 'organizational skills', 'negotiation']",on-site,full time,experienced,,1 month ago,2.0,sheraton,cairo,egypt
tax & expenditures analysis accountant,sunshine for logistic services,"['accounting', 'finance', 'financial analysis', 'financial management', 'tax', 'tax accounting', 'cost accounting', 'microsoft excel']",on-site,full time,experienced,,1 month ago,2.0,new cairo,cairo,egypt
oracle developer,technosat,"['oracle', 'software development', 'information technology (it)', 'pl/sql', 'oracle db', 'software engineering']",hybrid,full time,experienced,,1 month ago,2.0,cairo,cairo,egypt
administrative assistant,wellspire for clinics management,"['administration', 'communication', 'good listener', 'organization development', 'customer service', 'customer support']",on-site,full time,entry level,,1 month ago,1.0,new cairo,cairo,egypt
talent acquisition specialist,al salmanya,"['applicant tracking systems', 'recruitment', 'talent acquisition', 'hr', 'human resources (hr)', 'talent acquisition', 'interviewing']",on-site,full time,experienced,,1 month ago,2.0,cairo,cairo,egypt
us telesales specialist,cultiv,"['customer service', 'telesales', 'sales']",on-site,full time,entry level,,1 month ago,1.0,maadi,cairo,egypt
chief accountant.,confidential,"['accounting', 'finance', 'analytical']",on-site,full time,manager,,1 month ago,3.0,giza,giza,egypt
development manager,cred developments,"['business development', 'development', 'information technology (it)', 'construction', 'management', 'project management', 'real estate', 'sales', 'project']",on-site,full time,manager,,1 month ago,3.0,cairo,cairo,egypt
automation test engineer,etisalat egypt,"['automation', 'computer science', 'information technology (it)', 'software testing', 'testing', 'katalon', 'selenium', 'java']",hybrid,full time,entry level,,1 month ago,1.0,mohandessin,giza,egypt
project operations coordinator,namaa it,"['project management', 'microsoft office', 'administration', 'project']",on-site,full time,experienced,,1 month ago,2.0,heliopolis,cairo,egypt
human resources executive,eltarek group,"['human resources (hr)', 'administration', 'recruitment', 'accounting', 'business administration', 'hris', 'human resources', 'microsoft office']",on-site,full time,experienced,,1 month ago,2.0,6th of october,giza,egypt
accounts receivable accountant,confidential,"['accounting', 'accounts receivable', 'finance']",remote,full time,experienced,,1 month ago,2.0,sheraton,cairo,egypt
qa supervisor,etisal for advanced industries,"['qa', 'quality assurance', 'quality control', 'qc', 'microsoft office', 'manufacturing', 'erp', 'engineering']",on-site,full time,manager,,1 month ago,3.0,6th of october,giza,egypt
senior react front-end developer,exsys solutions,"['computer science', 'information technology (it)', 'react', 'javascript', 'software development']",on-site,full time,experienced,,1 month ago,2.0,nasr city,cairo,egypt
planning engineer,family corporation,"['analysis', 'communication', 'engineering', 'maintenance', 'management', 'project', 'planning']",on-site,full time,experienced,,1 month ago,2.0,heliopolis,cairo,egypt
insurance officer,exsys solutions,"['administration', 'medical terminology', 'microsoft office suite', 'insurance claims processing', 'customer service', 'data entry', 'record keeping', 'communication skills']",on-site,full time,experienced,,1 month ago,2.0,cairo,cairo,egypt
accountant,exsys solutions,"['accounting', 'finance', 'financial analysis', 'financial management', 'budgeting', 'financial reporting', 'auditing', 'taxation', 'microsoft excel']",on-site,full time,experienced,,1 month ago,2.0,cairo,cairo,egypt
senior accountant,flex asepto,"['financial reporting', 'general ledger management', 'budgeting and forecasting', 'account reconciliation', 'audit coordination', 'tax compliance', 'analytical thinking', 'attention to detail', 'erp systems']",on-site,full time,experienced,,1 month ago,2.0,6th of october,giza,egypt
production engineer intern (agriculture background),olam svi,"['food science', 'food production', 'food processing', 'food manufacturing', 'food safety management', 'mechanical engineering', 'food hygiene', 'international food safety management systems standard']",on-site,internship,entry level,,1 month ago,1.0,6th of october,giza,egypt
junior accountant,de.ci,"['accounting', 'finance', 'microsoft office']",on-site,full time,experienced,,1 month ago,2.0,maadi,cairo,egypt
production engineer,sadko plast,"['engineering', 'mechanical engineering', 'production', 'manufacturing', 'mechanical', 'microsoft office', 'planning']",on-site,full time,entry level,,1 month ago,1.0,10th of ramadan city,sharqia,egypt
executive director – software operations & projects,confidential,"['management', 'project management', 'administration', 'computer science', 'engineering', 'information technology (it)', 'erp', 'software development', 'software engineering']",on-site,full time,experienced,,1 month ago,2.0,cairo,cairo,egypt
merchandiser,swiss garment company,"['merchandising', 'retail', 'sales', 'erp', 'garments', 'textile', 'fabric']",on-site,full time,experienced,,1 month ago,2.0,10th of ramadan city,sharqia,egypt
sr. electrical sales engineer,al andalus electrical solutions,"['electrical', 'lighting', 'sales', 'electrical engineering', 'sales target', 'engineering', 'sales skills']",on-site,full time,experienced,,1 month ago,2.0,new cairo,cairo,egypt
qs & payment engineer,confidential,"['architecture', 'civil engineering', 'engineering', 'information technology (it)', 'quantity surveying', 'autocad', 'computer science']",on-site,full time,experienced,,1 month ago,2.0,cairo,cairo,egypt
senior hr specialist,inertia,"['human resources', 'recruitment', 'personnel', 'management', 'microsoft office', 'administration', 'business administration', 'communication', 'human resources (hr)']",on-site,full time,experienced,,1 month ago,2.0,mokattam,cairo,egypt
hr trainee,savola,"['human resources (hr)', 'recruitment', 'microsoft office', 'interviewing', 'administration', 'hr', 'hr systems', 'hr policies']",on-site,internship,entry level,,1 month ago,1.0,new cairo,cairo,egypt
technical support specialist,talaat moustafa group,"['technical support', 'helpdesk', 'hardware maintenance', 'communication', 'computer science', 'customer care', 'customer service', 'customer support']",on-site,full time,entry level,,1 month ago,1.0,new cairo,cairo,egypt
material requirements planning (mrp) supervisor,tank,"['supply chain', 'planning', 'mrp', 'logistics', 'engineering', 'erp', 'inventory management']",on-site,full time,manager,,1 month ago,3.0,10th of ramadan city,cairo,egypt
call center agent,talaat moustafa group,"['call center', 'customer care', 'customer service', 'customer support', 'communication', 'crm', 'cs', 'outbound calls', 'inbound calls']",on-site,full time,entry level,,1 month ago,1.0,new capital,cairo,egypt
sales account manager (remote),amf system,"['marketing', 'sales', 'business development', 'market research', 'client relationship management', 'digital marketing', 'lead generation', 'negotiation']",remote,full time,experienced,,1 month ago,2.0,cairo,cairo,egypt
quality assurance section head,musandah fm,"['quality assurance', 'quality control']",on-site,full time,experienced,,1 month ago,2.0,cairo,cairo,egypt
electrical technical office engineer (bms),protection,"['bms', 'electrical engineering', 'engineering', 'technical office', 'revit', 'revit mep', 'autocad', 'microsoft office', 'automation engineering']",on-site,full time,experienced,,1 month ago,2.0,sheikh zayed,giza,egypt
bridge engineer,cdg - dr. gamal helmy,"['civil engineering', 'construction', 'engineering', 'bridges', 'autocad', 'engineering services']",on-site,full time,experienced,,1 month ago,2.0,new cairo,cairo,egypt
senior landscape architect engineer,travco group,"['landscape', 'engineering', 'regional planning', 'urban', 'architecture engineering', 'hotels', 'construction', 'landscape engineering']",on-site,full time,experienced,,1 month ago,2.0,sheikh zayed,giza,egypt
operations & product development manager (remote - egypt),texas carma,"['product management', 'operations']",remote,full time,manager,,1 month ago,3.0,cairo,cairo,egypt
seo specialist,deutschland technology limited,"['social media', 'seo', 'marketing', 'e-marketing', 'keyword research', 'google analytics', 'link building', 'b2b']",on-site,full time,experienced,,1 month ago,2.0,obour city,cairo,egypt
accountant / us tax specialist,gahbiz.com,"['accounting', 'bookkeeping', 'quickbooks']",on-site,full time,entry level,,1 month ago,1.0,alibrahimiyyah,alexandria,egypt
business development specialist,epsilonai,"['b2b', 'business', 'business development', 'development', 'business administration', 'sales', 'sales skills']",hybrid,full time,experienced,,1 month ago,2.0,nasr city,cairo,egypt
full stack developer (php laravel + nextjs),namaa it,"['computer science', 'information technology (it)', 'php', 'laravel', 'software development', 'javascript', 'next js']",on-site,full time,experienced,,1 month ago,2.0,heliopolis,cairo,egypt
fleet coordinator + fleet manager,partner & more,"['ms office', 'logistics', 'coordination', 'fleet management', 'fleet maintenance', 'administration']",on-site,full time,manager,,1 month ago,3.0,6th of october,giza,egypt
.net developer (mid-level),ayady4040,"['.net', 'angular', 'database', 'design', 'vb.net', 'sql', 'programming language']",on-site,full time,experienced,,1 month ago,2.0,moharam bek,alexandria,egypt
network & systems engineer,ayady4040,"['computer engineering', 'engineering', 'information technology (it)', 'network', 'systems', 'computer science', 'vmware']",on-site,full time,experienced,,1 month ago,2.0,moharam bek,alexandria,egypt
senior textile engineer,tie house,"['textile', 'engineering', 'fashion']",on-site,full time,experienced,,1 month ago,2.0,new cairo,cairo,egypt
senior mechanical site engineer,barrier21,"['hvac', 'engineering', 'mechanical engineering', 'electrical engineering', 'project management', 'site supervision', 'quality control', 'technical drawing', 'problem-solving']",on-site,full time,experienced,,1 month ago,2.0,new cairo,cairo,egypt
technical office engineer civil electrical -mechanical,tabarak,"['electrical engineering', 'engineering', 'mechanical engineering', 'technical office', 'mechanical', 'autocad', 'projects', 'water treatment']",on-site,full time,experienced,,1 month ago,2.0,mohandessin,giza,egypt
senior talent acquisition & od specialist,aljar development,"['talent acquisition', 'organizational development', 'hr', 'hr policies', 'hr systems', 'hr admin', 'hr specialist', 'hrms', 'hrmis']",on-site,full time,experienced,,1 month ago,2.0,sheraton,cairo,egypt
(performance media buyer (pure affiliate / high-commission,evallsuccess,"['affiliate marketing', 'digital marketing', 'marketing', 'e-marketing', 'marketing campaigns', 'advertising', 'sales']",remote,freelance / project,experienced,,1 month ago,2.0,cairo,cairo,egypt
hr & administration director,confidential,"['administration', 'business administration', 'human resources (hr)', 'talent acquisition', 'talent management', 'personnel management', 'training management', 'performance management system']",on-site,full time,senior management,,1 month ago,,sheraton,cairo,egypt
hvac manufacturing summer training program,badr and asfour,"['hvac systems', 'manufacturing industry']",on-site,internship,student,,1 month ago,,menia,minya,egypt
erp technical support,tab erp solutions,"['accounting', 'sql', 'technical support', 'customer', 'erp', 'customer service', 'analysis', 'computer science']",remote,full time,experienced,,1 month ago,2.0,new cairo,cairo,egypt
english fluent scheduler & dispatcher,stem technology,"['customer relations', 'customer service', 'dispatching', 'scheduling', 'logistics coordination', 'communication skills', 'problem-solving', 'time management', 'conflict resolution']",remote,full time,experienced,,1 month ago,2.0,cairo,cairo,egypt
purchasing / procurement manager,gt world of beauty,"['procurement', 'purchasing', 'sap', 'supply chain', 'erp', 'logistics', 'negotiation', 'operations']",hybrid,full time,experienced,,1 month ago,2.0,maadi,cairo,egypt
fp&a analyst,guillam,"['accounting', 'finance', 'excel', 'general ledger', 'financial analysis', 'financial management', 'accounting software', 'financial planning', 'budgeting']",on-site,full time,experienced,,1 month ago,2.0,san stefano,alexandria,egypt
"technical installation, commissioning & repair engineer",k line europe,"['commissioning', 'maintenance', 'repair', 'industrial automation / controls engineering', 'manufacturing industry', 'industrial engineering', 'manufacturing']",on-site,full time,experienced,,1 month ago,2.0,nasr city,cairo,egypt
junior tax accountant,mma accounting office,"['accounting', 'finance', 'financial management', 'financial analysis', 'tax accounting', 'cma', 'cpa', 'tax analysis', 'tax preparer']",on-site,full time,entry level,,1 month ago,1.0,heliopolis,cairo,egypt
enterprise account executive,bright creations,"['sales', 'selling', 'b2b', 'b2b sales', 'business development']",hybrid,full time,experienced,,1 month ago,2.0,smart village,giza,egypt
account executive – dazu business (sme),bright creations,"['sales', 'selling', 'b2b', 'b2b sales', 'business development']",on-site,full time,experienced,,1 month ago,2.0,smart village,giza,egypt
account executive – realty,bright creations,"['sales', 'selling', 'real estate', 'b2b', 'b2b sales', 'crm', 'communication']",on-site,full time,experienced,,1 month ago,2.0,smart village,giza,egypt
growth manager,bright creations,"['growth hacking', 'marketing', 'digital advertising', 'customer acquisition', 'a/b testing', 'analysis', 'design', 'digital marketing']",on-site,full time,experienced,,1 month ago,2.0,smart village,giza,egypt
head of engineering (fintech),bright creations,"['agile', 'back-end', 'engineering', 'computer science', 'front-end', 'management', 'project management', 'cloud']",on-site,full time,senior management,,1 month ago,,smart village,giza,egypt
customer success manager,bright creations,"['onboarding and training', 'customer relationship management', 'communication', 'account management', 'problem solving', 'crm', 'customer care', 'customer service']",on-site,full time,experienced,,1 month ago,2.0,smart village,giza,egypt
civil site engineer,bakir construction company,"['autocad', 'civil engineering', 'site', 'primavera', 'schedule', 'construction', 'engineer', 'engineering', 'reliability engineer']",on-site,full time,entry level,,1 month ago,1.0,cairo,cairo,egypt
fitout engineer,bakir construction company,"['civil engineering', 'architectural engineering', 'interior finishing']",on-site,full time,experienced,,1 month ago,2.0,cairo,cairo,egypt
real estate sales consultant b2b,partner & more,"['sales', 'real estate', 'sales skills', 'sales target', 'communication', 'microsoft office', 'negotiation']",on-site,full time,entry level,,1 month ago,1.0,heliopolis,cairo,egypt
sales admin (real estate developer),confidential,"['sales', 'sales target', 'sales field', 'outdoor sales', 'indoor sales', 'property sales', 'real estate sales']",on-site,full time,experienced,,1 month ago,2.0,new cairo,cairo,egypt
infrastructure project manager,infracon,"['civil engineering', 'engineering', 'project management', 'construction', 'mep', 'infrastructure', 'water drainage', 'lift station', 'underground tanks']",on-site,full time,manager,,1 month ago,3.0,6th of october,giza,egypt
senior planning engineer,infracon,"['construction engineering', 'construction field', 'construction management', 'construction project management', 'planning', 'analysis', 'civil engineering', 'communication', 'construction']",on-site,full time,experienced,,1 month ago,2.0,heliopolis,cairo,egypt
recruiter – infrastructure & construction,infracon,"['human resources (hr)', 'recruitment', 'sourcing', 'interviewing']",on-site,full time,experienced,,1 month ago,2.0,heliopolis,cairo,egypt
medical sales representative - clear aligner,aligna,"['sales target', 'medical sales', 'sales', 'customer service', 'medical', 'business development', 'relationship building', 'outdoor sales']",on-site,full time,experienced,,1 month ago,2.0,sheikh zayed,giza,egypt
growth & operations manager,future egypt integrated digital solutions,"['management', 'sales']",on-site,full time,experienced,,1 month ago,2.0,zamalek,cairo,egypt
customer service specialist,etisalat egypt,"['customer service', 'customer care', 'customer support']",on-site,full time,entry level,,1 month ago,1.0,cairo,cairo,egypt
telesales agent,etisalat egypt,"['customer care', 'customer support', 'customer service']",on-site,full time,entry level,,1 month ago,1.0,cairo,cairo,egypt
product owner intern,3d diagnostix,"['agile', 'computer science', 'information technology (it)', 'product', 'software development', 'analysis', 'business analysis', 'computer engineering']",remote,internship,student,,1 month ago,,cairo,cairo,egypt
marketing specialists,growxcel,"['e-marketing', 'social media', 'marketing', 'facebook marketing', 'online marketing', 'digital marketing', 'marketing research']",on-site,full time,entry level,,1 month ago,1.0,dokki,giza,egypt
uiux intern,3d diagnostix,"['design', 'information technology (it)', 'ux', 'ui', 'computer engineering', 'computer science', 'engineering', 'prototyping', 'ui design']",remote,internship,student,,1 month ago,,cairo,cairo,egypt
cnc lathe machinist (petroleum services),confidential,"['cnc machining', 'cnc lathe', 'precision measurement', 'weiler cnc', 'api standard', 'oil & gas', 'cnc', 'engineering', 'manufacturing']",on-site,full time,experienced,,1 month ago,2.0,alexandria,alexandria,egypt
cost accountant,growxcel,"['accounting', 'cost accounting', 'finance', 'financial analysis', 'budgeting', 'tracking budget expenses']",on-site,full time,entry level,,1 month ago,1.0,cairo,cairo,egypt
office coordination head,confidential,"['administration', 'coordination', 'office management', 'business administration', 'construction', 'customer service', 'engineering', 'management']",on-site,full time,manager,,1 month ago,3.0,new cairo,cairo,egypt
business development assistant,[email protected],"['business development', 'sales', 'development', 'sales target', 'client relationship management', 'market research', 'negotiation', 'communication']",on-site,full time,entry level,,1 month ago,1.0,cairo,cairo,egypt
sales b2b,ecral,"['communications skills', 'negotation skills']",on-site,full time,experienced,,1 month ago,2.0,nasr city,cairo,egypt
maintenance engineer (oilfield workshop equipment),confidential,"['mechanical engineering', 'cnc machines', 'hydraulic systems', 'siemens plc', 'mechanical maintenance', 'corrective maintenance', 'preventive maintenance schedule (pms)', 'electrical maintenance']",on-site,full time,experienced,,1 month ago,2.0,alexandria,alexandria,egypt
mechanical engineer (technical office),house of construction(hoc),"['mechanical engineering', 'technical office', 'communication', 'electrical engineering', 'autocad', 'engineering', 'fire fighting', 'maintenance']",on-site,full time,entry level,,1 month ago,1.0,sheraton,cairo,egypt
hse officer (petroleum services),confidential,"['safety', 'hse', 'hse management', 'occupational safety and health administration (osha)', 'risk assessment', 'hse audit', 'incident investigation', 'nebosh']",on-site,full time,experienced,,1 month ago,2.0,matruh,matruh,egypt
hr executive,المقاولون المتحدون للخدمات المتكاملة - ucis,"['hr', 'administration', 'recruitment', 'human resources (hr)', 'personnel', 'interviewing', 'payroll', 'business administration', 'microsoft office']",on-site,full time,experienced,,1 month ago,2.0,hadayek alkobba,cairo,egypt
finance manager.,chema foam,"['cost control', 'cost management', 'financial analysis', 'financial management', 'budgeting', 'budget control', 'budget monitoring', 'budget management', 'cost analysis']",on-site,full time,manager,,1 month ago,3.0,10th of ramadan city,cairo,egypt
"mechanical engineer, technical office",al salmanya,"['autocad', 'mechanical engineering', 'engineering design', 'technical office operations', 'microsoft office suite', 'hvac systems', 'plumbing systems', 'fire fighting systems', 'project coordination']",on-site,full time,experienced,,1 month ago,2.0,cairo,cairo,egypt
civil technical office engineer,al salmanya,"['autocad', 'civil engineering', 'engineering', 'microsoft office', 'revit bim', 'construction management', 'project coordination', 'technical documentation', 'quantity surveying']",on-site,full time,experienced,,1 month ago,2.0,cairo,cairo,egypt
human resources specialist,guillam,"['english translation', 'human resources (hr)', 'human resources', 'human resource management (hrm)', 'human resource information system', 'human capital management', 'communication skills']",on-site,full time,entry level,,1 month ago,1.0,alexandria,alexandria,egypt
planning manager,egmed,"['planning', 'management']",on-site,full time,manager,,1 month ago,3.0,cairo,cairo,egypt
technical support specialist,elsewedy electric,"['technical support', 'customer support', 'administration', 'computer science', 'customer care', 'customer service', 'microsoft office', 'networking']",on-site,full time,entry level,,1 month ago,1.0,6th of october,giza,egypt
lifestyle manager,confidential,"['travel', 'customer support', 'tourism', 'crm']",on-site,full time,entry level,,1 month ago,1.0,mohandessin,giza,egypt
cost manager,growxcel,"['accounting', 'budgeting', 'cost management', 'erp', 'management', 'financial', 'finance', 'communication']",on-site,full time,experienced,,1 month ago,2.0,dokki,giza,egypt
quality assurance manager (petroleum services),confidential,"['quality assurance', 'qms', 'iso 9001', 'api standard', 'internal auditing', 'root cause analysis', 'risk assessment']",on-site,full time,manager,,1 month ago,3.0,cairo,cairo,egypt
architectural / finishing site engineer,tbk developments,"['architecture', 'construction', 'engineering', 'autocad', 'civil engineering', 'projects', 'safety']",on-site,full time,experienced,,1 month ago,2.0,ras sedr,south sinai,egypt
calibration specialist,mymsa for agencies and trade s.a.e,"['calibration', 'physics', 'engineering', 'engineering services', 'engineering service', 'engineering field']",on-site,full time,experienced,,1 month ago,2.0,cairo,cairo,egypt
production section head,sinoma-cdi,"['engineering', 'production', 'mechanical engineering', 'project management', 'quality control', 'construction management', 'process optimization', 'team leadership', 'risk management']",on-site,full time,manager,,1 month ago,3.0,beni suef,beni suef,egypt
data entry specialist – warehouse / inventory,universal parts,"['data entry', 'microsoft office', 'odoo erp', 'oracle database', 'organizing', 'inventory management', 'attention to detail', 'accuracy', 'problem solving']",on-site,full time,experienced,,1 month ago,2.0,cairo,cairo,egypt
general manager (petroleum services),confidential,"['genral management', 'strategic planning', 'operation management', 'key opinion leadership', 'business development', 'budgeting', 'financial management', 'contracts management']",on-site,full time,senior management,,1 month ago,,cairo,cairo,egypt
videographer & photographer,oppo egypt,"['video editing', 'videography', 'adobe premiere', 'premiere', 'social media', 'short films', 'video production']",on-site,full time,experienced,,1 month ago,2.0,nasr city,cairo,egypt
credit risk manager,confidential,"['credit risk', 'risk management', 'financial analysis', 'finance', 'accounting', 'risk assessment', 'analysis']",on-site,full time,manager,,1 month ago,3.0,maadi,cairo,egypt
quality control manager (petroleum services),confidential,"['qc', 'api standard', 'iso 9001', 'dimensional inspection', 'ndt testing', 'ncr', 'root cause analysis', 'calibration']",on-site,full time,manager,,1 month ago,3.0,cairo,cairo,egypt
mep site manager,new plan,"['electrical engineering', 'mechanical engineering', 'mep', 'engineering', 'mechanical', 'management', 'pmp', 'primavera']",on-site,full time,manager,,1 month ago,3.0,new capital,cairo,egypt
planning engineer,raqmu for building and construction,"['primavera', 'microsoft office', 'engineering', 'planning', 'project management', 'civil engineering']",on-site,full time,experienced,,1 month ago,2.0,cairo,cairo,egypt
electrical tender engineer,csi,"['electrical engineering', 'engineering', 'project drawings', 'testing & commissioning', 'techno-commercial proposals', 'cost estimation', 'mep', 'boq', 'tendering']",on-site,full time,entry level,,1 month ago,1.0,heliopolis,cairo,egypt
deputy swimming pool manager,wadi degla clubs,"['communication', 'problem solving', 'team coaching', 'career coaching', 'swimming pools', 'training of trainers', 'lifeguard', 'time management', 'team leadership']",on-site,full time,manager,,1 month ago,3.0,maadi,cairo,egypt
av presales engineer,tatas,"['presales', 'sales', 'av', 'engineering', 'communication']",remote,full time,experienced,,1 month ago,2.0,abdeen,cairo,egypt
senior contracts and claims engineer,abu gemeaa,"['construction', 'engineering', 'contracting', 'civil engineering', 'fidic', 'management', 'mechanical engineering', 'mep', 'microsoft office']",on-site,full time,experienced,,1 month ago,2.0,new cairo,cairo,egypt
senior marketing executive,confidential,"['communication', 'executive', 'research', 'marketing', 'sales', 'senior', 'skills']",on-site,full time,experienced,,1 month ago,2.0,heliopolis,cairo,egypt
qa/qc manager (petroleum services),confidential,"['quality assurance', 'quality control', 'iso 9001', 'api standard', 'internal auditing', 'team leadership', 'oil & gas', 'root cause analysis']",on-site,full time,manager,,1 month ago,3.0,cairo,cairo,egypt
head of accounting,bf sportswear,"['accounting', 'finance', 'financial analysis', 'financial management', 'administration', 'odoo', 'odoo erp', 'erp implementation']",on-site,full time,senior management,,1 month ago,,obour city,cairo,egypt
"t24 functional developer (tph, securities, aa)",egabi fsi,"['banking', 'computer science', 'engineering', 'temenos t24']",on-site,full time,experienced,,1 month ago,2.0,sheraton,cairo,egypt
executive business support,brand connection,"['administration', 'operations management']",on-site,full time,experienced,,1 month ago,2.0,cairo,cairo,egypt
kg english teacher - alexandria,egyptian english language schools,"['english education', 'english teaching', 'preschool', 'kindergarten', 'early childhood education', 'english language teaching']",on-site,full time,entry level,,1 month ago,1.0,alexandria,alexandria,egypt
accounting manager,bakkah,"['accounting', 'finance', 'financial analysis', 'financial management', 'erp', 'financial', 'financial reporting', 'management', 'microsoft excel']",on-site,full time,manager,,1 month ago,3.0,giza,giza,egypt
export sales manager,confidential,"['export', 'export sales', 'sales', 'sales target']",on-site,full time,manager,,1 month ago,3.0,badr city,cairo,egypt
accountant,bakkah,"['accounting', 'finance', 'financial analysis', 'financial management', 'accounting software', 'financial', 'erp', 'financial reporting', 'management']",on-site,full time,entry level,,1 month ago,1.0,hadayek alahram,giza,egypt
site engineer,green river for urban development,"['civil engineering', 'autocad', 'communication', 'construction', 'engineering', 'quality control', 'safety']",on-site,full time,entry level,,1 month ago,1.0,new capital,cairo,egypt
b2b sales team leader,bakkah,"['b2b', 'b2b sales', 'sales', 'sales target', 'leadership', 'management', 'negotiation', 'travel']",on-site,full time,experienced,,1 month ago,2.0,giza,giza,egypt
b2b sales executive,bakkah,"['b2b sales', 'b2b', 'sales', 'negotiation', 'sales target', 'travel']",on-site,full time,entry level,,1 month ago,1.0,giza,giza,egypt
sales support engineer,mymsa for agencies and trade s.a.e,"['customer support', 'sales support', 'sales', 'customer service', 'technical support', 'communication skills', 'problem-solving']",on-site,full time,entry level,,1 month ago,1.0,cairo,cairo,egypt
construction director,new plan,"['civil engineering', 'project management', 'construction', 'project', 'projects', 'planning', 'engineering', 'management']",on-site,full time,senior management,,1 month ago,,new capital,cairo,egypt
iot platform & product development engineer,mobi egypt,"['iot', 'internet of things', 'iot platform', 'iot solutions', 'embedded systems', 'cloud computing', 'microsoft azure', 'aws']",on-site,full time,experienced,,1 month ago,2.0,cairo,cairo,egypt
lead generation officer,fixed solutions,"['business development', 'lead generation', 'sales']",hybrid,full time,experienced,,1 month ago,2.0,cairo,cairo,egypt
operations manager (petroleum services),confidential,"['manufacturing operations', 'operations management', 'team leadership', 'process improvement', 'enterprise resource planning', 'hse compliance', 'mechanical engineering', 'communication']",on-site,full time,manager,,1 month ago,3.0,cairo,cairo,egypt
collection specialist,igi-group,"['collection', 'accounting', 'accounts receivable', 'administration', 'business administration', 'finance', 'microsoft office', 'real estate']",on-site,full time,experienced,,1 month ago,2.0,sheikh zayed,giza,egypt
qa/qc supervisor (petroleum services),confidential,"['quality assurance', 'quality management system', 'api standards', 'oil & gas', 'iso 9001', 'internal audit', 'team supervision', 'auditing']",on-site,full time,experienced,,1 month ago,2.0,matruh,matruh,egypt
b 2 b sales specialist,iqibla,"['e-commerce', 'communication', 'b2b sales', 'b2b', 'sales target', 'business development', 'crm', 'management']",remote,full time,experienced,,1 month ago,2.0,cairo,cairo,egypt
brand marketing manager,confidential,"['brand marketing', 'market research', 'sales', 'marketing', 'social media', 'agriculture', 'pesticides']",on-site,full time,manager,,1 month ago,3.0,dokki,giza,egypt
logistics specialist,chloride,"['sales', 'export', 'sales skills', 'logistics', 'english', 'analysis', 'coo']",on-site,full time,entry level,,1 month ago,1.0,abu rawash,giza,egypt
construction manager,confidential,"['civil engineering', 'construction', 'engineering', 'project management', 'risk management', 'budget management', 'site supervision', 'quality control']",on-site,full time,manager,,1 month ago,3.0,alexandria,alexandria,egypt
social media manager,arts,"['social media', 'marketing', 'creative', 'time management', 'communication', 'e-marketing', 'management']",hybrid,part time,entry level,,1 month ago,1.0,abu alnumros,giza,egypt
security engineer,misr international systems,"['data encryption', 'thales', 'cybersecurity', 'data security', 'computer science', 'engineering', 'information technology (it)']",on-site,full time,experienced,,1 month ago,2.0,sheikh zayed,giza,egypt
hse officer,logistica,"['hse', 'iso', 'safety management', 'iso 45001', 'iso 14001', 'hse specialist certificate', 'first aid certificate', 'firefighting certificate']",on-site,full time,entry level,,1 month ago,1.0,6th of october,giza,egypt
mortqa platform coordinator,vertex educational solutions,"['microsoft office', 'google workspace', 'crm systems', 'learning management systems (lms)', 'project management tools (trello, clickup, asana, monday.com)', 'excellent communication skills', 'leadership']",on-site,full time,experienced,,1 month ago,2.0,cairo,cairo,egypt
sr. media buyer,alarabia group,"['advertising', 'buyer', 'communication', 'digital marketing', 'digital', 'marketing', 'digital marketing', 'digital media']",on-site,full time,experienced,,1 month ago,2.0,10th of ramadan city,cairo,egypt
seo specialist,ebss - elite business solution service,"['seo', 'marketing', 'google analytics', 'e-marketing', 'research', 'analytics', 'search engine', 'social media']",remote,full time,experienced,,1 month ago,2.0,cairo,cairo,egypt
office & operation director,vertex educational solutions,"['administration', 'management', 'microsoft office', 'operations management', 'project coordination', 'team leadership', 'budget management', 'vendor relations']",on-site,full time,experienced,,1 month ago,2.0,cairo,cairo,egypt
sales executive - pharma,al massat life sciences egypt,"['pharma', 'sales target', 'sales', 'communication', 'customer service', 'microsoft office', 'negotiation', 'pharmacy']",on-site,full time,entry level,,1 month ago,1.0,cairo,cairo,egypt
ai-native software engineer (full-stack),vertex technologies,"['backend development', 'git', 'sql', 'web development', 'unit testing', 'cloud technologies', 'microservices', 'node.js', 'ai-assisted development']",on-site,full time,experienced,,1 month ago,2.0,cairo,cairo,egypt
marketing executive,dancing bean,"['marketing', 'market research', 'social media', 'public relations (pr)', 'writing', 'design', 'client relationships']",on-site,full time,experienced,,1 month ago,2.0,heliopolis,cairo,egypt
civil site engineer,az developments,"['civil engineering', 'cad']",on-site,full time,experienced,,1 month ago,2.0,sheikh zayed,giza,egypt
mechanical procurement engineer,concrete plus,"['mechanical engineering', 'procurement', 'supply chain management', 'vendor management', 'negotiation', 'technical specifications', 'cost analysis', 'project management']",on-site,full time,experienced,,1 month ago,2.0,new cairo,cairo,egypt
hvac sales engineer,heliopolis engineering and trading heto,"['engineering', 'hvac', 'sales', 'sales target', 'mechanical engineering', 'electromechanical engineering', 'vrf']",remote,internship,entry level,,1 month ago,1.0,heliopolis,cairo,egypt
planning manager - site based,concrete plus,"['planning', 'project management', 'stakeholder management', 'risk management', 'schedule management', 'budget management', 'resource allocation', 'critical path analysis']",on-site,full time,manager,,1 month ago,3.0,new cairo,cairo,egypt
procurement engineer,concrete plus,"['engineering', 'purchasing', 'supply chain management', 'vendor management', 'negotiation', 'cost analysis', 'contract management', 'logistics']",on-site,full time,experienced,,1 month ago,2.0,new cairo,cairo,egypt
medical device sales engineer,confidential,"['sales', 'medical', 'biomedical engineering', 'medical devices sales', 'technical presentations', 'ultrasound']",hybrid,full time,entry level,,1 month ago,1.0,tanta,gharbia,egypt
senior mechanical tender engineer,concrete plus,"['mechanical engineering', 'tendering', 'hvac systems', 'plumbing systems', 'fire fighting systems', 'cost estimation', 'bidding documentation', 'project management principles', 'autocad']",on-site,full time,experienced,,1 month ago,2.0,new cairo,cairo,egypt
regulatory affairs senior specialist (medical device),el-ahlyia health care for medical supplies,"['medical', 'regulatory', 'regulatory affairs', 'science', 'medical', 'renewals', 'social sciences']",on-site,full time,experienced,,1 month ago,2.0,sheraton,cairo,egypt
sales supervisor,sadko plast,"['sales', 'sales target', 'business administration', 'commerce', 'customer service', 'management', 'leadership', 'marketing', 'microsoft office']",on-site,full time,experienced,,1 month ago,2.0,10th of ramadan city,sharqia,egypt
senior contracts and claims engineer,concrete plus,"['construction', 'contracts management', 'drafting contracts', 'claims management', 'negotiation', 'risk assessment', 'project management', 'legal compliance', 'communication']",on-site,full time,experienced,,1 month ago,2.0,new cairo,cairo,egypt
sales representative - alexandria,orthomedics,"['customer service', 'sales target', 'sales', 'outdoor sales', 'sales field', 'sales plans', 'sales plan']",on-site,full time,entry level,,1 month ago,1.0,alexandria,alexandria,egypt
sales account manager,misr international systems,"['sales engineering', 'marketing', 'selling', 'it solutions', 'thales', 'cybersecurity', 'system integration']",on-site,full time,experienced,,1 month ago,2.0,sheikh zayed,giza,egypt
operation specialist,ebss - elite business solution service,"['customer care', 'customer service', 'communication skills', 'problem-solving', 'time management', 'attention to detail', 'team collaboration', 'data entry']",on-site,full time,entry level,,1 month ago,1.0,tanta,gharbia,egypt
telesales representative,chemi pharm ltd,"['pharmaceutical', 'telesales', 'sales', 'customer service', 'communication skills', 'active listening', 'negotiation', 'crm software', 'persuasion']",on-site,full time,entry level,,1 month ago,1.0,mohandessin,giza,egypt
customer service & public relation specialist,shiny white dental center,"['public relations (pr)', 'customer satisfaction', 'customer service', 'customer support', 'customer care', 'customer retention', 'customer relations']",on-site,full time,experienced,,1 month ago,2.0,sheikh zayed,giza,egypt
medical sales representative,chemi pharm ltd,"['communication', 'customer service', 'management', 'medical', 'pharmaceutical', 'sales', 'sales target']",on-site,full time,entry level,,1 month ago,1.0,cairo,cairo,egypt
wet utilities technical office engineer,confidential,"['civil engineering', 'technical office engineering', 'wet utilities', 'infrastructure engineering']",on-site,full time,experienced,,1 month ago,2.0,alexandria,alexandria,egypt
logistic coordinator,blue bell egypt,"['logistics', 'supply chain management', 'inventory management', 'transportation management', 'customs regulations', 'data entry', 'microsoft office', 'communication skills', 'problem-solving']",on-site,full time,entry level,,1 month ago,1.0,bourj alarab,alexandria,egypt
sales marketing,reservya,"['marketing', 'sales target', 'sales', 'business development', 'digital marketing', 'market research', 'communication']",remote,internship,student,,1 month ago,,cairo,cairo,egypt
branch manager ( mansoura branch ),akhnaton trading and distribution - eva group limted,"['accounting', 'oracle', 'operations', 'team leadership', 'branch management', 'problem solving']",on-site,full time,manager,,1 month ago,3.0,mansoura,dakahlia,egypt
procurement specialist,gazala steel fabrication gsf,"['steel fabrication', 'steel industry']",on-site,full time,experienced,,1 month ago,2.0,new cairo,cairo,egypt
draftsman,ecosas international,"['autocad', 'revit', 'engineering', 'design', 'architecture', 'construction', 'drafting', 'drawing', 'mep']",on-site,full time,experienced,,1 month ago,2.0,giza,giza,egypt
finance manager,ragab group,"['accounting', 'finance', 'financial analysis', 'financial management', 'financial accounting', 'odoo erp', 'account management', 'financial reporting']",on-site,full time,manager,,1 month ago,3.0,ameria,alexandria,egypt
assistant to program director - school of engineering & applied sciences,nile university,"['administration', 'office management', 'microsoft office', 'program administration', 'filing systems', 'official letters', 'student activities', 'student services', 'committee support']",on-site,full time,experienced,,1 month ago,2.0,sheikh zayed,giza,egypt
accountant,forefront trading and export,"['accounting', 'financing', 'general accounting', 'reporting']",on-site,full time,experienced,,1 month ago,2.0,nasr city,cairo,egypt
export logistics specialist,kandil glass,"['logistics', 'export', 'supply chain', 'purchasing', 'administration', 'business administration', 'customs clearance']",on-site,full time,experienced,,1 month ago,2.0,10th of ramadan city,sharqia,egypt
electrical team leader,afniah consulting engineering,"['engineering', 'design', 'leadership management', 'electrical engineering', 'development', 'information technology (it)', 'sales', 'sales target']",on-site,full time,experienced,,1 month ago,2.0,heliopolis,cairo,egypt
branch manager (pharmacist),chemi pharm ltd,"['branch management', 'communication', 'customer service', 'management', 'pharmaceutical', 'sales', 'retail']",on-site,full time,manager,,1 month ago,3.0,cairo,cairo,egypt
etl & bi developer (alteryx & tableau),isfp,"['bi', 'etl', 'tableau']",remote,part time,experienced,,1 month ago,2.0,smouha,alexandria,egypt
junior mechanical design engineer,confidential,"['autocad', 'design', 'mechanical', 'mechanical design', 'mechanical engineering', 'solidworks', 'cnc', 'sheet metal']",on-site,full time,entry level,,1 month ago,1.0,6th of october,giza,egypt
purchasing / procurement specialist (it),eservice,"['procurement', 'purchasing', 'supply chain management', 'negotiation', 'vendor management', 'inventory control', 'cost analysis', 'contract management']",on-site,full time,experienced,,1 month ago,2.0,glim,alexandria,egypt
educational designer for kindergarten required,dar al-jeel al-jadeed publishing and distribution,"['educational technology', 'educatio', 'kindergartt', 'teaching', 'gam', 'vedio']",remote,full time,experienced,,1 month ago,2.0,nasr city,cairo,egypt
international sales specialist,petrogina trading,"['export sales', 'international business development', 'odoo erp', 'ai-driven sales strategies', 'international sales', 'logistics management', 'supply chain optimization', 'client relationship management']",hybrid,full time,experienced,,1 month ago,2.0,warraq,giza,egypt
telesales agent| customer experience specialist,epsilonai,"['communication', 'customer', 'customer care', 'customer service', 'customer support', 'negotiation', 'sales']",on-site,full time,experienced,,1 month ago,2.0,nasr city,cairo,egypt
design manager,arx developments,"['design', 'engineering', 'project management', 'microsoft office', 'pmp', 'architecture', 'civil engineering', 'autocad']",on-site,full time,manager,,1 month ago,3.0,cairo,cairo,egypt
iot networks & protocols engineer,mobi egypt,"['cisco', 'iot', 'linux', 'tcp', 'networking', 'aws', 'azure', 'tcp/ip']",on-site,full time,experienced,,1 month ago,2.0,cairo,cairo,egypt
public relation representative,reservya,"['marketing', 'public relations (pr)', 'social media', 'content creation', 'communication skills', 'media relations', 'event planning']",remote,internship,entry level,,1 month ago,1.0,cairo,cairo,egypt
financial accountant | saudi arabia,confidential,"['accounting', 'analysis', 'erp', 'finance', 'financial analysis', 'microsoft excel']",on-site,full time,experienced,,1 month ago,2.0,cairo,cairo,egypt
sales representative,reservya,"['sales', 'sales target', 'customer service', 'communication skills', 'negotiation', 'lead generation', 'crm software', 'time management', 'problem-solving']",remote,internship,student,,1 month ago,,cairo,cairo,egypt
online english instructor - depi,oto courses,"['english education', 'english teaching', 'communication', 'tefl', 'celta', 'english', 'instructor', 'writing']",remote,freelance / project,experienced,,1 month ago,2.0,maadi,cairo,egypt
accounts receivable supervisor,alarabia group,"['accounting', 'accounts receivable', 'finance', 'financial management', 'business administration', 'erp', 'financial analysis', 'microsoft excel']",hybrid,full time,manager,,1 month ago,3.0,10th of ramadan city,sharqia,egypt
certification and benchmarking engineer,confidential,"['research analysis', 'r&d', 'engineering', 'information technology (it)', 'software development', 'computer science']",on-site,full time,experienced,,1 month ago,2.0,10th of ramadan city,cairo,egypt
project/product manager,bright creations,"['jira', 'project', 'project coordination', 'product management', 'project management', 'administration', 'business', 'business administration', 'computer science']",on-site,full time,manager,,1 month ago,3.0,smart village,giza,egypt
project manager,millensys,"['project management | leadership | stakeholder management | risk management | communication | customer relationship management | healthcare systems | hl7 | fhir', 'healthcare solutions']",on-site,full time,manager,,1 month ago,3.0,new cairo,cairo,egypt
devops engineer,bright creations,"['software development', 'react', 'computer science', 'information technology (it)', 'devops', 'jenkins']",hybrid,full time,experienced,,1 month ago,2.0,smart village,giza,egypt
it technical support,premium card,"['computer science', 'information technology (it)', 'technical support', 'customer support']",on-site,full time,entry level,,1 month ago,1.0,dokki,giza,egypt
senior architecture site engineer,new plan,"['architectural design', 'autocad architecture', 'architectural engineering', 'real estate', 'architecture', 'architecture design', 'revit architecture']",on-site,full time,experienced,,1 month ago,2.0,new capital,cairo,egypt
summer internship program 2026,international co for electrical & electronic industries electro george,"['engineering', 'electrical engineering', 'mechanical engineering', 'automation engineering']",on-site,internship,student,,1 month ago,,abu rawash,giza,egypt
export sales manager,nature's rule egypt llc,"['customer service', 'export sales', 'sales', 'sales target', 'export', 'international business development', 'negotiation']",on-site,full time,manager,,1 month ago,3.0,new cairo,cairo,egypt
german sales team leader (call center industry),riseup (endemag for administrative skills development),"['sales', 'customer service']",on-site,full time,experienced,,1 month ago,2.0,maadi,cairo,egypt
hr administrator & receptionist,daoud construction,"['administration', 'microsoft office', 'office management', 'human resources (hr)']",on-site,full time,entry level,,1 month ago,1.0,downtown,cairo,egypt
technical office engineer (construction),az developments,"['sap', 'etap', 'modeling', 'safety', 'civil engineering', 'communication', 'computer science', 'autocad', 'construction']",on-site,full time,experienced,,1 month ago,2.0,sheikh zayed,giza,egypt
digital marketing specialist,ttc technologies,"['digital', 'digital marketing', 'business administration', 'e-marketing', 'english', 'google adwords', 'market research', 'marketing']",on-site,full time,experienced,,1 month ago,2.0,heliopolis,cairo,egypt
junior mechanical business development engineer,zad mep,"['business development', 'mechanical', 'mep engineering', 'technical sales', 'market research', 'sales engineering', 'mep basics', 'communication', 'computer science']",on-site,full time,entry level,,1 month ago,1.0,cairo,cairo,egypt
accounting supervisor,flex asepto,"['accounting', 'auditing', 'budgeting', 'compliance', 'finance', 'financial management', 'management', 'microsoft excel', 'financial reporting']",on-site,full time,manager,,1 month ago,3.0,6th of october,giza,egypt
accounting manager,alunaut,"['accounting', 'finance', 'financial analysis', 'financial management']",on-site,full time,experienced,,1 month ago,2.0,nasr city,cairo,egypt
site accountant,sinoma-cdi,"['accounting', 'accounting software', 'construction', 'financial analysis', 'finance', 'microsoft excel', 'english']",on-site,full time,experienced,,1 month ago,2.0,port said,port said,egypt
installation engineer,professional service - proserv,"['engineering', 'management', 'communication', 'computer science', 'information technology (it)', 'quality control', 'safety', 'site management']",on-site,full time,experienced,,1 month ago,2.0,maadi,cairo,egypt
security supervisor,arab otsuka nutraceuticals,"['security', 'administration', 'operations management', 'business administration', 'administrative affairs', 'security management']",on-site,full time,experienced,,1 month ago,2.0,10th of ramadan city,sharqia,egypt
store keeper,groovy medical spa,"['logistics', 'supply chain management', 'warehousing', 'inventory management', 'stock control', 'forklift operation', 'data entry', 'microsoft office suite', 'teamwork']",on-site,full time,experienced,,1 month ago,2.0,heliopolis,cairo,egypt
brand manager,anasia egypt for trading,"['advertising', 'branding', 'market research', 'marketing']",on-site,full time,experienced,,1 month ago,2.0,sheraton,cairo,egypt
cost controller,confidential,"['accounting', 'cost control', 'finance', 'budgeting', 'financial analysis', 'data analysis', 'forecasting', 'variance analysis', 'reporting']",on-site,full time,experienced,,1 month ago,2.0,sheikh zayed,giza,egypt
senior whole sales spare parts,elsaba group co.,"['spare parts', 'sales']",on-site,full time,experienced,,1 month ago,2.0,cairo,cairo,egypt
quality control engineer,electronic & electrical engineering - 3e,"['engineering', 'quality control', 'electronics', 'six sigma', 'communication', 'mechanical', 'biomedical']",on-site,full time,experienced,,1 month ago,2.0,cairo,cairo,egypt
tax accountant,nts group,"['accounting', 'tax', 'financial reporting', 'tax compliance', 'gaap', 'ifrs', 'microsoft excel', 'attention to detail', 'problem solving']",on-site,full time,experienced,,1 month ago,2.0,downtown,cairo,egypt
senior media buying,rasans,"['digital marketing', 'media buying', 'senior', 'senior media buying', 'marketing', 'management', 'negotiation', 'social media']",on-site,full time,experienced,,1 month ago,2.0,mohandessin,giza,egypt
ap accountant ( manufacturing experience ),marbella for food industry,"['accounting', 'ap', 'finance', 'financial analysis', 'manufacturing accounting', 'general ledger', 'reconciliation', 'erp systems', 'microsoft excel']",on-site,full time,experienced,,1 month ago,2.0,6th of october,giza,egypt
tour operator,nts group,"['tourism', 'travel', 'customer service', 'logistics management', 'communication skills', 'problem-solving', 'cultural awareness', 'sales', 'booking systems']",on-site,full time,experienced,,1 month ago,2.0,downtown,cairo,egypt
accounting supervisor - general ledger,beyti - an almarai subsidiary,"['accounting', 'finance', 'financial management']",on-site,full time,experienced,,1 month ago,2.0,new cairo,cairo,egypt
cost section head,orient group,"['accounting', 'financial accounting', 'cost control', 'cost reduction', 'cost accounting', 'cost analysis', 'cost management', 'pricing', 'budgeting']",on-site,full time,experienced,,1 month ago,2.0,mansheya,alexandria,egypt
warehouse manager,orient,"['logistics', 'supply chain', 'warehousing']",on-site,full time,manager,,1 month ago,3.0,shubra,cairo,egypt
electrical equipment maintenance manager,confidential,"['electrical engineering', 'equipment maintenance', 'engineering', 'maintenance', 'mechanical engineering', 'electrical maintenance', 'electrical systems']",on-site,full time,manager,,1 month ago,3.0,nozha,cairo,egypt
quality manager,tepco s.a.e.,"['quality control', 'testing', 'quality assurance', 'quality management system', 'quality auditing', 'analysis', 'engineering']",on-site,full time,manager,,1 month ago,3.0,obour city,cairo,egypt
mep technical office engineer,confidential,"['mep', 'hvac systems', 'vrf', 'firefighting', 'ventilation', 'plumbing', 'technical office engineering']",on-site,full time,experienced,,1 month ago,2.0,cairo,cairo,egypt
purchasing specialist,azza fahmy jewellery,"['procurement', 'purchasing']",on-site,full time,experienced,,1 month ago,2.0,6th of october,giza,egypt
service engineer,confidential,"['sales support', 'communication', 'customer support', 'engineering', 'microsoft office', 'mechanical', 'customer service', 'sales', 'biomedical']",on-site,full time,senior management,,1 month ago,,new capital,cairo,egypt
mechanical maintenance engineer internship_alex,egyptian abrasives co.,"['engineering', 'maintenance', 'mechanical engineering', 'electromechanical engineering', 'autocad', 'electrical engineering', 'manufacturing', 'mechatronics']",on-site,internship,entry level,,1 month ago,1.0,bourj alarab,alexandria,egypt
accountant & auditor,elkassir for accounting services,"['accounting', 'auditing', 'finance', 'financial analysis', 'financial reporting', 'financial statements', 'taxation', 'vat', 'income tax']",on-site,full time,experienced,,1 month ago,2.0,dokki,giza,egypt
factory manager,omega refrigeration supplies,"['factory management', 'plant management', 'manufacturing', 'commercial refrigeration', 'hvac', 'production planning', 'quality control']",on-site,full time,manager,,1 month ago,3.0,alsadat city,monufya,egypt
senior architect - lumion & video production,platoon designs company - pdg,"['3ds max', 'lumion', 'video production', 'revit', 'visualization', 'architectural design', 'interior design', 'autocad']",on-site,full time,experienced,,1 month ago,2.0,6th of october,giza,egypt
bim architect,platoon designs company - pdg,"['bim modeling', 'autodesk revit', 'navisworks', 'clash detection', 'architectural design', 'project coordination']",on-site,full time,experienced,,1 month ago,2.0,6th of october,giza,egypt
human resources supervisor,ferrometalco steel construction,"['human resources', 'recruitment', 'personnel management', 'microsoft office', 'employee relations', 'performance management', 'hr policies']",on-site,full time,senior management,,1 month ago,,bourj alarab,alexandria,egypt
administrative assistant,british university of egypt,"['administration', 'secretary']",on-site,full time,entry level,,1 month ago,1.0,shorouk city,cairo,egypt
senior tax accountant,am group,"['accounting', 'finance', 'financial management', 'tax', 'financial analysis', 'cma', 'erp']",on-site,full time,experienced,,1 month ago,2.0,cairo,cairo,egypt
senior talent acquisition specialist,am group,"['interviewing', 'communication', 'sourcing', 'hiring', 'recruitment', 'talent acquisition', 'administration', 'human resources', 'human resources (hr)']",on-site,full time,experienced,,1 month ago,2.0,obour city,cairo,egypt
procurement specialist,ferrometalco steel construction,"['procurement', 'purchasing', 'supply chain', 'logistics', 'vendor management', 'negotiation', 'inventory management']",on-site,full time,entry level,,1 month ago,1.0,bourj alarab,alexandria,egypt
welding engineer (production),ferrometalco steel construction,"['engineering', 'steel industry', 'steel', 'welding', 'mechanical engineering', 'production', 'iwe', 'cwi']",on-site,full time,experienced,,1 month ago,2.0,belbes,sharqia,egypt
production planning officer,el mayhop for food industries الميهوب للصناعات الغذائية,"['logistics/supply chain', 'quality control/food industry', 'engineering – industrial/production', 'manufacturing', 'production', 'planning', 'production planning']",on-site,full time,experienced,,1 month ago,2.0,alsadat city,monufya,egypt
assistant general manager (technical)-petroleum services,confidential,"['technical management', 'operations management', 'engineering management', 'strategic planning', 'project management', 'team leadership', 'budget management', 'contract management']",on-site,full time,senior management,,1 month ago,,cairo,cairo,egypt
hr specialist - freelancer,taj electric,"['hr', 'hr specialist', 'human resources (hr)', 'microsoft office', 'personnel management', 'recruitment', 'onboarding', 'employee relations']",on-site,full time,experienced,,1 month ago,2.0,cairo,cairo,egypt
head of marketing,arabiat,"['advertising', 'market research', 'marketing', 'marketing strategy', 'marketing budget management', 'advertising campaigns', 'company branding', 'digital branding']",on-site,full time,manager,,1 month ago,3.0,mohandessin,giza,egypt
field sales representative,taj electric,"['customer service', 'sales', 'sales target', 'communication', 'negotiation', 'crm software', 'product knowledge', 'problem solving']",on-site,full time,entry level,,1 month ago,1.0,cairo,cairo,egypt
senior corporate lawyer,wadi group,"['corporate law', 'contract drafting', 'legal research', 'regulatory compliance', 'negotiation', 'litigation management', 'risk assessment', 'communication']",on-site,full time,experienced,,1 month ago,2.0,sheikh zayed,giza,egypt
jr. electrical maintenance engineer,national pipe company,"['electrical', 'electrical engineering', 'engineering', 'maintenance', 'plaster mixers', 'steam boilers', 'welding machines']",on-site,full time,experienced,,1 month ago,2.0,10th of ramadan city,cairo,egypt
procurement buyer,beverlyhills,"['purchasing', 'procurement', 'logistics', 'supply chain management', 'vendor management', 'negotiation', 'cost analysis']",on-site,full time,experienced,,1 month ago,2.0,shorouk city,cairo,egypt
site admin,core construction and finishing  egypt,"['administration', 'microsoft office', 'communication', 'time management']",on-site,full time,experienced,,1 month ago,2.0,north coast,matruh,egypt
patient family educator,cleopatra hospitals group,"['medical', 'nursing', 'healthcare', 'patient educator', 'clinical instrcutor', 'presentations', 'patient education', 'family education']",on-site,full time,experienced,,1 month ago,2.0,mohandessin,giza,egypt
senior software sales executive,bi-technologies,"['sales', 'it', 'software sales', 'sales skills', 'sales target', 'computer science', 'software']",on-site,full time,experienced,,1 month ago,2.0,new cairo,cairo,egypt
partner sales manager (saas) - remote,wuzzuf,"['sales', 'partnership', 'ksa and uae markets', 'business development']",remote,full time,experienced,,1 month ago,2.0,cairo,cairo,egypt
workshop maintenance manager,family corporation,"['mechanical engineering', 'troubleshooting', 'maintenance', 'engineering', 'management', 'mechanical', 'planning', 'preventive maintenance']",on-site,full time,experienced,,1 month ago,2.0,abu rawash,giza,egypt
training and capacity building senior officer,expolink,"['training', 'business', 'administration', 'microsoft office', 'english', 'capacity building', 'training programs']",on-site,full time,experienced,,1 month ago,2.0,maadi,cairo,egypt
partnership manager (saas) - remote,digital cubic smart solution,"['business development', 'saas', 'partnerships', 'sales']",remote,full time,experienced,,1 month ago,2.0,cairo,cairo,egypt
export sales engineer,professional service - proserv,"['export sales', 'engineering', 'international sales', 'business development', 'export procedures', 'sheet metal', 'automotive industry']",on-site,full time,experienced,,1 month ago,2.0,cairo,cairo,egypt
customer care coordinator,sas for electrical industries company,"['customer care', 'customer service', 'customer support', 'sales', 'communication', 'problem-solving', 'active listening']",on-site,internship,entry level,,1 month ago,1.0,10th of ramadan city,sharqia,egypt
sales specialist,sas for electrical industries company,"['sales target achievement', 'sales strategy', 'customer service excellence', 'business development', 'client relationship management', 'product knowledge', 'communication skills']",hybrid,internship,entry level,,1 month ago,1.0,cairo,cairo,egypt
hse section head,marbella for food industry,"['engineering', 'hse', 'iso', 'management', 'quality', 'science', 'microsoft office', 'haccp']",on-site,full time,experienced,,1 month ago,2.0,6th of october,giza,egypt
it support specialist,nile university,"['computer science', 'information technology (it)', 'technical support', 'it services', 'operating systems', 'computer applications', 'troubleshooting']",on-site,full time,experienced,,1 month ago,2.0,sheikh zayed,giza,egypt
technical office manager,el ezz for construction and trading,"['technical office management', 'office management', 'microsoft office suite', 'project management', 'construction documentation', 'engineering drawings', 'contract administration', 'resource allocation']",on-site,full time,manager,,1 month ago,3.0,new cairo,cairo,egypt
senior supply chain,tyrepro egypt co. - continental tyres,"['logistics', 'procurement', 'purchasing', 'supply', 'supply chain']",on-site,full time,experienced,,1 month ago,2.0,new cairo,cairo,egypt
senior accountant,flexfilms egypt,"['erp', 'accounting', 'financial management', 'finance', 'financial reporting', 'auditing', 'taxation', 'budgeting', 'microsoft excel']",on-site,full time,experienced,,1 month ago,2.0,6th of october,giza,egypt
junior lawyer,sas for electrical industries company,"['corporate law', 'legal affairs', 'legal research', 'contract review', 'legal writing', 'communication skills', 'problem-solving', 'attention to detail']",hybrid,internship,entry level,,1 month ago,1.0,10th of ramadan city,sharqia,egypt
senior export specialist - mena region,sas for electrical industries company,"['export documentation', 'logistics management', 'international trade compliance', 'marketing strategy', 'social media marketing', 'market analysis', 'business development']",hybrid,full time,experienced,,1 month ago,2.0,cairo,cairo,egypt
female logistics import supervisor,confidential,"['negotiation', 'computer skills', 'customer service', 'import / export']",on-site,full time,experienced,,1 month ago,2.0,mohandessin,giza,egypt
r&d design engineer,groupe- atlantic,"['r&d', 'mechanical engineering', 'erp', 'manufacturing', 'solidworks', 'proe', 'creo']",on-site,full time,experienced,,1 month ago,2.0,10th of ramadan city,cairo,egypt
deputy it manager for applications.,nile university,"['applications', 'information technology (it)', 'erp', 'itil', 'project management', 'dynamics', 'software engineering']",on-site,full time,manager,,1 month ago,3.0,sheikh zayed,giza,egypt
senior – helpdesk support,pharco corporation,"['helpdesk', 'customer support', 'customer service']",on-site,full time,entry level,,1 month ago,1.0,ameria,alexandria,egypt
ai engineering manager,link development,"['ai', 'computer science', 'engineering', 'software development', 'information technology (it)', 'algorithms', 'azure', 'cloud', 'machine learning']",hybrid,full time,manager,,1 month ago,3.0,maadi,cairo,egypt
erp application support,ibn sina pharma,"['application support', 'computer science', 'customer support', 'erp application', 'information technology (it)', 'erp', 'troubleshooting']",hybrid,full time,entry level,,1 month ago,1.0,new cairo,cairo,egypt
architecture tendering estimation engineer,construction management systems,"['architectural engineering', 'architecture', 'autocad', 'tendering', 'construction', 'engineering']",on-site,full time,experienced,,1 month ago,2.0,maadi,cairo,egypt
flutter mobile developer,jolie egypt,"['computer science', 'information technology (it)', 'mobile development', 'software development']",remote,full time,experienced,,1 month ago,2.0,sheikh zayed,giza,egypt
public relations & partnerships specialist,qpol fawry,"['public relations', 'partnerships', 'networking', 'partnership development', 'negotiation', 'communication']",on-site,full time,experienced,,1 month ago,2.0,dokki,giza,egypt
media buyer (remote),octa food,"['marketing', 'digital marketing', 'media buying', 'sdk']",remote,full time,experienced,,1 month ago,2.0,cairo,cairo,egypt
electrical engineer,ecosas international,"['electrical engineering', 'engineering', 'communication', 'lighting', 'mechanical engineering', 'mep', 'microsoft office', 'sales']",on-site,full time,experienced,,1 month ago,2.0,heliopolis,cairo,egypt
accounting supervisor,hi-tech apparel,"['accounting', 'finance', 'financial analysis', 'financial management']",on-site,full time,manager,,1 month ago,3.0,ismailia,ismailia,egypt
project engineer,olam svi,"['engineering', 'project management', 'project', 'mechanical engineering', 'mechanical, electrical, and plumbing (mep)', 'project management professional', 'project planning', 'projects coordination']",on-site,full time,experienced,,1 month ago,2.0,beni suef,beni suef,egypt
sales coordinator,ttc technologies,"['business administration', 'customer service', 'crm', 'english', 'sales', 'sales skills', 'sales target']",on-site,full time,experienced,,1 month ago,2.0,heliopolis,cairo,egypt
sales manager,az developments,"['leadership management', 'marketing communications', 'real estate sales']",on-site,full time,manager,,1 month ago,3.0,sheikh zayed,giza,egypt
internal audit officer,tawfeer,"['reporting', 'auditing', 'risk management', 'compliance', 'internal controls', 'data analysis', 'problem-solving', 'attention to detail']",on-site,full time,experienced,,1 month ago,2.0,maadi,cairo,egypt
senior travel counselor,bcd-ewt,"['travel', 'tourism', 'amadeus']",on-site,full time,experienced,,1 month ago,2.0,heliopolis,cairo,egypt
sap fico consultant,mk enterprise,"['sap fi', 'sap', 'information technology (it)', 'computer science', 'accounting', 'sap fico', 'sap implementation', 'abap', 'configuration']",on-site,full time,experienced,,1 month ago,2.0,downtown,cairo,egypt
production engineer,idaco,"['engineering', 'manufacturing', 'production']",on-site,full time,experienced,,1 month ago,2.0,6th of october,giza,egypt
administration manager,gb corp,"['administration', 'office management', 'team leadership', 'budget management', 'vendor management', 'facilities management', 'communication skills', 'problem-solving', 'negotianting']",on-site,full time,manager,,1 month ago,3.0,obour city,cairo,egypt
it manager,elkamash group,"['computer engineering', 'computer science', 'information technology (it)']",on-site,full time,manager,,1 month ago,3.0,cairo,cairo,egypt
marketing team leader,elkamash group,"['marketing', 'leadership']",on-site,full time,experienced,,1 month ago,2.0,cairo,cairo,egypt
customer care representative,raya distribution,"['customer service', 'communication', 'problem solving', 'teamwork', 'time management', 'customer support', 'customer satisfaction', 'customer care', 'sales']",on-site,full time,entry level,,1 month ago,1.0,haram,giza,egypt
maintenance engineer - mobile,raya distribution,"['hardware repair', 'problem-solving', 'time management', 'customer service', 'presentation', 'repairs', 'maintanance']",on-site,full time,entry level,,1 month ago,1.0,suez,suez,egypt
senior accountant,zewail city,"['accounting', 'finance', 'financial analysis', 'financial management']",on-site,full time,experienced,,1 month ago,2.0,6th of october,giza,egypt
architect lighting design engineer,elnassera group,"['3d max', 'architect', 'lighting', 'photoshop', 'lumion', 'engineering', 'design', 'autocad']",on-site,full time,experienced,,1 month ago,2.0,obour city,cairo,egypt
social compliance specialist,rubyred garment,"['compliance', 'socail', 'operations management', 'management']",on-site,full time,experienced,,1 month ago,2.0,bourj alarab,alexandria,egypt
logistics manager,confidential,"['logistics', 'supply chain', 'shipping', 'export']",on-site,full time,manager,,1 month ago,3.0,bourj alarab,alexandria,egypt
b 2 b sales manager,abco group,"['b2b', 'sales', 'sales target']",on-site,full time,manager,,1 month ago,3.0,bourj alarab,alexandria,egypt
recruitment specialist,cubic information systems,"['human resources (hr)', 'microsoft office', 'hr', 'recruitment', 'hiring', 'talent acquisition', 'sourcing', 'interviewing']",on-site,full time,entry level,,1 month ago,1.0,maadi,cairo,egypt
sales associate,innovera for education technology,"['outdoor sales', 'customer service', 'communication', 'sales target', 'sales']",on-site,full time,experienced,,1 month ago,2.0,cairo,cairo,egypt
system administrator (microsoft exchange),roaya,"['computer science', 'engineering', 'exchange', 'information technology (it)', 'microsoft exchange', 'system administration']",on-site,full time,entry level,,1 month ago,1.0,maadi,cairo,egypt
property consultant,confidential,"['sales', 'real estate sales', 'real estate', 'human resources (hr)', 'negotiation', 'customer satisfaction']",on-site,full time,entry level,,1 month ago,1.0,new cairo,cairo,egypt
system administrator,topline safety systems,"['engineering', 'system administration', 'information technology (it)', 'administration', 'computer science', 'dns', 'maintenance', 'networking']",on-site,full time,experienced,,1 month ago,2.0,cairo,cairo,egypt
office manager,impacts solutions,"['administration', 'office management', 'microsoft office', 'communication skills', 'organizational skills', 'time management', 'problem solving', 'record keeping', 'budget management']",on-site,full time,experienced,,1 month ago,2.0,new cairo,cairo,egypt
"senior tendering and cost estimation engineer ""mep""",abu gemeaa,"['cost estimation', 'mep', 'tendering', 'engineering', 'autocad', 'civil engineering', 'construction', 'electrical engineering']",on-site,full time,experienced,,1 month ago,2.0,new cairo,cairo,egypt
mep site engineer,heliopolis engineering and trading heto,"['autocad', 'mep', 'engineering', 'heating, ventilation, and air conditioning (hvac)']",remote,internship,entry level,,1 month ago,1.0,heliopolis,cairo,egypt
general accountant,masar architects,"['financial reporting', 'accounts payable', 'accounts receivable', 'bank reconciliation', 'microsoft excel', 'attention to detail', 'time management', 'communication']",on-site,full time,entry level,,1 month ago,1.0,new cairo,cairo,egypt
mep- technical office engineer,heliopolis engineering and trading heto,"['hvac', 'mechanical engineering', 'technical office', 'central air conditioning']",on-site,internship,entry level,,1 month ago,1.0,heliopolis,cairo,egypt
hvac sales engineer,heliopolis engineering and trading heto,"['engineering', 'hvac', 'sales', 'sales target', 'heating, ventilation, and air conditioning (hvac)', 'vrf']",remote,full time,experienced,,1 month ago,2.0,heliopolis,cairo,egypt
alumni relations specialist,nass academy,"['microsoft office', 'public relations (pr)', 'administration', 'business administration', 'communication', 'customer care', 'human resources']",on-site,full time,entry level,,1 month ago,1.0,mokattam,cairo,egypt
architecture technical office engineer,confidential,"['technical office', 'architecture', 'autodesk revit', 'bim', 'construction documentation', 'autocad', 'clash detection', 'quantity surveying', 'building codes']",on-site,full time,entry level,,1 month ago,1.0,heliopolis,cairo,egypt
senior technical office mechanical engineer,abu gemeaa,"['mechanical', 'mechanical engineering', 'autocad', 'revit mep', 'construction', 'design', 'engineering', 'hvac']",on-site,full time,experienced,,1 month ago,2.0,new cairo,cairo,egypt
mold design engineer,gest for metals,"['mold design', 'engineering', 'computer science', 'cad drawing']",on-site,full time,experienced,,1 month ago,2.0,sharqia,sharqia,egypt
mechanical maintenance manger - tissue mill,zeina group,"['vibration analysis', 'mechanical maintenance', 'problem solving', 'troubleshooting', 'mechanical systems', 'alignment', 'infrared thermography']",on-site,full time,manager,,1 month ago,3.0,10th of ramadan city,sharqia,egypt
ar & banking accountant,amreyah cement,"['accounting', 'banking', 'ar', 'finance', 'financial analysis', 'financial management', 'accounts receivable', 'erp']",on-site,full time,entry level,,1 month ago,1.0,cairo,cairo,egypt
talent acquisition specialist,mersal,"['human resources', 'human resources (hr)', 'recruitment', 'talent acquisition', 'communication skills', 'sourcing', 'interviewing', 'business administration', 'hr']",on-site,full time,experienced,,1 month ago,2.0,maadi,cairo,egypt
technical office engineer,mena for contracting & trading,"['engineering', 'technical office', 'microsoft office', 'autocad', 'construction', 'information technology (it)', 'primavera', 'project']",on-site,full time,experienced,,1 month ago,2.0,san stefano,alexandria,egypt
pest control associate manager,stm,"['architecture', 'pest control', 'quality control', 'engineering', 'management', 'cpd', 'associate']",on-site,full time,manager,,1 month ago,3.0,new cairo,cairo,egypt
project manager,fixed solutions,"['computer science', 'information technology (it)', 'project management', 'project', 'engineering']",hybrid,full time,experienced,,1 month ago,2.0,cairo,cairo,egypt
promoter - it - zagazig,b.tech,"['sales', 'sales target', 'marketing', 'stock accuracy', 'products safety', 'stock control', 'maintenance', 'invoicing']",on-site,full time,entry level,,1 month ago,1.0,zagazig,sharqia,egypt
data protection officer,linrco egypt,"['data analysis', 'information technology (it)', 'administration', 'business administration', 'communication', 'compliance', 'data entry', 'finance', 'management']",on-site,full time,experienced,,1 month ago,2.0,nasr city,cairo,egypt
promoter - it - suez,b.tech,"['sales', 'sales target', 'stock accuracy', 'marketing', 'products safety', 'stock control', 'maintenance', 'invoicing']",on-site,full time,entry level,,1 month ago,1.0,cairo,cairo,egypt
promoter - it - tanta,b.tech,"['sales', 'sales target', 'stock accuracy', 'products safety', 'stock control', 'maintenance', 'invoicing', 'marketing']",on-site,full time,entry level,,1 month ago,1.0,tanta,gharbia,egypt
grants accountant,zewail city,"['accounting', 'budgeting', 'auditing']",on-site,full time,experienced,,1 month ago,2.0,6th of october,giza,egypt
promoter - it - alexandria,b.tech,"['sales', 'sales target', 'stock accuracy', 'products safety', 'stock control', 'maintenance', 'invoicing', 'sales tracking']",on-site,full time,entry level,,1 month ago,1.0,alexandria,alexandria,egypt
senior procurement specialist,glassrock insulation co.,"['procurement', 'purchasing', 'logistics', 'supply chain', 'administration', 'business administration', 'communication', 'erp', 'finance']",on-site,full time,experienced,,1 month ago,2.0,alsadat city,monufya,egypt
office administrator,kh group,"['microsoft excel', 'microsoft office', 'lead generation', 'ai', 'administrative support', 'data entry', 'bookkeeping', 'financial reporting']",on-site,full time,experienced,,1 month ago,2.0,sharqia,sharqia,egypt
merchandising specialist,b.tech,"['merchandising', 'retail', 'sales', 'category management', 'product management', 'market trends', 'negotiation']",on-site,full time,experienced,,1 month ago,2.0,cairo,cairo,egypt
wearhouse supervisor,ninos kids wear,"['strong knowledge of inbound receiving operations.', 'good understanding of warehouse management and put-away processes.', 'solid knowledge of inventory management and fifo principles.', 'proficiency in erp systems, preferably odoo.', 'ability to lead, supervise, and allocate daily tasks to warehouse staff.', 'strong problem-solving and decision-making skills.', 'ability to analyze operational data and prepare performance reports.', 'high attention to detail when verifying quantities, documentation, and product quality.']",on-site,full time,manager,,1 month ago,3.0,maadi,cairo,egypt
sales executive,sky global freight&logistics,"['client relationships', 'customer service', 'sales', 'communication', 'negotiation', 'sales target']",on-site,full time,entry level,,1 month ago,1.0,sheraton,cairo,egypt
applications development lead,kgroup,"['applications', 'applications development', 'information technology (it)', 'software development', 'erp applications', 'erp software', 'erp solutions']",on-site,full time,experienced,,1 month ago,2.0,obour city,cairo,egypt
manufacturing manager (concentrates),united food industry group,"['(concentrates)', 'production', 'manufacturing', 'planning', 'management', 'safety', 'engineering', 'communication']",on-site,full time,manager,,1 month ago,3.0,badr city,cairo,egypt
sales operations specialist,kgroup,"['sales operations', 'erp sales']",on-site,full time,entry level,,1 month ago,1.0,katameya,cairo,egypt
maintenance engineer - assuit,alfa laboratories,"['engineering', 'maintenance', 'mechanical engineering', 'electrical engineering', 'hvac', 'information technology (it)', 'mechanical', 'safety']",on-site,full time,experienced,,1 month ago,2.0,assuit,assiut,egypt
delta sales,aux,"['communication', 'sales', 'sales target', 'business administration', 'customer service', 'engineering', 'management', 'marketing', 'microsoft office']",on-site,full time,experienced,,1 month ago,2.0,port said,port said,egypt
procurement engineer,bahna engineering,"['engineering', 'procurement', 'purchasing', 'supply chain']",on-site,full time,experienced,,1 month ago,2.0,zamalek,cairo,egypt
software quality control team lead,sure international technology,"['computer science', 'software quality', 'software testing', 'information technology (it)', 'quality assurance (qa)', 'test automation', 'agile methodologies']",hybrid,full time,experienced,,1 month ago,2.0,nasr city,cairo,egypt
deputy ceo office manager,cred developments,"['admin', 'ms office', 'communication skills', 'administration', 'microsoft office', 'office management']",on-site,full time,experienced,,1 month ago,2.0,new cairo,cairo,egypt
mechanical design team leader,cred developments,"['design', 'mechanical engineering', 'problem solving', 'project management', 'engineering', 'information technology (it)', 'management', 'project']",on-site,full time,experienced,,1 month ago,2.0,new cairo,cairo,egypt
relationship manager,menthum,"['account management', 'banking', 'business development', 'lead generation', 'financial', 'relationship management', 'sales', 'management']",on-site,full time,manager,,1 month ago,3.0,maadi,cairo,egypt
treasury analyst,confidential,"['accounting', 'finance', 'financial analysis', 'treasury']",on-site,full time,experienced,,1 month ago,2.0,new capital,cairo,egypt
training & technical support specialist,education for life,"['computer science', 'customer support', 'technical support', 'training', 'information technology (it)', 'communication', 'computer systems', 'engineering']",on-site,full time,entry level,,1 month ago,1.0,tanta,gharbia,egypt
quality control engineer,frank noe egypt,"['quality control', 'quality', 'engineering', 'mechanical engineering', 'production', 'quality assurance', 'industrial']",on-site,full time,entry level,,1 month ago,1.0,6th of october,giza,egypt
sales advisor,joba,"['customer service', 'sales', 'sales target', 'microsoft office', 'negotiation', 'communication', 'computer skills']",on-site,full time,entry level,,1 month ago,1.0,cairo,cairo,egypt
operation specialist,elsafa trading ( elgendy ),"['business', 'business administration', 'communication skills', 'management', 'operations', 'shipping', 'administration']",on-site,full time,entry level,,1 month ago,1.0,nasr city,cairo,egypt
production planning engineer,frank noe egypt,"['mechanical engineering', 'production', 'logistics', 'supply chain', 'purchasing', 'supply', 'planning']",on-site,full time,entry level,,1 month ago,1.0,6th of october,giza,egypt
senior graphic designer,ad value,"['adobe photoshop', 'graphic design', 'design', 'adobe illustrator', 'ai', 'art direction', 'creative thinking', 'creative design']",on-site,full time,experienced,,1 month ago,2.0,maadi,cairo,egypt
marketing intern,ad value,"['digital marketing', 'social media', 'marketing', 'market research', 'social media strategy']",on-site,internship,entry level,,1 month ago,1.0,maadi,cairo,egypt
localization business development executive,transpioneers,"['business development', 'sales', 'sales target', 'development', 'sales & negotiation skills', 'communication & presentation', 'market & industry knowledge', 'relationship building', 'strategic thinking']",on-site,full time,experienced,,1 month ago,2.0,dokki,giza,egypt
quality control engineer,elsewedy electric,"['quality control', 'inspection and testing', 'root cause analysis', 'testing', 'inspection', 'electrical engineering', 'equipment measurement', 'technical drawing']",on-site,full time,entry level,,1 month ago,1.0,10th of ramadan city,cairo,egypt
distribution representative,nexo,"['distribution', 'delivery management', 'logistics', 'warehouse operations', 'customer service', 'order management', 'inventory management']",on-site,full time,entry level,,1 month ago,1.0,new cairo,cairo,egypt
monitor-cs,mico world limited,"['customer service', 'surveying', 'media monitoring', 'data analysis', 'quality assurance', 'troubleshooting', 'communication skills']",on-site,full time,experienced,,1 month ago,2.0,maadi,cairo,egypt
bilingual dutch and english senior sales advisor,ttec,"['customer care', 'customer service', 'sales', 'outbound', 'outbound calls', 'b2b', 'b2b sales']",on-site,full time,entry level,,1 month ago,1.0,cairo,cairo,egypt
bilingual german and english senior sales advisor,ttec,"['customer care', 'customer service', 'sales', 'outbound', 'outbound calls', 'sales target', 'telesales']",on-site,full time,entry level,,1 month ago,1.0,cairo,cairo,egypt
bilingual italian and english senior sales advisor,ttec,"['customer care', 'customer service', 'sales', 'outbound', 'outbound calls', 'sales target', 'sales plan']",on-site,full time,entry level,,1 month ago,1.0,cairo,cairo,egypt
site engineer,elsewedy electric,"['construction', 'autocad', 'engineering', 'electrical engineering', 'ev charging stations', 'electrical substations', 'electrical diagrams']",on-site,full time,experienced,,1 month ago,2.0,cairo,cairo,egypt
r&d specialist,el mayhop for food industries الميهوب للصناعات الغذائية,"['research & development (r&d)', 'product development', 'food formulation', 'recipe development', 'food technology', 'r&d']",on-site,full time,manager,,1 month ago,3.0,wadi alnatrun,beheira,egypt
sales representative,superfine international,"['sales', 'sales target achievement', 'business development', 'client relationship management', 'negotiation', 'market analysis', 'strategic planning', 'presentation skills']",on-site,full time,manager,,1 month ago,3.0,cairo,cairo,egypt
lifestyle manager,quintessentially egypt [global lifestyles sae],"['customer service', 'crm', 'customer support', 'internet research', 'planning', 'communication skills', 'tourism', 'client relations']",on-site,full time,entry level,,1 month ago,1.0,maadi,cairo,egypt
senior technical office engineer,sah company,"['autocad', 'engineering', 'design', 'primavera', 'project management', 'technical office']",on-site,full time,experienced,,1 month ago,2.0,new nozha,cairo,egypt
warehouse keeper,joy glass,"['inventory control', 'management', 'logistics', 'supply chain', 'warehousing', 'supply', 'supply chain management']",on-site,full time,experienced,,1 month ago,2.0,giza,giza,egypt
site supervisor,dubai misr,"['site work', 'follow up site work', 'site supervision', 'construction management', 'quality assurance', 'project coordination', 'risk management', 'budget management']",on-site,full time,manager,,1 month ago,3.0,new capital,cairo,egypt
senior warehouse keeper,joy glass,"['supply chain', 'warehousing', 'procurement', 'warehouse management', 'warehouse management system', 'erp', 'erp system']",on-site,full time,experienced,,1 month ago,2.0,giza,giza,egypt
accountant (general accountant & tax specialist),autovroom,"['accounting', 'finance', 'financial analysis', 'financial management', 'tax', 'general ledger (gl)', 'financial services', 'financial reporting']",on-site,full time,experienced,,1 month ago,2.0,obour city,cairo,egypt
finance manager,forefront trading and export,"['finance', 'financial analysis', 'financial management', 'accounting', 'budgeting', 'forecasting', 'financial reporting']",on-site,full time,manager,,1 month ago,3.0,nasr city,cairo,egypt
site engineer,dubai misr,"['site engineering', 'civil engineering', 'architectural engineering', 'project management', 'construction supervision', 'quality control', 'safety regulations', 'autocad', 'structural analysis']",on-site,full time,experienced,,1 month ago,2.0,new capital,cairo,egypt
sales engineer,manzzeli.com,"['sales', 'sales target', 'engineering', 'microsoft office', 'crm']",on-site,full time,entry level,,1 month ago,1.0,nasr city,cairo,egypt
sales & marketing executive,demy,"['communication', 'crm', 'marketing', 'microsoft office', 'sales', 'sales management', 'management', 'negotiation', 'sales target']",on-site,full time,manager,,1 month ago,3.0,downtown,cairo,egypt
program manager – mhe submetering (sustainability),riseup (endemag for administrative skills development),"['logistics', 'logistics management', 'sustainability', 'project management', 'fulfilment', 'manufacturing', 'industrial']",remote,full time,experienced,,1 month ago,2.0,maadi,cairo,egypt
under writer,bokra,"['management', 'market research', 'marketing', 'planning', 'promotion', 'relationship management', 'strategic planning']",on-site,full time,experienced,,1 month ago,2.0,maadi,cairo,egypt
part-time cold caller,tamheen llc,"['sales', 'cold calling', 'business development', 'customer service', 'customer support', 'customer care']",remote,part time,entry level,,1 month ago,1.0,cairo,cairo,egypt
senior treasury accountant,alestesmaria holding company,"['accounting', 'finance', 'financial management', 'financial analysis', 'treasury accounting']",on-site,full time,experienced,,1 month ago,2.0,new cairo,cairo,egypt
hse specialist,alfa laboratories,"['hse', 'health, safety and environment', 'quality assurance', 'quality control', 'safety', 'environmental', 'medical']",on-site,full time,entry level,,1 month ago,1.0,cairo,cairo,egypt
civil & architecture procurement department manager,confidential,"['architecture', 'civil engineering', 'engineering', 'procurement', 'construction', 'management', 'microsoft office']",on-site,full time,manager,,1 month ago,3.0,madinaty,cairo,egypt
sales specialist.,b.tech,"['customer satisfaction', 'indoor sales', 'sales', 'sales target']",on-site,full time,entry level,,1 month ago,1.0,downtown,cairo,egypt
recruitment specialist,confidential,"['human resources (hr)', 'recruitment', 'hiring', 'interviewing', 'cvs']",on-site,full time,entry level,,1 month ago,1.0,mohandessin,giza,egypt
senior cost accountant,ebss - elite business solution service,"['cost accounting', 'finance analysis', 'accounting', 'financial accounting', 'treasury accounting', 'cost control', 'cost analysis', 'budgeting', 'variance analysis']",remote,full time,entry level,,1 month ago,1.0,cairo,cairo,egypt
bilingual customer service representative – portuguese and english,ttec,"['customer care', 'customer service', 'customer support', 'communication', 'portuguese', 'english', 'computer']",on-site,full time,entry level,,1 month ago,1.0,cairo,cairo,egypt
international business development manager,axiom egypt,"['international business development manager', 'business development', 'sales', 'marketing', 'development', 'crm', 'management', 'market research', 'microsoft office']",on-site,full time,manager,,1 month ago,3.0,cairo,cairo,egypt
civil project manager,ritzy developments,"['civil engineering', 'engineering', 'information technology (it)', 'project management', 'project']",on-site,full time,manager,,1 month ago,3.0,sheikh zayed,giza,egypt
online english teacher (experienced),51talk headquaters,"['english teaching', 'teaching english as a foreign  language', 'teaching', 'public speaking', 'online education', 'children teaching', 'child development', 'training']",remote,freelance / project,experienced,,1 month ago,2.0,cairo,cairo,egypt
corporate account executive (b2b),engineering tracks,"['b2b', 'sales', 'corporate sales', 'business development', 'account management', 'communication skills', 'contract negotiation']",on-site,full time,entry level,,1 month ago,1.0,nasr city,cairo,egypt
english speaking senior sales advisor,ttec,"['sales', 'sales target', 'customer service', 'customer support', 'outbound calls', 'b2b', 'communication', 'negotiation']",on-site,full time,entry level,,1 month ago,1.0,cairo,cairo,egypt
sales marketing executive,alexandria cables,"['marketing', 'sales', 'sales target', 'b2b sales', 'b2b marketing', 'b2b', 'crm']",remote,full time,experienced,,1 month ago,2.0,alexandria,alexandria,egypt
product specialist (laboratory),bm-egypt,"['medical', 'product', 'sales', 'pharmacy', 'sales field', 'medical devices', 'microsoft office']",on-site,full time,entry level,,1 month ago,1.0,cairo,cairo,egypt
vodafone (vois) uk / ireland - call center agent,vois egypt,"['customer care', 'customer support', 'sales', 'call center', 'contact center', 'work from home', 'fluent in english', 'english', 'wfh']",hybrid,full time,entry level,,1 month ago,1.0,cairo,cairo,egypt
maintenance engineer - medical imaging,bm-egypt,"['engineering', 'maintenance', 'mechanical engineering', 'medical']",on-site,full time,experienced,,1 month ago,2.0,assiut,assiut,egypt
junior accountant.,powergreen,"['accounting', 'finance', 'financial analysis', 'microsoft office']",on-site,full time,entry level,,1 month ago,1.0,6th of october,giza,egypt
product specialist - medical imaging,bm-egypt,"['medical', 'product', 'sales', 'product knowledge', 'communication']",on-site,full time,experienced,,1 month ago,2.0,assiut,assiut,egypt
hr recruiter,"my truck logistics, llc","['hr', 'human resources (hr)', 'personnel', 'recruitment', 'microsoft office']",remote,full time,experienced,,1 month ago,2.0,cairo,cairo,egypt
product specialist - sport medicine,bm-egypt,"['sales field', 'technical support', 'pharmacy', 'medical', 'product', 'sales', 'medical devices']",on-site,full time,experienced,,1 month ago,2.0,cairo,cairo,egypt
civil site engineer,iskefe nile for leather manufacturing and trade,"['site supervision', 'project management', 'construction safety', 'technical drawing interpretation', 'team leadership', 'problem-solving', 'communication', 'time management', 'autocad proficiency']",on-site,full time,experienced,,1 month ago,2.0,10th of ramadan city,cairo,egypt
production officer /rotational shifts,dabur,"['fmcg', 'engineering', 'production']",on-site,full time,experienced,,1 month ago,2.0,10th of ramadan city,cairo,egypt
teacher operations intern,51talk headquaters,"['problem solving', 'operations management', 'time management', 'data entry', 'communication', 'microsoft office', 'microsoft excel']",remote,internship,entry level,,1 month ago,1.0,cairo,cairo,egypt
electrical maintenance engineer,confidential,"['electrical engineering', 'electrical maintenance', 'maintenance', 'engineering', 'troubleshooting', 'industrial automation', 'preventive maintenance', 'circuit analysis']",on-site,full time,experienced,,1 month ago,2.0,bourj alarab,alexandria,egypt
senior production specialist,confidential,"['production', 'manufacturing', 'planning']",on-site,full time,experienced,,1 month ago,2.0,10th of ramadan city,sharqia,egypt
deputy procurement manager,confidential,"['procurement', 'purchasing', 'supply chain', 'engineering', 'logistics', 'manufacturing', 'mechanical']",on-site,full time,manager,,1 month ago,3.0,minya,minya,egypt
draftsman,mcc,"['autocad', 'revit', 'design']",on-site,full time,experienced,,1 month ago,2.0,6th of october,giza,egypt
marine procurement engineer,confidential,"['construction', 'engineering', 'marine', 'procurement', 'purchasing']",on-site,full time,experienced,,1 month ago,2.0,abu qir,alexandria,egypt
cost accountant,holw el sham,"['accounting', 'cost accounting', 'finance', 'erp', 'financial analysis', 'general accounting', 'microsoft excel', 'reporting', 'sap']",on-site,full time,experienced,,1 month ago,2.0,6th of october,giza,egypt
product sales specialist - disposable line,bm-egypt,"['product', 'sales target', 'sales']",on-site,full time,entry level,,1 month ago,1.0,cairo,cairo,egypt
field sales representative,qr,"['field sales', 'sales', 'communication skills', 'negotiation', 'customer acquisition', 'business development', 'communication']",on-site,full time,entry level,,1 month ago,1.0,cairo,cairo,egypt
mechanical maintenance engineer (fmcgs ),holw el sham,"['engineering', 'maintenance', 'mechanical', 'mechanical engineering', 'mechanical maintenance']",on-site,full time,experienced,,1 month ago,2.0,6th of october,giza,egypt
fmcgs project manager,holw el sham,"['project management', 'operations management']",on-site,full time,experienced,,1 month ago,2.0,6th of october,giza,egypt
sales manager,comtec,"['sales', 'sales target']",on-site,full time,manager,,1 month ago,3.0,heliopolis,cairo,egypt
"call center agent, and ,moderator",qpol fawry,"['agent', 'call center agent', 'customer service', 'call center', 'communication', 'customer', 'crm', 'customer care']",on-site,full time,experienced,,1 month ago,2.0,dokki,giza,egypt
senior product specialist,bm-egypt,"['medical', 'communication', 'engineering', 'marketing', 'microsoft office', 'pharmacy', 'purchasing']",on-site,full time,experienced,,1 month ago,2.0,cairo,cairo,egypt
senior mechanical design engineer,confidential,"['hvac', 'mechanical', 'mechanical engineering', 'cfd', 'solidworks', 'ansys', 'design', 'sheet metal']",on-site,full time,experienced,,1 month ago,2.0,6th of october,giza,egypt
technical office engineer mep,pronet engineering for trade & contracting,"['mep', 'technical office', 'mechanical engineering', 'electrical engineering', 'tendering', 'procurement', 'autocad', 'microsoft office', 'revit mep']",on-site,full time,experienced,,1 month ago,2.0,nasr city,cairo,egypt
junior data analyst,carina wear,"['analysis', 'computer science', 'sql', 'microsoft excel']",on-site,full time,entry level,,1 month ago,1.0,cairo,cairo,egypt
applied scientist / ml engineer,riseup (endemag for administrative skills development),"['computer science', 'data science', 'engineering', 'information technology (it)', 'machine learning', 'python']",hybrid,full time,experienced,,1 month ago,2.0,maadi,cairo,egypt
tax accountant,amreyah cement,"['accounting', 'finance', 'financial analysis', 'tax', 'banking', 'tax accounting', 'erp', 'microsoft excel']",on-site,full time,entry level,,1 month ago,1.0,cairo,cairo,egypt
data entry clerk,pyramids transport,"['communication', 'data entry', 'logistics', 'microsoft office', 'administration', 'attention to detail', 'time management', 'organizational skills']",on-site,full time,entry level,,1 month ago,1.0,katameya,cairo,egypt
hospital warehouse supervisor,mersal,"['commercial', 'logistics', 'management', 'ms office', 'supply chain', 'warehouse', 'warehouse software', 'warehousing']",on-site,full time,manager,,1 month ago,3.0,maadi,cairo,egypt
accounts payable accountant,amreyah cement,"['accounting', 'accounts payable', 'finance', 'financial analysis', 'sap', 'ifrs', 'erp', 'microsoft excel']",on-site,full time,entry level,,1 month ago,1.0,cairo,cairo,egypt
agricultural sales specialist,hyma plastic,"['sales', 'customer service', 'sales target', 'business development', 'selling', 'development']",on-site,full time,entry level,,1 month ago,1.0,cairo,cairo,egypt
real estate sales specialist,bright city developments,"['real estate sales', 'real estate', 'sales', 'sales target']",on-site,full time,entry level,,1 month ago,1.0,maadi,cairo,egypt
export specialist,dakahlia group,"['export', 'logistics', 'sales', 'shipping', 'supply chain management', 'international trade', 'customs regulations', 'documentation']",on-site,full time,entry level,,1 month ago,1.0,nasr city,cairo,egypt
automotive sales supervisor,confidential,"['customer service', 'sales target achievement', 'sales strategy', 'team leadership', 'retail operations', 'communication skills', 'problem-solving', 'performance management']",on-site,full time,experienced,,1 month ago,2.0,akhmim,sohag,egypt
treasury section head,leeds fit-out,"['cash flow analysis', 'bank relationship management', 'financial reporting', 'team leadership', 'attention to detail', 'regulatory compliance', 'problem solving', 'microsoft excel']",on-site,full time,experienced,,1 month ago,2.0,sheikh zayed,giza,egypt
quality assurance specialist,tank,"['qa', 'quality assurance', 'quality control', 'analysis', 'communication', 'engineering', 'iso 9001', 'training']",on-site,full time,entry level,,1 month ago,1.0,10th of ramadan city,cairo,egypt
purchasing specialist,dakahlia group,"['purchasing', 'sourcing', 'procurement', 'commerce', 'business administration', 'vendor management', 'negotiation', 'supply chain management']",on-site,full time,experienced,,1 month ago,2.0,nasr city,cairo,egypt
compensation & benefits manager,concrete plus,"['compensation', 'human resources (hr)', 'payroll', 'salary benchmarking', 'labour law', 'taxation', 'erp', 'oodo', 'construction']",on-site,full time,manager,,1 month ago,3.0,new cairo,cairo,egypt
assistant general manager,linrco egypt,"['administration', 'microsoft office', 'office management']",on-site,full time,entry level,,1 month ago,1.0,nasr city,cairo,egypt
accountant,jellies,"['accounting', 'microsoft excel', 'erp system', 'accounting software', 'financial reporting', 'commerce', 'erp', 'finance', 'financial']",on-site,full time,experienced,,1 month ago,2.0,alibrahimiyyah,alexandria,egypt
accountant,x-mart,"['accounting', 'finance', 'financial reporting', 'auditing', 'tax preparation', 'budgeting', 'microsoft excel', 'erp systems', 'general ledger management']",on-site,full time,experienced,,1 month ago,2.0,new cairo,cairo,egypt
accountant erp technical support - daftra,"izam, inc.","['erp', 'accounting', 'application', 'customer support', 'english', 'excel', 'communication skills', 'technical support']",on-site,full time,entry level,,1 month ago,1.0,smart village,giza,egypt
french teacher,gamma international college,"['french teaching', 'teaching', 'team management', 'language teaching', 'instruction', 'management']",on-site,full time,experienced,,1 month ago,2.0,hadayek october,giza,egypt
presales product manager,egabi solutions,"['presales', 'product', 'product management', 'presales engineering']",on-site,full time,experienced,,1 month ago,2.0,cairo,cairo,egypt
architecture technical office engineer,trustcom,"['engineering', 'technical office', 'autocad', 'microsoft office suite', 'quantity surveying', 'cost estimation', 'project planning', 'construction management', 'site supervision']",on-site,full time,experienced,,1 month ago,2.0,new cairo,cairo,egypt
junior production engineer,confidential,"['mechanical engineering', 'mechanics', 'production', 'manufacturing', 'engineering', 'mechanical', 'steel']",on-site,full time,entry level,,1 month ago,1.0,6th of october,giza,egypt
technical support engineer,comtec,"['engineering', 'technical support']",on-site,full time,experienced,,1 month ago,2.0,heliopolis,cairo,egypt
head of mobile team,confidential,"['android', 'computer science', 'information technology (it)', 'software development']",hybrid,full time,manager,,1 month ago,3.0,cairo,cairo,egypt
facilities manager,new plan,"['facility management', 'engineering', 'maintenance', 'management', 'administration', 'retail']",on-site,full time,manager,,1 month ago,3.0,new capital,cairo,egypt
wet utility site engineer,confidential,"['civil engineering', 'wet utilities']",on-site,full time,experienced,,1 month ago,2.0,alexandria,alexandria,egypt
performance specialist,aktan misr,"['problem solving', 'communication', 'excel proficiency', 'hr', 'human resources (hr)', 'hr systems', 'performance management']",on-site,full time,experienced,,1 month ago,2.0,mahalla kubra,gharbia,egypt
it help desk,مجموعة شركات النماء لحلول الاعمال التنفيذية وتنمية دخول الافراد,"['computer science', 'information technology (it)', 'microsoft office', 'technical support', 'networking']",on-site,full time,entry level,,1 month ago,1.0,6th of october,giza,egypt
hr recruitment specialist,el shorbagy,"['human resources (hr)', 'interviewing', 'recruitment', 'talent acquisition', 'mass hiring', 'communication']",on-site,full time,entry level,,1 month ago,1.0,qalyub,qalubia,egypt
"senior bids, proposals & tendering specialist",professional service - proserv,"['bids & tendering', 'proposal writing', 'contract management', 'contract negotiation', 'attention to detail']",on-site,full time,experienced,,1 month ago,2.0,heliopolis,cairo,egypt
r&d specialist,zeta pharma,"['gmp knowledge', 'microsoft office', 'development', 'engineering', 'pharmaceutical', 'pharmacy', 'research', 'gmp']",on-site,full time,experienced,,1 month ago,2.0,alsadat city,monufya,egypt
quality assurance & food safety manager (ain sokhna),savola,"['quality assurance', 'food safety management', 'quality control', 'supplier quality management']",on-site,full time,manager,,1 month ago,3.0,ain sokhna,suez,egypt
trade marketing manager,savola,"['trade marketing', 'sales', 'commerce', 'market research', 'marketing', 'retail', 'trade', 'analysis']",on-site,full time,manager,,1 month ago,3.0,new cairo,cairo,egypt
ops coordinator,engineered alchemy,"['operations coordination', 'office management', 'administration', 'hr support', 'executive assistance', 'vendor management', 'logistics coordination']",on-site,full time,experienced,,1 month ago,2.0,cairo,cairo,egypt
human resources director,arx developments,"['hr', 'human resources (hr)', 'recruitment', 'management', 'business administration', 'administration', 'hr systems']",on-site,full time,senior management,,1 month ago,,cairo,cairo,egypt
financial director- real estate,arx developments,"['accounting', 'finance', 'financial', 'financial analysis', 'financial management', 'real estate', 'financial accounting', 'finance management', 'financial data analysis']",on-site,full time,senior management,,1 month ago,,cairo,cairo,egypt
technical sales support engineer,egyptianeuropean,"['technical sales', 'sales', 'mechatronics', 'engineering']",on-site,full time,experienced,,1 month ago,2.0,6th of october,giza,egypt
devops / release intern,3d diagnostix,"['computer engineering', 'computer science', 'devops', 'engineering', 'linux']",remote,internship,student,,1 month ago,,cairo,cairo,egypt
accounts receivable accountant,cleopatra hospitals group,"['accounting', 'accounts receivable', 'finance', 'accounting software', 'erp', 'sap', 'oracle', 'quickbooks', 'microsoft excel']",on-site,full time,entry level,,1 month ago,1.0,maadi,cairo,egypt
senior planning engineer,new plan,"['architecture', 'civil engineering', 'engineering', 'planning', 'pmp', 'project management', 'civil', 'construction', 'inventory']",on-site,full time,experienced,,1 month ago,2.0,heliopolis,cairo,egypt
junior hr generalist,procrew,"['hr', 'human resources (hr)', 'microsoft office', 'personnel', 'recruitment', 'administration', 'business administration', 'hris']",on-site,full time,entry level,,1 month ago,1.0,san stefano,alexandria,egypt
online hub section head,elabd foods,"['sales', 'indoor sales', 'sales target', 'online sales']",on-site,full time,experienced,,1 month ago,2.0,cairo,cairo,egypt
warehouse manager - manufacturing sector,matgr for engineering and trading,"['warehouse management', 'inventory control', 'problem solving', 'team leadership', 'process optimization', 'erp & wms proficiency', 'logistics coordination']",on-site,full time,manager,,1 month ago,3.0,new cairo,cairo,egypt
senior collection specialist - real estate,new plan,"['experience', 'collection', 'sales', 'sales target', 'real estate', 'communication', 'development', 'human resources (hr)']",on-site,full time,experienced,,1 month ago,2.0,nozha,cairo,egypt
internal audit supervisor,talaat moustafa group,"['auditing', 'financial analysis', 'real estate', 'construction', 'risk management', 'finance', 'cia', 'internal controls']",on-site,full time,manager,,1 month ago,3.0,dokki,giza,egypt
odoo developer,kandil glass,"['computer science', 'odoo', 'information technology (it)', 'python', 'engineering', 'git', 'javascript', 'erp']",on-site,full time,experienced,,1 month ago,2.0,10th of ramadan city,cairo,egypt
approval doctor,al ahly medical company,"['medical', 'pharmaceutical', 'pharmacy', 'medical terminology', 'pharmaceutical knowledge', 'regulatory compliance', 'attention to detail', 'critical thinking']",hybrid,full time,entry level,,1 month ago,1.0,giza,giza,egypt
odoo implementer,kandil glass,"['computer science', 'odoo', 'information technology (it)', 'business administration', 'configuration', 'erp', 'erp implementation', 'odoo erp']",on-site,full time,experienced,,1 month ago,2.0,10th of ramadan city,cairo,egypt
accountant,erpplus5,"['analytical', 'erp', 'finance', 'accounting', 'general ledger', 'tax', 'erp system']",on-site,full time,experienced,,1 month ago,2.0,maadi,cairo,egypt
digital marketing specialist,nourline,"['digital marketing', 'google ads', 'meta ads', 'lead generation', 'linkedin ads', 'tiktok ads', 'snapchat ads', 'marketing strategy', 'facebook ads']",remote,part time,entry level,,1 month ago,1.0,smouha,alexandria,egypt
bim mechanical,idc group,"['bim', 'engineering', 'mechanical engineering', 'revit']",on-site,full time,experienced,,1 month ago,2.0,cairo,cairo,egypt
sr. organization development executive,arabiat,"['organization culture', 'organization structure', 'job descriptions (jds)', 'key performance indicators (kpis)', 'workflows', 'performance management systems (pms)', 'talent management', 'change management', 'hr strategy']",on-site,full time,experienced,,1 month ago,2.0,mohandessin,giza,egypt
talent acquisition specialist,mico world limited,"['human resources', 'applicant tracking systems', 'business development', 'communication', 'human resources (hr)', 'interviewing', 'hr', 'recruitment', 'sales']",on-site,full time,experienced,,1 month ago,2.0,maadi,cairo,egypt
quality control specialist,spinneys egypt,"['quality assurance', 'quality control', 'food & beverage', 'food hygiene', 'food safety management', 'food quality', 'retail']",on-site,full time,experienced,,1 month ago,2.0,6th of october,giza,egypt
external auditor manager,confidential,"['auditing', 'accounting', 'financial analysis', 'finance', 'risk management', 'compliance', 'gaap/ifrs', 'internal controls']",on-site,full time,manager,,1 month ago,3.0,nasr city,cairo,egypt
quality assurance specialist - shifts,ift corporation,"['quality', 'qa', 'pharmaceutical', 'quality assurance', 'veterinary', 'english', 'qc', 'microsoft office']",on-site,full time,experienced,,1 month ago,2.0,new cairo,cairo,egypt
electrical qs engineer (electrical quantity surveyor) engineer),new plan,"['electrical quantity surveying', 'attention to detail', 'autocad (basic)', 'analytical thinking', 'construction documentation', 'quantity surveying']",on-site,full time,experienced,,1 month ago,2.0,new capital,cairo,egypt
femal executive secretary,medic,"['administration', 'office management', 'calendar management', 'communication skills', 'organizational skills', 'microsoft office suite', 'travel coordination', 'meeting coordination', 'confidentiality']",on-site,full time,experienced,,1 month ago,2.0,abdeen,cairo,egypt
accounting manager,confidential,"['accounting', 'finance', 'financial analysis', 'financial management']",on-site,full time,manager,,1 month ago,3.0,new cairo,cairo,egypt
financial manager,confidential,"['accounting', 'cpa', 'finance', 'financial analysis', 'management', 'financial management', 'budgeting', 'construction']",on-site,full time,manager,,1 month ago,3.0,new cairo,cairo,egypt
senior oracle consultant (scm - manfacturing),gb corp,"['logistics', 'oracle', 'management', 'supply chain', 'computer science', 'erp', 'business administration', 'administration']",on-site,full time,experienced,,1 month ago,2.0,abu rawash,giza,egypt
artificial intelligence & programming instructor (high school),smart it,"['computer engineering', 'data science', 'machine learning', 'programming', 'software development', 'artificial intelligence (ai)', 'educational content development']",hybrid,full time,experienced,,1 month ago,2.0,nasr city,cairo,egypt
real estate sales team leader,capstone,"['leadership', 'real estate sales', 'sales target achievement', 'sales strategy', 'team leadership', 'client relationship management', 'negotiation', 'market analysis', 'communication']",on-site,full time,manager,,1 month ago,3.0,new cairo,cairo,egypt
sales manager - food additives,samoral,"['customer service', 'food additives', 'sales', 'sales target', 'ms office', 'sales field', 'outdoor sales', 'indoor sales']",hybrid,full time,experienced,,1 month ago,2.0,mohandessin,giza,egypt
digital / affiliate marketer (performance-based partnership),evallsuccess,"['affiliate marketing', 'digital marketing', 'marketing', 'e-marketing', 'marketing campaigns', 'advertising', 'sales']",remote,freelance / project,experienced,,1 month ago,2.0,cairo,cairo,egypt
content creator,ivein clinic,"['marketing', 'social media', 'writing', 'content creation', 'content management', 'digital marketing', 'seo']",hybrid,full time,experienced,,1 month ago,2.0,cairo,cairo,egypt
hr manager,confidential,"['hr', 'human resources (hr)', 'recruitment', 'talentacquisition', 'learninganddevelopment', 'performancemanagement']",on-site,full time,manager,,1 month ago,3.0,10th of ramadan city,cairo,egypt
warehouse manager,confidential,"['warehouse', 'warehouse management', 'warehouse manager', 'warehousing', 'supply chain', 'leadership', 'logistics', 'management']",on-site,full time,manager,,1 month ago,3.0,alsadat city,monufya,egypt
sales account executive - full time,ibs,"['customer service', 'sales target achievement', 'sales strategy', 'saas sales', 'erp systems', 'software sales', 'b2b sales', 'account management']",on-site,full time,entry level,,1 month ago,1.0,cairo,cairo,egypt
finalizer,aug pharma,"['design', 'graphic design', 'adobe photoshop', 'adobe illustrator']",on-site,full time,experienced,,1 month ago,2.0,6th of october,giza,egypt
hr specialist,confidential,"['recruitment', 'personnel', 'microsoft office', 'business administration', 'human resources', 'human resources (hr)', 'hr']",on-site,full time,entry level,,1 month ago,1.0,heliopolis,cairo,egypt
mass hiring recruiter,riseup (endemag for administrative skills development),"['hiring', 'mass hiring', 'recruitment', 'sourcing', 'human resources (hr)', 'talent acquisition', 'candidate sourcing', 'interviewing techniques', 'applicant tracking systems (ats)']",hybrid,full time,experienced,,1 month ago,2.0,sheikh zayed,giza,egypt
management consultant,ibs,"['management', 'business planning', 'strategy', 'policy development', 'business development']",hybrid,full time,experienced,,1 month ago,2.0,nasr city,cairo,egypt
infrastructure draftsman (revit / autocad / civil 3d),egec,"['design', 'autodesk revit', 'autocad design', 'autocad', 'cad', 'civil 3d', 'revit', 'bim modeling', 'bim']",on-site,full time,experienced,,1 month ago,2.0,giza,giza,egypt
process engineer,etisal for advanced industries,"['engineering', 'mechanical engineering', 'computer science', 'electronics', 'erp system', 'information technology (it)', 'erp', 'microsoft office']",on-site,full time,entry level,,1 month ago,1.0,6th of october,giza,egypt
payroll & personnel specialist,gps,"['payroll', 'payroll specialist', 'personnel', 'communication', 'communication skills', 'ms office', 'management', 'human resources (hr)', 'hr']",on-site,full time,experienced,,1 month ago,2.0,heliopolis,cairo,egypt
sales specialist,cairo freight systems,"['sales', 'logistics', 'import / export', 'customer service', 'freight forwarding', 'communication', 'sales target', 'shipping']",on-site,full time,student,,1 month ago,,sheraton,cairo,egypt
business analytics head,confidential,"['analytics', 'business analytics', 'business intelligence', 'data management', 'business development', 'business administration', 'computer science', 'management', 'marketing']",on-site,full time,manager,,1 month ago,3.0,shorouk city,cairo,egypt
application admin,confidential,"['information technology (it)', 'erp system', 'erp applications']",on-site,full time,experienced,,1 month ago,2.0,new cairo,cairo,egypt
investment manager,bokra,"['accounting', 'finance', 'financial analysis', 'investment', 'budgeting', 'communication', 'data analysis']",on-site,full time,manager,,1 month ago,3.0,maadi,cairo,egypt
planning section head (agriculture background),confidential,"['agriculture', 'management', 'engineering', 'microsoft office', 'planning', 'supply chain', 'mrp']",on-site,full time,manager,,1 month ago,3.0,new cairo,cairo,egypt
junior mechanical quality control engineer,tepco s.a.e.,"['engineering', 'mechanical', 'quality control', 'mechanical engineering', 'project management', 'cad', 'solidworks', 'fusion 360']",on-site,full time,entry level,,1 month ago,1.0,6th of october,giza,egypt
human resources supervisor,al watania poultry,"['hr specialist', 'human resources (hr)', 'recruitment', 'personnel', 'hr policies', 'employee relations', 'performance management', 'compensation & benefits', 'onboarding']",on-site,full time,experienced,,1 month ago,2.0,wadi alnatrun,beheira,egypt
data analyst,bokra,"['analysis', 'business intelligence', 'computer science', 'data analysis', 'information technology (it)', 'python', 'sql', 'data visualization', 'statistical modeling']",on-site,full time,experienced,,1 month ago,2.0,maadi,cairo,egypt
senior civil procurement engineer,reliance egypt,"['civil engineering', 'procurement', 'engineering']",on-site,full time,experienced,,1 month ago,2.0,downtown,cairo,egypt
customer care coordinator,axios international,"['pharmaceutical', 'customer support', 'communication', 'multitasking', 'problem solving', 'customer care', 'customer service', 'logistics']",on-site,full time,entry level,,1 month ago,1.0,dokki,giza,egypt
business excellence & engagement coordinator,axios international,"['stakeholder engagement', 'business process improvement', 'communication', 'presentation skills', 'organizational skills', 'supply chain', 'administration', 'business administration']",on-site,full time,experienced,,1 month ago,2.0,dokki,giza,egypt
patient care specialist,axios international,"['healthcare', 'medical', 'patientcare', 'customer service', 'monitoring', 'sales', 'supply chain', 'customer care']",on-site,full time,experienced,,1 month ago,2.0,giza,giza,egypt
patient care,axios international,"['healthcare', 'medical', 'patientcare', 'customer service', 'customer support', 'customer care', 'communication']",on-site,full time,entry level,,1 month ago,1.0,giza,giza,egypt
product manager,bokra,"['information technology (it)', 'management', 'market research', 'product', 'product development', 'product management', 'project management', 'software development', 'marketing']",on-site,full time,experienced,,1 month ago,2.0,maadi,cairo,egypt
strategic planning analyst,reliance egypt,"['analysis', 'strategic planning', 'planning', 'budgeting']",on-site,full time,entry level,,1 month ago,1.0,downtown,cairo,egypt
accounting section head,bokra,"['accounting', 'cma', 'engineering', 'erp', 'finance', 'leadership', 'management', 'microsoft office']",on-site,full time,senior management,,1 month ago,,maadi,cairo,egypt
senior graphic designer,catalyst for leather products and advertising,"['adobe illustrator', 'design', 'graphic design', 'adobe photoshop', 'illustrator', 'creativity', 'advertising', 'management']",on-site,full time,experienced,,1 month ago,2.0,cairo,cairo,egypt
senior property consultant,units for real estate,"['property', 'real estate', 'sales target', 'sales', 'crm software', 'property sales', 'crm']",on-site,full time,experienced,,1 month ago,2.0,sheikh zayed,giza,egypt
sales account manager,units for real estate,"['sales', 'sales target']",on-site,full time,experienced,,1 month ago,2.0,sheikh zayed,giza,egypt
sales account manager.,units for real estate,"['sales', 'sales target']",hybrid,full time,experienced,,1 month ago,2.0,sheikh zayed,giza,egypt
senior sales (commercial),units for real estate,"['sales', 'sales target', 'customer service']",hybrid,full time,experienced,,1 month ago,2.0,sheikh zayed,giza,egypt
good experience in (( north coast )) real estate,units for real estate,"['sales', 'sales target', 'customer service', 'property sales', 'crm', 'property', 'real estate', 'training']",on-site,full time,experienced,,1 month ago,2.0,sheikh zayed,giza,egypt
senior sales ( new cairo),units for real estate,"['sales', 'sales target', 'customer service', 'property', 'property sales', 'real estate', 'crm']",hybrid,full time,experienced,,1 month ago,2.0,sheikh zayed,giza,egypt
secretary,jfc glory,"['microsoft office', 'office management', 'administration']",on-site,full time,senior management,,1 month ago,,new cairo,cairo,egypt
mechanical site engineer,egyptian engineering company,"['engineering', 'mechanical', 'mechanical engineering', 'manufacturing', 'maintenance', 'mechanical engineering', 'project management']",on-site,full time,experienced,,1 month ago,2.0,6th of october,giza,egypt
mechanical design engineer,gieco,"['design', 'engineering', 'mechanical engineering', 'mechanical design', 'mechanical']",on-site,full time,experienced,,1 month ago,2.0,alexandria,alexandria,egypt
admission executive - kidzground assiut,innovvette for education,"['preschool', 'education', 'nursery', 'admin assistant', 'administration', 'office management', 'admin']",on-site,full time,experienced,,1 month ago,2.0,assuit,assiut,egypt
hr specialist,egic,"['hr specialist', 'hr', 'personnel', 'recruitment', 'microsoft office', 'communication', 'human resources (hr)']",on-site,full time,entry level,,1 month ago,1.0,6th of october,giza,egypt
office operations manager,faid alnaam,"['administration', 'microsoft office', 'office management', 'financial administration', 'budget management', 'vendor management', 'event coordination']",on-site,full time,manager,,1 month ago,3.0,new cairo,cairo,egypt
coding & programming instructor (kids & teens),confidential,"['programming', 'training', 'teaching', 'kids friendly', 'document coding', 'instructor', 'software development']",on-site,part time,student,,1 month ago,,6th of october,giza,egypt
facility management coordinator,innovvette for education,"['administration', 'facility management', 'facility', 'operation']",on-site,full time,experienced,,1 month ago,2.0,assuit,assiut,egypt
preschool english teacher - kidzground assiut,innovvette for education,"['early childhood', 'english', 'children', 'teaching', 'communication', 'time management', 'education', 'nursery']",on-site,full time,entry level,,1 month ago,1.0,assuit,assiut,egypt
general accountant,eid steel,"['accounting', 'financial analysis', 'financial management', 'finance', 'general ledger', 'bookkeeping', 'financial reporting', 'tax preparation', 'audit']",on-site,full time,experienced,,1 month ago,2.0,6th of october,giza,egypt
real estate sales consultant,juliana group development,"['real estate', 'real estate sales', 'sales', 'sales target', 'computer skills', 'communication', 'crm']",on-site,full time,experienced,,1 month ago,2.0,mohandessin,giza,egypt
structural designer engineer,sinoma-cdi,"['autocad', 'structural', 'structural engineering', 'civil engineering', 'construction', 'design', 'engineering', 'structural engineer']",on-site,full time,experienced,,1 month ago,2.0,new cairo,cairo,egypt
hse specialist,flexfilms egypt,"['environmental', 'hse', 'nebosh', 'safety', 'iso 14001', 'ehs management', 'hse management', 'safety regulations']",on-site,full time,entry level,,1 month ago,1.0,6th of october,giza,egypt
center manager - kidzground assiut,innovvette for education,"['early childhood', 'preschool', 'education', 'children', 'teaching', 'nursery', 'management']",on-site,full time,manager,,1 month ago,3.0,assuit,assiut,egypt
junior fullstack .net developer,godigital,"['.net development', '.net', 'software development', 'information technology (it)', 'computer science', 'computer engineering']",hybrid,full time,entry level,,1 month ago,1.0,mohandessin,giza,egypt
senior tax accountant,cairo three a  for international industries.,"['tax accounting', 'accounting', 'tax', 'financial reporting', 'tax compliance', 'gaap', 'ifrs', 'microsoft excel']",on-site,full time,experienced,,1 month ago,2.0,new cairo,cairo,egypt
medical research writer,confidential,"['medical', 'writing', 'biostatistics', 'medicine', 'medical research', 'editorial']",remote,full time,experienced,,1 month ago,2.0,cairo,cairo,egypt
sales account executive,euromisr group,"['technical sales', 'negotiation', 'presentation skills', 'time management', 'communication', 'product knowledge (hvac, pipes, fittings)', 'account management']",on-site,full time,entry level,,1 month ago,1.0,heliopolis,cairo,egypt
"site engineer - el dabaa, egypt.",emas construction and trade,"['civil engineering', 'construction', 'engineering', 'reinforced concrete construction', 'finishing works', 'structural steel construction', 'subcontractor management', 'construction planning & scheduling', 'project coordination']",on-site,full time,experienced,,1 month ago,2.0,dabaa,matruh,egypt
social media & community manager,iqibla,"['social media', 'community management', 'community development', 'e-commerce', 'e-marketing', 'communication', 'marketing']",remote,full time,manager,,1 month ago,3.0,cairo,cairo,egypt
sales account manager (horeca),confidential,"['business', 'ms office', 'marketing', 'management', 'communication', 'business development', 'sales target']",on-site,full time,manager,,1 month ago,3.0,heliopolis,cairo,egypt
customer account manager,leeds,"['customer care', 'customer service', 'sales', 'customer support']",on-site,full time,experienced,,1 month ago,2.0,smart village,giza,egypt
senior business developer,procrew,"['business development', 'development', 'information technology (it)', 'sales', 'computer science', 'engineering', 'marketing']",on-site,full time,experienced,,1 month ago,2.0,alexandria,alexandria,egypt
general accountant,kirmena jewellery,"['accounting', 'finance', 'financial analysis', 'microsoft excel', 'erp', 'reporting']",on-site,full time,experienced,,1 month ago,2.0,obour city,cairo,egypt
erp project manager,odootec,"['project management', 'information technology (it)', 'software development', 'odoo erp', 'erp implementation', 'team leadership', 'business analysis', 'problem solving']",hybrid,full time,manager,,1 month ago,3.0,new cairo,cairo,egypt
sales engineer (cairo or alex),atec,"['sales', 'engineering']",on-site,full time,experienced,,1 month ago,2.0,alexandria,alexandria,egypt
technical support engineer,allamna integrated solutions,"['technical support', 'information technology (it)', 'ccna', 'mcsa']",on-site,full time,entry level,,1 month ago,1.0,cairo,cairo,egypt
biomedical maintenance engineer,cairoscan,"['biomedical', 'engineering', 'maintenance', 'information technology (it)', 'mechanical engineering', 'biomedical engineering', 'communication']",on-site,full time,experienced,,1 month ago,2.0,mohandessin,giza,egypt
dynamics ax / d365 finance & operations developer,allamna integrated solutions,"['dynamics 365', 'sql server', 'd365 finance and operation', 'ms dynamics ax', 'x++ programming']",on-site,full time,entry level,,1 month ago,1.0,cairo,cairo,egypt
technical office engineer,tsy production,"['engineering', 'primavera p6', 'shop drawings', 'boq', 'technical office', 'autocad', 'advanced office', 'autocad 2d', '2d drafting']",on-site,full time,experienced,,1 month ago,2.0,mokattam,cairo,egypt
mechatronic trainer,gb corp,"['mechatronics', 'training', 'technical training', 'instructional design', 'automotive maintenance', 'presentation skills', 'assessment and evaluation', 'team collaboration']",on-site,full time,entry level,,1 month ago,1.0,15th may city,cairo,egypt
senior sales engineer – hvac,professional service - proserv,"['engineering', 'hvac', 'sales', 'sales target', 'autocad', 'communication', 'mechanical']",on-site,full time,experienced,,1 month ago,2.0,new cairo,cairo,egypt
cfo,abco group,"['accounting', 'finance', 'financial services']",on-site,full time,senior management,,1 month ago,,bourj alarab,alexandria,egypt
hse manager,el banna group company,"['engineering', 'safety', 'hse']",on-site,full time,manager,,1 month ago,3.0,alsadat city,monufya,egypt
ai in healthcare & pharma (theory & discovery),exceliti,"['ai', 'bi', 'research']",hybrid,internship,student,,1 month ago,,new cairo,cairo,egypt
production engineer,hayat,"['problem solving', 'production process optimization', 'data analysis', 'process improvement', 'team collaboration', 'technical troubleshooting', 'quality assurance', 'safety compliance']",on-site,full time,entry level,,1 month ago,1.0,ain sokhna,suez,egypt
senior accountant,under 5 international preschool,"['accounting', 'finance', 'financial analysis', 'financial management']",on-site,full time,experienced,,1 month ago,2.0,maadi,cairo,egypt
production engineer ( background foods ),marbella for food industry,"['engineering', 'production', 'manufacturing', 'fmcg', 'foods', 'process optimization', 'lean manufacturing', 'safety regulations', 'problem solving']",on-site,full time,experienced,,1 month ago,2.0,6th of october,giza,egypt
"technical office engineer – wood, metal & marble works",el alfy group,"['architecture', 'engineering', 'autodesk 3ds max', 'interior design', 'woodworks', 'aluminum', 'technical office']",on-site,full time,experienced,,1 month ago,2.0,cairo,cairo,egypt
accounting manager,el alfy group,"['accounting', 'finance', 'financial analysis', 'financial management']",on-site,full time,experienced,,1 month ago,2.0,maadi,cairo,egypt
general manager – fit-out & industrial operations,el alfy group,"['business administration', 'business management', 'construction', 'architectural engineering', 'architecture design', 'wood works', 'project management', 'production engineering', 'factory management']",on-site,full time,manager,,1 month ago,3.0,badr city,cairo,egypt
financial analyst,cleopatra hospitals group,"['accounting', 'finance', 'financial', 'financial analysis', 'commerce']",on-site,full time,experienced,,1 month ago,2.0,6th of october,giza,egypt
accounting intern,cleopatra hospitals group,"['accounting', 'finance']",on-site,internship,student,,1 month ago,,6th of october,giza,egypt
sales associate (fashion & perfumes),black and white,"['customer service', 'fashion', 'sales target', 'sales', 'perfume sales', 'team work', 'upselling', 'fashion retail', 'sales skill']",on-site,full time,entry level,,1 month ago,1.0,nasr city,cairo,egypt
electrical engineer - ain sokhna,hayat,"['electrical', 'electrical engineering', 'plc', 'sap', 'microsoft office', 'engineering', 'management', 'ms office']",on-site,full time,experienced,,1 month ago,2.0,ain sokhna,suez,egypt
office manager,refaat construction / baxter,"['administration', 'office management', 'communication skills', 'organizational skills', 'time management', 'problem-solving', 'microsoft office suite', 'budget management', 'vendor management']",on-site,full time,experienced,,1 month ago,2.0,cairo,cairo,egypt
recruitment section head,el teriak industrial group,"['human resources (hr)', 'recruitment', 'talent acquisition', 'candidate sourcing', 'interviewing', 'onboarding', 'performance management', 'employee relations', 'hr policies']",on-site,full time,manager,,1 month ago,3.0,giza,giza,egypt
marketing manager,hans,"['marketing', 'social media']",on-site,full time,manager,,1 month ago,3.0,sidi gaber,alexandria,egypt
warehouse manager assistant,farm fresh,"['inventory control', 'inventory management', 'stock control', 'stock management', 'warehouse operations', 'logistics coordination', 'supply chain management']",on-site,full time,experienced,,1 month ago,2.0,alexandria,alexandria,egypt
electrical maintenance engineer,farm fresh,"['electrical engineering', 'electrical maintenance', 'engineering', 'maintenance', 'troubleshooting', 'preventative maintenance', 'power systems', 'control systems', 'plc programming']",on-site,full time,experienced,,1 month ago,2.0,alexandria,alexandria,egypt
financial & planning and analysis section head,nilewood,"['accounting', 'financial analysis', 'planning', 'reporting']",on-site,full time,manager,,1 month ago,3.0,alsadat city,monufya,egypt
marketing manager,chema foam,"['seo', 'market research', 'marketing', 'social media']",on-site,full time,manager,,1 month ago,3.0,10th of ramadan city,cairo,egypt
5/6 axis cnc milling machinist,hazem shoukry designs,"['cad/cam', 'cnc simulation', '3d cad software', '3d cam software', '5-axis machining', '6-axis machining', 'precision machining', 'manufacturing processes', 'tool path generation']",on-site,full time,experienced,,1 month ago,2.0,nasr city,cairo,egypt
business development coordinator,engineered alchemy,"['business development', 'client relationship management', 'client acquisition', 'lead generation', 'linkedin outreach', 'email outreach', 'cold outreach']",hybrid,full time,experienced,,1 month ago,2.0,cairo,cairo,egypt
senior backend developer (manufacturing),k line europe,"['api', 'backend', 'computer science', 'design', 'javascript', 'rest', 'nosql', 'git']",remote,full time,experienced,,1 month ago,2.0,nasr city,cairo,egypt
payroll officer,jaffangroup,"['human resources (hr)', 'payroll', 'microsoft office']",on-site,full time,experienced,,1 month ago,2.0,obour city,cairo,egypt
senior full stack js developer,vertex technologies,"['node.js', 'english b2', 'javascript', 'serverless', 'lambda functions', 'databases', 'scrum/kanban', 'unit tests', 'typescript']",on-site,full time,experienced,,1 month ago,2.0,cairo,cairo,egypt
"front end & website template developer (full-time, remote)",ibrokerage ltd.,"['javascript', 'software development', 'computer science', 'php web development', 'website design', 'web development', 'information technology (it)']",remote,full time,experienced,,1 month ago,2.0,cairo,cairo,egypt
real estate sales executive | entry level,we add for real estate,"['sales target', 'real estate sales']",on-site,full time,entry level,,1 month ago,1.0,maadi,cairo,egypt
sites senior supervisor,takweenat,"['attention to detail', 'interior finishing', 'site supervision']",on-site,full time,experienced,,1 month ago,2.0,new cairo,cairo,egypt
senior interior designer,takweenat,"['3ds max', 'autocad', 'revit', 'interior design', 'design principles', 'problem solving', 'team collaboration', 'attention to detail']",on-site,full time,experienced,,1 month ago,2.0,new cairo,cairo,egypt
junior interior designer,takweenat,"['3ds max', 'autocad', 'revit', 'interior design', 'design principles', 'problem solving', 'team collaboration', 'attention to detail']",on-site,full time,entry level,,1 month ago,1.0,new cairo,cairo,egypt
sales & marketing executive,advantage shield coverage solutions llc,"['sales', 'marketing', 'sales target', 'b2b', 'b2b sales', 'call center', 'logistics']",hybrid,full time,student,,1 month ago,,new cairo,cairo,egypt
senior full stack developer (.net core & angular),فلوروز,"['senior full stack developer', '.net core', 'angular']",on-site,full time,experienced,,1 month ago,2.0,maadi,cairo,egypt
operating engineer,confidential,"['engineering', 'engineering field', 'operations management', 'construction management', 'preventive maintenance', 'troubleshooting', 'safety protocols', 'blueprint reading']",on-site,full time,experienced,,1 month ago,2.0,cairo,cairo,egypt
senior product owner / junior product manager,3d diagnostix,"['information technology (it)', 'software development', 'computer science', 'product management', 'product owner', 'agile', 'product']",hybrid,full time,experienced,,1 month ago,2.0,maadi,cairo,egypt
content creator - social media & video,everlast,"['content creation', 'social media advertising', 'social media management', 'video editing', 'reels production', 'tiktok strategy', 'instagram marketing']",on-site,full time,entry level,,1 month ago,1.0,heliopolis,cairo,egypt
senior accountant,mk enterprise,"['financial reporting', 'general ledger management', 'budgeting and forecasting', 'account reconciliation', 'analytical thinking', 'attention to detail', 'accounting software proficiency', 'tax compliance', 'problem solving']",on-site,full time,experienced,,1 month ago,2.0,downtown,cairo,egypt
graphic designer,thaka international,"['adobe illustrator', 'adobe photoshop', 'adobe premiere', 'adobe indesign', 'graphic design', 'creative', 'design', 'video editing']",on-site,full time,experienced,,1 month ago,2.0,nasr city,cairo,egypt
warehouse manager,adcons,"['logistics', 'supply chain', 'warehousing', 'administration', 'business administration', 'management', 'erp', 'microsoft office']",on-site,full time,manager,,1 month ago,3.0,cairo,cairo,egypt
mechanical technical office engineer - aluminum works,metalo,"['autocad', 'mechanical engineering']",on-site,full time,entry level,,1 month ago,1.0,abu rawash,giza,egypt
business development manager,confidential,"['business administration', 'business development', 'communication', 'construction', 'development', 'engineering', 'marketing']",on-site,full time,manager,,1 month ago,3.0,giza,giza,egypt
human resources intern,musandah fm,"['human resources (hr)', 'recruitment', 'hr administration', 'onboarding', 'talent acquisition', 'hr policies', 'communication', 'interpersonal skills', 'organizational skills']",on-site,internship,entry level,,1 month ago,1.0,6th of october,giza,egypt
ads manager,ab studios,"['market research', 'marketing', 'social media', 'branding', 'project management', 'ads', 'digital marketing', 'google adwords']",remote,full time,manager,,1 month ago,3.0,sheikh zayed,giza,egypt
social media manager,ab studios,"['social media', 'analysis', 'competitive analysis', 'marketing', 'e-marketing', 'monitoring', 'content writing']",remote,full time,manager,,1 month ago,3.0,sheikh zayed,giza,egypt
business development manager,ab studios,"['business development', 'marketing', 'sales', 'public relations (pr)', 'analysis', 'client acquisition', 'relationship management']",remote,full time,manager,,1 month ago,3.0,sheikh zayed,giza,egypt
workshop engineer - automotive maintenance center,sea port for trading and engineering,"['engineering', 'maintenance', 'mechanical engineering', 'workshop management', 'electrical systems', 'troubleshooting', 'preventive maintenance', 'diagnostic tools']",on-site,full time,experienced,,1 month ago,2.0,obour city,cairo,egypt
sales inbound - american account,riseup (endemag for administrative skills development),"['customer care', 'customer support', 'sales', 'customer service']",on-site,full time,entry level,,1 month ago,1.0,sheraton,cairo,egypt
social media monitoring,ab studios,"['social media', 'media monitoring', 'monitoring', 'analysis', 'strategic planning', 'brand reputation management', 'crisis communication', 'data interpretation']",remote,full time,experienced,,1 month ago,2.0,sheikh zayed,giza,egypt
cost accounting (supervisor - section head)exp 8-10,aswaq,"['accounting', 'finance', 'financial analysis', 'erp system', 'erp', 'general accounting', 'financial', 'consultation', 'real estate sales']",on-site,full time,experienced,,1 month ago,2.0,shorouk city,cairo,egypt
board executive assistant,afaqy,"['business coordination', 'meeting mins', 'ceo assistant']",on-site,full time,experienced,,1 month ago,2.0,maadi,cairo,egypt
inbound senior tour operator,vantage travels,"['hotels', 'communication skills', 'tourism', 'travel', 'marketing', 'tours', 'sales skills', 'inbound', 'inbound tourism']",on-site,full time,experienced,,1 month ago,2.0,nasr city,cairo,egypt
operations manager,vantage travels,"['inbound packages', 'tourism', 'travel arrangements', 'travel', 'travel itinerares', 'logistics operations', 'hotels', 'nile cruises', 'travel agency']",on-site,full time,manager,,1 month ago,3.0,nasr city,cairo,egypt
ai lead,makkook.ai,"['ai', 'computer science', 'information technology (it)', 'agile', 'computer vision', 'ml/dl/rl', 'optimization algorithms']",on-site,full time,manager,,1 month ago,3.0,maadi,cairo,egypt
cost accountant,seven spices company,"['food production', 'food safety management', 'raw materials management', 'accounting', 'cost accounting', 'finance', 'inventory management', 'budgeting', 'financial reporting']",on-site,full time,experienced,,1 month ago,2.0,10th of ramadan city,cairo,egypt
senior interior designer (design manager),egy uniform architects + designs,"['interior design', '3dmax', 'vray', 'corona', 'team management', 'information technology (it)', '3ds max', 'adobe photoshop']",on-site,full time,manager,,1 month ago,3.0,nasr city,cairo,egypt
senior social media coordinator,rescounts,"['e-marketing', 'social media strategy', 'content creation', 'marketing analytics', 'community management', 'seo', 'sem', 'digital advertising', 'brand management']",remote,full time,experienced,,1 month ago,2.0,cairo,cairo,egypt
construction project & planning manager,egy uniform architects + designs,"['management', 'planning', 'project management', 'primavera', 'microsoft project', 'engineering', 'construction']",on-site,full time,manager,,1 month ago,3.0,nasr city,cairo,egypt
sap enterprise asset management (eam) consultant,intrasoft me,"['sap', 'eam', 'accounts payable', 'computer science', 'information technology (it)', 'sap pa']",hybrid,freelance / project,experienced,,1 month ago,2.0,cairo,cairo,egypt
administrative assistant,mma accounting office,"['office management', 'secretary', 'microsoft office', 'accounting', 'english', 'administration', 'arabic', 'admin']",on-site,full time,experienced,,1 month ago,2.0,heliopolis,cairo,egypt
club owner rep manager,igi-group,"['business administration', 'hospitality management', 'facility management', 'engineering', 'sports management', 'club management', 'sports academies']",on-site,full time,manager,,1 month ago,3.0,6th of october,giza,egypt
system administrator,premium card,"['information technology (it)', 'system administration', 'system administrator']",on-site,full time,entry level,,1 month ago,1.0,dokki,giza,egypt
technical office engineer (revit) (interior scope),egy uniform architects + designs,"['revit', 'revit bim', 'bim modeling', 'engineering', 'architectural engineering', 'microsoft office', 'architecture', 'autocad', 'computer science']",on-site,full time,experienced,,1 month ago,2.0,nasr city,cairo,egypt
customer service (3+ yrs in construction industry),aswaq,"['construction', 'customer care', 'customer service', 'customer support', 'real estate', 'development', 'communication']",on-site,full time,experienced,,1 month ago,2.0,shorouk city,cairo,egypt
export sales manager,al amal co. for trade & agencies,"['export', 'export sales', 'customer service', 'sales', 'sales target']",on-site,full time,manager,,1 month ago,3.0,6th of october,giza,egypt
data engineer,osloop development,"['data engineering', 'etl', 'sql', 'python', 'workflow automation', 'data modeling', 'database management', 'data integration', 'problem solving']",on-site,full time,experienced,,1 month ago,2.0,fleming,alexandria,egypt
operator,3d diagnostix,"['production', 'operations', 'agriculture', 'science', 'engineering', 'scan', '3d printing', 'english']",on-site,full time,entry level,,1 month ago,1.0,maadi,cairo,egypt
sales & business developer,ark for construction and engineering,"['business development', 'sales', 'sales target', 'excellent communication', 'negotiation skills', 'strong presentation', 'microsoft office suite', 'familiarity with construction contracts and tendering processes is an advantage']",on-site,full time,experienced,,1 month ago,2.0,new nozha,cairo,egypt
call center quality specialist (medical background),saudi german hospital,"['call center', 'customer care', 'customer service', 'customer support', 'medical', 'quality assurance']",on-site,full time,experienced,,1 month ago,2.0,nozha,cairo,egypt
customer service specialist,el ezz for construction and trading,"['customer care', 'customer service', 'customer support', 'sales', 'communication skills', 'problem-solving', 'conflict resolution', 'data entry']",on-site,full time,experienced,,1 month ago,2.0,cairo,cairo,egypt
marketing manager,power fast eg,"['marketing', 'social media', 'market research', 'technology', 'sales', 'projects', 'online marketing']",on-site,full time,manager,,1 month ago,3.0,giza,giza,egypt
direct materials & procurement supervisor,savola,"['supply chain', 'procurement', 'purchasing', 'logistics', 'commerce', 'contracting', 'engineering']",on-site,full time,experienced,,1 month ago,2.0,new cairo,cairo,egypt
quality control manager,confidential,"['quality', 'quality control', 'quality assurance', 'engineering', 'production', 'english', 'iso']",on-site,full time,manager,,1 month ago,3.0,salam city,cairo,egypt
administrative secretary,eco cycle,"['administration', 'office management', 'organizational skills', 'communication skills', 'time management', 'microsoft office suite', 'record keeping', 'scheduling', 'attention to detail']",on-site,full time,experienced,,1 month ago,2.0,6th of october,giza,egypt
production manager,confidential,"['engineering', 'production', 'manufacturing', 'management', 'communication skills', 'communication', 'to']",on-site,full time,manager,,1 month ago,3.0,khanka,qalubia,egypt
team leader engineer (procurement & tendering ) civil or arch,aswaq,"['tendering', 'procurement', 'shop drawings', 'civil engineering', 'autocad', 'architecture', 'revit', 'construction', 'engineering']",on-site,full time,experienced,,1 month ago,2.0,shorouk city,cairo,egypt
personal assistant,faid alnaam,"['administration', 'microsoft office', 'office management', 'calendar management', 'travel coordination', 'communication', 'problem solving']",on-site,full time,manager,,1 month ago,3.0,new cairo,cairo,egypt
logistics specialist,rameda,"['logistics', 'supply chain', 'purchasing', 'procurement', 'shipping']",on-site,full time,experienced,,1 month ago,2.0,6th of october,giza,egypt
digital marketer,confidential,"['digital marketing', 'marketing', 'social media', 'e-marketing', 'ai', 'digital advertising', 'digital sales', 'online marketing']",remote,full time,experienced,,1 month ago,2.0,cairo,cairo,egypt
outdoor sales executive,catalyst for leather products and advertising,"['customer service', 'sales target', 'advertising', 'communication', 'outdoor sales', 'sales']",on-site,full time,experienced,,1 month ago,2.0,maadi,cairo,egypt
procurement manager- engineer,confidential,"['engineering', 'procurement', 'supply chain', 'construction engineering', 'civil engineering', 'architectural engineering', 'fit-out']",on-site,full time,manager,,1 month ago,3.0,heliopolis,cairo,egypt
telesales agent,odootec,"['customer service', 'telesales', 'sales', 'odoo erp']",hybrid,full time,experienced,,1 month ago,2.0,cairo,cairo,egypt
odoo presales consultant,odootec,"['computer science', 'english', 'erp', 'software', 'presales', 'communication skills', 'accounting', 'software development']",hybrid,full time,experienced,,1 month ago,2.0,new cairo,cairo,egypt
technical manager,asquared,"['engineering', 'project management', 'construction', 'civil engineering', 'technical office', 'leadership', 'architectural engineering', 'technical office engineering', 'technical management']",on-site,full time,manager,,1 month ago,3.0,new cairo,cairo,egypt
digital content designer,egec,"['digital marketing', 'marketing', 'e-marketing', 'social media', 'graphic design', 'adobe illustrator', 'content creation']",on-site,full time,experienced,,1 month ago,2.0,haram,giza,egypt
odoo developer,confidential,"['information technology (it)', 'odoo', 'computer science', 'css', 'engineering', 'html', 'javascript', 'postgresql', 'python']",on-site,full time,experienced,,1 month ago,2.0,mokattam,cairo,egypt
it technical support specialist,idaco,"['techanical support', 'maintain computers']",on-site,full time,entry level,,1 month ago,1.0,6th of october,giza,egypt
sales & bd engineer,professional service - proserv,"['engineering', 'sales target', 'communication', 'construction', 'mechanical', 'microsoft office', 'negotiation', 'sales']",on-site,full time,experienced,,1 month ago,2.0,new cairo,cairo,egypt
regulatory affairs specialist ( supplements ),egyptian company for cosmetics,"['registration', 'regulatory affairs', 'administration', 'pharmacy', 'customs clearance', 'clearances', 'pharmaceutical regulations']",on-site,full time,entry level,,1 month ago,1.0,nasr city,cairo,egypt
presales consultant,link development,"['computer science', 'information technology (it)', 'presales', 'business analysis', 'consulting', 'management', 'sales', 'rfp', 'software implementation']",hybrid,full time,experienced,,1 month ago,2.0,maadi,cairo,egypt
video editor,futuremoney,"['adobe premiere', 'video editing', 'after effects', 'capcut', 'davinci resolve', 'canva', 'figma', 'motion graphics']",remote,full time,experienced,,1 month ago,2.0,cairo,cairo,egypt
hr manager,link talent support,"['hr', 'human resources (hr)', 'microsoft office', 'recruitment', 'personnel', 'administration', 'business administration', 'hr systems']",on-site,full time,manager,,1 month ago,3.0,dokki,giza,egypt
r&d formulation unit head,rameda,"['science', 'pharmacy', 'research', 'pharmaceutical', 'production', 'preformulation', 'r&d']",on-site,full time,manager,,1 month ago,3.0,6th of october,giza,egypt
medical manager /dentist,shiny white dental center,"['medical', 'healthcare', 'dentistry', 'management', 'leadership', 'medical director', 'english', 'communication']",on-site,full time,manager,,1 month ago,3.0,cairo,cairo,egypt
personnel officer,confidential,"['human resources (hr)', 'microsoft office', 'personnel management', 'recruitment', 'employee relations', 'onboarding', 'hr policies', 'compliance']",on-site,full time,experienced,,1 month ago,2.0,6th of october,giza,egypt
medical representative - giza,prt scientific office,"['pharmacy', 'veterinary', 'medicine', 'sales', 'pharmaceutical', 'cosmetics', 'science']",on-site,full time,entry level,,1 month ago,1.0,haram,giza,egypt
r&d engineer- home appliances,mar group egypt,"['home appliances', 'r&d', 'research and development', 'engineering', 'design', 'mechanical', 'mechanical engineering']",on-site,full time,experienced,,1 month ago,2.0,obour city,cairo,egypt
chairman office manager,s g d,"['administration', 'office management', 'business', 'management', 'secretary', 'assistant', 'personal assistant']",on-site,full time,manager,,1 month ago,3.0,mohandessin,giza,egypt
senior procurement civil engineer,national electricity technology co.,"['civil engineering', 'procurement', 'engineering', 'power station', 'supply chain', 'contracts']",on-site,full time,manager,,1 month ago,3.0,agouza,giza,egypt
electrical technical office engineer,asc for construction and engineering,"['electrical design', 'autocad', 'boq preparation', 'technical reporting', 'project coordination', 'technical documentation', 'revit', 'construction standards compliance', 'communication']",on-site,full time,experienced,,1 month ago,2.0,nasr city,cairo,egypt
wholesale manager,dakahlia group,"['sales', 'wholesale', 'distribution', 'sales target', 'b2b', 'management', 'negotiation', 'retail']",on-site,full time,manager,,1 month ago,3.0,nasr city,cairo,egypt
hr & administration senior executive,3dimension,"['human resources (hr)', 'administration', 'hr', 'problem solving', 'contract administration', 'microsoft office', 'talent acquisition']",on-site,full time,experienced,,1 month ago,2.0,haram,giza,egypt
sales technical interior engineer,confidential,"['sales', 'b2b sales', 'interior design', 'technical sales', 'autocad', 'sketchup', 'customer relations']",on-site,full time,entry level,,1 month ago,1.0,new cairo,cairo,egypt
ceo personal assistant,lavaloon,"['administration', 'microsoft office', 'office management', 'excutive assistant', 'time management', 'multitasking', 'communication']",on-site,full time,experienced,,1 month ago,2.0,nasr city,cairo,egypt
business development head - b2b,master group,"['business administration', 'communication', 'digital marketing', 'management', 'market research', 'marketing campaigns', 'marketing', 'sales']",remote,full time,manager,,1 month ago,3.0,cairo,cairo,egypt
key account executive - big farms,imaxy,"['negotiation', 'communication', 'marketing', 'strategy planning', 'market research', 'agriculture']",hybrid,full time,experienced,,1 month ago,2.0,cairo,cairo,egypt
call center audit,yodawy,"['customer care', 'call center', 'customer service', 'quality assurance', 'communication skills', 'attention to detail', 'data analysis', 'problem solving']",on-site,full time,entry level,,1 month ago,1.0,giza,giza,egypt
receptionist & admin officer,otic,"['administration', 'microsoft office', 'office management', 'commerce', 'customer relations']",on-site,full time,entry level,,1 month ago,1.0,cairo,cairo,egypt
internal audit supervisor - e2e,tank,"['internal auditing', 'problem solving', 'risk assessment', 'regulatory compliance', 'internal controls', 'audit planning', 'report writing', 'team leadership', 'analytical thinking']",on-site,full time,manager,,1 month ago,3.0,10th of ramadan city,cairo,egypt
quality control lead,tawfeer,"['quality assurance', 'quality control', 'process improvement', 'root cause analysis', 'lean manufacturing', 'six sigma', 'team leadership', 'data analysis', 'inspection procedures']",on-site,full time,manager,,1 month ago,3.0,maadi,cairo,egypt
head of human resource,confidential,"['hr', 'hr management', 'microsoft office', 'human resources', 'communication', 'management', 'personnel management']",on-site,full time,manager,,1 month ago,3.0,dokki,giza,egypt
hse section head,confidential,"['health and safety management', 'training and development', 'health, safety and environment', 'safety', 'fire safety', 'occupational safety and health administration (osha)', 'environment, health, and safety (ehs)']",on-site,full time,experienced,,1 month ago,2.0,6th of october,giza,egypt
full stack software developer,stradigimc,"['computer science', 'asp.net']",remote,full time,experienced,,1 month ago,2.0,cairo,cairo,egypt
sales manager,flex asepto,"['sales', 'business development', 'sales target achievement', 'team leadership', 'strategic planning', 'market analysis', 'customer relationship management', 'negotiation']",on-site,full time,senior management,,1 month ago,,6th of october,giza,egypt
maintenance manager – concentrates & iqf,el banna group company,"['maintenance', 'preventive maintenance', 'electrical maintenance', 'maintenance engineering', 'business planning', 'management', 'production']",on-site,full time,manager,,1 month ago,3.0,alsadat city,monufya,egypt
business development engineer,taqa water,"['business development', 'sales', 'market research', 'client relationship management', 'analytical thinking', 'communication', 'project management']",on-site,full time,entry level,,1 month ago,1.0,maadi,cairo,egypt
associate production manager,dabur,"['manufacturing', 'mechanical', 'cosmetic dentistry', 'engineering', 'production', 'sap', 'fmcg']",on-site,full time,experienced,,1 month ago,2.0,10th of ramadan city,sharqia,egypt
merchandiser supervisor,elabd foods,"['merchandising', 'sales']",on-site,full time,experienced,,1 month ago,2.0,abu rawash,giza,egypt
junior architect,global designs,"['architecture', 'information technology (it)', 'engineering', 'autocad', 'design', 'revit', 'adobe photoshop', 'rhino', 'grasshopper']",on-site,full time,entry level,,1 month ago,1.0,heliopolis,cairo,egypt
growth manager,seven,"['management', 'strategic thinking', 'marketing', 'customer satisfaction']",on-site,full time,manager,,1 month ago,3.0,new cairo,cairo,egypt
bim coordinator,stradigimc,"['bim', 'engineering', 'digital construction', 'autodesk revit', 'autodesk navisworks']",remote,full time,experienced,,1 month ago,2.0,cairo,cairo,egypt
international sales assistant & digital marketing,confidential,"['e-commerce & digital marketing specialist with sales support', 'digital marketing & business development executive (e-commerce & automation)', 'digital marketing assistant', 'business development', 'communication', 'crm', 'digital marketing']",remote,full time,experienced,,1 month ago,2.0,cairo,cairo,egypt
accountant – accounts receivable (ar),tristar cargo system,"['accounting', 'accounts receivable', 'ar']",on-site,full time,experienced,,1 month ago,2.0,sheraton,cairo,egypt
fleet country manager,confidential,"['logistics', 'management', 'supply chain']",on-site,full time,manager,,1 month ago,3.0,new cairo,cairo,egypt
ai technical presales consultant,link development,"['computer science', 'engineering', 'information technology (it)', 'science', 'technical', 'technical support', 'ai', 'sales']",hybrid,full time,experienced,,1 month ago,2.0,maadi,cairo,egypt
accounts payable accountant,savola,"['accounts payable', 'account reconciliation', 'invoice processing', 'accounting', 'finance', 'accounting software', 'financial', 'financial analysis', 'microsoft office']",on-site,full time,entry level,,1 month ago,1.0,new cairo,cairo,egypt
it specialist,el-ahlyia health care for medical supplies,"['computer science', 'information technology (it)', 'technical support', 'it service management', 'engineering']",on-site,full time,entry level,,1 month ago,1.0,sheraton,cairo,egypt
it manager,etisal for advanced industries,"['computer science', 'information technology (it)', 'computer engineering']",on-site,full time,manager,,1 month ago,3.0,6th of october,giza,egypt
sr.procurement engineer,conserv,"['architecture engineering', 'architecture', 'construction', 'civil', 'engineering', 'fit out', 'finishing', 'procurement']",hybrid,full time,experienced,,1 month ago,2.0,new cairo,cairo,egypt
software developer,hits solutions,"['information technology (it)', 'computer science', 'engineering', 'computer engineering', 'integration', 'software development', 'software engineering', 'json']",on-site,full time,entry level,,1 month ago,1.0,nasr city,cairo,egypt
architect,confidential,"['autocad', 'architecture', 'engineering', 'architectural engineering', 'computer science', 'construction', 'information technology (it)', 'revit', 'shop drawings']",on-site,full time,entry level,,1 month ago,1.0,cairo,cairo,egypt
hse supervisor,egytrans,"['engineering', 'hse', 'safety', 'risk assessment', 'logistics', 'microsoft office']",on-site,full time,experienced,,1 month ago,2.0,agami,alexandria,egypt
senior site engineer,elsafwa for construction and touristic development,"['site engineering', 'architectural engineering', 'civil engineering', 'autocad', 'primavera', 'architecture', 'computer science', 'information technology (it)', 'engineering']",on-site,full time,experienced,,1 month ago,2.0,katameya,cairo,egypt
head of operations,pyramids transport,"['leadership', 'communication', 'management', 'logistics', 'supply chain', 'strategy', 'logistics management', 'supply chain optimization', 'operational strategy']",on-site,full time,senior management,,1 month ago,,katameya,cairo,egypt
senior procurement engineer,el mohandess print house,"['procurement', 'purchasing', 'logistics', 'supply chain', 'engineering', 'erp', 'english']",on-site,full time,experienced,,1 month ago,2.0,10th of ramadan city,sharqia,egypt
sales engineer (elv),protech,"['sales', '* strong communication and negotiation skills.', 'pre-sales', 'communication', 'engineering', 'negotiation', 'sales target', 'security']",on-site,full time,experienced,,1 month ago,2.0,mokattam,cairo,egypt
administrative & digital marketing officer,elganaini,"['business administration', 'human resources (hr)', 'digital marketing', 'social media']",on-site,full time,experienced,,1 month ago,2.0,mokattam,cairo,egypt
b2b sales executive,confidential,"['b2b sales', 'business development', 'client acquisition', 'negotiation', 'account management', 'project sales', 'microsoft office', 'outdoor sales', 'sales']",on-site,full time,experienced,,1 month ago,2.0,new cairo,cairo,egypt
media performance senior officer,global academic foundation hosting university of hertfordshire uh,"['e-marketing', 'social media', 'marketing', 'advertising media', 'media relations']",on-site,full time,experienced,,1 month ago,2.0,new capital,cairo,egypt
python integration engineer,allendevaux company,"['python', 'api', 'ci/cd', 'json', 'aws', 'azure']",hybrid,full time,experienced,,1 month ago,2.0,san stefano,alexandria,egypt
technical author,allendevaux company,"['restapi', 'json', 'yaml', 'drawio', 'visio', 'git', 'information gathering skills', 'software development']",hybrid,full time,experienced,,1 month ago,2.0,san stefano,alexandria,egypt
medical representative ( commercial excellence executive ),egyptian company for cosmetics,"['pharmaceutical sales', 'medical representative', 'commercial excellence', 'business development', 'sales strategy', 'market analysis', 'client relationship management']",hybrid,full time,experienced,,1 month ago,2.0,giza,giza,egypt
freelance ai-assisted software qa tester (per project),roaya,"['software engineering', 'ai', 'testing', 'qa']",remote,freelance / project,experienced,,1 month ago,2.0,maadi,cairo,egypt
internal audit manager,your parts,"['accounting', 'auditing', 'financial analysis']",on-site,full time,manager,,1 month ago,3.0,maadi,cairo,egypt
industrial engineer (work study & production improvement),swiss garment company,"['industrial engineering', 'work study', 'time study', 'ready-made garments', 'garment manufacturing', 'production improvement', 'process optimization', 'lean manufacturing', 'efficiency analysis']",on-site,full time,experienced,,1 month ago,2.0,10th of ramadan city,sharqia,egypt
inventory accountant (fresh graduate),confidential,"['accounting', 'finance', 'financial analysis', 'inventory management', 'data entry', 'microsoft excel', 'general ledger', 'reconciliation', 'communication']",on-site,full time,entry level,,1 month ago,1.0,giza,giza,egypt
qa/ process improvement specialist (not a software testing position),fixed solutions,"['quality assurance', 'process engineering', 'cmmi', 'ms office', 'qa', 'computer science', 'analysis', 'six sigma']",hybrid,full time,experienced,,1 month ago,2.0,cairo,cairo,egypt
co-teacher,malvern college egypt,"['teaching', 'education', 'british education', 'english', 'learning', 'co-teacher']",on-site,full time,experienced,,1 month ago,2.0,katameya,cairo,egypt
performance marketing specialist,toy time,"['marketing', 'e-marketing', 'social media']",remote,part time,experienced,,1 month ago,2.0,cairo,cairo,egypt
media operations coordinator,crew media service,"['microsoft office', 'reporting', 'time management', 'operations management', 'data analysis', 'communication skills', 'organizational skills', 'attention to detail']",on-site,full time,entry level,,1 month ago,1.0,cairo,cairo,egypt
senior accountant,oils and grains llc,"['accounting', 'finance', 'ap', 'ar', 'erp', 'financial analysis', 'financial management', 'financial statements', 'microsoft excel']",on-site,full time,experienced,,1 month ago,2.0,new cairo,cairo,egypt
performance management & kpi office manager,xai technology,"['administration', 'microsoft office', 'office management', 'management', 'performance management', 'business administration', 'communication']",on-site,full time,manager,,1 month ago,3.0,new cairo,cairo,egypt
graphic designer,fixed solutions,"['design', 'graphic design']",remote,part time,experienced,,1 month ago,2.0,cairo,cairo,egypt
sales executive,ala academy,"['sales', 'sales target', 'customer service', 'business development', 'communication', 'customer relations', 'crm', 'development']",on-site,full time,entry level,,1 month ago,1.0,cairo,cairo,egypt
air freight sales manager,first global logistics,"['air freight', 'freight forwarding', 'logistics', 'sales', 'sales management', 'business development', 'logistics management', 'logistics operations']",on-site,full time,manager,,1 month ago,3.0,sheraton,cairo,egypt
electrical maintenance engineer,gazala steel fabrication gsf,"['electrical maintenance', 'maintenance']",on-site,full time,entry level,,1 month ago,1.0,10th of ramadan city,cairo,egypt
"seo, aso & growth lifecycle support specialist",sabika,"['adobe photoshop', 'digital marketing', 'facebook ads', 'seo', 'google analytics', 'marketing']",on-site,full time,experienced,,1 month ago,2.0,maadi,cairo,egypt
engineering manager – retail company,confidential,"['engineering', 'retail']",on-site,full time,manager,,1 month ago,3.0,new cairo,cairo,egypt
accountant,new marina plast,"['financial reporting', 'budgeting and forecasting', 'general ledger management', 'analytical thinking', 'attention to detail', 'accounting software proficiency', 'internal controls', 'audit coordination', 'time management']",on-site,full time,experienced,,1 month ago,2.0,bourj alarab,alexandria,egypt
customer success specialist,basharsoft,"['customer care', 'customer service', 'customer success', 'customer support', 'call center', 'communication', 'recruitment']",hybrid,full time,entry level,,1 month ago,1.0,cairo,cairo,egypt
senior sales account manager (wuzzuf),basharsoft,"['sales', 'sales target']",hybrid,full time,experienced,,1 month ago,2.0,maadi,cairo,egypt
primary english teacher,confidential,"['teaching', 'education', 'school teacher', 'pgce', 'pgde', 'international school', 'english language teaching', 'primary education', 'curriculum development']",on-site,full time,entry level,,1 month ago,1.0,shorouk city,cairo,egypt
digital marketing strategist,renewable energy pros,"['digital marketing', 'b2b marketing', 'e-marketing', 'social media', 'social media strategy', 'content strategy', 'brand marketing']",on-site,full time,manager,,1 month ago,3.0,new cairo,cairo,egypt
senior media buyer,sabika,"['digital marketing', 'social media', 'marketing', 'communication', 'google ads', 'ads', 'google analytics', 'media buying']",on-site,full time,experienced,,1 month ago,2.0,cairo,cairo,egypt
deputy chief officer operation.,xai technology,"['management', 'technology', 'administration', 'leadership management', 'business development', 'communication', 'engineering', 'planning']",on-site,full time,experienced,,1 month ago,2.0,cairo,cairo,egypt
recruiter (for blue collars),gazala steel fabrication gsf,"['human resources (hr)', 'recruitment', 'talent acquisition']",on-site,full time,experienced,,1 month ago,2.0,new cairo,cairo,egypt
sales executive,technopedia.io,"['b2b sales', 'business development', 'lead generation', 'closing deals', 'account manager', 'client relationship management', 'negotiation', 'sales executive']",on-site,full time,entry level,,1 month ago,1.0,heliopolis,cairo,egypt
senior laravel developer,34ml,"['computer science', 'software development', 'information technology (it)', 'software engineering', 'mvc', 'engineering', 'git']",hybrid,full time,experienced,,1 month ago,2.0,heliopolis,cairo,egypt
business development manager- egypt & gcc,bluebell pharmaceuticals,"['business development', 'sales', 'online marketing', 'online sales', 'e-commerce', 'business unit management', 'cosmeceuticals']",hybrid,full time,manager,,1 month ago,3.0,maadi,cairo,egypt
"call center agent, and moderator",qpol fawry,"['agent', 'call center agent', 'customer service', 'call center', 'communication', 'customer', 'crm', 'customer care']",on-site,full time,experienced,,1 month ago,2.0,dokki,giza,egypt
site planning engineer,taqa water,"['planning', 'engineering', 'civil engineering', 'construction', 'mechanical', 'erp', 'sap']",on-site,full time,entry level,,1 month ago,1.0,maadi,cairo,egypt
accountant (accounts receivables),zamil steel buildings co,"['accounting', 'finance', 'treasury', 'accountant', 'commerce', 'oracle', 'microsoft excel', 'financial analysis', 'accounts receivables']",on-site,full time,experienced,,1 month ago,2.0,6th of october,giza,egypt
tendering engineer,adcons,"['electrical engineering', 'engineering', 'mechanical engineering', 'tendering', 'autocad', 'civil engineering', 'construction']",on-site,full time,experienced,,1 month ago,2.0,cairo,cairo,egypt
technical office engineer,adcons,"['engineering', 'microsoft office', 'technical office', 'autocad', 'civil engineering', 'communication', 'computer science']",on-site,full time,experienced,,1 month ago,2.0,cairo,cairo,egypt
procurement section head,el ezz for construction and trading,"['engineering', 'management', 'civil engineering', 'procurement', 'supply chain management', 'vendor management', 'contract negotiation']",on-site,full time,experienced,,1 month ago,2.0,cairo,cairo,egypt
director of engineering – after sales service,masria group,"['engineering', 'mechanical, electrical, or production engineering', 'customer service', 'leadership', 'mechanical', 'communication', 'production', 'sales']",on-site,full time,senior management,,1 month ago,,obour city,cairo,egypt
medical network coordinator,confidential,"['administration', 'communication', 'communication skills', 'english', 'insurance', 'medical', 'microsoft office']",on-site,full time,entry level,,1 month ago,1.0,giza,giza,egypt
3d architecture animator,imaker,"['autodesk 3ds max', 'architecture', 'design', 'autocad', 'blender', 'blender 3d', 'cinema 4d']",on-site,full time,experienced,,1 month ago,2.0,new cairo,cairo,egypt
senior hr (government relation) fashion sector.,confidential,"['personnel management', 'human resources (hr)', 'microsoft office', 'recruitment', 'government relations', 'egyptian labor law', 'employee relations']",on-site,full time,manager,,1 month ago,3.0,giza,giza,egypt
marketing and client relations executive,dancing bean,"['marketing', 'market research', 'social media', 'public relations (pr)', 'writing', 'design', 'client relationships']",on-site,full time,experienced,,1 month ago,2.0,heliopolis,cairo,egypt
human resources recruiter,el mansour development,"['human resources (hr)', 'recruitment', 'microsoft office', 'business administration', 'administration', 'communication', 'human resources', 'interviewing', 'personnel']",on-site,full time,experienced,,1 month ago,2.0,mokattam,cairo,egypt
erp consultant (microsoft dynamics ax 2012 / d365),allamna integrated solutions,"['dynamics ax', 'erp', 'microsoft dynamics']",on-site,full time,entry level,,1 month ago,1.0,cairo,cairo,egypt
design review manager,riseup (endemag for administrative skills development),"['design', 'engineering', 'project management', 'architecture', 'construction', 'management', 'marketing']",hybrid,full time,entry level,,1 month ago,1.0,maadi,cairo,egypt
مدير الحسابات (accounting manager),فلوروز,"['المعرفة بالأنظمة الضريبية.', 'القدرة على تحليل roas وroi وros', 'إجادة excel بمستوى متقدم', 'إجادة erp', 'إعداد الميزانيات والتوقعات', 'إدارة أعمال التدقيق والمراجعة']",on-site,full time,manager,,1 month ago,3.0,maadi,cairo,egypt
accounts payable accountant (ap),eden agriculture investment,"['accounting', 'finance', 'ap', 'accounts payable', 'financial analysis', 'erp', 'tax', 'agriculture', 'construction']",on-site,full time,experienced,,1 month ago,2.0,smart village,giza,egypt
accountant,refaat construction / baxter,"['odoo system', 'accounting', 'financial analysis']",on-site,full time,experienced,,1 month ago,2.0,new heliopolis,cairo,egypt
telesales executive,integrated printing solutions,"['copying', 'printers', 'archiving', 'maintenance contract', 'telesales', 'sales', 'customer service']",on-site,full time,experienced,,1 month ago,2.0,zamalek,cairo,egypt
electrical tendering & presales engineer,controware,"['electrical engineering', 'presales', 'tendering', 'sales', 'engineering', 'technical proposals', 'proposals', 'spare parts']",on-site,full time,experienced,,1 month ago,2.0,maadi,cairo,egypt
real estate agent,we add for real estate,"['real estate', 'sales target', 'sales', 'negotiation', 'customer service', 'market research', 'communication', 'lead generation', 'property management software']",on-site,full time,entry level,,1 month ago,1.0,cairo,cairo,egypt
hse engineer - bisco misr,arma-hsa,"['hse', 'engineering', 'health, safety and environment', 'nebosh', 'osha', 'communication', 'manufacturing', 'ms office', 'quality control']",on-site,full time,experienced,,1 month ago,2.0,matareya,cairo,egypt
backend node js developer,objects,"['computer science', 'information technology (it)', 'node.js', 'software development', 'software engineering', 'computer engineering', 'javascript', 'nestjs']",hybrid,full time,experienced,,1 month ago,2.0,alexandria,alexandria,egypt
ecosystem & business development manager,nile university,"['business development', 'development', 'partnerships', 'fundraising', 'communication']",on-site,full time,manager,,2 months ago,3.0,giza,giza,egypt
projects manager engineer,mena tradex,"['mechanical engineering', 'engineering', 'project management', 'projects', 'communication', 'computer science', 'construction', 'design', 'information technology (it)']",hybrid,full time,experienced,,2 months ago,2.0,heliopolis,cairo,egypt
medical representative,macro group,"['pharmacy', 'chemistry', 'medical', 'pharma', 'sales', 'science', 'communication']",on-site,full time,entry level,,2 months ago,1.0,nasr city,cairo,egypt
senior graphic designer,modupay,"['graphic design', 'illustrator', 'adobe illustrator', 'adobe photoshop', 'creative', 'design', 'adobe illustrator']",on-site,full time,experienced,,2 months ago,2.0,10th of ramadan city,sharqia,egypt
production centre manager – food manufacturing,master bakehouse,"['manufacturing', 'production', 'management', 'food production', 'food science', 'food safety management', 'food safety management system']",on-site,full time,manager,,2 months ago,3.0,heliopolis,cairo,egypt
senior b2b sales manager – food manufacturing (bakery & horeca),master bakehouse,"['client acquisition', 'client relations', 'bakery', 'sales', 'b2b sales', 'manufacturing', 'sales target']",on-site,full time,manager,,2 months ago,3.0,heliopolis,cairo,egypt
construction accountant,khater sports group,"['construction accounting', 'financial reporting', 'budget management', 'cost control', 'gaap', 'erp systems', 'microsoft excel', 'project accounting', 'variance analysis']",on-site,full time,experienced,,2 months ago,2.0,nasr city,cairo,egypt
assistant branch manager,land blue,"['administration', 'office management', 'microsoft office', 'communication', 'management']",on-site,full time,entry level,,2 months ago,1.0,cairo,cairo,egypt
relations manager,tawasoa factoring,"['business development', 'business administration', 'business planning', 'client relation', 'relationship building', 'client support', 'client relationship management']",on-site,full time,manager,,2 months ago,3.0,sheraton,cairo,egypt
civil engineer,el teriak industrial group,"['architecture', 'civil engineering', 'construction', 'engineering', 'autocad', 'microsoft office']",on-site,full time,experienced,,2 months ago,2.0,6th of october,giza,egypt
accounting supervisor,nile university,"['accounting', 'finance', 'financial management', 'financial analysis', 'erp', 'communication', 'erp system', 'management', 'microsoft dynamics']",on-site,full time,manager,,2 months ago,3.0,sheikh zayed,giza,egypt
project engineer,energya power and telecom solutions elsewedy helal,"['engineering', 'project']",on-site,full time,manager,,2 months ago,3.0,cairo,cairo,egypt
electrical site manager,energya power and telecom solutions elsewedy helal,"['electrical engineering', 'engineering']",on-site,full time,manager,,2 months ago,3.0,cairo,cairo,egypt
substation project manager,energya power and telecom solutions elsewedy helal,"['project', 'project management', 'substation']",on-site,full time,manager,,2 months ago,3.0,cairo,cairo,egypt
b2b sales representative,kemet for trading ltd,"['account management', 'b2b', 'communication', 'crm', 'customer care', 'customer service', 'marketing']",remote,full time,experienced,,2 months ago,2.0,cairo,cairo,egypt
sales representative,b. g. karim for medical supplies,"['sales', 'customer service', 'communication', 'negotiation', 'product', 'sales target', 'training']",on-site,full time,entry level,,2 months ago,1.0,cairo,cairo,egypt
medical sales representative,b. g. karim for medical supplies,"['customer service', 'medical', 'medical sales', 'sales', 'negotiation', 'pharmacy', 'sales target', 'veterinary']",on-site,full time,entry level,,2 months ago,1.0,cairo,cairo,egypt
export sales specialist,zohour for exporting agricultural crops,"['marketing', 'sales', 'export sales', 'export', 'sales target', 'international trade', 'logistics']",on-site,full time,entry level,,2 months ago,1.0,smouha,alexandria,egypt
demand planning manager,alarabia group,"['demand planning', 'planning', 'inventory management', 'forcasting', 'marketing', 'business administration', 'business planning', 'engineering']",on-site,full time,manager,,2 months ago,3.0,cairo,cairo,egypt
internal audit manager,el banna group company,"['auditing', 'financial analysis', 'finance', 'accounting', 'administration', 'business administration', 'cia']",on-site,full time,manager,,2 months ago,3.0,10th of ramadan city,sharqia,egypt
key account manager / account manager (b2b ),confidential,"['customer service', 'communication', 'business administration', 'sales', 'sales target', 'crm system', 'b2b relationship']",on-site,full time,experienced,,2 months ago,2.0,6th of october,giza,egypt
indoor sales representatives or outdoor sales,elzaghal co,"['sales negotiation', 'customer relationship management', 'teamwork', 'crm software proficiency', 'automotive spare parts', 'automotive sales', 'cars sales', 'spare parts', 'spare parts sales']",on-site,full time,experienced,,2 months ago,2.0,shubra,cairo,egypt
warehouse manager,elzaghal co,"['logistics management', 'supply chain optimization', 'warehousing operations', 'inventory control', 'team leadership', 'operations management', 'procurement']",on-site,full time,experienced,,2 months ago,2.0,shubra,cairo,egypt
offline english instructor,berlitz egypt,"['english language', 'languages', 'linguistics', 'translation', 'training', 'teaching', 'education', 'communication skills']",on-site,part time,entry level,,2 months ago,1.0,6th of october,giza,egypt
travel advisor,ldc travel,"['sales', 'travel', 'customer service', 'sales operations', 'communication', 'customer care', 'booking', 'customer support', 'ticketing']",hybrid,full time,entry level,,2 months ago,1.0,cairo,cairo,egypt
infrastructure design engineer,cred developments,"['design', 'engineering', 'infrastructure design', 'autocad', 'civil engineering', 'communication', 'computer science', 'information technology (it)']",on-site,full time,experienced,,2 months ago,2.0,new cairo,cairo,egypt
key account manager – general trade (gt/ir) sector – upper egypt,rushbrush inc,"['sales representative', 'communication', 'sales target', 'sales', 'negotiation skills', 'english', 'microsoft office', 'negotiation', 'sales skills']",on-site,full time,experienced,,2 months ago,2.0,assiut,assiut,egypt
senior hr generalist,dakahlia group,"['hr', 'human resources (hr)', 'personnel', 'recruitment']",on-site,full time,experienced,,2 months ago,2.0,10th of ramadan city,sharqia,egypt
senior chemical sales specialist – alexandria based,horizon chemical for special chemicals,"['raw materials', 'sales', 'chemistry', 'chemical engineering', 'raw material', 'industrial raw materials', 'factories', 'outdoor sales']",on-site,full time,experienced,,2 months ago,2.0,stanley,alexandria,egypt
human resource business partner,dakahlia group,"['human resources (hr)', 'business administration', 'talent management', 'hr', 'communication', 'development', 'management', 'microsoft office', 'recruitment']",on-site,full time,manager,,2 months ago,3.0,nasr city,cairo,egypt
hr dentist partner,shiny white dental center,"['business administration', 'human resources (hr)', 'recruitment', 'hr', 'time scheduling', 'training management', 'onboarding']",on-site,full time,experienced,,2 months ago,2.0,cairo,cairo,egypt
english customer support representative/technical support,etisal international,"['customer support', 'technical support', 'technical assistance', 'problem solving', 'troubleshooting', 'client satisfaction', 'communication skills', 'outsourcing industry', 'ticketing system']",on-site,full time,entry level,,2 months ago,1.0,cairo,cairo,egypt
sales representative supplies,cairoscan,"['biomedical engineering', 'sales strategy', 'sales target achievement', 'technical sales', 'medical device sales', 'client relationship management', 'product demonstrations']",on-site,full time,experienced,,2 months ago,2.0,assiut,assiut,egypt
senior property consultant,afnan developments,"['real estate', 'property', 'sales target', 'sales', 'negotiation', 'client relationship management', 'market analysis', 'communication', 'lead generation']",hybrid,full time,experienced,,2 months ago,2.0,sheikh zayed,giza,egypt
talent acquisition manager,alarabia group,"['sourcing', 'interviewing', 'recruitment', 'talent acquisition', 'administration', 'business administration', 'human resources', 'human resources (hr)', 'leadership']",on-site,full time,manager,,2 months ago,3.0,10th of ramadan city,cairo,egypt
tendering and procurement engineer,lvls construction company,"['procurement', 'contract engineering', 'architecture', 'purchasing', 'to', 'architecture engineering', 'subcontractor management', 'contract negotiation', 'interior finishing']",on-site,full time,experienced,,2 months ago,2.0,sheikh zayed,giza,egypt
architect,fusion form,"['architecture', 'engineering', 'revit', 'autocad', 'adobe photoshop']",on-site,full time,experienced,,2 months ago,2.0,maadi,cairo,egypt
activity manager,canadian international school,"['business administration', 'admin', 'marketing', 'students trips', 'students activites', 'administration', 'project management']",on-site,full time,manager,,2 months ago,3.0,new cairo,cairo,egypt
office manager,confidential,"['administration', 'secretary', 'receptionist', 'office management', 'communication']",on-site,full time,entry level,,2 months ago,1.0,maadi,cairo,egypt
purchasing manager,main marks,"['procurement', 'purchasing', 'vendor management', 'negotiation', 'supply chain management', 'inventory management', 'contract management', 'strategic sourcing', 'cost reduction']",on-site,full time,manager,,2 months ago,3.0,new cairo,cairo,egypt
executive shadow to ceo,insylos llc,"['microsoft office', 'google workspace', 'claude', 'chatgpt', 'calendly', 'administration', 'communication', 'office management']",hybrid,full time,entry level,,2 months ago,1.0,cairo,cairo,egypt
technical office engineer - aluminum works,metalo,"['2d', 'design', 'engineering', 'architecture', 'shop drawings', 'ms office', 'estimation', 'applied arts']",on-site,full time,experienced,,2 months ago,2.0,abu rawash,giza,egypt
graphic designer,caldo e. freddo,"['adobe illustrator', 'adobe photoshop', 'graphic design', 'design', 'branding', 'typography', 'layout design', 'visual communication', 'creativity']",on-site,full time,experienced,,2 months ago,2.0,haram,giza,egypt
export manager (iqf – frozen fruits & vegetables),confidential,"['export', 'logistics', 'sales', 'supply chain', 'agriculture', 'business development', 'communication']",on-site,full time,manager,,2 months ago,3.0,10th of ramadan city,sharqia,egypt
logistics manager (export background),confidential,"['export', 'logistics', 'supply chain', 'management', 'administration', 'business administration', 'purchasing']",on-site,full time,manager,,2 months ago,3.0,10th of ramadan city,sharqia,egypt
mid-level manual qa engineer,vertex technologies,"['manual testing', 'test case design', 'bug tracking', 'regression testing', 'functional testing', 'analytical skills', 'problem-solving', 'communication']",on-site,full time,experienced,,2 months ago,2.0,cairo,cairo,egypt
junior manual qa engineer,vertex technologies,"['manual testing', 'bug tracking', 'regression testing', 'analytical thinking', 'attention to detail', 'sdlc knowledge', 'communication', 'teamwork']",on-site,full time,entry level,,2 months ago,1.0,cairo,cairo,egypt
weighing section head,confidential,"['management', 'microsoft office']",on-site,full time,manager,,2 months ago,3.0,6th of october,giza,egypt
export manager – citrus concentrates,soudanco,"['communication', 'logistics', 'export', 'sales', 'business development', 'agriculture engineering', 'food & beverage']",on-site,full time,manager,,2 months ago,3.0,manakh,port said,egypt
senior litigation legal specialist,tank,"['litigation', 'administration', 'permits', 'certifications', 'governmental authorities']",on-site,full time,experienced,,2 months ago,2.0,new nozha,cairo,egypt
tax assistant manager,tank,"['accounting', 'finance', 'compliance', 'tax', 'erp', 'microsoft excel']",on-site,full time,manager,,2 months ago,3.0,new nozha,cairo,egypt
head of account management,confidential,"['management', 'account management', 'customer service', 'sales target', 'operations management', 'crm', 'customer relations']",on-site,full time,manager,,2 months ago,3.0,sheraton,cairo,egypt
software sales specialist,simple touch software,"['sales', 'crm', 'sales skills', 'business development', 'software', 'communication', 'erp', 'customer service']",hybrid,full time,experienced,,2 months ago,2.0,maadi,cairo,egypt
electrical light current sales manager,confidential,"['engineering', 'electrical engineering', 'communication skills', 'sales skills', 'sales', 'communication', 'sales target']",on-site,full time,manager,,2 months ago,3.0,giza,giza,egypt
infrastructure engineer,link international,"['engineering', 'infrastructure engineering', 'mechanical engineering', 'electrical engineering', 'project management', 'autocad', 'revit', 'hvac systems', 'plumbing systems']",on-site,full time,experienced,,2 months ago,2.0,hurghada,red sea,egypt
office manager,confidential,"['administration', 'ms office', 'planning', 'microsoft office']",on-site,full time,manager,,2 months ago,3.0,6th of october,giza,egypt
accountant,british university of egypt,"['accounting', 'accounts receivable', 'finance']",on-site,full time,entry level,,2 months ago,1.0,shorouk city,cairo,egypt
recruitment coordinator,orouba coffee,"['talent aquistision', 'hr', 'in-house recruiter  talent acquisition specialist', 'hiring specialist', 'f&b recruiter']",on-site,full time,experienced,,2 months ago,2.0,giza,giza,egypt
call center manager,etisalat egypt,"['call center', 'customer support', 'reporting analysis', 'kpi management', 'customer service managment']",on-site,full time,manager,,2 months ago,3.0,cairo,cairo,egypt
industrial sales engineer - conveyor systems,alsakr for trading and manufacturing of machinery and equipments,"['engineering', 'sales', 'industrial sales', 'sales target', 'systems', 'management', 'crm', 'mechatronics']",on-site,full time,experienced,,2 months ago,2.0,10th of ramadan city,sharqia,egypt
furniture showroom sales,manzzeli.com,"['retail', 'sales', 'sales target', 'b2b sales', 'b2b', 'corporate sales', 'crm', 'microsoft office', 'client relationship']",on-site,full time,entry level,,2 months ago,1.0,nasr city,cairo,egypt
mts enterprise annual bootcamp 2026 - quality control,mts-it,"['software testing life cycle', 'api testing']",on-site,internship,entry level,,2 months ago,1.0,maadi,cairo,egypt
mts enterprise annual bootcamp software development,mts-it,"['software development', 'java software development']",on-site,internship,entry level,,2 months ago,1.0,maadi,cairo,egypt
sales manager,confidential,"['indoor sales', 'sales', 'communication', 'fashion', 'leadership', 'negotiation', 'retail', 'sales target']",on-site,full time,experienced,,2 months ago,2.0,cairo,cairo,egypt
finance manager,semak,"['accounting', 'finance', 'financial analysis', 'financial management', 'budgeting', 'cma', 'erp']",on-site,full time,manager,,2 months ago,3.0,dokki,giza,egypt
commercial sales manager,united elite company,"['commercial sales', 'sales', 'sales target', 'administration', 'business administration', 'business development', 'communication']",remote,full time,manager,,2 months ago,3.0,cairo,cairo,egypt
remote tele sales representative,united elite company,"['sales', 'customer support', 'customer service', 'communication', 'negotiation', 'telesales']",remote,full time,experienced,,2 months ago,2.0,cairo,cairo,egypt
hr assistant,billqode,"['administration', 'human resources (hr)', 'microsoft office', 'office management', 'recruitment support', 'onboarding', 'data entry']",on-site,internship,entry level,,2 months ago,1.0,sheraton,cairo,egypt
cost engineer,riseup (endemag for administrative skills development),"['cost management', 'budgeting', 'financial analysis', 'cost estimation', 'project management', 'analytical thinking', 'reporting']",hybrid,full time,experienced,,2 months ago,2.0,maadi,cairo,egypt
customer service clerk,caldo e. freddo,"['sales', 'customer support', 'customer care', 'communication', 'problem-solving', 'active listening', 'conflict resolution', 'crm software', 'time management']",on-site,full time,experienced,,2 months ago,2.0,haram,giza,egypt
networks & it technical trainer,gb corp,"['networks', 'computer science', 'technical support', 'networking', 'cisco', 'training', 'information technology (it)']",on-site,full time,entry level,,2 months ago,1.0,15th may city,cairo,egypt
customer service administrator,eltarek group,"['business development', 'e-marketing', 'social media', 'customer service', 'crm', 'communication', 'management']",on-site,full time,experienced,,2 months ago,2.0,alibrahimiyyah,alexandria,egypt
business developer - sales,zain,"['sales field', 'business development', 'sales', 'sales target', 'software development', 'outdoor sales', 'client relationship management', 'negotiation']",on-site,full time,entry level,,2 months ago,1.0,maadi,cairo,egypt
senior marketing manager,twindix global inc.,"['marketing strategy', 'organic social media', 'viral content', 'short-form video', 'concentration', 'tiktok marketing', 'instagram reels', 'youtube shorts', 'social media growth']",remote,full time,senior management,,2 months ago,,cairo,cairo,egypt
workforce & planning specialist,etisalat egypt,"['workforce', 'planning', 'resource planning', 'data analysis', 'reporting', 'performance analysis', 'scheduling', 'proplem solving', 'forecasting']",on-site,full time,experienced,,2 months ago,2.0,cairo,cairo,egypt
محاسب,شركة أون تايم للخدمات اللوجستية,"['المحاسبة', 'microsoft excel', 'البرامج المحاسبية']",on-site,full time,experienced,,2 months ago,2.0,beni suef,beni suef,egypt
senior graphic designer,confidential,"['adobe illustrator', 'design', 'graphic design', 'adobe photoshop']",on-site,full time,experienced,,2 months ago,2.0,alexandria,alexandria,egypt
oracle developer,el mohandess print house,"['oracle pl/sql', 'database design', 'data modeling', 'problem solving', 'oracle reports', 'oracle forms']",on-site,full time,entry level,,2 months ago,1.0,10th of ramadan city,sharqia,egypt
sales engineer - wiring devices,sas for electrical industries company,"['customer service', 'sales target achievement', 'sales strategy', 'product knowledge (wiring devices)', 'client relationship management', 'negotiation', 'communication skills']",hybrid,full time,entry level,,2 months ago,1.0,cairo,cairo,egypt
hr supervisor,istinara,"['human resources (hr)', 'personnel', 'microsoft office', 'recruitment', 'hr policies', 'hr systems', 'leadership']",on-site,full time,experienced,,2 months ago,2.0,cairo,cairo,egypt
it specialist,adcons,"['computer science', 'customer service', 'information technology (it)', 'network', 'network administration', 'technical support', 'troubleshooting', 'system troubleshooting', 'hardware installation']",on-site,full time,entry level,,2 months ago,1.0,cairo,cairo,egypt
java developer,afaqy,"['java se', 'computer science', 'computer engineering', 'information technology (it)', 'java ee', 'socket programming', 'spring framework', 'maven']",hybrid,full time,experienced,,2 months ago,2.0,maadi,cairo,egypt
senior graphic designer,majestic pharmaceuticals,"['adobe illustrator', 'adobe photoshop', 'graphic design', 'design', 'adobe illustrator', 'branding', 'typography', 'layout design']",on-site,full time,experienced,,2 months ago,2.0,new cairo,cairo,egypt
head chef | fine dining | libya,alrafahiya,"['team leadership', 'hospitality', 'hospitality management', 'english fluency', 'communication', 'international cuisine', 'kitchen management', 'guest experience', 'cooking']",on-site,full time,manager,,2 months ago,3.0,cairo,cairo,egypt
sales representative,nile tex for trading and marketing,"['sales', 'sales target', 'customer service', 'spare parts']",on-site,full time,entry level,,2 months ago,1.0,sheraton,cairo,egypt
b2b sales manager– industrial,arma-hsa,"['b2b', 'b2b sales', 'sales', 'communication', 'negotiation', 'sales target']",on-site,full time,manager,,2 months ago,3.0,new cairo,cairo,egypt
senior mechanical design engineer - electrical panels,electratec for electric industries,"['mechanical design', 'sheet metal']",on-site,full time,experienced,,2 months ago,2.0,10th of ramadan city,cairo,egypt
project accountant,concrete plus,"['accounting', 'finance', 'microsoft excel', 'financial', 'financial analysis', 'financial management', 'erp', 'financial reporting', 'reporting']",on-site,full time,experienced,,2 months ago,2.0,new cairo,cairo,egypt
area sales manager - wiring devices,sas for electrical industries company,"['business development', 'crm', 'customer service', 'management', 'negotiation', 'sales', 'sales target']",hybrid,full time,manager,,2 months ago,3.0,cairo,cairo,egypt
math teacher,alalson azhari language schools,"['education', 'math', 'mathematics', 'teaching']",on-site,full time,entry level,,2 months ago,1.0,giza,giza,egypt
senior accountant,filkhedma,"['accounting', 'finance', 'financial analysis', 'financial management']",on-site,full time,experienced,,2 months ago,2.0,cairo,cairo,egypt
procurement engineer,tepco s.a.e.,"['engineering', 'erp', 'logistics', 'procurement', 'purchasing', 'sap', 'supply chain', 'shipping', 'manufacturing']",on-site,full time,experienced,,2 months ago,2.0,obour city,cairo,egypt
interior designer,elsafwa for construction and touristic development,"['autocad', 'design', 'interior design', 'furniture design', 'interior designer 3dsmax lumion modeling render revit software vray']",on-site,full time,experienced,,2 months ago,2.0,new cairo,cairo,egypt
supply chain manager,joy glass,"['purchasing', 'supply chain', 'supply', 'procurement', 'planning', 'management', 'logistics']",on-site,full time,manager,,2 months ago,3.0,6th of october,giza,egypt
export supply chain manager,confidential,"['supply chain', 'supply', 'purchasing', 'logistics', 'export', 'erp', 'management']",on-site,full time,manager,,2 months ago,3.0,10th of ramadan city,sharqia,egypt
site technical office section head,dme holding,"['engineering', 'technical office', 'autocad', 'construction', 'architecture', 'civil engineering', 'management', 'microsoft office', 'quantity surveying']",on-site,full time,manager,,2 months ago,3.0,6th of october,giza,egypt
senior bim mechanical engineer,arx developments,"['autocad', 'design', 'bim', 'engineering', 'mechanical', 'mechanical engineering', 'revit', 'electrical engineering']",on-site,full time,experienced,,2 months ago,2.0,cairo,cairo,egypt
payroll specialist,ego - group,"['human resources (hr)', 'personnel', 'payroll']",on-site,full time,experienced,,2 months ago,2.0,heliopolis,cairo,egypt
sales engineer-instrumentation,rms,"['engineering', 'sales target', 'sales']",on-site,full time,experienced,,2 months ago,2.0,mohandessin,giza,egypt
hr administrative assistant,dora management solutions,"['administration', 'microsoft office', 'office management', 'hr', 'excel', 'powerpoint', 'word', 'data entry']",on-site,full time,entry level,,2 months ago,1.0,sheraton,cairo,egypt
receptionist,petrogina trading,"['administration', 'receptionist', 'customer service', 'communication skills', 'organizational skills', 'time management', 'microsoft office suite', 'problem-solving', 'interpersonal skills']",on-site,full time,experienced,,2 months ago,2.0,giza,giza,egypt
erp specialist,confidential,"['erp', 'computer science', 'information technology (it)', 'erp software', 'software development']",hybrid,part time,manager,,2 months ago,3.0,abu rawash,giza,egypt
senior export sales specialist,nature's rule egypt llc,"['export', 'export sales', 'logistics', 'sales', 'sales target', 'international trade', 'customer relationship management']",on-site,full time,experienced,,2 months ago,2.0,new cairo,cairo,egypt
student life specialist,nile university,"['administration', 'student affairs', 'student activities']",on-site,full time,experienced,,2 months ago,2.0,sheikh zayed,giza,egypt
unit distribution manager (quena),arma-hsa,"['identifying and evaluating opportunities', 'problem-solving', 'commitment', 'sales', 'sales field', 'sales target', 'sales planning', 'sales management']",on-site,full time,manager,,2 months ago,3.0,nagaa hammadi,qena,egypt
senior sales consultant,design2key,"['real estate', 'sales', 'sales target', 'communication', 'selling']",on-site,full time,experienced,,2 months ago,2.0,cairo,cairo,egypt
senior tour operator - inbound department,travco group,"['tour', 'tourism', 'travel', 'customer service', 'customer support']",on-site,full time,experienced,,2 months ago,2.0,sheikh zayed,giza,egypt
interior design engineer,hadecon for decoration,"['interior design', 'architectural design', 'architecture design', 'computer science', 'design', 'drawing', 'engineering', 'information technology (it)']",on-site,full time,experienced,,2 months ago,2.0,nozha,cairo,egypt
medical sales representative - maadi,orthomedics,"['medical', 'medical sales', 'sales', 'sales target', 'medical devices sales', 'outdoor sales', 'veterinary medicine']",on-site,part time,entry level,,2 months ago,1.0,maadi,cairo,egypt
storekeeper,orthomedics,"['supply chain', 'storekeeping', 'logistics', 'documentation', 'management', 'warehouse management', 'warehousing']",on-site,full time,entry level,,2 months ago,1.0,heliopolis,cairo,egypt
senior internal auditor,kreston,"['accounting', 'auditing', 'business administration', 'finance', 'financial analysis', 'risk management', 'cia']",on-site,full time,experienced,,2 months ago,2.0,cairo,cairo,egypt
senior backend engineer (node.js / nestjs / typescript),tech technology,"['node.js', 'software development', 'software engineering', 'typescript', 'nest', 'architecture', 'aws', 'computer science']",remote,full time,experienced,,2 months ago,2.0,cairo,cairo,egypt
senior logistic specialist,turbo compression,"['supply chain optimization', 'logistics management', 'vendor management', 'problem solving', 'team leadership', 'process improvement', 'erp and logistics software', 'negotiation']",on-site,full time,experienced,,2 months ago,2.0,heliopolis,cairo,egypt
"hr specialist (recruitment, personnel & payroll)",confidential,"['hr', 'hr specialist', 'human resources (hr)', 'microsoft office', 'payroll', 'personnel', 'recruitment', 'talent acquisition', 'hr systems']",on-site,full time,experienced,,2 months ago,2.0,cairo,cairo,egypt
sales & pr representative,confidential,"['customer service', 'sales target', 'sales', 'pr']",on-site,full time,entry level,,2 months ago,1.0,cairo,cairo,egypt
experienced manufacturing engineer,confidential,"['engineering', 'mechanical engineering', 'production', 'manufacturing', 'process optimization', 'lean manufacturing', 'quality control']",on-site,full time,experienced,,2 months ago,2.0,alexandria,alexandria,egypt
senior cost accountant,kandil glass,"['business analysis', 'finance analysis', 'accounting', 'cost accounting', 'cost analysis', 'cost', 'finance', 'analytical']",on-site,full time,experienced,,2 months ago,2.0,10th of ramadan city,cairo,egypt
hr business partner,confidential,"['human resources (hr)', 'recruitment']",on-site,full time,experienced,,2 months ago,2.0,6th of october,giza,egypt
hr business partner (located in damietta),confidential,"['human resources (hr)', 'recruitment']",on-site,full time,experienced,,2 months ago,2.0,new damietta,damietta,egypt
insurance account executive,partner & more,"['customer support', 'customer service', 'medical insurance', 'communication']",on-site,full time,entry level,,2 months ago,1.0,heliopolis,cairo,egypt
hr manager,gazala steel fabrication gsf,"['human resources (hr)', 'recruitment']",on-site,full time,manager,,2 months ago,3.0,new cairo,cairo,egypt
group talent acquistion manager,gazala steel fabrication gsf,"['talent management', 'recruitment', 'mass hire']",on-site,full time,manager,,2 months ago,3.0,new cairo,cairo,egypt
mechanical technical office engineer,high art,"['mechanical engineering', 'mechanical', 'plumbing', 'autocad', 'construction', 'design', 'maintenance', 'technical office']",on-site,full time,experienced,,2 months ago,2.0,sheraton,cairo,egypt
dental sales & service engineer (imaging & cad/cam),confidential,"['cam', 'engineering', 'sales', 'dental', 'digital imaging', 'medical engineering', 'medical sales']",on-site,full time,entry level,,2 months ago,1.0,nasr city,cairo,egypt
export sales executive,confidential,"['export', 'export sales', 'sales']",on-site,full time,experienced,,2 months ago,2.0,smouha,alexandria,egypt
business development manager,mhi for trading & contracting,"['business development', 'marketing', 'sales']",on-site,full time,manager,,2 months ago,3.0,new cairo,cairo,egypt
civil procurement engineer,sinoma-cdi,"['civil engineering', 'procurement', 'purchasing', 'supply chain', 'civil', 'engineering', 'english', 'architecture']",on-site,full time,entry level,,2 months ago,1.0,new cairo,cairo,egypt
sap erp section head,confidential,"['enterprise resource planning', 'erp', 'sap', 'project management', 'erp implementation', 'information technology (it)']",on-site,full time,senior management,,2 months ago,,new cairo,cairo,egypt
information systems department manager,confidential,"['information systems', 'computer science', 'project management']",on-site,full time,senior management,,2 months ago,,new cairo,cairo,egypt
senior mechanical engineer,barrier21,"['engineering', 'mechanical engineering', 'cad software', 'fea analysis', 'prototyping', 'design optimization', 'project management', 'problem-solving', 'technical documentation']",on-site,full time,experienced,,2 months ago,2.0,new cairo,cairo,egypt
general accountant,confidential,"['accounting', 'finance', 'accounting software', 'financial analysis', 'financial management', 'ifrs']",on-site,full time,experienced,,2 months ago,2.0,nasr city,cairo,egypt
logistics coordinator,adispatcher,"['customer service', 'limoanywhere', 'communication', 'logistics', 'microsoft office', 'supply chain', 'transportation']",on-site,full time,entry level,,2 months ago,1.0,6th of october,giza,egypt
seo analyst,pyramids pharmacy,"['digital marketing', 'seo']",remote,freelance / project,experienced,,2 months ago,2.0,sheikh zayed,giza,egypt
senior compensation & benefits specialist,ivein clinic,"['compensation', 'human resources (hr)', 'payroll', 'personnel']",on-site,full time,experienced,,2 months ago,2.0,mahta alraml,alexandria,egypt
production engineer,khedr company for integrated industries,"['production', 'manufacturing', 'engineering', 'maintenance', 'management', 'mechanical engineering', 'safety', 'troubleshooting']",on-site,full time,experienced,,2 months ago,2.0,10th of ramadan city,sharqia,egypt
chief medical officer,ivein clinic,"['clinical leadership', 'healthcare management', 'team supervision', 'quality assurance', 'strategic planning', 'regulatory compliance', 'patient care', 'data analysis', 'management']",on-site,full time,senior management,,2 months ago,,new cairo,cairo,egypt
sales account manager,soemi,"['b2b', 'b2b sales', 'communication', 'management', 'negotiation', 'sales target', 'sales', 'account management']",on-site,full time,manager,,2 months ago,3.0,heliopolis,cairo,egypt
senior django developer,techjump,"['computer science', 'django', 'information technology (it)', 'software development', 'software engineering', 'python', 'restful apis', 'postgresql']",remote,full time,experienced,,2 months ago,2.0,alexandria,alexandria,egypt
sales account executive,colorama coatings,"['sales', 'chemistry', 'communication', 'negotiation', 'organizational planning', 'technical support']",hybrid,full time,entry level,,2 months ago,1.0,obour city,cairo,egypt
senior logistics and shipping,aig,"['logistics', 'shipping', 'supply chain', 'logistics operations', 'logistics management', 'import', 'warehousing management', 'odoo']",on-site,full time,experienced,,2 months ago,2.0,maadi,cairo,egypt
technical office architect engineer,link international,"['autocad', 'cad', 'construction', 'engineering', 'technical office', 'technical', 'architectural engineering', 'architecture']",on-site,full time,experienced,,2 months ago,2.0,cairo,cairo,egypt
senior structure technical office,link international,"['autocad', 'structure', 'technical office', 'civil engineering']",on-site,full time,manager,,2 months ago,3.0,hurghada,red sea,egypt
production engineer,confidential,"['engineering', 'mechanical engineering', 'production', 'manufacturing']",on-site,full time,experienced,,2 months ago,2.0,nasr city,cairo,egypt
call center agent (b1+ english speakers) | new account,etisalat egypt,"['call center', 'customer care', 'customer service', 'customer support', 'english', 'customer relations', 'custom clearance', 'customs clearance', 'customer satisfaction']",on-site,full time,entry level,,2 months ago,1.0,new nozha,cairo,egypt
quality assurance analyst,medexera,"['quality assurance', 'qa', 'communication', 'monitoring', 'quality control']",on-site,full time,experienced,,2 months ago,2.0,new cairo,cairo,egypt
b2b sales executive – industrial solutions (alexandria),trust engineering company,"['b2b', 'b2b sales', 'sales', 'sales target', 'communication', 'negotiation', 'crm']",on-site,full time,entry level,,2 months ago,1.0,cairo,cairo,egypt
b2b sales executive – industrial solutions (cairo),trust engineering company,"['b2b', 'b2b sales', 'sales', 'sales target', 'communication', 'crm', 'negotiation']",on-site,full time,entry level,,2 months ago,1.0,cairo,cairo,egypt
executive assistant for ceo,master global,"['administration', 'management', 'office management', 'microsoft office', 'technical assistance', 'customer support']",on-site,full time,experienced,,2 months ago,2.0,cairo,cairo,egypt
product specialist (laboratory medical devices),adi egypt,"['product management', 'market research', 'cross-functional collaboration', 'data analysis', 'communication', 'presentation skills', 'problem solving', 'customer focus']",on-site,full time,experienced,,2 months ago,2.0,cairo,cairo,egypt
head of office administration,arkania,"['team leadership', 'budget management', 'office administration', 'problem solving', 'organizational skills', 'communication']",on-site,full time,manager,,2 months ago,3.0,mansoura,dakahlia,egypt
sales manager – automotive business operations (sharm el sheikh),petro group automotive,"['customer service', 'sales target', 'sales']",on-site,full time,manager,,2 months ago,3.0,sharm alsheikh,south sinai,egypt
video creator,hook solutions,"['video editing', 'video montage', 'video production', 'video creation', 'video shooting', 'videography']",on-site,full time,experienced,,2 months ago,2.0,cairo,cairo,egypt
senior hr generalist,professional service - proserv,"['hr', 'human resources (hr)', 'organization development', 'performance management', ""kpi's"", 'employee relations', 'hris', 'management', 'od']",on-site,full time,experienced,,2 months ago,2.0,dokki,giza,egypt
finance & insurance (f&i) manager automotive,petro group automotive,"['finance', 'financial analysis', 'sales', 'accounting']",on-site,full time,manager,,2 months ago,3.0,moharam bek,alexandria,egypt
customer service manager,eldawlia scan,"['customer service', 'customer support']",on-site,full time,manager,,2 months ago,3.0,heliopolis,cairo,egypt
senior coordinator,mcv - obour,"['administration', 'coordination', 'project management', 'microsoft office', 'engineering']",on-site,full time,experienced,,2 months ago,2.0,obour city,cairo,egypt
backend developer,charisma design,"['agile', 'computer science', 'api', 'information technology (it)', 'php', 'laravel', 'software development']",on-site,full time,experienced,,2 months ago,2.0,nasr city,cairo,egypt
procurement & sales specialist,house babylon,"['procurement', 'sales target', 'sales', 'purchasing', 'negotiation', 'fashion retail', 'fashion sales']",on-site,full time,experienced,,2 months ago,2.0,cairo,cairo,egypt
graphic designer intern,autovroom,"['creative', 'premiere', 'adobe illustrator', 'adobe photoshop', 'adobe premiere', 'communication', 'design', 'graphic design']",hybrid,internship,student,,2 months ago,,obour city,cairo,egypt
ocean freight commercial specialist,first global logistics,"['ocean freight', 'logistics', 'supply chain', 'shipping', 'commercial sales', 'pricing', 'freight forwarding']",on-site,full time,experienced,,2 months ago,2.0,sheraton,cairo,egypt
sales representative – alexandria,petro group automotive,"['sales', 'customer care', 'sales target']",on-site,full time,experienced,,2 months ago,2.0,moharam bek,alexandria,egypt
senior technical office architect,confidential,"['architecture', 'engineering', 'technical office', 'autocad', 'bim', 'communication', 'construction', 'design']",on-site,full time,experienced,,2 months ago,2.0,sheraton,cairo,egypt
senior technical office architect engineer,egygab developments,"['architectural engineering', 'technical office', 'bim', 'autocad software', 'bim modeling', 'technical office engineering', 'bim software', 'autodesk revit']",on-site,full time,experienced,,2 months ago,2.0,heliopolis,cairo,egypt
photographer & videographer intern,autovroom,"['photography', 'videography', 'adobe premiere', 'lighting', 'camera angles', 'camera operation', 'creative', 'premiere']",hybrid,internship,student,,2 months ago,,obour city,cairo,egypt
video editor intern,autovroom,"['adobe photoshop', 'adobe premiere', 'creative', 'photography', 'premiere', 'video editing', 'after effects', 'motion graphics']",hybrid,internship,student,,2 months ago,,obour city,cairo,egypt
talent acquisition supervisor,bdo esnad,"['human resources (hr)', 'interviewing', 'recruitment', 'talent acquisition', 'hr', 'hr diploma', 'english', 'communication']",on-site,full time,manager,,2 months ago,3.0,mohandessin,giza,egypt
senior marketing specialist,confidential,"['e-marketing', 'english', 'social media', 'marketing', 'communication', 'public relations (pr)', 'digital marketing', 'business administration']",on-site,full time,experienced,,2 months ago,2.0,10th of ramadan city,cairo,egypt
senior brand manager (eva cosmetics),akhnaton trading and distribution - eva group limted,"['brand management', 'marketing', 'fmcg', 'personal care', 'brand']",on-site,full time,manager,,2 months ago,3.0,abdeen,cairo,egypt
sales teamleader,green island,"['real estate', 'sales target', 'sales', 'sales field', 'outdoor sales', 'indoor sales', 'sales planning']",on-site,full time,manager,,2 months ago,3.0,new cairo,cairo,egypt
treasury accountant,cairoscan,"['accounting', 'finance', 'treasury', 'financial analysis', 'cash management', 'risk management', 'financial reporting']",on-site,full time,experienced,,2 months ago,2.0,dokki,giza,egypt
technical office manager,confidential,"['technical office', 'autocad', 'construction', 'erp', 'engineering', 'management', 'microsoft office', 'administration', 'communication']",on-site,full time,manager,,2 months ago,3.0,aswan,aswan,egypt
architecture technical office engineer,core construction and finishing  egypt,"['architecture', 'autocad', 'engineering', 'microsoft office', 'technical office']",on-site,full time,experienced,,2 months ago,2.0,heliopolis,cairo,egypt
packaging lead,elabd foods,"['hadoop', 'docker']",on-site,full time,manager,,2 months ago,3.0,cairo,cairo,egypt
senior financial analyst,bdo esnad,"['accounting', 'financial', 'financial analysis', 'financial management']",on-site,full time,senior management,,2 months ago,,cairo,cairo,egypt
hvac maintenance engineer,el mohandess print house,"['hvac', 'maintenance', 'repair']",on-site,full time,experienced,,2 months ago,2.0,10th of ramadan city,sharqia,egypt
r&d engineer,elabd foods,"['r&d', 'engineering']",on-site,full time,experienced,,2 months ago,2.0,cairo,cairo,egypt
erp specialist (accountant),softex,"['erp', 'erp implementation']",on-site,full time,experienced,,2 months ago,2.0,cairo,cairo,egypt
design engineer,kandil steel,"['design', 'engineering']",on-site,full time,experienced,,2 months ago,2.0,10th of ramadan city,cairo,egypt
full-stack web developer,generator,"['php web development', 'web', 'web development', 'php', 'laravel', 'git']",on-site,full time,experienced,,2 months ago,2.0,heliopolis,cairo,egypt
last mile manager,misr no dust service,"['last mile delivery', 'logistics operations', 'courier management', 'logistics', 'startup', 'supply chain']",on-site,full time,manager,,2 months ago,3.0,abu rawash,giza,egypt
senior account manager,generator,"['customer service', 'marketing']",on-site,full time,experienced,,2 months ago,2.0,heliopolis,cairo,egypt
creative copywriter,generator,"['copywriting', 'creative', 'ux writing', 'branding', 'writing', 'marketing', 'content creation']",on-site,full time,experienced,,2 months ago,2.0,heliopolis,cairo,egypt
contract engineer,hyundai rotem,"['construction', 'contracting', 'engineering', 'microsoft office', 'contract management', 'civil engineering', 'fidic']",on-site,full time,experienced,,2 months ago,2.0,cairo,cairo,egypt
science teacher,badr tigers' modern language schools,"['teaching', 'chemistry', 'science', 'biology', 'physics', 'technology', 'communication', 'computer science']",on-site,full time,experienced,,2 months ago,2.0,hadayek october,giza,egypt
senior brand manager,confidential,"['brand marketing', 'branding', 'brand management', 'marketing', 'strategic planning', 'market research', 'product launch']",on-site,full time,experienced,,2 months ago,2.0,downtown,cairo,egypt
math teacher,badr tigers' modern language schools,"['math', 'mathematics', 'teaching', 'schools']",on-site,full time,experienced,,2 months ago,2.0,hadayek october,giza,egypt
asp.net developer (ai-assisted development),roaya,"['.net', 'ai', 'asp', 'asp.net', 'computer science', 'information technology (it)', 'development']",on-site,full time,experienced,,2 months ago,2.0,maadi,cairo,egypt
personnel specialist,national technology group,"['human resources (hr)', 'personnel']",on-site,full time,entry level,,2 months ago,1.0,6th of october,giza,egypt
treasury accountant,petromin,"['financial reporting', 'erp systems', 'data analysis', 'attention to detail', 'problem solving', 'communication', 'ifrs', 'finance', 'erp']",on-site,full time,entry level,,2 months ago,1.0,maadi,cairo,egypt
general ledger & taxation accountant,petromin,"['financial reporting', 'erp systems', 'data analysis', 'attention to detail', 'problem solving', 'communication', 'ifrs', 'finance', 'erp']",on-site,full time,entry level,,2 months ago,1.0,maadi,cairo,egypt
training coordinator,skillfield,"['training delivery', 'coordination', 'digital marketing', 'curriculum development', 'logistics management', 'communication skills', 'organizational skills', 'presentation skills', 'microsoft office suite']",on-site,full time,entry level,,2 months ago,1.0,cairo,cairo,egypt
sr.full stack java developer,clinizone,"['jwt/oauth2', 'java', 'software development', 'javascript', 'restful  apis and', 'microservices', 'fhir, hl7, dicom, cda, and ihe profiles.', 'maven/gradle, and ci/cd tools', 'angular']",remote,full time,experienced,,2 months ago,2.0,sheraton,cairo,egypt
maintenance manager (oil & gas),oil & gas services (free zone),"['preventive maintenance', 'maintenance engineering', 'commitment', 'problem-solving', 'communication skills', 'maintenance management', 'communication']",on-site,full time,manager,,2 months ago,3.0,cairo,cairo,egypt
rig mechanic,oil & gas services (free zone),"['rig mechanical maintenance', 'troubleshooting and diagnostics', 'preventive maintenance', 'team leadership', 'technical documentation', 'safety compliance', 'equipment inspection']",on-site,full time,experienced,,2 months ago,2.0,new cairo,cairo,egypt
storekeeper / warehouse manager (oil & gas),oil & gas services (free zone),"['organisation', 'warehouse', 'storkeeper', 'storage', 'logistics', 'inventory management', 'procurement']",on-site,full time,manager,,2 months ago,3.0,obour city,cairo,egypt
rig instrumentation engineer,oil & gas services (free zone),"['rig instrumentation maintenance', 'instrumentation engineering', 'troubleshooting', 'control systems', 'calibration', 'technical documentation', 'team collaboration']",on-site,full time,manager,,2 months ago,3.0,new cairo,cairo,egypt
product development lead,elabd foods,"['business development', 'development', 'product', 'product development']",on-site,full time,manager,,2 months ago,3.0,cairo,cairo,egypt
payroll team leader,concrete plus,"['payroll', 'compensation', 'human resources (hr)', 'administration', 'business administration', 'communication', 'construction', 'leadership', 'microsoft excel']",on-site,full time,manager,,2 months ago,3.0,new cairo,cairo,egypt
export sales supervisor – fresh fruits & vegetables,confidential,"['export', 'export sales', 'sales', 'vegetables', 'fresh produce', 'international trade', 'supply chain management', 'customer relationship management']",on-site,full time,manager,,2 months ago,3.0,new cairo,cairo,egypt
export sales supervisor - iqf fruits & vegetables,confidential,"['export', 'export sales', 'sales', 'vegetables', 'iqf products', 'international trade', 'customer relationship management', 'supply chain management']",on-site,full time,manager,,2 months ago,3.0,new cairo,cairo,egypt
export sales department head,beroia decor,"['manufacturing', 'sales', 'export', 'logistics', 'international trade', 'business development', 'market analysis', 'negotiation', 'strategic planning']",on-site,full time,manager,,2 months ago,3.0,new cairo,cairo,egypt
sales administrator,global brands,"['business administration', 'ms office', 'sales administrator', 'sales', 'office', 'ms excel', 'excel']",on-site,full time,experienced,,2 months ago,2.0,new cairo,cairo,egypt
tax accountant,al qaswaa,"['tax accounting', 'accounting', 'finance', 'tax']",on-site,full time,experienced,,2 months ago,2.0,maadi,cairo,egypt
quality control manager,icpm,"['quality control', 'communication', 'manufacturing']",on-site,full time,manager,,2 months ago,3.0,cairo,cairo,egypt
inventory supervisor,soudanco,"['warehouse operations', 'inventory management', 'data analysis', 'team leadership', 'problem solving', 'attention to detail', 'communication']",on-site,full time,experienced,,2 months ago,2.0,marg,cairo,egypt
senior safety & quality specialist,elsewedy electric,"['health, safety and environment', 'safety', 'quality control', 'communication', 'computer skills', 'auditing', 'engineering', 'management', 'quality assurance']",on-site,full time,experienced,,2 months ago,2.0,cairo,cairo,egypt
operational excellence section head (process improvement),b.tech,"['microsoft excel', 'process improvement', 'process design', 'administration', 'business administration', 'finance', 'human resources (hr)', 'microsoft office']",on-site,full time,manager,,2 months ago,3.0,new cairo,cairo,egypt
educational content developer,nass academy,"['content development', 'teaching', 'development', 'microsoft office']",on-site,full time,experienced,,2 months ago,2.0,mokattam,cairo,egypt
electrical maintenance engineer,confidential,"['electrical engineering', 'maintenance', 'industrial electrical systems', 'engineering', 'electrical installation', 'communication', 'electrical systems']",on-site,full time,experienced,,2 months ago,2.0,obour city,cairo,egypt
senior strategy analyst.,confidential,"['business analysis', 'strategy', 'analysis', 'business administration', 'computer science', 'engineering', 'mba', 'pmp']",on-site,full time,experienced,,2 months ago,2.0,cairo,cairo,egypt
senior sales account manager,ecosas international,"['sales', 'sales target', 'customer service', 'communication', 'engineering', 'management', 'negotiation', 'project management']",on-site,full time,experienced,,2 months ago,2.0,heliopolis,cairo,egypt
treasury senior specialist,tank,"['accounting', 'treasury', 'certified treasury professional', 'excel', 'erp system', 'erp', 'banking', 'communication', 'microsoft office']",on-site,full time,experienced,,2 months ago,2.0,new nozha,cairo,egypt
accounting department manager,confidential,"['accounting', 'erp', 'sap', 'construction', 'commerce', 'finance', 'financial', 'financial analysis', 'financial management']",on-site,full time,manager,,2 months ago,3.0,madinaty,cairo,egypt
maintenance engineer,wadi degla clubs,"['engineer', 'senior', 'maintenance engineer', 'maintenance', 'information technology (it)', 'mechanical engineering', 'engineering']",on-site,full time,experienced,,2 months ago,2.0,sheraton,cairo,egypt
senior sales engineer (fire alarm systems),mhi for trading & contracting,"['fire protection', 'fire alarm systems', 'fire alarm', 'sales']",on-site,full time,manager,,2 months ago,3.0,new cairo,cairo,egypt
"""technical office & site engineer (wpc & upvc)""",beroia decor,"['autocad', 'microsoft office', 'technical office']",on-site,full time,experienced,,2 months ago,2.0,new cairo,cairo,egypt
procurement section head,concrete plus,"['engineering', 'procurement', 'contract negotiation', 'vendor management', 'supply chain management', 'logistics', 'project management', 'cost control', 'risk management']",on-site,full time,senior management,,2 months ago,,new cairo,cairo,egypt
procurement manager,concrete plus,"['procurement', 'negotiation', 'subcontracts', 'suppliers', 'contract management', 'vendor relationship management', 'supply chain optimization', 'cost control', 'risk management']",on-site,full time,manager,,2 months ago,3.0,new cairo,cairo,egypt
b2b sales representative,wood workers,"['b2b sales', 'sales target', 'b2b', 'sales', 'client relationships', 'communication', 'negotiation', 'production', 'management']",remote,full time,experienced,,2 months ago,2.0,alexandria,alexandria,egypt
sales representative,najma,"['customer service', 'sales', 'sales target', 'market analysis', 'client relationship management', 'business development', 'communication']",hybrid,part time,entry level,,2 months ago,1.0,cairo,cairo,egypt
visual merchandiser,beroia decor,"['design', 'sales', 'visual merchandising', 'creative']",on-site,full time,experienced,,2 months ago,2.0,new cairo,cairo,egypt
sales engineer,bagnodesign misr,"['sales', 'retail sales', 'architecture', 'interior design', 'furniture design', 'bathroom design', 'kitchen design', 'landscape design']",on-site,full time,experienced,,2 months ago,2.0,new cairo,cairo,egypt
external auditor,confidential,"['financial analysis', 'report writing', 'analytical thinking', 'team collaboration', 'external auditing', 'risk assessment', 'ifrs']",on-site,full time,experienced,,2 months ago,2.0,nasr city,cairo,egypt
qa / software test engineer (ai-augmented testing),roaya,"['computer science', 'information technology (it)', 'qa', 'software development', 'software testing']",on-site,full time,experienced,,2 months ago,2.0,maadi,cairo,egypt
senior architecture technical engineer,beta developments,"['3ds max', 'autocad', 'revit', 'architecture', 'civil engineering', 'engineering', 'microsoft office', 'real estate']",on-site,full time,experienced,,2 months ago,2.0,6th of october,giza,egypt
marketing specialist,beroia decor,"['digital marketing', 'e-marketing', 'marketing strategy', 'social media marketing', 'content creation', 'digital advertising', 'seo']",on-site,full time,experienced,,2 months ago,2.0,new cairo,cairo,egypt
customer training engineer,confidential,"['engineering', 'training']",on-site,full time,experienced,,2 months ago,2.0,beheira,beheira,egypt
international tiktok live stream host,巧智未来（大连）文化传媒有限公司,"['live streamer', 'content creator', 'social media influencer', 'tiktok live host', 'live streaming platforms (tiktok, instagram reels)', 'fluent in arabic']",remote,full time,entry level,,2 months ago,1.0,cairo,cairo,egypt
senior human resources specialist,elsewedy electric,"['human resources', 'human resources (hr)', 'organization development', 'talent management', 'employee lifecycle', 'performance management', 'training', 'hr reporting', 'talent acquisition']",on-site,full time,experienced,,2 months ago,2.0,10th of ramadan city,cairo,egypt
content creation & social media specialist,waritex,"['advertising', 'content creation', 'digital marketing', 'seo', 'social media']",on-site,full time,experienced,,2 months ago,2.0,10th of ramadan city,sharqia,egypt
junior corporate sales associate (alexandria residence ),confidential,"['b2b sales', 'business development', 'account management', 'sales executive', 'sales associate', 'telesales', 'direct sales']",on-site,full time,entry level,,2 months ago,1.0,alexandria,alexandria,egypt
internal audit section head,dr.greiche,"['accounting', 'auditing', 'finance', 'external auditing', 'certified internal auditor', 'cia', 'management']",on-site,full time,experienced,,2 months ago,2.0,10th of ramadan city,sharqia,egypt
senior qa engineer,dr.greiche,"['engineering', 'qa', 'analysis', 'computer science', 'information technology (it)', 'manufacturing', 'mechanical', 'quality assurance']",on-site,full time,experienced,,2 months ago,2.0,10th of ramadan city,sharqia,egypt
technical support engineer,afaqy,"['computer hardware', 'software', 'technical support', 'microsoft sql server', 'information technology (it)', 'technical analysis', 'dba']",hybrid,full time,experienced,,2 months ago,2.0,maadi,cairo,egypt
sales administrator-real estate,darna for real estate & construction (drc),"['real estate', 'sales', 'sales target']",on-site,full time,experienced,,2 months ago,2.0,shorouk city,cairo,egypt
senior machine learning engineer,techjump,"['computer science', 'information technology (it)', 'machine learning', 'engineering', 'python', 'data science', 'deep learning', 'natural language processing (nlp)', 'model deployment']",hybrid,full time,experienced,,2 months ago,2.0,alexandria,alexandria,egypt
call center supervisor,alfa laboratories,"['call center', 'customer care', 'customer service', 'customer support', 'administration', 'communication', 'crm', 'management', 'microsoft office']",on-site,full time,experienced,,2 months ago,2.0,sheikh zayed,giza,egypt
project manager,yzh,"['computer science', 'information technology (it)', 'project', 'project management']",on-site,full time,experienced,,2 months ago,2.0,cairo,cairo,egypt
production supervisor,k line europe,"['manufacturing', 'production', 'quality control', 'industrial engineering', 'management', 'mechanical engineering', 'engineering', 'cad']",on-site,full time,experienced,,2 months ago,2.0,nasr city,cairo,egypt
corporate sales account executive,confidential,"['business development', 'account management', 'lead generation', 'contract negotiation', 'corporate sales', 'b2b sales', 'presentations', 'customer service', 'negotiation']",on-site,full time,experienced,,2 months ago,2.0,heliopolis,cairo,egypt
"telesales - sales representative, conferences",allan lloyds,"['sales', 'sponsorship', 'sales target', 'event management', 'events organizing', 'marketing', 'telesales']",hybrid,full time,entry level,,2 months ago,1.0,cairo,cairo,egypt
business development surveyor,contact interiors,"['business development', 'crm software', 'sales strategy', 'engineering principles', 'market research', 'client relationship management', 'negotiation']",on-site,full time,entry level,,2 months ago,1.0,heliopolis,cairo,egypt
technical sales engineer,contact interiors,"['sales', 'technical sales', 'engineering', 'client relationship management', 'product demonstrations', 'solution selling', 'negotiation', 'crm software']",on-site,full time,experienced,,2 months ago,2.0,heliopolis,cairo,egypt
quality manager,csi,"['engineering', 'quality assurance', 'quality control', 'construction', 'iso 9001', 'leadership', 'management']",on-site,full time,manager,,2 months ago,3.0,heliopolis,cairo,egypt
project controls lead,csi,"['project controls', 'project management', 'project', 'civil engineering', 'construction', 'cost control', 'engineering', 'management']",on-site,full time,manager,,2 months ago,3.0,heliopolis,cairo,egypt
sales account management team leader,basharsoft,"['sales', 'saas', 'account', 'management']",hybrid,full time,manager,,2 months ago,3.0,cairo,cairo,egypt
mid-level software tester,expert apps,"['quality control', 'information technology (it)', 'software development', 'software engineering', 'istqb', 'agile software', 'sql', 'microsoft tfs']",hybrid,full time,experienced,,2 months ago,2.0,maadi,cairo,egypt
admin officer.,cairo international for development and investment,"['admin', 'administration', 'office management', 'administrative', 'communication', 'microsoft office', 'management']",on-site,full time,experienced,,2 months ago,2.0,cairo,cairo,egypt
accountant.,cairo international for development and investment,"['account', 'customer service', 'sales', 'sales skills', 'sales target', 'account manager', 'accountant', 'accounting', 'finance']",on-site,full time,experienced,,2 months ago,2.0,cairo,cairo,egypt
junior civil engineer,csi,"['civil engineering', 'construction', 'engineering', 'architecture', 'autocad', 'communication', 'design']",on-site,full time,experienced,,2 months ago,2.0,heliopolis,cairo,egypt
b2b sales executive – events & production,confidential,"['b2b', 'b2b sales', 'production', 'sales', 'sales target', 'sales planning', 'event planning']",on-site,full time,experienced,,2 months ago,2.0,cairo,cairo,egypt
senior civil engineer,csi,"['civil engineering', 'engineering', 'analysis', 'autocad', 'communication', 'computer science', 'construction', 'design', 'information technology (it)']",on-site,full time,experienced,,2 months ago,2.0,heliopolis,cairo,egypt
cost accountant,abco group,"['accountant', 'accounting', 'cost', 'cost accountant', 'english', 'erp', 'excel', 'finance']",on-site,full time,entry level,,2 months ago,1.0,bourj alarab,alexandria,egypt
graphic designer & visual media specialist,waritex,"['adobe photoshop', 'design', 'graphic design', 'social media']",on-site,full time,experienced,,2 months ago,2.0,sharqia,sharqia,egypt
junior electrical design engineer,csi,"['electrical design', 'electrical engineering', 'engineering', 'design', 'autocad']",on-site,full time,experienced,,2 months ago,2.0,heliopolis,cairo,egypt
demand planning specialist,tank,"['demand planning', 'logistics', 'marketing', 'planning', 'supply chain']",on-site,full time,experienced,,2 months ago,2.0,nasr city,cairo,egypt
senior electrical design engineer,csi,"['engineering', 'electrical design', 'design']",on-site,full time,senior management,,2 months ago,,heliopolis,cairo,egypt
technical manager,tci,"['project management', 'information technology (it)', 'agile', 'architecture', 'communication', 'computer science', 'engineering', 'management']",remote,full time,experienced,,2 months ago,2.0,cairo,cairo,egypt
content & social media specialist,waritex,"['e-marketing', 'social media', 'marketing']",on-site,full time,experienced,,2 months ago,2.0,sharqia,sharqia,egypt
junior it technician,filmar nile textile,"['information technology (it)', 'computer science', 'software engineering', 'software development']",on-site,full time,entry level,,2 months ago,1.0,bourj alarab,alexandria,egypt
planning engineer,csi,"['engineering', 'planning', 'project management']",on-site,full time,experienced,,2 months ago,2.0,heliopolis,cairo,egypt
land surveyor,csi,"['engineering', 'land surveying', 'surveying', 'construction']",on-site,full time,manager,,2 months ago,3.0,heliopolis,cairo,egypt
sales specialist - hardware & it solutions,confidential,"['communication', 'communication skills', 'hardware', 'information technology (it)', 'negotiation', 'network', 'light current']",on-site,full time,experienced,,2 months ago,2.0,heliopolis,cairo,egypt
entry level sales representative,egyptian emart for trade and supplies,"['market research', 'sales target', 'sales', 'customer relationship management (crm)', 'negotiation', 'communication', 'product knowledge', 'lead generation', 'presentation skills']",hybrid,full time,entry level,,2 months ago,1.0,abbassia,cairo,egypt
mechanical engineering lab supervisor,universities of canada in egypt,"['mechanical equipment maintenance', 'laboratory management', 'inventory management', 'instructional support', 'safety protocols', 'technical troubleshooting']",on-site,full time,experienced,,2 months ago,2.0,new capital,cairo,egypt
hse manager - banisuef,confidential,"['health and safety management', 'training and development', 'health, safety and environment', 'safety', 'fire safety', 'occupational safety and health administration (osha)', 'environment, health, and safety (ehs)', 'hse']",on-site,full time,manager,,2 months ago,3.0,beni suef,beni suef,egypt
qa/qc inspector – electrical / mechanical,csi,"['mechanical', 'mechanical engineering', 'qa', 'qc', 'quality control', 'quality assurance']",on-site,full time,manager,,2 months ago,3.0,heliopolis,cairo,egypt
medical sales representative,najma,"['medical sales', 'sales target', 'customer service', 'sales', 'medical', 'sales field', 'outdoor sales']",on-site,part time,entry level,,2 months ago,1.0,cairo,cairo,egypt
technical office architect,dubai misr,"['engineering', 'technical office', 'shop drawings', 'architectural engineering', 'architecture', 'autocad', 'construction', 'drawing', 'microsoft office']",on-site,full time,experienced,,2 months ago,2.0,new capital,cairo,egypt
senior facility engineer,universities of canada in egypt,"['engineering', 'electrical engineering', 'mechanical engineering', 'hvac', 'firefighting', 'mechanical, electrical, and plumbing (mep)']",on-site,full time,experienced,,2 months ago,2.0,new capital,cairo,egypt
od senior specialist,naguib selim,"['organizational development', 'employee engagement', 'analytical thinking', 'organization development', 'organizational structure']",on-site,full time,experienced,,2 months ago,2.0,nasr city,cairo,egypt
accounting manager (fintech experience),erada,"['finance', 'financial accounting', 'accounting', 'accounting management', 'banking', 'banking sector', 'microfinance', 'financing', 'financial']",on-site,full time,manager,,2 months ago,3.0,maadi,cairo,egypt
mechanical engineer,eagle chemicals,"['maintenance', 'mechanical', 'electrical engineering', 'engineering', 'mechanical engineering', 'problem solving']",on-site,full time,entry level,,2 months ago,1.0,6th of october,giza,egypt
entertainment supervisor,leap development hub,"['entertainment', 'customer service', 'operations management', 'manage teams']",on-site,full time,experienced,,2 months ago,2.0,new cairo,cairo,egypt
accountant,khales,"['accounting', 'financial analysis', 'financial management', 'finance']",on-site,full time,entry level,,2 months ago,1.0,giza,giza,egypt
project manager (onsite – zambia),csi,"['engineering', 'project management', 'project', 'civil engineering', 'communication', 'computer science', 'management', 'primavera']",on-site,full time,manager,,2 months ago,3.0,heliopolis,cairo,egypt
accountant,act cs for feasibility studies,"['accounts payable and receivable', 'general ledger management', 'ms office suite', 'microsoft excel']",on-site,full time,entry level,,2 months ago,1.0,nasr city,cairo,egypt
senior accountant,excellencors,"['accounting', 'accounting software', 'finance', 'microsoft excel', 'tax', 'erp']",on-site,full time,experienced,,2 months ago,2.0,new cairo,cairo,egypt
business development manager team leader - forex,summits broker,"['forex', 'sales', 'sales target', 'team leadership', 'business development', 'client relationship management', 'negotiation', 'financial market analysis']",on-site,full time,manager,,2 months ago,3.0,sheraton,cairo,egypt
planning manager,beneshty,"['planning', 'sales', 'administration', 'business administration', 'finance', 'financial planning', 'management', 'project management']",on-site,full time,manager,,2 months ago,3.0,obour city,cairo,egypt
senior architecture bim engineer,idc group,"['bim', 'architecture', 'engineering', 'architectural engineering', 'autocad', 'civil engineering', 'navisworks', 'construction', 'revit']",on-site,full time,experienced,,2 months ago,2.0,cairo,cairo,egypt
procurement section head,my way,"['procurement', 'direct procurement', 'indirect procurement', 'purchasing', 'purchasing management', 'procurements', 'communication', 'supply chain']",on-site,full time,experienced,,2 months ago,2.0,obour city,cairo,egypt
accounting supervisor,erada,"['accounting', 'finance', 'financial management', 'banking', 'communication', 'erp', 'financial analysis', 'management']",on-site,full time,manager,,2 months ago,3.0,maadi,cairo,egypt
content creator (videography & video editing) – full time,lasheen branding and packaging,"['videography', 'video editing', 'reels maker', 'reels creator', 'storytelling', 'talend', 'professional']",on-site,full time,experienced,,2 months ago,2.0,heliopolis,cairo,egypt
export sales specialist.,expoeast for manufacturing & global trade,"['microsoft excel', 'sales', 'sales target', 'export sales', 'communication', 'customer service', 'export', 'management']",on-site,full time,experienced,,2 months ago,2.0,smouha,alexandria,egypt
sales supervisor – frozen meat processing company,fresh food,"['strong knowledge', 'excellent leadership', 'same field', 'sales', 'sales field', 'sales target', 'sales plan']",on-site,full time,manager,,2 months ago,3.0,giza,giza,egypt
automation maintenance engineer,eagle chemicals,"['automation', 'engineering', 'maintenance']",on-site,full time,experienced,,2 months ago,2.0,6th of october,giza,egypt
growth / performance marketing manager,summits broker,"['marketing', 'social media', 'management', 'digital marketing', 'graphic design', 'video editing', 'content creation', 'performance marketing', 'growth hacking']",on-site,full time,experienced,,2 months ago,2.0,sheraton,cairo,egypt
it specialist,confidential,"['computer science', 'information technology (it)', 'it specialist', 'installation', 'technical support', 'specialist', 'it']",on-site,full time,experienced,,2 months ago,2.0,haram,giza,egypt
key account manager (b2g),etisal retail & care,"['sales target', 'it solutions', 'b2g', 'distribution']",on-site,full time,experienced,,2 months ago,2.0,rehab city,cairo,egypt
saas sales / business development representative,trust tech,"['sales', 'sales target', 'saas']",remote,full time,entry level,,2 months ago,1.0,alexandria,alexandria,egypt
payroll coordinator,linrco egypt,"['payroll', 'vlookup', 'microsoft excel']",on-site,full time,entry level,,2 months ago,1.0,nasr city,cairo,egypt
chemist sales,colorama coatings,"['sales', 'chemistry', 'communication', 'sales target', 'problem analysis', 'problem solving']",hybrid,full time,entry level,,2 months ago,1.0,obour city,cairo,egypt
b2b sales executive,confidential,"['sales', 'sales skills', 'sales target', 'marketing', 'customer service', 'software', 'experience']",on-site,full time,experienced,,2 months ago,2.0,heliopolis,cairo,egypt
junior marketing,cred developments,"['marketing', 'social media']",on-site,full time,entry level,,2 months ago,1.0,cairo,cairo,egypt
medical sales specialist,capital gate for trading and projects management,"['computer skills', 'medical', 'medical sales', 'microsoft office', 'pharmaceutical', 'pharmacy', 'sales', 'sales target']",hybrid,full time,entry level,,2 months ago,1.0,mohandessin,giza,egypt
hr specialist,marah fashion group,"['apparel manufactering', 'recruitment', 'training', 'hr', 'hr specialist', 'microsoft office', 'human resources (hr)', 'personnel']",on-site,full time,experienced,,2 months ago,2.0,obour city,cairo,egypt
architect,heaven architects,"['autodesk', 'architecture', 'engineering', 'autocad', 'computer science', 'design', 'information technology (it)', 'lumion']",on-site,full time,experienced,,2 months ago,2.0,6th of october,giza,egypt
merchant acquisition specialist,waffarha.com,"['e-commerce', 'sales', 'retail', 'communication', 'negotiation', 'follow up', 'dynamics']",on-site,full time,entry level,,2 months ago,1.0,sheraton,cairo,egypt
automation engineer,alsakr for trading and manufacturing of machinery and equipments,"['autocad software', 'quality auditing']",on-site,full time,experienced,,2 months ago,2.0,10th of ramadan city,sharqia,egypt
digital marketing & e-commerce specialist,alsakr for trading and manufacturing of machinery and equipments,"['digital marketing', 'e-commerce', 'seo', 'social media', 'marketing', 'google analytics', 'google ads', 'e-marketing']",remote,part time,experienced,,2 months ago,2.0,10th of ramadan city,sharqia,egypt
junior sales engineer,alsakr for trading and manufacturing of machinery and equipments,"['automation', 'sales', 'mechatronics', 'electrical', 'communication', 'engineering', 'technical support']",on-site,full time,entry level,,2 months ago,1.0,10th of ramadan city,sharqia,egypt
mechanical design engineer,alsakr for trading and manufacturing of machinery and equipments,"['solidworks', 'mechanical design engineering', 'machinery', 'conveying', 'conveyor', 'autocad', 'design', 'manufacturing']",on-site,full time,experienced,,2 months ago,2.0,10th of ramadan city,sharqia,egypt
senior talent acquisition specialist,erada,"['recruitment', 'human resources (hr)', 'applicant tracking', 'interviewing', 'sourcing', 'talent', 'talent acquisition', 'applicant tracking systems', 'ats']",on-site,full time,experienced,,2 months ago,2.0,maadi,cairo,egypt
sales representative,mcv - obour,"['sales', 'sales target', 'customer service']",on-site,full time,entry level,,2 months ago,1.0,alexandria,alexandria,egypt
erpnext developer,our education,"['erpnext development', 'frappe framework', 'erp', 'erp system', 'erp software', 'computer science', 'css', 'python']",on-site,full time,experienced,,2 months ago,2.0,maadi,cairo,egypt
erp next implementer,our education,"['erpnext', 'erp', 'erp system', 'erp software', 'erp applications', 'erp solutions', 'odoo erp', 'erp implementation', 'analysis']",on-site,full time,experienced,,2 months ago,2.0,maadi,cairo,egypt
light current engineer,ngs,"['engineering', 'project management']",hybrid,full time,experienced,,2 months ago,2.0,cairo,cairo,egypt
ceo office manager,waffarha.com,"['office management', 'executive support', 'calendar management', 'communication', 'time management', 'stakeholder management', 'attention to detail', 'problem solving']",on-site,full time,experienced,,2 months ago,2.0,sheraton,cairo,egypt
senior .net developer,national technology,"['.net', 'asp.net', 'computer engineering', 'computer science', 'development', 'engineering', 'information technology (it)', 'mvc', 'software development']",hybrid,full time,experienced,,2 months ago,2.0,nasr city,cairo,egypt
senior talent acquisition specialist,town team,"['recruitment', 'talent acquisition', 'sourcing', 'interviewing', 'hiring', 'human resources (hr)', 'stakeholder-management', 'applicant-tracking-systems-ats', 'employer-branding']",on-site,full time,senior management,,2 months ago,,tanta,gharbia,egypt
senior organizational development.,town team,"['od', 'business administration', 'development', 'hr', 'organizational development', 'human resources development', 'human resource management (hrm)', 'organisation development', 'learning and development']",on-site,full time,experienced,,2 months ago,2.0,nasr city,cairo,egypt
organizational development section head,town team,"['od', 'human resources', 'development', 'human resources (hr)', 'business development', 'management', 'organizational development', 'performance management', 'organizational development (od)']",on-site,full time,senior management,,2 months ago,,tanta,gharbia,egypt
maintenance manager,confidential,"['engineering', 'maintenance', 'mechanical engineering', 'management']",on-site,full time,manager,,2 months ago,3.0,sharqia,sharqia,egypt
polish speaking customer service - 42k egp - cairo,pinnacle business services,"['customer service', 'customer support', 'customer care', 'chat support', 'call center', 'inbound calls', 'customer service management', 'customer success', 'customer survey']",on-site,full time,entry level,,2 months ago,1.0,downtown,cairo,egypt
b2b sales representative,siwa group,"['b2b', 'b2b sales', 'sales', 'sales target', 'microsoft office', 'negotiation', 'computer skills']",hybrid,full time,entry level,,2 months ago,1.0,badr city,cairo,egypt
cfo,confidential,"['accounting', 'financial management', 'financial analysis', 'odoo erp', 'ifrs', 'cost control', 'cost accounting', 'tax accounting', 'cash management']",on-site,full time,senior management,,2 months ago,,ashmun,monufya,egypt
procurement & logistics specialist (export & customs operations),badr and asfour,"['export', 'logistics', 'procurement', 'purchasing', 'supply chain', 'free zone', 'microsoft office']",on-site,full time,experienced,,2 months ago,2.0,cairo,cairo,egypt
local purchasing and logistics officer,boysen egypt,"['logistics', 'procurement', 'purchasing', 'supply chain']",on-site,full time,experienced,,2 months ago,2.0,giza,giza,egypt
production manager (chemical reactors),activa international,"['engineering', 'production', 'manufacturing', 'chemical engineering', 'leadership', 'management', 'mba', 'troubleshooting']",on-site,full time,manager,,2 months ago,3.0,6th of october,giza,egypt
instrumentation & control engineer,activa international,"['engineering', 'control', 'automation', 'computer science', 'electronics', 'management', 'project management', 'quality assurance']",on-site,full time,experienced,,2 months ago,2.0,6th of october,giza,egypt
sales engineer – industrial solutions (alexandria),trust engineering company,"['sales', 'technical sales', 'sales engineer', 'customer support', 'engineering services', 'sales skills', 'maintenance engineering']",on-site,full time,experienced,,2 months ago,2.0,alexandria,alexandria,egypt
sales engineer – industrial solutions (cairo),trust engineering company,"['sales', 'technical sales', 'sales engineer', 'customer support', 'engineering services', 'sales skills', 'maintenance engineering']",on-site,full time,experienced,,2 months ago,2.0,alexandria,alexandria,egypt
technical office mechanical engineer,coretec for engineering service,"['mechanical design', 'autocad', 'revit', 'project coordination', 'knowledge of mechanical codes and standards', 'technical documentation', 'communication', 'teamwork']",on-site,full time,experienced,,2 months ago,2.0,cairo,cairo,egypt
outdoor sales representative,beroia decor,"['sales', 'sales target', 'customer relationship management', 'negotiation', 'communication', 'market analysis', 'product knowledge', 'business development', 'lead generation']",on-site,full time,experienced,,2 months ago,2.0,new cairo,cairo,egypt
quantity surveying engineer,aco-construction,"['construction', 'quantity surveying']",on-site,full time,manager,,2 months ago,3.0,6th of october,giza,egypt
telesales / business development rep. (usa market - fluent english),confidential,"['sales target', 'telesales', 'business development', 'outbound calls', 'inbound calls', 'cold calling']",on-site,full time,entry level,,2 months ago,1.0,maadi,cairo,egypt
customer support,tamkeen,"['customer care', 'customer service', 'customer support']",remote,full time,experienced,,2 months ago,2.0,heliopolis,cairo,egypt
quality assurance specialist,mersal,"['quality assurance', 'quality control', 'administration', 'auditing', 'business administration', 'iso 9001', 'management', 'qa', 'quality management']",on-site,full time,experienced,,2 months ago,2.0,maadi,cairo,egypt
b2b software sales agent,tamkeen,"['b2b sales', 'b2b', 'sales', 'saas', 'b2b software', 'business development', 'customer relationship management (crm)']",remote,full time,experienced,,2 months ago,2.0,heliopolis,cairo,egypt
financial manager,confidential,"['accounting', 'finance', 'financial analysis', 'financial management', 'financial', 'commerce', 'analysis', 'budgeting', 'erp']",on-site,full time,manager,,2 months ago,3.0,zefta,gharbia,egypt
landscape engineer (swimming pool & outdoor services),gulf data international,"['engineering', 'swimming pool', 'landscape design', 'construction']",on-site,full time,experienced,,2 months ago,2.0,new cairo,cairo,egypt
accountant,al rabat,"['accounting', 'financial management', 'financial analysis', 'finance']",on-site,full time,entry level,,2 months ago,1.0,new cairo,cairo,egypt
purchase specialist,el abd group,"['logistics', 'procurement', 'purchasing', 'supply chain']",on-site,full time,experienced,,2 months ago,2.0,6th of october,giza,egypt
a/r accountant,anasia egypt for trading,"['accounting', 'accounting software', 'accounts receivable', 'ms office']",on-site,full time,entry level,,2 months ago,1.0,heliopolis,cairo,egypt
merchant onboarding specialist internship,mrkoon,"['onboarding', 'merchandising', 'visual merchandising', 'business development']",on-site,internship,student,,2 months ago,,maadi,cairo,egypt
product owner/scrum master,confidential,"['business analysis', 'product management', 'agile methodologies', 'documentation requirements gathering', 'business planning', 'user stories', 'prototyping', 'stakeholder management', 'roadmapping']",hybrid,full time,experienced,,2 months ago,2.0,cairo,cairo,egypt
executive assistant,majestic pharmaceuticals,"['administration', 'english translation', 'microsoft office', 'ai tools', 'organizational skills', 'communication skills', 'time management', 'problem solving', 'attention to detail']",on-site,full time,experienced,,2 months ago,2.0,cairo,cairo,egypt
records & information management officer,wadi group,"['records management', 'document control', 'digital archiving', 'document classification & indexing', 'retention schedule management', 'compliance & governance', 'data accuracy & attention to detail', 'access control management', 'information security']",on-site,full time,experienced,,2 months ago,2.0,sheikh zayed,giza,egypt
oracle consultant- hcm,albawani | البواني,"['hcm', 'erp', 'computer science', 'information technology (it)', 'oracle', 'construction', 'erp implementation', 'fusion', 'hr']",hybrid,full time,experienced,,2 months ago,2.0,cairo,cairo,egypt
social media specialist,adwhales digital marketing agency,"['marketing', 'social media', 'socialmedia management', 'content creation', 'facebook ads', 'copywriting', 'media buying', 'content strategy']",on-site,full time,entry level,,2 months ago,1.0,nasr city,cairo,egypt
ap accountant specialist,cairoscan,"['management', 'ap', 'finance', 'accounting', 'accounts payable', 'financial reporting', 'reconciliation']",on-site,full time,entry level,,2 months ago,1.0,mohandessin,giza,egypt
technical software project leader – full stack .net,iken technology,"['computer science', 'information technology (it)', 'javascript', 'project', 'software development']",on-site,full time,experienced,,2 months ago,2.0,maadi,cairo,egypt
brand manager - redshield fire safety equipment,alunaut,"['branding', 'communication', 'engineering', 'market research', 'crm', 'product', 'sales']",on-site,full time,experienced,,2 months ago,2.0,nasr city,cairo,egypt
planning and business analyst,hemaya eg,"['business analysis', 'business planning', 'planning', 'business development']",on-site,full time,experienced,,2 months ago,2.0,cairo,cairo,egypt
senior qa specialist,onepharma medics,"['qa specialist', 'product specialist', 'key account manager', 'ra specialist', 'qa', 'marketing', 'quality assurance', 'social media']",on-site,full time,experienced,,2 months ago,2.0,cairo,cairo,egypt
office manager,el abd group,"['assistant', 'administration', 'management', 'office management']",on-site,full time,experienced,,2 months ago,2.0,6th of october,giza,egypt
steel structure design engineer,floortec,"['autocad', 'civil engineering', 'design', 'engineering', 'steel structure', 'steel', 'structure']",on-site,full time,experienced,,2 months ago,2.0,sheikh zayed,giza,egypt
structural design engineer,city stars,"['work planning', 'workshop management', 'team leadership', 'shop drawings', 'design', 'engineering', 'information technology (it)', 'projects']",on-site,full time,experienced,,2 months ago,2.0,cairo,cairo,egypt
microsoft dynamics 365 functional consultant,el abd group,"['dynamics', 'dynamics ax', 'functional', 'erp', 'microsoft dynamics ax']",on-site,full time,experienced,,2 months ago,2.0,6th of october,giza,egypt
customer service manager - real estate,valero development,"['crm', 'real estate', 'negotiation', 'customer service', 'customer care', 'communication', 'sales', 'community management', 'client relationships']",on-site,full time,manager,,2 months ago,3.0,obour city,cairo,egypt
technical office engineer,rokital for aluminum fabrication,"['alumnim system design & detaling', 'shop drawings', 'fabrication drawing', 'curtin wall , doors & window system', 'bill of materials (bom)', 'bill of quantities', 'technical office engineering', 'techniacal submittals', 'method statments']",on-site,full time,entry level,,2 months ago,1.0,siouf,alexandria,egypt
quality assurance engineer,el abd group,"['quality assurance', 'process improvement', 'auditing']",on-site,full time,experienced,,2 months ago,2.0,alsadat city,monufya,egypt
junior accountant,el abd group,"['accounts receivable', 'financial reporting', 'accounts payable', 'bank reconciliation']",on-site,full time,entry level,,2 months ago,1.0,6th of october,giza,egypt
senior b2b sales executive,gits,"['b2b', 'b2b sales', 'sales', 'sales target', 'communication', 'microsoft office', 'negotiation']",on-site,full time,experienced,,2 months ago,2.0,dokki,giza,egypt
senior civil / architectural site engineer,mcc,"['civil engineering', 'engineering', 'project management', 'structural analysis', 'autocad', 'civil 3d', 'construction management', 'site supervision', 'cost estimation']",on-site,full time,experienced,,2 months ago,2.0,6th of october,giza,egypt
senior mechanical engineer,mcc,"['mechanical engineering', 'technical office', 'engineering']",on-site,full time,experienced,,2 months ago,2.0,6th of october,giza,egypt
senior hr specialist,adaptive solutions,"['hr specialist', 'hr', 'human resources (hr)', 'labor', 'labor legislation', 'payroll', 'management', 'recruitment']",hybrid,full time,experienced,,2 months ago,2.0,nasr city,cairo,egypt
marketing manager,مجموعة شركات النماء لحلول الاعمال التنفيذية وتنمية دخول الافراد,"['market research', 'social media', 'marketing', 'sales', 'google ads', 'seo', 'management']",on-site,full time,manager,,2 months ago,3.0,6th of october,giza,egypt
interior designer,real stone and kitchens,"['architecture', 'autocad', 'design', 'interior design', '3ds max', 'creative', 'management', 'project management', 'sketchup']",on-site,full time,entry level,,2 months ago,1.0,new cairo,cairo,egypt
accountant,raqmu for building and construction,"['accounting', 'construction field', 'financial management', 'excel', 'ms excel', 'construction']",on-site,full time,experienced,,2 months ago,2.0,cairo,cairo,egypt
training manager,matana group,"['training', 'management']",on-site,full time,manager,,2 months ago,3.0,dokki,giza,egypt
production manager,arias egypt,"['engineering', 'erp', 'management', 'manufacturing', 'mechanical engineering', 'mechanical', 'ms office']",on-site,full time,entry level,,2 months ago,1.0,alsadat city,monufya,egypt
mechanical design engineer (sheet metal & weldment),arias egypt,"['autocad', 'communication', 'computer science', 'engineering', 'design', 'information technology (it)', 'mechanical engineering']",on-site,full time,entry level,,2 months ago,1.0,alsadat city,monufya,egypt
production engineer,arias egypt,"['engineering', 'manufacturing', 'mechanical engineering', 'production', 'production engineering', 'autocad', 'management', 'mechanical']",on-site,full time,entry level,,2 months ago,1.0,alsadat city,monufya,egypt
مسوق تقني,swakip,"['* meta ads manager', '* google ads', '* google analytics 4 (ga4)', '* google search console', '* linkedin campaign manager', '* canva', '* microsoft office / google workspace']",on-site,full time,experienced,,2 months ago,2.0,maadi,cairo,egypt
general ledger section head,nilewood,"['accounting', 'financial analysis', 'finance']",on-site,full time,experienced,,2 months ago,2.0,alsadat city,monufya,egypt
sales rep. aluminium industry - doors & windows,rokital for aluminum fabrication,"['b2b marketing', 'b2b sales', 'construction markeing', 'industrial sales', 'lead generation', 'competitor analysis', 'coordination with sales and technical team', 'marketing', 'sales']",on-site,full time,entry level,,2 months ago,1.0,siouf,alexandria,egypt
business development engineer,terra egypt,"['business development', 'sales engineering', 'project coordination', 'technical presentation', 'market research', 'client relationship management', 'product knowledge (finishing materials)']",on-site,full time,entry level,,2 months ago,1.0,sheikh zayed,giza,egypt
senior marketing spacialist,icon holding,"['e-marketing', 'marketing', 'social media', 'b2b marketing', 'administration', 'business administration']",on-site,full time,experienced,,2 months ago,2.0,helwan,cairo,egypt
customer service representative with spanish – crypto platform (chat & email),conectys,"['customer support', 'live chat', 'crypto', 'spanish', 'customer service', 'customer care']",hybrid,full time,entry level,,2 months ago,1.0,maadi,cairo,egypt
polish customer service consultant,pinnacle business services,"['customer service', 'customer support', 'communication', 'crm', 'call center', 'customer satisfaction', 'nps', 'troubleshooting']",hybrid,full time,entry level,,2 months ago,1.0,cairo,cairo,egypt
customer service representative with english – crypto platform (chat & email),conectys,"['customer support', 'live chat', 'crypto', 'customer care', 'customer service', 'business administration']",hybrid,full time,entry level,,2 months ago,1.0,maadi,cairo,egypt
مهندس برمجيات,swakip,"['* html5', '* css3', '* javascript', '* typescript', '* react.js', '* next.js', '* node.js', 'mysql', '* git & github']",on-site,full time,experienced,,2 months ago,2.0,maadi,cairo,egypt
senior full stack developer,bright vision,"['computer science', 'information technology (it)', 'software development', 'information systems']",on-site,full time,experienced,,2 months ago,2.0,giza,giza,egypt
senior graphic designer,artal egypt,"['adobe illustrator', 'advertising', 'graphic', 'creative', 'adobe photoshop', 'motion graphics', 'html', 'graphic design', 'design']",on-site,full time,experienced,,2 months ago,2.0,new cairo,cairo,egypt
procurement engineer ( mechanical - infra ),confidential,"['engineering', 'mechanical', 'procurement', 'purchasing']",on-site,full time,experienced,,2 months ago,2.0,new cairo,cairo,egypt
project engineer (mechanical - infra),confidential,"['engineering', 'mechanical', 'project management', 'project']",on-site,full time,experienced,,2 months ago,2.0,new cairo,cairo,egypt
senior architecture site engineer – hospitality projects (hurghada),ace consulting engineers  (moharram - bakhoum,"['architecture', 'engineering', 'hospitality', 'project management']",on-site,full time,experienced,,2 months ago,2.0,hurghada,red sea,egypt
"senior mechanical design engineer ""technical office""",icon holding,"['autocad', 'design', 'engineering', 'mechanical', 'mechanical design', 'mechanical engineering', 'microsoft office', 'revit', 'revit mep']",on-site,full time,experienced,,2 months ago,2.0,helwan,cairo,egypt
corporate sales manager,your parts,"['corporate sales', 'customer service', 'sales target', 'sales']",hybrid,full time,experienced,,2 months ago,2.0,maadi,cairo,egypt
senior financial planning & analysis,icon holding,"['accounting', 'analysis', 'finance', 'financial', 'financial analysis', 'financial management', 'financial planning', 'budgeting', 'business administration']",on-site,full time,experienced,,2 months ago,2.0,helwan,cairo,egypt
senior hr specialist,tatas,"['hr specialist', 'recruitment', 'personnel', 'payroll', 'human resources', 'management', 'human resources (hr)', 'hr', 'microsoft office']",on-site,full time,experienced,,2 months ago,2.0,abdeen,cairo,egypt
human resources supervisor (construction),confidential,"['construction', 'human resources', 'microsoft office', 'personnel', 'recruitment']",on-site,full time,experienced,,2 months ago,2.0,cairo,cairo,egypt
accounting manager (construction),confidential,"['accounting', 'finance', 'financial analysis', 'financial management']",on-site,full time,manager,,2 months ago,3.0,cairo,cairo,egypt
sales marketing executive,real stone and kitchens,"['sales', 'computer skills', 'communication', 'marketing', 'design', 'microsoft office', 'sales target', 'negotiation']",on-site,full time,entry level,,2 months ago,1.0,new cairo,cairo,egypt
internal audit specialist,mersal,"['auditing', 'accounting', 'risk assessment', 'compliance & regulatory review', 'administration', 'business administration', 'commerce', 'finance', 'financial analysis']",on-site,full time,experienced,,2 months ago,2.0,maadi,cairo,egypt
senior mechanical site engineer,new plan,"['autocad', 'communication', 'engineering', 'hvac', 'mechanical', 'mechanical engineering', 'site engineering', 'mechanical, electrical, and plumbing']",on-site,full time,experienced,,2 months ago,2.0,new capital,cairo,egypt
system administrator,sega_m,"['computer science', 'engineering', 'information technology (it)', 'system administration']",on-site,full time,entry level,,2 months ago,1.0,10th of ramadan city,sharqia,egypt
domestic distribution supply chain intern - graduates,prometeon tyres group – egypt,"['export', 'logistics', 'supply chain', 'administration', 'supply', 'supply management', 'certified supply chain professional']",hybrid,internship,entry level,,2 months ago,1.0,ameria,alexandria,egypt
legal affairs,confidential,"['legal affairs', 'microsoft office', 'real estate', 'regulations']",on-site,full time,experienced,,2 months ago,2.0,new cairo,cairo,egypt
production planning specialist,agthia egypt,"['planning', 'production planning', 'production', 'analysis', 'microsoft excel', 'microsoft powerpoint', 'erp system']",on-site,full time,experienced,,2 months ago,2.0,alsadat city,monufya,egypt
business development specialist (bani swief branch),industrial modernisation centre (imc),"['business development', 'engineering', 'development']",hybrid,full time,experienced,,2 months ago,2.0,beni suef,beni suef,egypt
planning engineer,travco group,"['project scheduling', 'primavera p6', 'ms project', 'civil engineering', 'construction', 'engineering', 'planning', 'communication']",on-site,full time,experienced,,2 months ago,2.0,sheikh zayed,giza,egypt
technical office enginner,zain for interior deisgn,"['autocad', 'microsoft office', 'technical office']",remote,freelance / project,experienced,,2 months ago,2.0,cairo,cairo,egypt
r&d engineer,alex form,"['r&d', 'engineering', 'design']",on-site,full time,entry level,,2 months ago,1.0,alexandria,alexandria,egypt
sales & distribution lead,nexo,"['fmcg sales', 'sales management', 'account management', 'distribution', 'modern trade', 'retail sales', 'microsoft excel', 'sales planning']",hybrid,full time,manager,,2 months ago,3.0,new cairo,cairo,egypt
treasury section head,goldentex,"['financial analysis', 'accounting', 'analysis', 'treasury', 'finance', 'cash management', 'management', 'leadership']",on-site,full time,manager,,2 months ago,3.0,10th of ramadan city,cairo,egypt
trade marketing manager,confidential,"['trade marketing', 'marketing', 'trade', 'fmcg sales', 'coffee category', 'fmcg marketing', 'fmcg']",on-site,full time,manager,,2 months ago,3.0,hawamdeyya,giza,egypt
routing supervisor- (sales planning),arma-hsa,"['business analysis', 'business analytics', 'business planning', 'sales planning']",on-site,full time,experienced,,2 months ago,2.0,new cairo,cairo,egypt
mechanical section head,confidential,"['engineering', 'mechanical engineering']",on-site,full time,experienced,,2 months ago,2.0,cairo,cairo,egypt
data analysis accountant,arx developments,"['accounting', 'commerce', 'finance', 'financial', 'financial analysis', 'real estate', 'financial management', 'data analysis']",on-site,full time,experienced,,2 months ago,2.0,cairo,cairo,egypt
technical office engineer,borg el arab for steel fabrication,"['solidworks', 'powermill', 'engineering', 'microsoft office', 'technical office', 'mechanical', 'mechanical engineering']",on-site,full time,experienced,,2 months ago,2.0,bourj alarab,alexandria,egypt
industrial sector technical sales lead,advanced engineering consultations,"['business development', 'engineering']",on-site,full time,experienced,,2 months ago,2.0,giza,giza,egypt
digital solutions sales lead,advanced engineering consultations,"['sales', 'lead generation', 'business development']",on-site,full time,experienced,,2 months ago,2.0,giza,giza,egypt
backend developer,advanced engineering consultations,"['software development', 'software engineering']",on-site,full time,entry level,,2 months ago,1.0,giza,giza,egypt
senior pv design engineer,advanced engineering consultations,"['pv', 'renewable energy', 'solar energy', 'solar pv']",on-site,full time,experienced,,2 months ago,2.0,giza,giza,egypt
testing & commissioning engineer,advanced engineering consultations,"['commissioning', 'testing', 'software testing']",on-site,full time,entry level,,2 months ago,1.0,giza,giza,egypt
fleet operations manager,confidential,"['fleet management', 'vehicle maintenance', 'mechanical engineering', 'total productive maintenance', 'maintenance engineering', 'heavy-duty vehicles', 'heavy equipment']",on-site,full time,experienced,,2 months ago,2.0,beni suef,beni suef,egypt
part-time online english instructor,berlitz egypt,"['english language', 'languages', 'linguistics', 'training', 'teaching', 'education', 'communication skills', 'computer skills']",remote,part time,entry level,,2 months ago,1.0,abbassia,cairo,egypt
vsat noc technical support engineer,mobi egypt,"['communication', 'ccna', 'communication engineering', 'networking', 'technical support', 'engineering', 'vsat', 'root cause analysis', 'noc']",on-site,full time,entry level,,2 months ago,1.0,cairo,cairo,egypt
senior oracle hcm consultant,confidential,"['computer science', 'hcm', 'information technology (it)', 'oracle', 'consulting', 'design', 'hr', 'management']",hybrid,full time,experienced,,2 months ago,2.0,maadi,cairo,egypt
accountant,almaraag for real estate development,"['accounting', 'data analysis', 'cost analysis', 'cost control', 'financial reporting', 'budgeting', 'project accounting', 'microsoft excel', 'attention to detail']",on-site,full time,entry level,,2 months ago,1.0,rehab city,cairo,egypt
design management team leader,square engineering firm,"['design', 'management']",on-site,full time,manager,,2 months ago,3.0,madinaty,cairo,egypt
junior accountant,manzzeli.com,"['financial analysis', 'accounting', 'microsoft office', 'analysis', 'erp', 'finance', 'financial', 'odoo', 'odoo erp']",on-site,full time,experienced,,2 months ago,2.0,cairo,cairo,egypt
online freelance english teacher (remote),51talk headquaters,"['english teaching', 'online teaching', 'online education', 'training', 'communication', 'presentations', 'teaching', 'tutoring']",remote,freelance / project,student,,2 months ago,,maadi,cairo,egypt
design management department manager,square engineering firm,"['design', 'design management', 'project management', 'engineering']",on-site,full time,senior management,,2 months ago,,madinaty,cairo,egypt
aftersales trainer,gb corp,"['training', 'engineering']",on-site,full time,experienced,,2 months ago,2.0,abu rawash,giza,egypt
accounts receivable & collection accountant,turath real estate,"['accounting', 'accounts receivable', 'collection', 'financial analysis', 'commerce', 'erp', 'finance', 'financial', 'microsoft excel']",on-site,full time,entry level,,2 months ago,1.0,obour city,cairo,egypt
warehouse manager,confidential,"['logistics', 'supply chain', 'warehousing']",on-site,full time,manager,,2 months ago,3.0,nasr city,cairo,egypt
full stack developer,confidential,"['computer science', 'python', 'react native', 'react', 'cicd', 'javascript', 'information technology (it)', 'angular', 'git']",remote,full time,experienced,,2 months ago,2.0,cairo,cairo,egypt
cnc engineer,confidential,"['cnc programming', 'cad/cam software', 'mechanical engineering', 'technical drawing interpretation', 'production planning', 'cad/cam']",on-site,full time,experienced,,2 months ago,2.0,obour city,cairo,egypt
senior his implementer,millensys,"['information technology (it)', 'health care', 'his']",on-site,full time,experienced,,2 months ago,2.0,new cairo,cairo,egypt
chemical engineer,rubex egypt,"['chemical engineering', 'chemistry', 'engineering']",on-site,full time,manager,,2 months ago,3.0,bourj alarab,alexandria,egypt
general manager,confidential,"['finance', 'financial management']",on-site,full time,senior management,,2 months ago,,bourj alarab,alexandria,egypt
senior hr generalist,agriventure egypt,"['human resources (hr)', 'recruitment', 'personnel', 'administration', 'business administration', 'human resources', 'microsoft office']",on-site,full time,experienced,,2 months ago,2.0,new cairo,cairo,egypt
founding engineering manager (cairo),lato,"['software engineering', 'software development', 'team management', 'team leadership', 'people management', 'team coaching', 'technical management']",on-site,full time,manager,,2 months ago,3.0,cairo,cairo,egypt
r&d manager,midea group,"['engineering', 'project management', 'mechanical engineering', 'development', 'electrical engineering', 'manufacturing', 'mechanical']",on-site,full time,manager,,2 months ago,3.0,alsadat city,monufya,egypt
sr. graphic designer,flyin.com,"['adobe illustrator', 'graphic design', 'design', 'adobe photoshop', 'digital marketing', 'creative', 'advertising']",on-site,full time,experienced,,2 months ago,2.0,cairo,cairo,egypt
head of operations,midea group,"['management', 'operations management', 'transportation', 'administration', 'business administration', 'engineering', 'logistics', 'manufacturing']",on-site,full time,manager,,2 months ago,3.0,alsadat city,monufya,egypt
fresh real estate sales agent,the address investments for real estate consultancy,"['sales', 'sales field', 'outdoor sales', 'customer service', 'real estate', 'sales target', 'marketing', 'market research', 'customer service management']",on-site,full time,entry level,,2 months ago,1.0,cairo,cairo,egypt
product manager grandstream,brand connection,"['business development', 'communication', 'information technology (it)', 'marketing', 'networking', 'product management', 'development']",on-site,full time,manager,,2 months ago,3.0,new cairo,cairo,egypt
senior customer experience specialist,tawfeer,"['communication', 'crm', 'analysis', 'customer care', 'customer experience', 'customer service', 'customer support', 'conflict resolution', 'communication skills']",hybrid,full time,entry level,,2 months ago,1.0,maadi,cairo,egypt
it help desk specialist,afaqy,"['firewall sophos xgs', 'fortinet firewall', 'windows server', 'linux', 'ubuntu', 'domain join', 'leave and group policy management.', 'active directory users & computers management.', 'antivirus management kaspersky']",on-site,full time,experienced,,2 months ago,2.0,maadi,cairo,egypt
real estate sales team leader,the perfect five investment,"['real estate', 'real estate sales', 'sales', 'sales target', 'brokerage', 'communication', 'leadership']",on-site,full time,manager,,2 months ago,3.0,cairo,cairo,egypt
specification specialist,partner & more,"['technical office engineering', 'technical sales', 'construction project management']",on-site,full time,experienced,,2 months ago,2.0,downtown,cairo,egypt
cost accountant,agriventure egypt,"['accounting', 'cost accounting', 'finance', 'financial', 'financial analysis', 'erp', 'manufacturing', 'reporting']",on-site,full time,experienced,,2 months ago,2.0,new cairo,cairo,egypt
sales b2b,guzturk,"['b2b', 'sales', 'sales target', 'b2b sales', 'communication', 'microsoft office', 'negotiation']",on-site,full time,experienced,,2 months ago,2.0,cairo,cairo,egypt
medical sales representative - giza,orthomedics,"['medical', 'medical sales', 'sales target', 'medical devices sales', 'pharmaceutical', 'outdoor sales', 'veterinary medicine']",on-site,full time,entry level,,2 months ago,1.0,faisal,giza,egypt
senior accountant,agriventure egypt,"['accounting', 'finance', 'financial analysis', 'financial management', 'erp', 'financial', 'manufacturing', 'odoo', 'tax']",on-site,full time,experienced,,2 months ago,2.0,new cairo,cairo,egypt
direct sales agent (hurghada-cairo -alex),confidential,"['sales', 'retail', 'sales skills', 'sales target', 'arabic', 'english', 'customer service']",on-site,full time,entry level,,2 months ago,1.0,red sea,red sea,egypt
operations manager,confidential,"['management', 'fintechnology', 'business operations', 'reporting', 'sales', 'supply chain']",on-site,full time,manager,,2 months ago,3.0,cairo,cairo,egypt
general accountant,fridal,"['accounting', 'finance', 'financial analysis', 'financial management', 'general accounting', 'financial', 'financial reporting', 'ms office', 'reporting']",on-site,full time,entry level,,2 months ago,1.0,6th of october,giza,egypt
senior mechanical estimator,ikk group (kcg -abuild),"['mechanical engineering', 'engineering', 'construction', 'mechanical estimator', 'cost estimation']",on-site,full time,manager,,2 months ago,3.0,cairo,cairo,egypt
senior electrical estimator,ikk group (kcg -abuild),"['electrical engineering', 'cost estimation', 'construction', 'engineering field', 'engineering', 'mechanical engineering', 'sales']",on-site,full time,experienced,,2 months ago,2.0,cairo,cairo,egypt
civil engineer,confidential,"['civil engineering', 'engineering', 'construction', 'architecture']",on-site,full time,entry level,,2 months ago,1.0,maadi,cairo,egypt
interior designer,heaven architects,"['architecture', 'engineering', 'architectural design', 'revit architecture', 'autodesk 3ds max', 'lumion', 'shop drawings', '3d modeling', 'architecture design']",on-site,full time,experienced,,2 months ago,2.0,6th of october,giza,egypt
sales engineer - commercial vehicles,gb corp,"['engineering', 'communication', 'sales']",on-site,full time,entry level,,2 months ago,1.0,cairo,cairo,egypt
human resources supervisor,sye english community,"['recruitment', 'human resources (hr)', 'personnel', 'hr diploma', 'training', 'microsoft office', 'hr supervisor']",on-site,full time,experienced,,2 months ago,2.0,dokki,giza,egypt
crm section head,confidential,"['crm', 'commerce', 'management']",on-site,full time,experienced,,2 months ago,2.0,cairo,cairo,egypt
events specialist,egyptian company for cosmetics,"['marketing', 'public relations', 'event management', 'events organizing', 'events coordination']",on-site,full time,experienced,,2 months ago,2.0,nasr city,cairo,egypt
pharmacy manager,el sheefa pharmacy,"['team leadership', 'pharmacy management', 'pharmacy', 'sales', 'problem solving', 'inventory control', 'management']",on-site,full time,manager,,2 months ago,3.0,helmeyat alzaytoun,cairo,egypt
budget and cost controller,الشرقية للضفائر الكهربائية -elsharkia for electric wiring harness,"['cost control', 'accounting', 'finance', 'analysis', 'budgeting', 'engineering', 'financial analysis', 'microsoft excel', 'reporting']",on-site,full time,senior management,,2 months ago,,belbes,sharqia,egypt
sr. relationship manager - sme (beni suef),aman,"['customer care', 'sales', 'sme', 'direct sales']",on-site,full time,experienced,,2 months ago,2.0,beni suef,beni suef,egypt
sr. relationship manager - sme (qena),aman,"['customer care', 'sales', 'sme', 'direct sales', 'customer service']",on-site,full time,experienced,,2 months ago,2.0,qena,qena,egypt
sales representative,heim foods,"['sales', 'customer service', 'sales target', 'negotiation', 'client relationship management', 'product knowledge', 'communication skills', 'problem-solving', 'strategic selling']",on-site,full time,experienced,,2 months ago,2.0,cairo,cairo,egypt
senior accountant manager,manzzeli.com,"['financial accounting', 'financial data analysis', 'vendor management', 'accounting', 'communication', 'customer service', 'erp', 'finance', 'financial analysis']",on-site,full time,senior management,,2 months ago,,cairo,cairo,egypt
sr. relationship manager - sme (suhag),aman,"['customer care', 'sales', 'sme']",on-site,full time,experienced,,2 months ago,2.0,sohag,sohag,egypt
senior erp sales executive,aldabboos group,"['communication', 'erp', 'crm', 'odoo', 'it', 'sales skills', 'software']",hybrid,full time,experienced,,2 months ago,2.0,sheraton,cairo,egypt
senior relationship manger - sme (assuit),aman,"['sales', 'sales target', 'communication']",on-site,full time,experienced,,2 months ago,2.0,assuit,assiut,egypt
performance marketing specialist with graphic design experience,nilufer,"['design', 'e-marketing', 'graphic design', 'marketing', 'google ads', 'google analytics', 'meta ads']",on-site,full time,experienced,,2 months ago,2.0,maadi,cairo,egypt
sales and marketing specialist,otak,"['sales', 'ai', 'marketing', 'microsoft word', 'microsoft excel', 'sales target', 'client support', 'negotiation']",on-site,full time,experienced,,2 months ago,2.0,heliopolis,cairo,egypt
french customer service representative,mico world limited,"['customer care', 'customer support', 'customer service', 'sales', 'french language', 'communication skills', 'problem-solving', 'active listening', 'conflict resolution']",on-site,full time,entry level,,2 months ago,1.0,maadi,cairo,egypt
spare parts senior sales representative,gb corp,"['communication skills', 'negotiation skills', 'english', 'microsoft office', 'sales', 'sales skills', 'sales target']",on-site,full time,experienced,,2 months ago,2.0,obour city,cairo,egypt
senior b2b sales executive,ibs,"['b2b sales', 'communication', 'negotiation', 'sales target']",on-site,full time,experienced,,2 months ago,2.0,nasr city,cairo,egypt
sales executive,mrkoon,"['sales', 'customer service']",on-site,full time,entry level,,2 months ago,1.0,maadi,cairo,egypt
site accountant,alunaut,"['accounting', 'finance', 'financial analysis', 'budgeting', 'forecasting', 'auditing', 'general ledger management', 'financial reporting', 'tax compliance']",on-site,full time,experienced,,2 months ago,2.0,nasr city,cairo,egypt
junior tender architecture technical office engineer,adcon construction,"['architecture', 'autocad', 'engineering', 'technical office', 'microsoft office', 'primavera', 'architectural engineering', 'tendering']",on-site,full time,experienced,,2 months ago,2.0,sheraton,cairo,egypt
procurement specialist,nile university,"['procurement', 'purchasing', 'logistics', 'business administration', 'erp system']",on-site,full time,experienced,,2 months ago,2.0,6th of october,giza,egypt
finance and auditor section head,eamic,"['accounting', 'financial analysis', 'financial management', 'auditing', 'ctp', 'compliance', 'risk management', 'budgeting', 'financial reporting']",on-site,full time,manager,,2 months ago,3.0,heliopolis,cairo,egypt
electrical engineer,5 star,"['electrical system design', 'electrical installation', 'electrical maintenance', 'electrical troubleshooting', 'mechanical engineering', 'computer skills', 'electrical engineering', 'engineering']",on-site,full time,experienced,,2 months ago,2.0,ataqah,suez,egypt
voice over specialist,confidential,"['voice over', 'sound editing', 'audio editing', 'animation']",on-site,full time,entry level,,2 months ago,1.0,cairo,cairo,egypt
export officer,new marina plast,"['sales', 'sales target', 'customer service', 'communication skills', 'negotiation', 'product knowledge', 'client relationship management', 'crm software']",on-site,full time,experienced,,2 months ago,2.0,bourj alarab,alexandria,egypt
human resource business partner,aman,"['human resources (hr)', 'recruitment']",on-site,full time,entry level,,2 months ago,1.0,maadi,cairo,egypt
sales manager,auto truck co. for auto feeding industries,"['sales strategies', 'customer service', 'sales target', 'b2b sales', 'b2b marketing', 'commercial vehicle spare parts', 'business development']",on-site,full time,manager,,2 months ago,3.0,10th of ramadan city,sharqia,egypt
cost accountant,univest,"['costing & cost analysis', 'cost accounting', 'manufacturing cost reporting', 'financial reporting', 'inventory management', 'budgeting', 'variance analysis', 'erp systems', 'microsoft excel']",on-site,full time,experienced,,2 months ago,2.0,giza,giza,egypt
trade marketing manager,confidential,"['market research', 'marketing', 'sales', 'trade', 'trade marketing', 'social media']",on-site,full time,manager,,2 months ago,3.0,sharqia,sharqia,egypt
senior pricing & cost engineer (woodworks & furniture)*,module streamline,"['autocad', 'cost estimation', 'pricing', 'microsoft excel', 'engineering', 'architecture', 'civil engineering', 'construction', 'project management']",on-site,full time,experienced,,2 months ago,2.0,6th of october,giza,egypt
sr. full stack developer (.net & angular),roaya,"['angular', 'computer science', 'information technology (it)', 'software development', 'javascript', '.net', 'css3', 'engineering', 'git']",on-site,full time,experienced,,2 months ago,2.0,maadi,cairo,egypt
senior organizational development specialist,target for chemicals industry and trade,"['organization development', 'human resources (hr)', 'human resources development', 'talent management', 'talent assessment', 'organizational planning', 'organizational structure']",on-site,full time,experienced,,2 months ago,2.0,bourj alarab,alexandria,egypt
compensation & benefits lead,stm,"['compensation', 'human resources (hr)', 'administration', 'business administration', 'finance', 'human resources', 'hr', 'management', 'payroll']",on-site,full time,experienced,,2 months ago,2.0,cairo,cairo,egypt
marketing advisor,foto tech,"['customer support', 'marketing', 'sales', 'marketing strategy', 'online marketing', 'digital marketing']",on-site,full time,experienced,,2 months ago,2.0,mounib,giza,egypt
accounting supervisor - concrete factory,travco group,"['accounting', 'finance', 'financial analysis', 'financial management', 'ready mix concrete', 'construction', 'factory management', 'concrete manufacturing', 'communication']",on-site,full time,manager,,2 months ago,3.0,hurghada,red sea,egypt
senior e commerce specialist,el tawheed for advanced industries ( sparkle shampoo),"['e-commerce strategy', 'digital marketing', 'content management', 'online merchandising', 'customer experience optimization', 'market research']",on-site,full time,experienced,,2 months ago,2.0,sheraton,cairo,egypt
r&d engineer,egic,"['r&d', 'chemistry', 'material science', 'mechanical engineering', 'science', 'cad', 'project management', 'business analysis']",on-site,full time,entry level,,2 months ago,1.0,6th of october,giza,egypt
bi developer,global brands,"['bi', 'computer science']",hybrid,internship,entry level,,2 months ago,1.0,cairo,cairo,egypt
lead architect,albawani | البواني,"['engineering', 'construction', 'construction engineering', 'contracting', 'architectural engineering', 'architecture', 'autodesk revit', 'shop drawings', 'leadership management']",on-site,full time,manager,,2 months ago,3.0,heliopolis,cairo,egypt
key accounts manager,abela egypt,"['key account', 'sales skills', 'customer service', 'business administration', 'sales target']",on-site,full time,experienced,,2 months ago,2.0,agouza,giza,egypt
commercial department manager,confidential,"['construction management', 'technical office engineering', 'commercial management', 'management', 'construction', 'engineering']",on-site,full time,manager,,2 months ago,3.0,new cairo,cairo,egypt
senior business analyst,egabi fsi,"['business analyst', 'computer science', 'business analysis', 'information technology (it)', 'english', 'testing', 'analysis']",on-site,full time,experienced,,2 months ago,2.0,sheraton,cairo,egypt
sales lead - banking/ fintech solutions,egabi fsi,"['business', 'sales', 'finance', 'communication', 'sales skills', 'sales target', 'software']",on-site,full time,experienced,,2 months ago,2.0,sheraton,cairo,egypt
senior .net developer,egabi fsi,"['information technology (it)', 'computer science', 'asp.net', 'ms sql', 'ms sql server', 'javascript', 'c#', '.net']",on-site,full time,experienced,,2 months ago,2.0,sheraton,cairo,egypt
tendering department manager,confidential,"['tendering', 'project estimation', 'management', 'architecture', 'civil engineering', 'construction', 'autocad', 'engineering']",on-site,full time,manager,,2 months ago,3.0,new cairo,cairo,egypt
senior data scientist,egabi fsi,"['computer science', 'data mining', 'data science', 'data scientist', 'hadoop', 'machine learning', 'python', 'sql']",on-site,full time,experienced,,2 months ago,2.0,sheraton,cairo,egypt
senior frontend developer- angular,egabi fsi,"['computer science', 'information technology (it)', 'javascript', 'css', 'css3', 'software development', 'angular2+', 'angular']",on-site,full time,experienced,,2 months ago,2.0,sheraton,cairo,egypt
senior accountant,noornation,"['financial management', 'cost control', 'auditing', 'cash flow management', 'financial reporting']",on-site,full time,experienced,,2 months ago,2.0,giza,giza,egypt
it help desk,confidential,"['information technology (it)', 'computer science', 'communication', 'networks', 'operating systems', 'technical support']",on-site,full time,experienced,,2 months ago,2.0,ataqah,suez,egypt
clinical pharmacist,saudi german hospital,"['clinical pharmacy', 'clinical', 'healthcare', 'medical', 'pharmaceutical', 'pharma', 'pharmacy']",on-site,full time,experienced,,2 months ago,2.0,new nozha,cairo,egypt
construction accountant,blue sky real estate,"['accounting', 'finance', 'financial analysis', 'construction']",on-site,full time,experienced,,2 months ago,2.0,nasr city,cairo,egypt
junior b2b sales associate (alexandria only),confidential,"['b2b sales', 'business development', 'account management', 'sales executive', 'sales associate', 'telesales', 'direct sales']",on-site,full time,entry level,,2 months ago,1.0,alexandria,alexandria,egypt
operations excellence director,valmore holding,"['operations management', 'management', 'project management', 'administration', 'business administration', 'engineering', 'logistics', 'manufacturing', 'microsoft excel']",on-site,full time,experienced,,2 months ago,2.0,new cairo,cairo,egypt
accountant,ateco,"['accounting', 'finance', 'financial management', 'auditing', 'taxation', 'budgeting', 'financial reporting', 'microsoft excel', 'erp systems']",on-site,full time,experienced,,2 months ago,2.0,heliopolis,cairo,egypt
project controls senior manager,valmore holding,"['operations management', 'management', 'project management', 'project', 'computer science', 'engineering', 'information technology (it)', 'manufacturing']",on-site,full time,experienced,,2 months ago,2.0,new cairo,cairo,egypt
graphic designer - remote,zuccess,"['microsoft excel', 'adobe illustrator', 'adobe photoshop', 'analysis', 'communication', 'design', 'graphic design']",remote,full time,experienced,,2 months ago,2.0,cairo,cairo,egypt
senior business developer.,confidential,"['business development', 'medical sales', 'b2b', 'b2b sales', 'communication', 'computer science', 'crm', 'development']",on-site,full time,experienced,,2 months ago,2.0,cairo,cairo,egypt
technical office engineer,arabtec,"['engineering', 'technical office', 'construction', 'architectural engineering', 'civil engineering', 'structure', 'computer science', 'information technology (it)', 'management']",on-site,full time,entry level,,2 months ago,1.0,alamein,matruh,egypt
summer internship - retail 2026,union group,"['business development', 'business administration', 'web advertising', 'sales', 'human resource management (hrm)']",on-site,internship,entry level,,2 months ago,1.0,obour city,cairo,egypt
senior video editor/ graphic designer,فلوروز,"['video editing', 'motion graphics', 'graphic design', 'creative design']",on-site,full time,experienced,,2 months ago,2.0,maadi,cairo,egypt
senior commerical civil,sherif el-gohary & co.,"['architecture', 'civil engineering', 'construction', 'engineering']",on-site,full time,experienced,,2 months ago,2.0,mohandessin,giza,egypt
procurement officer,arabella for medical technologies,"['microsoft office', 'management', 'supply chain', 'negotiation skills', 'supplier relationship management (srm', 'analysis tools:', 'project management']",on-site,full time,experienced,,2 months ago,2.0,suez,suez,egypt
operations media specialist,crew media service,"['operations management', 'microsoft office', 'microsoft outlook', 'reporting', 'project management', 'process improvement', 'communication skills', 'data analysis']",on-site,full time,entry level,,2 months ago,1.0,cairo,cairo,egypt
digital marketing instructor,e-xora,"['digital marketing', 'social media', 'media buying', 'content marketing', 'coaching', 'e-marketing', 'hubspot', 'marketing']",remote,freelance / project,experienced,,2 months ago,2.0,giza,giza,egypt
mechanical technical office engineer,envotech,"['autocad', 'engineering', 'mechanical', 'mechanical engineering', 'technical office', 'mechatronics', 'hvac systems', 'fire fighting systems', 'shop drawings']",on-site,full time,entry level,,2 months ago,1.0,maadi,cairo,egypt
junior creative designer & motion graphics specialist,gahez digital marketing,"['adobe illustrator', 'adobe photoshop', 'creative', 'design', 'graphic design', 'motion', 'motion graphics', 'vedio']",on-site,full time,entry level,,2 months ago,1.0,sheikh zayed,giza,egypt
production manager,mexilla food industry,"['production', 'manufacturing']",on-site,full time,manager,,2 months ago,3.0,alsadat city,monufya,egypt
die-casting production section head,gest for metals,"['engineering', 'mechanical engineering', 'manufacturing', 'production', 'die-casting']",on-site,full time,manager,,2 months ago,3.0,sharqia,sharqia,egypt
sales account executive,el mahdy electric,"['client relations', 'communication', 'sales', 'sales target', 'negotiation', 'customer service', 'relationship building', 'crm software']",on-site,full time,entry level,,2 months ago,1.0,10th of ramadan city,sharqia,egypt
general accountant,orouba misr,"['accounting', 'accounting software', 'financial', 'financial management', 'microsoft excel']",on-site,full time,entry level,,2 months ago,1.0,smouha,alexandria,egypt
head of cad operations (clear aligners - dentistry),k line europe,"['cad', 'medical devices sales', 'medical equipment', 'medical devices', 'pediatric dentistry', 'dentistry']",on-site,full time,manager,,2 months ago,3.0,nasr city,cairo,egypt
software sales account manager,ark-technology,"['crm', 'sales target', 'sales', 'sales target achievement', 'software sales', 'customer service', 'client relationship management']",on-site,full time,experienced,,2 months ago,2.0,shubra,cairo,egypt
senior packaging procurement specialist,abco group,"['logistics', 'packaging', 'procurement', 'purchasing', 'supply chain']",on-site,full time,experienced,,2 months ago,2.0,bourj alarab,alexandria,egypt
director of operational excellence & supply chain,confidential,"['logistics', 'supply chain', 'operations management', 'standard operating procedure', 'medical engineering', 'medical devices sales', 'medical equipment']",hybrid,full time,senior management,,2 months ago,,nasr city,cairo,egypt
site engineer architect,sherif el-gohary & co.,"['architecture', 'autocad', 'engineering']",on-site,full time,experienced,,2 months ago,2.0,allamein,matruh,egypt
general accountant,rahala for import and export,"['accounting', 'accounting software', 'finance', 'financial analysis', 'erp', 'financial management', 'general accounting', 'management']",on-site,full time,experienced,,2 months ago,2.0,6th of october,giza,egypt
purchasing specialist,etisal for advanced industries,"['procurement', 'purchasing', 'supply chain', 'logistics']",on-site,full time,experienced,,2 months ago,2.0,6th of october,giza,egypt
mechincal technician,activa international,"['mechanical engineering', 'mechanical', 'mechanical maintenance']",on-site,full time,experienced,,2 months ago,2.0,6th of october,giza,egypt
sales,happy pack for industry,"['customer service', 'sales', 'sales target achievement', 'client relationship management', 'negotiation', 'communication', 'crm software', 'retail sales', 'market analysis']",on-site,full time,experienced,,2 months ago,2.0,cairo,cairo,egypt
senior psychiatry.,mersal,"['psychiatry', 'medical', 'diagnostic', 'communication', 'cultural', 'healthcare']",on-site,full time,experienced,,2 months ago,2.0,maadi,cairo,egypt
security manager- facility management,horizon operation and management,"['facility management', 'security', 'management', 'engineering', 'administration', 'information technology (it)', 'police', 'safety']",on-site,full time,manager,,2 months ago,3.0,new capital,cairo,egypt
content writer,ebss - elite business solution service,"['content creation', 'content writing', 'writing', 'marketing', 'seo', 'digital marketing', 'social media']",remote,full time,experienced,,2 months ago,2.0,tanta,gharbia,egypt
plante manager - glass,icpm,"['engineering', 'manufacturing', 'production']",on-site,full time,manager,,2 months ago,3.0,badr city,cairo,egypt
design & project development engineer,eamic,"['experience working with consultants, developers, and architectural firms. • strong understanding of architectural finishing systems, decorative concrete, façade coatings, and industrial flooring solutions. • experience in specification selling is highly p', 'facad', 'architectural design', 'specificaction', 'construction management', 'adobe photoshop', 'autocad', 'computer science', 'construction']",on-site,full time,experienced,,2 months ago,2.0,new cairo,cairo,egypt
curriculum developer,idea,"['curriculum development', 'instructional design', 'arabic curriculum', 'english curriculum', 'math curriculum', 'foundational learning', 'learning difficulties']",remote,part time,manager,,2 months ago,3.0,sheikh zayed,giza,egypt
hr & admin coordinator,samsung sds (global scl egypt),"['admin', 'microsoft office', 'adminstration', 'computer skills']",on-site,full time,experienced,,2 months ago,2.0,new cairo,cairo,egypt
admin coordinator,comet - architects + interiors,"['admin coordinator', 'administrative coordinator', 'office administrator', 'office coordinator', 'administrative assistant', 'executive assistant', 'office management', 'administration', 'recruitment coordination']",on-site,full time,entry level,,2 months ago,1.0,cairo,cairo,egypt
ceo (food & beverage industry),confidential,"['administration', 'business development', 'strategic planning', 'development', 'engineering', 'manufacturing', 'mba']",on-site,full time,senior management,,2 months ago,,sharqia,sharqia,egypt
assistant surveyor,pre group,"['surveying', 'land surveying', 'surveying engineering', 'site work', 'geospatial data', 'gis', 'cad software', 'topographic surveying']",on-site,full time,experienced,,2 months ago,2.0,new cairo,cairo,egypt
junior photographer,nile university,"['photography', 'adobe illustrator', 'photo editing']",on-site,full time,entry level,,2 months ago,1.0,sheikh zayed,giza,egypt
senior site engineer,pre group,"['construction supervision & site management', 'structural & finishing works', 'reading construction drawings & specifications', 'site coordination & subcontractor management', 'quality control & safety compliance', 'autocad', 'microsoft office (excel, word, outlook)', 'quantity take-off & basic cost control', 'project scheduling & reporting']",on-site,full time,experienced,,2 months ago,2.0,new cairo,cairo,egypt
key sales manager,el gezira company for importing & exporting red meat,"['sales', 'client relationship management', 'business growth', 'horeca sales', 'hotel, restaurant, cafe']",on-site,full time,manager,,2 months ago,3.0,cairo,cairo,egypt
senior civil technical office engineer,pre group,"['technical drawing review', 'quantity surveying', 'cost estimation', 'autocad proficiency', 'problem-solving', 'team coordination', 'analytical thinking', 'residential projects', 'civil engineering principles']",on-site,full time,experienced,,2 months ago,2.0,new cairo,cairo,egypt
partnership marketing specialist,ultimate solutions egypt,"['e-marketing', 'marketing', 'social media']",on-site,full time,entry level,,2 months ago,1.0,sheikh zayed,giza,egypt
german-speaking sap utilities consultant,itgoals,"['sap is-u consulting', 'sap consulting', 'sap is-u meter reading', 'sap is-u device management', 'german language (b1/b2+)', 'customer-facing consulting roles']",remote,full time,experienced,,2 months ago,2.0,new cairo,cairo,egypt
"senior associate, business development",nile university,"['business development', 'partnership management', 'grants', 'crm']",on-site,full time,experienced,,2 months ago,2.0,sheikh zayed,giza,egypt
customs clearance operation offcer,alkamal for customs clearance,"['logistics operations', 'operation', 'operations management', 'customs clearance', 'supply chain management', 'import/export procedures', 'documentation', 'problem-solving', 'attention to detail']",on-site,full time,entry level,,2 months ago,1.0,6th of october,giza,egypt
business development specialist,iqrar ai,"['business development', 'b2b sales', 'software sales', 'product demo', 'legaltech', 'ai tools']",hybrid,full time,experienced,,2 months ago,2.0,cairo,cairo,egypt
credit & collections supervisor,alarabia group,"['accounting', 'collection', 'finance', 'analysis', 'credit analysis', 'erp', 'management']",hybrid,full time,experienced,,2 months ago,2.0,10th of ramadan city,sharqia,egypt
technical civil engineer,cairo contracting company,"['architecture', 'construction', 'civil engineering', 'engineering', 'project management', 'structural analysis', 'site supervision', 'autocad', 'technical documentation']",on-site,full time,experienced,,2 months ago,2.0,cairo,cairo,egypt
call center agent and moderator,qpol fawry,"['agent', 'call center agent', 'customer service', 'call center', 'communication', 'customer', 'crm', 'customer care']",on-site,full time,experienced,,2 months ago,2.0,dokki,giza,egypt
technical office civil engineer,cairo contracting company,"['construction', 'architecture', 'civil engineering', 'engineering', 'project management', 'structural analysis', 'autocad', 'primavera p6', 'site supervision']",on-site,full time,experienced,,2 months ago,2.0,cairo,cairo,egypt
field service egnineer,adi egypt,"['biomedical engineering', 'engineering services', 'medical', 'good laboratory practice', 'communication', 'customer service', 'engineering', 'maintenance']",on-site,full time,experienced,,2 months ago,2.0,new cairo,cairo,egypt
workshop engineer,masters auto service egypt,"['engineering', 'maintenance', 'workshop', 'mechanical engineering', 'electrical engineering', 'troubleshooting', 'preventive maintenance', 'diagnostic tools']",on-site,full time,experienced,,2 months ago,2.0,cairo,cairo,egypt
seo expert,ab studios,"['seo', 'link building', 'on-page seo', 'competitive analysis', 'ai search optimization (geo)', 'content strategy', 'technical seo', 'google analytics', 'google search console']",remote,full time,experienced,,2 months ago,2.0,sheikh zayed,giza,egypt
crm manager (background 3pl),marbella for food industry,"['crm and logistics software proficiency', 'crm strategy development', 'team leadership', 'logistics and supply chain management', 'customer service', 'communication', 'crm software', 'crm']",on-site,full time,manager,,2 months ago,3.0,6th of october,giza,egypt
ict teacher,alalson azhari language schools,"['communication skills', 'education', 'ict', 'information technology (it)', 'teacher', 'teaching']",on-site,full time,experienced,,2 months ago,2.0,haram,giza,egypt
human resource administrative,eid steel,"['administration', 'human resources (hr)', 'recruitment', 'business administration', 'organizational skills', 'communication skills', 'employee relations', 'hris', 'onboarding']",on-site,full time,experienced,,2 months ago,2.0,6th of october,giza,egypt
ap accountant,olam svi,"['accounting', 'ap', 'finance', 'financial analysis', 'sap', 'sap business one', 'sap 2000']",on-site,full time,entry level,,2 months ago,1.0,6th of october,giza,egypt
maintenance engineer (real estate ),upwyde,"['engineering', 'maintenance', 'mechanical engineering', 'electrical engineering', 'mechatronics', 'troubleshooting', 'preventive maintenance']",on-site,full time,experienced,,2 months ago,2.0,new cairo,cairo,egypt
senior principal engineer - dry utilities,atkins realis,"['engineering', 'design', 'electrical engineering', 'autocad', 'computer science', 'development', 'information technology (it)', 'software development']",on-site,full time,experienced,,2 months ago,2.0,nasr city,cairo,egypt
accountant,sega_m,"['microsoft excel', 'erp system']",on-site,full time,entry level,,2 months ago,1.0,10th of ramadan city,sharqia,egypt
purchasing coordinator,olam svi,"['logistics', 'procurement', 'purchasing', 'supply chain', 'erp', 'erp system', 'erp software']",on-site,full time,entry level,,2 months ago,1.0,6th of october,giza,egypt
secretary,dar elhandasa,"['microsoft office', 'office management', 'communication', 'organizational skills', 'time management', 'record keeping', 'scheduling', 'client relations', 'problem-solving']",on-site,full time,experienced,,2 months ago,2.0,sidi bishr,alexandria,egypt
french teacher,alalson azhari language schools,"['education', 'french', 'french teaching', 'teaching']",on-site,full time,entry level,,2 months ago,1.0,haram,giza,egypt
senior principal structure engineer,atkins realis,"['civil engineering', 'engineering', 'analysis', 'computer science', 'design', 'information technology (it)', 'steel', 'structural design']",on-site,full time,experienced,,2 months ago,2.0,nasr city,cairo,egypt
r&d packaging officer,dabur,"['engineering', 'packaging', 'mechanical engineering', 'production', 'computer skills', 'design', 'chemistry']",on-site,full time,entry level,,2 months ago,1.0,10th of ramadan city,cairo,egypt
english customer support representative,etisal international,"['customer support', 'customer service representative', 'outsourcing', 'offshoring', 'client interaction', 'problem solving', 'communication skills', 'crm', 'multitasking']",hybrid,full time,experienced,,2 months ago,2.0,cairo,cairo,egypt
science teacher,alalson azhari language schools,"['education', 'english', 'science', 'teaching']",on-site,full time,entry level,,2 months ago,1.0,haram,giza,egypt
carpet care plant operations manager,confidential,"['operations manager', 'factory manager', 'production manager', 'service operations manager', 'housekeeping management', 'hospitality management', 'logistics management', 'fulfillment manager', 'service center']",on-site,full time,manager,,2 months ago,3.0,6th of october,giza,egypt
sales advisor,apofuture,"['sales target', 'sales', 'customer service']",remote,full time,experienced,,2 months ago,2.0,cairo,cairo,egypt
senior accountant,travco group,"['financial reporting', 'general ledger management', 'budgeting and forecasting', 'payable accounting', 'accounts receivable', 'tax accounting', 'bank reconciliation', 'accounting', 'financial analysis']",on-site,full time,experienced,,2 months ago,2.0,sheikh zayed,giza,egypt
mechanical maintenance engineer - pharma,apex pharma,"['cad', 'installations', 'maintenance', 'mechanical', 'mechanical engineering', 'pharmaceutical', 'engineering']",on-site,full time,experienced,,2 months ago,2.0,badr city,cairo,egypt
r&d formulation section head - solid dosage,apex pharma,"['pharmaceutical', 'research', 'formulation', 'english', 'microsoft office', 'pharmacy', 'science']",on-site,full time,senior management,,2 months ago,,badr city,cairo,egypt
senior sdr,alba talent,"['cold calling', 'b2b sales', 'lead generation', 'appointment setting', 'crm', 'telesales', 'sdr', 'inside sales']",remote,full time,experienced,,2 months ago,2.0,cairo,cairo,egypt
welding engineer,ferrometalco steel construction,"['engineering', 'steel industry', 'steel', 'welding', 'mechanical engineering', 'production', 'iwe', 'cwi']",on-site,full time,experienced,,2 months ago,2.0,belbes,sharqia,egypt
senior operation engineer-alternative fuel,titan cement egypt,"['greenfuel', 'alternative fuel', 'operations', 'green alternative fuel', 'operation engineer']",hybrid,full time,experienced,,2 months ago,2.0,khanka,qalubia,egypt
jr. plumbing & firefighting engineer,afniah consulting engineering,"['engineering', 'design', 'mechanical engineering', 'plumbing', 'revit', 'autocad']",on-site,full time,experienced,,2 months ago,2.0,heliopolis,cairo,egypt
electrical design engineer – mv panels,tepco s.a.e.,"['autocad', 'electrical design', 'electrical engineering', 'medium voltage', 'mv', 'engineering', 'design', 'switchgear', 'manufacturing industry']",on-site,full time,experienced,,2 months ago,2.0,6th of october,giza,egypt
technical office engineer,confidential,"['engineering', 'technical office', 'imos ix', 'furniture design', 'cabinet construction', 'furniture manufacturing', 'drawing views']",hybrid,full time,senior management,,2 months ago,,cairo,cairo,egypt
it help desk,burger king,"['communication', 'computer science', 'information technology (it)']",on-site,full time,experienced,,2 months ago,2.0,heliopolis,cairo,egypt
dutch appointment setter | remote | up to €980 paid in egp,praxistech,"['dutch', 'native dutch', 'fluent dutch', 'appointment setting', 'outbound calls', 'cold calling', 'b2b sales']",remote,full time,entry level,,2 months ago,1.0,cairo,cairo,egypt
electrical design engineer,orient egypt,"['electrical engineering', 'electrical design engineering', 'electrical design', 'electrical designing', 'mechanical, electrical, and plumbing (mep)']",on-site,full time,experienced,,2 months ago,2.0,dokki,giza,egypt
hvac design engineer,orient egypt,"['mechanical design', 'mechanical design engineering', 'autocad', 'autocad design', 'autocad software', 'hvac system design', 'knowledge of hvac codes and standards']",on-site,full time,experienced,,2 months ago,2.0,dokki,giza,egypt
english teacher.,adam's elbaraa nursery,"['teaching', 'class management', 'curriculum development', 'lesson planning', 'student assessment', 'english language proficiency', 'pedagogy', 'communication skills', 'cultural sensitivity']",on-site,full time,experienced,,2 months ago,2.0,obour city,cairo,egypt
sales and marketing,lms,"['marketing research', 'sales']",on-site,internship,entry level,,2 months ago,1.0,maadi,cairo,egypt
senior full-stack developer,orient egypt,"['software development', 'javascript', 'computer science']",on-site,full time,experienced,,2 months ago,2.0,dokki,giza,egypt
senior sales executive – commercial real estate,confidential,"['real estate', 'sales', 'commercial sales']",on-site,full time,experienced,,2 months ago,2.0,cairo,cairo,egypt
graphic designer,madmon e-commerce,"['adobe illustrator', 'adobe photoshop', 'design', 'graphic design']",on-site,full time,entry level,,2 months ago,1.0,cairo,cairo,egypt
business development manager,citiscape,"['construction', 'marketing', 'business development', 'engineering', 'project management', 'sales', 'landscape engineering']",on-site,full time,manager,,2 months ago,3.0,cairo,cairo,egypt
installation engineer,creative closets,"['installation', 'technical', 'skills', 'engineering', 'information technology (it)', 'computer science', 'installations', 'management']",on-site,full time,experienced,,2 months ago,2.0,new cairo,cairo,egypt
engineer technical office,creative closets,"['technical office', 'design', 'autocad', 'engineering', 'computer science', 'information technology (it)', 'microsoft office']",on-site,full time,experienced,,2 months ago,2.0,new cairo,cairo,egypt
facility engineer(mechanical),leeds,"['mechanical engineering', 'facility management', 'engineering', 'mechanical']",hybrid,full time,experienced,,2 months ago,2.0,moharam bek,alexandria,egypt
associated brand manager,awa group,"['branding', 'marketing', 'microsoft office', 'digital marketing', 'food & beverage']",on-site,full time,experienced,,2 months ago,2.0,sheraton,cairo,egypt
odoo functional consultant,zpac co,"['accounting', 'erp', 'odoo']",on-site,full time,experienced,,2 months ago,2.0,qalubia,qalubia,egypt
wiring harness production manager,confidential,"['production engineering', 'lean six sigma', 'manufacturing process', 'wiring harness assembly', 'quality control', 'supply chain management', 'team leadership', 'project management', 'process optimization']",on-site,full time,manager,,2 months ago,3.0,10th of ramadan city,cairo,egypt
financial accountant,seven,"['accounting', 'finance', 'communication']",on-site,full time,experienced,,2 months ago,2.0,new cairo,cairo,egypt
e-commerce sales representative,zpac co,"['e-commerce', 'e-marketing', 'sales', 'social media']",on-site,full time,entry level,,2 months ago,1.0,qalubia,qalubia,egypt
receptionist,valero development,"['real estate', 'administration', 'communication', 'customer service', 'office management', 'microsoft office', 'office management', 'client relations']",on-site,full time,entry level,,2 months ago,1.0,obour city,cairo,egypt
incoming tour operator,alexander travel,"['tourism', 'travel', 'tour', 'customer support', 'customer service', 'destination management', 'itinerary planning', 'vendor negotiation', 'multilingual communication']",on-site,full time,experienced,,2 months ago,2.0,haram,giza,egypt
talent acquisition lead,confidential,"['human resources (hr)', 'talent acquisition', 'interviewing', 'recruitment', 'excellent english communication skills.', 'negotiation and offer management skills.', 'ats and hr systems experience. *']",on-site,full time,experienced,,2 months ago,2.0,sheraton,cairo,egypt
customer relations specialist,sphere smart solutions,"['business development', 'sales skills', 'business', 'communication', 'management', 'negotiation', 'microsoft office']",remote,full time,experienced,,2 months ago,2.0,maadi,cairo,egypt
"telesales-sales representative, events and sponsorships",allan lloyds,"['sales', 'sponsorship', 'sales target', 'event management', 'events organizing', 'marketing', 'telesales']",hybrid,full time,entry level,,2 months ago,1.0,cairo,cairo,egypt
marketing engineer,cscec international facade egypt co ltd,"['autocad', 'communication', 'engineering', 'marketing', 'negotiation', 'sales']",on-site,full time,experienced,,2 months ago,2.0,new cairo,cairo,egypt
project architect,east engineering consultancy,"['architecture', 'revit']",on-site,full time,experienced,,2 months ago,2.0,alkhalifa,cairo,egypt
senior civil engineer,confidential,"['civil engineering', 'engineering', 'roads', 'computer science', 'information technology (it)', 'construction', 'management', 'project']",on-site,full time,experienced,,2 months ago,2.0,nasr city,cairo,egypt
senior data scientist,vertex technologies,"['english b2', 'machine learning', 'statistical analysis', 'python', 'gradient boosting algorithms', 'llm', 'generative ai technologies', 'big data technologies']",on-site,full time,experienced,,2 months ago,2.0,cairo,cairo,egypt
middle data scientist,vertex technologies,"['data analysis', 'machine learning', 'statistical modeling', 'data visualization', 'big data technologies', 'problem solving', 'communication', 'llm orchestration tools']",on-site,full time,experienced,,2 months ago,2.0,cairo,cairo,egypt
senior data engineer,vertex technologies,"['data engineering', 'python', 'scala', 'databricks', 'sql', 'dimensional modeling', 'oltp/olap', 'cloud platforms (aws, azure, gcp)']",on-site,full time,experienced,,2 months ago,2.0,cairo,cairo,egypt
general manager,confidential,"['strategic thinking', 'financial management', 'supply management', 'hr management', 'commercial management', 'operations management', 'erp implementation', 'customer service excellence', 'executive management']",on-site,full time,senior management,,2 months ago,,nasr city,cairo,egypt
construction manager,link international,"['architecture', 'construction management', 'engineering', 'project management', 'construction', 'management']",on-site,full time,manager,,2 months ago,3.0,cairo,cairo,egypt
projects sales manager,partner & more,"['sales', 'projects', 'sales target', 'engineering', 'management', 'planning', 'project', 'project management']",on-site,full time,manager,,2 months ago,3.0,downtown,cairo,egypt
senior b2b cold caller,alba talent,"['cold calling', 'b2b sales', 'lead generation', 'appointment setting', 'crm', 'telesales', 'sdr', 'inside sales', 'b2b']",remote,full time,experienced,,2 months ago,2.0,cairo,cairo,egypt
business development manager – construction,pricon,"['engineering', 'business development', 'construction', 'marketing', 'client relationship management', 'market research', 'sales strategy']",on-site,full time,manager,,2 months ago,3.0,cairo,cairo,egypt
outdoor sales executive,el chourbagi,"['sales target', 'sales', 'outdoor sales', 'communication', 'microsoft excel', 'erp', 'microsoft office', 'negotiation']",on-site,full time,experienced,,2 months ago,2.0,heliopolis,cairo,egypt
mep technical office engineer,link international,"['mep', 'technical office', 'autocad', 'mechanical', 'electrical engineering']",on-site,full time,experienced,,2 months ago,2.0,cairo,cairo,egypt
import specialist,bmg,"['logistics', 'supply chain', 'import / export']",on-site,full time,entry level,,2 months ago,1.0,nasr city,cairo,egypt
university relations manager,vertex technologies,"['public relations (pr)', 'communication skills', 'communication', 'customer service', 'marketing', 'sales', 'teaching']",on-site,full time,manager,,2 months ago,3.0,cairo,cairo,egypt
sales specialist - tanta,valmore holding,"['sales', 'sales target', 'communication', 'finance', 'customer service', 'data entry']",on-site,full time,entry level,,2 months ago,1.0,tanta,gharbia,egypt
mep engineer mechanical,link international,"['mechanical engineering', 'mep', 'electrical engineering', 'autocad', 'engineering', 'hvac', 'mechanical', 'project management', 'construction']",on-site,full time,experienced,,2 months ago,2.0,cairo,cairo,egypt
coding officer (medical claims ),fakeeh university hospital,"['aapc cpc (certified professional coder)', 'ahima ccs (certified coding specialist)', 'icd-10-cm diagnosis coding', 'cpt procedure coding', 'apache', 'agile', 'application support']",remote,full time,experienced,,2 months ago,2.0,cairo,cairo,egypt
art director,semak,"['adobe illustrator', 'adobe photoshop', 'design', 'graphic design']",on-site,full time,manager,,2 months ago,3.0,dokki,giza,egypt
ceo personal assistant,pro-tec egypt,"['hr admin', 'facility management', 'administration', 'communication', 'ms office', 'office management']",on-site,full time,experienced,,2 months ago,2.0,sheraton,cairo,egypt
"cnc cad/cam professional, 5 axis and more, manufacturing",hazem shoukry designs,"['cad/cam', 'cad software', 'cam', 'manufacturing', 'production', '3d design']",on-site,full time,experienced,,2 months ago,2.0,nasr city,cairo,egypt
his system operations specialist,confidential,"['system troubleshooting and technical support', 'hospital information system (his) management', 'user training and support', 'healthcare it operations', 'documentation and reporting', 'remote work proficiency', 'communication', 'information technology (it)']",hybrid,full time,experienced,,2 months ago,2.0,cairo,cairo,egypt
sales specialist,percia for smart home solutions,"['sales target', 'customer service', 'sales planning', 'indoor sales', 'sales', 'communication', 'marketing']",on-site,full time,entry level,,2 months ago,1.0,sheikh zayed,giza,egypt
international export sales manager – fresh fruits & vegetables,elganaini,"['export', 'export sales', 'logistics']",on-site,full time,manager,,2 months ago,3.0,mokattam,cairo,egypt
dental cad designer/ surgical guide,3sixty,"['cad software', 'cad/cam', 'digital design', 'dentistry', 'medical', 'ms office', 'design', 'surgical']",hybrid,full time,experienced,,2 months ago,2.0,mohandessin,giza,egypt
technical sales specialist – industrial & workshop solutions,sea port for trading and engineering,"['technical sales', 'sales', 'customer service', 'industrial sales', 'workshop solutions', 'business solutions', 'client relationship management', 'negotiation']",on-site,full time,experienced,,2 months ago,2.0,new cairo,cairo,egypt
senior logistics specialist (import & export),rubyred garment,"['export', 'microsoft office', 'logistics', 'purchasing', 'supply chain']",on-site,full time,experienced,,2 months ago,2.0,bourj alarab,alexandria,egypt
backend developer,dl,"['amazon aws', 'saas', 'aws', 'computer science', 'docker', 'engineering', 'git', 'information technology (it)']",remote,full time,experienced,,2 months ago,2.0,cairo,cairo,egypt
junior game qa intern,confidential,"['qa', 'quality assurance', 'quality control', 'game development']",on-site,full time,entry level,,2 months ago,1.0,sheraton,cairo,egypt
game qa project manager,confidential,"['qa', 'project management', 'computer science', 'software development']",on-site,full time,manager,,2 months ago,3.0,sheraton,cairo,egypt
credit control supervisor,jazeera paints,"['credit management', 'accounts receivable', 'financial analysis', 'communication', 'negotiation', 'risk assessment', 'problem solving']",on-site,full time,manager,,2 months ago,3.0,10th of ramadan city,sharqia,egypt
we're hiring | hr & talent acquisition specialist,tech technology,"['hr', 'hiring', 'human resources (hr)', 'recruitment', 'talent acquisition']",remote,full time,senior management,,2 months ago,,cairo,cairo,egypt
it manager,confidential,"['computer engineering', 'computer science', 'information technology (it)', 'project management']",on-site,full time,manager,,2 months ago,3.0,6th of october,giza,egypt
financial controller,confidential,"['accounting', 'finance', 'financial', 'financial analysis', 'financial management']",on-site,full time,manager,,2 months ago,3.0,zamalek,cairo,egypt
injection production manager,el teriak industrial group,"['engineering', 'management', 'manufacturing', 'production']",on-site,full time,experienced,,2 months ago,2.0,6th of october,giza,egypt
health and safety senior engineer,el teriak industrial group,"['engineering', 'health and safety', 'hse', 'safety']",on-site,full time,experienced,,2 months ago,2.0,6th of october,giza,egypt
farm director,el teriak industrial group,"['agriculture', 'production', 'agricultural operations', 'farm management', 'crop production', 'fertilization programs', 'irrigation management', 'pest & disease control', 'agricultural planning']",on-site,full time,senior management,,2 months ago,,cairo,cairo,egypt
agriculture export director,confidential,"['agriculture', 'export', 'sales']",on-site,full time,senior management,,2 months ago,,zamalek,cairo,egypt
it infrastructure & ai solutions engineer,fakeeh university hospital,"['it infrastructure & ai solutions engineer', 'information technology (it)', 'network engineering']",on-site,full time,experienced,,2 months ago,2.0,cairo,cairo,egypt
procurement engineers civil-electrical,tabarak,"['electrical engineering', 'civil engineering', 'engineering', 'procurement', 'contract negotiation', 'vendor management', 'supply chain management']",on-site,full time,experienced,,2 months ago,2.0,mohandessin,giza,egypt
product development coordinator,kirmena jewellery,"['development', 'production', 'reporting', 'coordination', 'microsoft excel', 'organizing']",on-site,full time,experienced,,2 months ago,2.0,obour city,cairo,egypt
php full stack developer,mora communications company,"['php', 'node.js', 'mongo db', 'bootstrap', 'computer science', 'software development', 'html', 'css']",on-site,full time,experienced,,2 months ago,2.0,new cairo,cairo,egypt
civil / architectural engineer (site & technical office),mithaq realty,"['drawing', 'design', 'site engineering', 'architecture', 'autocad', 'civil engineering', 'construction', 'engineering', 'projects']",on-site,full time,entry level,,2 months ago,1.0,new cairo,cairo,egypt
marketing executive,fixed solutions,"['market research', 'marketing', 'canva']",hybrid,full time,experienced,,2 months ago,2.0,cairo,cairo,egypt
technical office engineer,alunaut,"['engineering', 'technical office', 'construction management', 'project planning', 'autocad', 'microsoft office suite', 'quantity surveying', 'cost estimation', 'bim software']",on-site,full time,experienced,,2 months ago,2.0,nasr city,cairo,egypt
mechanical engineer,alunaut,"['mechanical engineering', 'engineering', 'maintenance', 'mechanical', 'troubleshooting', 'system design', 'technical documentation', 'project management', 'problem-solving']",on-site,full time,experienced,,2 months ago,2.0,nasr city,cairo,egypt
electrical engineer,alunaut,"['electrical engineering', 'engineering', 'circuit design', 'power systems', 'cad software', 'troubleshooting', 'project management', 'maintenance engineering']",on-site,full time,experienced,,2 months ago,2.0,nasr city,cairo,egypt
architectural engineer,alunaut,"['architecture', 'engineering', 'structural design', 'autocad', 'revit', 'project management', 'construction supervision', 'building codes', 'site analysis']",on-site,full time,experienced,,2 months ago,2.0,nasr city,cairo,egypt
warehouse keeper,alunaut,"['warehousing', 'supply chain management', 'logistics operations', 'inventory control', 'material handling', 'shipping and receiving', 'data entry']",on-site,full time,experienced,,2 months ago,2.0,nasr city,cairo,egypt
purchasing officer,alunaut,"['logistics', 'procurement', 'purchasing', 'supply chain management', 'vendor management', 'negotiation', 'contract management', 'inventory control']",on-site,full time,experienced,,2 months ago,2.0,nasr city,cairo,egypt
human resources generalist,mg,"['human resources', 'human resources (hr)', 'microsoft office', 'recruitment', 'personnel']",on-site,full time,experienced,,2 months ago,2.0,nasr city,cairo,egypt
purchasing officer,confidential,"['purchasing', 'procurement', 'supply chain management', 'negotiation', 'vendor management', 'inventory control', 'contract management', 'logistics', 'market analysis']",on-site,full time,experienced,,2 months ago,2.0,cairo,cairo,egypt
global finance manager,confidential,"['finance', 'financial analysis', 'finance analysis', 'finance management', 'financial accounting', 'financial reporting', 'financial data analysis']",hybrid,full time,manager,,2 months ago,3.0,new cairo,cairo,egypt
sales executive,crm,"['hardware sales', 'printing', 'sales target', 'sales']",on-site,full time,experienced,,2 months ago,2.0,nasr city,cairo,egypt
account manager (engineer),confidential,"['customer service', 'sales', 'account management', 'communication', 'management', 'engineering', 'microsoft office']",on-site,full time,entry level,,2 months ago,1.0,new cairo,cairo,egypt
senior sales engineer,atec,"['sales', 'engineering', 'water pumps', 'irrigation systems', 'pumps', 'sales engineering', 'technical sales']",on-site,full time,experienced,,2 months ago,2.0,maadi,cairo,egypt
research & development engineer (lighting segment),elnassera group,"['lighting', 'research', 'development', 'autocad', 'communication', 'computer science', 'engineering', 'software development']",on-site,full time,experienced,,2 months ago,2.0,obour city,cairo,egypt
architect site engineer,everest mohammed and mounir,"['architecture', 'civil engineering', 'construction', 'design', 'engineering', 'autocad', 'management']",on-site,full time,experienced,,2 months ago,2.0,cairo,cairo,egypt
accountant,everest mohammed and mounir,"['accounting', 'financial management', 'financial analysis', 'accounts payable', 'accounting software']",on-site,full time,experienced,,2 months ago,2.0,cairo,cairo,egypt
sales marketing executive,rubex egypt,"['marketing', 'sales', 'sales target']",remote,full time,entry level,,2 months ago,1.0,bourj alarab,alexandria,egypt
branch manager,otic,"['branch management', 'communication', 'sales', 'administration', 'microsoft office', 'customer service', 'insurance operations', 'team leadership']",on-site,full time,manager,,2 months ago,3.0,cairo,cairo,egypt
rpa team lead,gb corp,"['computer science', 'information technology (it)', 'software development', 'software engineering', '.net', 'computer engineering', 'engineering', 'java']",on-site,full time,experienced,,2 months ago,2.0,giza,giza,egypt
oracle apps developer,nile sugar,"['computer science', 'development', 'linux', 'oracle', 'sql', 'apis', 'information technology (it)', 'pl', 'pl/sql']",on-site,full time,entry level,,2 months ago,1.0,ameria,alexandria,egypt
full stack developer - wordpress tosaas migration,ais,"['javascript', 'saas', 'php', 'mysql', 'wordpress', 'restful apis', 'github', 'software development']",hybrid,full time,experienced,,2 months ago,2.0,cairo,cairo,egypt
b2b sales & partnerships representative,ais,"['b2b sales', 'partnerships', 'sales target', 'saas', 'ai solutions', 'b2b', 'sales']",hybrid,full time,experienced,,2 months ago,2.0,cairo,cairo,egypt
senior operations specialist,idea,"['management', 'project management', 'communication', 'reporting', 'computer skills', 'process documentation', 'sops & procedures support', 'organizational skills']",on-site,full time,experienced,,2 months ago,2.0,sheikh zayed,giza,egypt
senior administration specialist,national electricity technology co.,"['office administration', 'communication', 'time management', 'problem solving', 'teamwork', 'attention to detail', 'administrative operations', 'service contracts', 'facilities management']",on-site,full time,experienced,,2 months ago,2.0,10th of ramadan city,sharqia,egypt
finance manager,bitunil,"['financial management', 'accounting', 'finance']",on-site,full time,manager,,2 months ago,3.0,heliopolis,cairo,egypt
chief financial officer - cfo,confidential,"['accounting', 'finance', 'erp', 'cfo', 'financial analysis', 'financial management']",on-site,full time,senior management,,2 months ago,,heliopolis,cairo,egypt
production engineer,technobit group,"['autocad', 'engineering', 'industrial engineering', 'mechanical', 'mechanical engineering', 'production', 'planning', 'manufacturing']",on-site,full time,entry level,,2 months ago,1.0,belbes,sharqia,egypt
treasury accountant- travel agent,cairo transport & touring,"['accounting', 'finance', 'auditing', 'computer skills', 'excel', 'financial analysis', 'accounting software']",on-site,full time,entry level,,2 months ago,1.0,downtown,cairo,egypt
fresh grad sales representative,union group,"['outdoor sales', 'sales target', 'sales', 'b2b sales', 'negotiation', 'communication', 'sales skills']",on-site,full time,entry level,,2 months ago,1.0,cairo,cairo,egypt
warehouse operations team leader (shabramant & mostorod),tawfeer,"['e-commerce', 'operations management', 'team leadership', 'warehouse operations', 'supply chain', 'warehousing', 'call center', 'communication']",on-site,full time,experienced,,2 months ago,2.0,musturad,qalubia,egypt
pre sales consultant - dynamics 365 & power apps,link development,"['dynamics', 'dynamics 365', 'communication', 'consulting', 'presales', 'real estate', 'sales target', 'sales']",hybrid,full time,experienced,,2 months ago,2.0,cairo,cairo,egypt
mep site engineer,alunaut,"['electrical engineering', 'mechanical engineering', 'mep', 'hvac systems', 'plumbing systems', 'fire fighting systems', 'construction management', 'project coordination', 'autocad']",on-site,full time,experienced,,2 months ago,2.0,north coast,alexandria,egypt
accountant,ebss - elite business solution service,"['accounting', 'finance', 'financial reporting', 'accounting software', 'financial', 'erp', 'financial analysis', 'financial management', 'microsoft excel']",on-site,full time,experienced,,2 months ago,2.0,tanta,gharbia,egypt
junior technical office engineer,buildin,"['architecture', 'technical', 'design', 'engineering', 'autocad', 'drawings', 'civil', 'civil engineering', 'english']",on-site,full time,experienced,,2 months ago,2.0,heliopolis,cairo,egypt
technical office engineer,moonland for real estate & touristic investments (image),"['autocad architecture', 'microsoft office', 'construction documentation', 'quantity surveying', 'project coordination', 'technical reporting', 'site supervision', 'cost estimation', 'problem-solving']",on-site,full time,experienced,,2 months ago,2.0,sharm alsheikh,south sinai,egypt
product manager,aug pharma,"['marketing', 'product management', 'sales', 'pharmaceutical']",hybrid,full time,experienced,,2 months ago,2.0,6th of october,giza,egypt
electric engineer,moonland for real estate & touristic investments (image),"['electrical engineering', 'engineering', 'circuit design', 'power systems', 'control systems', 'troubleshooting', 'project management', 'autocad electrical', 'matlab']",on-site,full time,experienced,,2 months ago,2.0,sharm alsheikh,south sinai,egypt
junior graphic designer,premium card,"['graphic design', 'adobe photoshop', 'adobe illustrator', 'microsoft programs', 'adobe after effects', 'applied arts', 'design', 'fine art', 'motion graphics']",on-site,full time,entry level,,2 months ago,1.0,dokki,giza,egypt
sales & fitting specialist,amplifon middle east,"['customer service', 'sales target', 'sales', 'engineering', 'management', 'communication']",on-site,full time,entry level,,2 months ago,1.0,cairo,cairo,egypt
drilling department manager,faid alnaam,"['administration', 'drilling operations', 'management', 'microsoft office', 'project management', 'team leadership', 'budgeting', 'risk management']",on-site,full time,manager,,2 months ago,3.0,farafra,new valley,egypt
ui ux designer,yzh,"['computer science', 'design', 'graphic design', 'information technology (it)', 'prototyping', 'responsive design', 'ui']",on-site,full time,experienced,,2 months ago,2.0,new cairo,cairo,egypt
insurance sales agent,"misr life insurance takaful,","['sales', 'insurance sales', 'customer service', 'sales target', 'communication', 'negotiation', 'client relationship management', 'product knowledge', 'crm software']",on-site,full time,entry level,,2 months ago,1.0,smouha,alexandria,egypt
sales advisor,el mansour development,"['property', 'real estate', 'sales target', 'sales', 'customer service', 'marketing', 'microsoft office', 'communication']",on-site,full time,entry level,,2 months ago,1.0,mokattam,cairo,egypt
civil engineer,idaco,"['architecture', 'civil engineering', 'auto cad3dmaxcivil']",on-site,full time,experienced,,2 months ago,2.0,6th of october,giza,egypt
outdoor sales,valmore holding,"['sales & negotiation skills', 'presentation skills', 'communication & relationship building', 'problem solving', 'time management & planning', 'target achievement & results orientation', 'market & competitor analysis']",on-site,full time,experienced,,2 months ago,2.0,10th of ramadan city,sharqia,egypt
senior hr specialist,beneshty,"['human resources (hr)', 'recruitment', 'microsoft office', 'business administration', 'administration', 'hris', 'human resources', 'interviewing']",on-site,full time,experienced,,2 months ago,2.0,obour city,cairo,egypt
finance manager - german speaker,confidential,"['accounting', 'business administration', 'commerce', 'erp', 'finance', 'navision', 'sap', 'tax regulations', 'microsoft office']",hybrid,full time,manager,,2 months ago,3.0,maadi,cairo,egypt
architect,concept,"['architecture', 'engineering', '3d modeling', '3ds max', 'autocad', 'computer science', 'information technology (it)', 'microsoft office']",on-site,full time,experienced,,2 months ago,2.0,6th of october,giza,egypt
branch accountant,confidential,"['accounting', 'finance', 'financial analysis', 'financial management', 'banking', 'client support', 'auditing', 'bookkeeping']",on-site,full time,experienced,,2 months ago,2.0,dokki,giza,egypt
leasing manager,wadi degla clubs,"['leasing', 'marketing', 'sales', 'multitasking', 'tenant management', 'kiosk management', 'lease agreements']",on-site,full time,manager,,2 months ago,3.0,maadi,cairo,egypt
sales account manager,broadnet,"['sales strategy', 'account management', 'business development', 'client relationship management', 'communication', 'negotiation', 'presentation skills']",on-site,full time,experienced,,2 months ago,2.0,new cairo,cairo,egypt
commercial coordinator (beni suef- fayoum -minya-assiut-sohag -qena -luxor- aswan),bein media group,"['business development', 'customer service', 'sales', 'microsoft office']",on-site,full time,entry level,,2 months ago,1.0,new assuit,assiut,egypt
hr operations supervisor,confidential,"['human resources (hr)', 'microsoft office', 'hr', 'personnel management', 'labour law', 'social insurance']",on-site,full time,experienced,,2 months ago,2.0,sheikh zayed,giza,egypt
project management coordinator,dakahlia group,"['project management', 'follow up meetings', 'kpis review', 'technical assistance']",on-site,full time,experienced,,2 months ago,2.0,nasr city,cairo,egypt
technical officer,industrial modernisation centre (imc),"['renewable energy', 'pv', 'energy', 'engineering']",on-site,full time,experienced,,2 months ago,2.0,nasr city,cairo,egypt
talent acquisition section head,egyptian company for cosmetics,"['talent acquisition', 'recruitment strategy', 'employer branding', 'data analysis', 'stakeholder management', 'candidate experience', 'ats management', 'hr analytics', 'leadership']",on-site,full time,manager,,2 months ago,3.0,nasr city,cairo,egypt
talent acquisition specialist,egyptian company for cosmetics,"['talent acquisition', 'employer management', 'people and culture', 'communication', 'recruitment', 'interviewing', 'candidate sourcing', 'onboarding', 'hr software']",on-site,full time,entry level,,2 months ago,1.0,nasr city,cairo,egypt
digital marketing manager,egyptian company for cosmetics,"['digital marketing', 'digital marketing strategy', 'seo/sem', 'social media management', 'content creation', 'analytics and reporting', 'project management', 'advertising platforms (google ads, facebook ads)', 'marketing automation']",on-site,full time,manager,,2 months ago,3.0,nasr city,cairo,egypt
business development & expansion manager,spinneys egypt,"['business development', 'development', 'sales']",on-site,full time,manager,,2 months ago,3.0,maadi,cairo,egypt
group reporting & budgeting manager,egyptian company for cosmetics,"['accounting', 'analysis', 'budgeting', 'finance', 'financial', 'financial management', 'financial planning', 'forecasting', 'planning']",on-site,full time,manager,,2 months ago,3.0,nasr city,cairo,egypt
senior engineer - tendering mechanical,organi group,"['engineering', 'tendering', 'mechanical', 'mechanical engineering', 'autocad', 'computer science', 'firefighting', 'hvac', 'information technology (it)']",on-site,full time,experienced,,2 months ago,2.0,cairo,cairo,egypt
maintenance & facilities engineer,spinneys egypt,"['engineering', 'maintenance', 'maintenance engineering', 'information technology (it)', 'electrical engineering', 'mechatronics engineering', 'mechanical']",on-site,full time,experienced,,2 months ago,2.0,maadi,cairo,egypt
public relations executive,mishkat nour,"['public relations', 'marketing', 'media relations', 'crisis communication', 'content strategy', 'brand management', 'event management']",on-site,full time,manager,,2 months ago,3.0,nasr city,cairo,egypt
treasury accountant,kirmena jewellery,"['accounting', 'finance', 'financial analysis', 'treasury', 'microsoft excel']",on-site,full time,experienced,,2 months ago,2.0,obour city,cairo,egypt
data analyst,egmed,"['analysis', 'computer science', 'data analysis', 'information technology (it)']",on-site,full time,experienced,,2 months ago,2.0,cairo,cairo,egypt
visual identity designer,confidential,"['adobe illustrator', 'adobe photoshop', 'design thinking', 'video editing', 'photo editing', 'packaging design', 'brand design', 'creative direction', 'visual identity']",remote,full time,experienced,,2 months ago,2.0,new cairo,cairo,egypt
data scientist,spinneys egypt,"['computer science', 'data science', 'information technology (it)', 'python']",on-site,full time,entry level,,2 months ago,1.0,maadi,cairo,egypt
senior payroll specialist,arabtec,"['payroll', 'human resources (hr)', 'payroll processing', 'tax compliance', 'hris management', 'time and attendance', 'benefits administration', 'problem-solving', 'attention to detail']",on-site,full time,experienced,,2 months ago,2.0,heliopolis,cairo,egypt
data operation specialist,confidential,"['microsoft excel', 'microsoft word', 'data handling', 'data preparation', 'system tools', 'data processing', 'team collaboration', 'precision']",on-site,full time,entry level,,2 months ago,1.0,new cairo,cairo,egypt
bi front-end developer,confidential,"['business intelligence', 'power bi', 'ssas', 'microsoft sql server', 'tableau']",on-site,part time,entry level,,2 months ago,1.0,new cairo,cairo,egypt
customer data operations specialist,confidential,"['microsoft excel', 'customer service', 'customer care', 'data entry', 'data analysis', 'reporting', 'documentation', 'data handling']",on-site,full time,experienced,,2 months ago,2.0,new cairo,cairo,egypt
psychologist,project hope egypt,"['psychology', 'clinical psychology', 'medical', 'social work', 'physical medicine', 'medical insurance']",on-site,full time,experienced,,2 months ago,2.0,cairo,cairo,egypt
senior corporate lawyer,technobit group,"['legal affairs', 'legal services', 'corporate law', 'commercial law']",on-site,full time,experienced,,2 months ago,2.0,sharabeya,cairo,egypt
human resources generalist,egypt africa,"['human resources', 'recruitment', 'personnel management', 'microsoft office', 'employee relations', 'hr policies', 'onboarding', 'training & development']",on-site,full time,experienced,,2 months ago,2.0,katameya,cairo,egypt
senior tax accountant,consultation group for accounting and auditing,"['accounting', 'finance', 'tax', 'vat', 'corporate tax', 'auditing', 'bookkeeping']",on-site,full time,experienced,,2 months ago,2.0,6th of october,giza,egypt
revenue cycle manager,pyramids pharmacy,"['accounting', 'finance', 'medical', 'health care']",remote,full time,manager,,2 months ago,3.0,sheikh zayed,giza,egypt
website & digital marketing coordinator,alpha,"['e-marketing', 'digital marketing', 'social media', 'marketing', 'websites design', 'analytics', 'communication', 'e-commerce']",on-site,full time,entry level,,2 months ago,1.0,new cairo,cairo,egypt
sales account manager,شركة سوبر للاستيراد و التصدير,"['customer service', 'sales', 'sales target']",on-site,full time,manager,,2 months ago,3.0,ataba,cairo,egypt
sales manager,شركة سوبر للاستيراد و التصدير,"['sales', 'sales target']",on-site,full time,experienced,,2 months ago,2.0,ataba,cairo,egypt
ipm & housekeeping engineer,beyti - an almarai subsidiary,"['housekeeping', 'quality control']",on-site,full time,entry level,,2 months ago,1.0,noubaria,beheira,egypt
sales manager,osheen,"['sales', 'sales target', 'manpower planning', 'staffing', 'outsourcing', 'b2b sales', 'new clients']",on-site,full time,manager,,2 months ago,3.0,sidi bishr,alexandria,egypt
factory maintenance manager,confidential,"['engineering', 'maintenance', 'mechanical engineering', 'management', 'hydraulics', 'mechanical', 'mechatronics']",on-site,full time,manager,,2 months ago,3.0,bourj alarab,alexandria,egypt
growth marketing & tech sales intern,gemindz,"['market research', 'marketing', 'lead generation', 'tech sales', 'storytelling', 'tech outsourcing', 'business development']",hybrid,internship,entry level,,2 months ago,1.0,cairo,cairo,egypt
engineering & maintenance manager,confidential,"['engineering', 'maintenance', 'mechanical engineering', 'communication', 'information technology (it)', 'management', 'manufacturing']",on-site,full time,manager,,2 months ago,3.0,bourj alarab,alexandria,egypt
hse manager,confidential,"['hse', 'safety', 'environment', 'engineering', 'health and safety', 'management', 'microsoft office', 'nebosh']",on-site,full time,experienced,,2 months ago,2.0,bourj alarab,alexandria,egypt
costing supervisor,tank,"['cost savings', 'financial analysis', 'reporting', 'management', 'accounting', 'cma', 'commerce', 'finance']",on-site,full time,manager,,2 months ago,3.0,10th of ramadan city,cairo,egypt
admin assistant,cred developments,"['administration', 'microsoft office', 'office management']",on-site,full time,experienced,,2 months ago,2.0,cairo,cairo,egypt
materials planning engineer,confidential,"['planning', 'project management', 'manufacturing industry', 'production engineering', 'supply chain management', 'inventory management', 'logistics', 'material requirements planning (mrp)']",on-site,full time,experienced,,2 months ago,2.0,10th of ramadan city,cairo,egypt
internal auditor,wadi group,"['accounting', 'auditing', 'finance', 'financial analysis', 'internal controls', 'risk management', 'compliance']",on-site,full time,experienced,,2 months ago,2.0,sheikh zayed,giza,egypt
senior architecture design engineer,atric developments,"['construction', 'architecture engineering', 'real estate', 'architecture', 'architectural engineering', 'architectural design']",on-site,full time,experienced,,2 months ago,2.0,heliopolis,cairo,egypt
stock controller,jazeera paints,"['accounting', 'logistics', 'stock control', 'supply chain', 'stock', 'business administration', 'erp']",on-site,full time,experienced,,2 months ago,2.0,10th of ramadan city,cairo,egypt
electrical maintenance engineer intern,marmonil marble & granite,"['electrical engineering', 'electrical maintenance', 'engineering', 'maintenance', 'electrical systems', 'manufacturing', 'mechanical engineering']",on-site,internship,entry level,,2 months ago,1.0,nasr city,cairo,egypt
clinical pharmacist – case manager,healpath,"['patient communication & counseling skills', 'problem-solving skills', 'strong clinical judgment', 'ethical and compliance awareness']",on-site,full time,experienced,,2 months ago,2.0,maadi,cairo,egypt
quality specialist,mersal,"['auditing', 'quality assurance', 'quality control', 'quality management', 'business administration', 'iso auditor', 'process improvement', 'health care']",on-site,full time,experienced,,2 months ago,2.0,maadi,cairo,egypt
senior business analyst/ product owner,expert apps,"['business analysis', 'analysis', 'business', 'analytical', 'business writing', 'engineering', 'information technology (it)']",hybrid,full time,experienced,,2 months ago,2.0,maadi,cairo,egypt
customer service agent,hi-q academy,"['communication', 'customer care', 'customer service', 'customer support', 'sales', 'crm', 'problem-solving', 'active listening', 'crm software']",on-site,full time,entry level,,2 months ago,1.0,tanta,gharbia,egypt
hr business partner,selah eltelmeez for publishing & printing,"['human resources (hr)', 'hrbp', 'hris', 'recruitment', 'od', 'employee relations', 'performance management']",on-site,full time,experienced,,2 months ago,2.0,obour city,cairo,egypt
sales supervisor,decotam,"['customer service', 'sales target', 'sales', 'branding', 'sales supervision', 'modern trade', 'leadership']",on-site,full time,manager,,2 months ago,3.0,6th of october,giza,egypt
senior strategic partnerships & sponsorship specialist,fixed solutions,"['public relations (pr)', 'marketing', 'business administration', 'negotiation', 'presentations', 'sponsorship', 'strategy']",hybrid,full time,experienced,,2 months ago,2.0,cairo,cairo,egypt
technical office engineer,dorra group,"['autocad', 'sap', 'microsoft excel', 'quantity surveying', 'contract administration', 'technical office', 'as-built drawings review', ""contractors' invoices review"", 'civil engineering']",on-site,full time,experienced,,2 months ago,2.0,sheikh zayed,giza,egypt
digital editor,nile university,"['content creation', 'digital marketing', 'marketing', 'seo']",on-site,full time,entry level,,2 months ago,1.0,giza,giza,egypt
quality control manager,k line europe,"['quality assurance', 'quality control', 'lean six sigma', 'six sigma green belt', 'root cause analysis', '5s lean manufacturing methodology', 'iso 9001']",on-site,full time,manager,,2 months ago,3.0,nasr city,cairo,egypt
retail area manager,fawry plus,"['retail', 'sales', 'sales target']",on-site,full time,experienced,,2 months ago,2.0,cairo,cairo,egypt
senior tendering & estimation engineer,contratec,"['tendering', 'engineering', 'construction', 'civil engineering', 'quantity surveying', 'autocad', 'architectural engineering', 'cost estimation']",on-site,full time,experienced,,2 months ago,2.0,dokki,giza,egypt
junior accountant,powergreen,"['accounting', 'finance', 'financial analysis', 'microsoft office']",on-site,full time,entry level,,2 months ago,1.0,6th of october,giza,egypt
senior copywriter / content creator,kidzania cairo,"['marketing', 'social media', 'writing']",on-site,full time,experienced,,2 months ago,2.0,new cairo,cairo,egypt
export manager (west & east africa),kgroup,"['export', 'logistics', 'sales', 'supply chain']",on-site,full time,manager,,2 months ago,3.0,obour city,cairo,egypt
graphic designer & video editor,callcentro,"['adobe photoshop', 'design', 'graphic design', 'video editing']",on-site,full time,experienced,,2 months ago,2.0,maadi,cairo,egypt
senior qc engineer,conserv,"['engineering', 'qc', 'civil engineering', 'construction']",on-site,full time,experienced,,2 months ago,2.0,cairo,cairo,egypt
digital marketing specialist,callcentro,"['digital marketing', 'marketing', 'social media', 'communication', 'e-commerce', 'e-marketing', 'google analytics']",on-site,full time,experienced,,2 months ago,2.0,maadi,cairo,egypt
coffee trader / commodity trader,actagri-trading--egypt,"['coffee trader', 'management', 'commercial sales', 'market analysis', 'risk management', 'logistics management']",on-site,full time,manager,,2 months ago,3.0,sheikh zayed,giza,egypt
senior planning consultant (oracle hyperion),intrasoft me,"['hyperion', 'information technology (it)', 'oracle', 'oracle hyperion', 'planning', 'sales']",remote,full time,experienced,,2 months ago,2.0,cairo,cairo,egypt
senior product specialist - endoscopy,bm-egypt,"['medical devices sales', 'sales skills', 'gastrointestinal endoscopy', 'knowledge product']",on-site,full time,experienced,,2 months ago,2.0,cairo,cairo,egypt
product specialist – x-ray devices,bm-egypt,"['product', 'product sales', 'sales target', 'sales', 'communication', 'microsoft office', 'biomedical', 'biomedical engineering', 'engineering']",on-site,full time,experienced,,2 months ago,2.0,assiut,assiut,egypt
product sales specialist - laboratory devices,bm-egypt,"['medical', 'sales', 'pharmacy', 'veterinary', 'sales field', 'outdoor sales', 'medical devices sales', 'product sales', 'client relationship management']",on-site,full time,experienced,,2 months ago,2.0,cairo,cairo,egypt
junior demand planner,dakahlia group,"['demand planning', 'engineering', 'manufacturing', 'supply chain', 'supply', 'planning', 'supply chain management', 'material requirements planning (mrp)', 'inventory management']",on-site,full time,entry level,,2 months ago,1.0,nasr city,cairo,egypt
student life officer,universities of canada in egypt,"['organizing', 'international business development', 'coordination', 'education sales', 'community engagement', 'student affairs', 'english', 'ms office', 'international relations']",on-site,full time,entry level,,2 months ago,1.0,new capital,cairo,egypt
odoo implementer,ninos kids wear,"['erp', 'odoo', 'information technology (it)', 'accounting', 'computer science', 'configuration', 'erp implementation', 'odoo erp']",on-site,full time,experienced,,2 months ago,2.0,maadi,cairo,egypt
human resource recruiter,surgitech,"['human resources (hr)', 'recruitment', 'microsoft office', 'personnel', 'administration', 'business administration', 'hiring']",on-site,full time,experienced,,2 months ago,2.0,mokattam,cairo,egypt
publishing manager,mishkat nour,"['publishing', 'market research', 'content strategy', 'editorial management', 'project management', 'stakeholder management', 'strategic planning', 'media relations']",on-site,full time,manager,,2 months ago,3.0,nasr city,cairo,egypt
engineering lead,lato,"['computer science', 'engineering', 'information technology (it)', 'software development', 'react', 'typescript', 'javascript', 'postgresql']",on-site,full time,manager,,2 months ago,3.0,new cairo,cairo,egypt
french b2b telesales executive,gt world of beauty,"['sales', 'sales skills', 'b2b', 'customer service', 'communication', 'telesales', 'negotiation', 'french']",hybrid,full time,entry level,,2 months ago,1.0,maadi,cairo,egypt
operations manager,egy vet,"['management', 'hospitality', 'leadership', 'operations management', 'retail', 'sales', 'reporting', 'communication']",on-site,full time,entry level,,2 months ago,1.0,nasr city,cairo,egypt
veterinarian,egy vet,"['medical', 'sales', 'veterinary medicine', 'pharmacy', 'veterinary']",on-site,full time,student,,2 months ago,,nasr city,cairo,egypt
talent acquisition specialist,nts group,"['human resources (hr)', 'interviewing', 'recruitment', 'talent acquisition', 'candidate sourcing', 'applicant tracking systems (ats)', 'onboarding', 'communication', 'negotiation']",on-site,full time,experienced,,2 months ago,2.0,downtown,cairo,egypt
it senior system & security engineer,dreem mashreq foods,"['computer science', 'information technology (it)', 'software development', 'software engineering', 'security']",on-site,full time,experienced,,2 months ago,2.0,smouha,alexandria,egypt
electrical engineer technical office,سوسيتيه دانتر  برايز اى دو جيستيون الامارات,"['electrical engineering', 'technical office', 'civil engineering', 'engineering', 'microsoft office', 'autocad', 'shop drawings', 'technical office engineering']",on-site,full time,experienced,,2 months ago,2.0,cairo,cairo,egypt
healthcare quality operation.,el rehab medical center,"['quality assurance', 'medical', 'quality control', 'management', 'microsoft office', 'pharmacy', 'quality management', 'safety']",on-site,full time,experienced,,2 months ago,2.0,rehab city,cairo,egypt
social media manager,el rehab medical center,"['social media strategy', 'content creation', 'e-marketing campaigns', 'video editing software', 'video shooting techniques', 'digital marketing analytics', 'community management', 'copywriting']",hybrid,full time,experienced,,2 months ago,2.0,rehab city,cairo,egypt
operations manager,osheen,"['management', 'manpower planning', 'operations management', 'staffing', 'outsourcing', 'microsoft office', 'administration', 'business administration']",on-site,full time,manager,,2 months ago,3.0,sidi bishr,alexandria,egypt
quality assurance engineer,mcv - obour,"['engineering', 'quality assurance', 'quality control', 'communication', 'computer skills', 'mechanical', 'mechanical engineering', 'mechatronics']",on-site,full time,entry level,,2 months ago,1.0,obour city,cairo,egypt
senior java developer,egabi fsi,"['engineering', 'git', 'information technology (it)', 'java', 'oop', 'software', 'computer science', 'software engineering']",on-site,full time,experienced,,2 months ago,2.0,sheraton,cairo,egypt
senior oracle developer- forms & reports,egabi fsi,"['oracle forms', 'oracle', 'oracle pl/sql', 'pl/sql', 'sql', 'pl', 'information technology (it)', 'computer science']",on-site,full time,experienced,,2 months ago,2.0,sheraton,cairo,egypt
senior electrical design engineer – water & wastewater treatment,egec,"['revit', 'water pumps', 'water treatment', 'sewage treatment', 'irrigation systems', 'infrastructure engineering', 'autocad', 'design']",on-site,full time,experienced,,2 months ago,2.0,haram,giza,egypt
senior cost accountant,egytrafo,"['accounting', 'cost accountant', 'cost', 'erp system', 'finance', 'financial analysis', 'financial management', 'erp']",on-site,full time,experienced,,2 months ago,2.0,badr city,cairo,egypt
senior sales executive - logistics,wuzzuf,"['logistics', 'key account management', 'market research', 'lead generation', 'b2b sales', 'business development', 'prospecting', 'client acquisition', 'relationship building']",on-site,full time,experienced,,2 months ago,2.0,cairo,cairo,egypt
business application support engineer,egabi fsi,"['banking', 'communication skills', 'customer support', 'it', 'customer service', 'english', 'finance']",on-site,full time,experienced,,2 months ago,2.0,sheraton,cairo,egypt
junior electrical maintenance engineer,confidential,"['communication', 'electrical', 'electrical troubleshooting']",on-site,full time,entry level,,2 months ago,1.0,faisal,giza,egypt
global pmo manager,k line europe,"['mba', 'pmp', 'lean six sigma', '5s lean manufacturing methodology', 'six sigma dmaic', 'six sigma black belt', 'pmo']",hybrid,full time,manager,,2 months ago,3.0,nasr city,cairo,egypt
senior customer support ( fluent english ),k line europe,"['customer support', 'key account management', 'english', 'communication', 'customer care', 'customer service', 'business administration', 'management', 'business english']",remote,full time,experienced,,2 months ago,2.0,nasr city,cairo,egypt
business development executive,confidential,"['development', 'sales', 'sales target', 'business development', 'communication', 'construction', 'engineering']",on-site,full time,experienced,,2 months ago,2.0,cairo,cairo,egypt
human resources generalist,valero development,"['employee relations', 'human resources', 'recruitment', 'personnel', 'organization development', 'performance management system', 'talent acquisition', 'talent management']",on-site,full time,experienced,,2 months ago,2.0,obour city,cairo,egypt
electrical maintenance engineer,confidential,"['electrical engineering', 'electrical maintenance', 'maintenance']",on-site,full time,entry level,,2 months ago,1.0,dakahlia,dakahlia,egypt
mechanical maintenance engineer,confidential,"['mechanical', 'maintenance', 'mechanical maintenance', 'autocad', 'design', 'electrical engineering', 'engineering', 'manufacturing']",on-site,full time,entry level,,2 months ago,1.0,dakahlia,dakahlia,egypt
business developer,dime,"['business development', 'sales target', 'sales', 'market research', 'client relationship management', 'communication skills', 'negotiation', 'crm software']",hybrid,internship,entry level,,2 months ago,1.0,cairo,cairo,egypt
business development executive,confidential,"['business development', 'sales target', 'sales', 'development', 'communication', 'erp', 'crm']",hybrid,full time,experienced,,2 months ago,2.0,new damietta,damietta,egypt
placement tester ( ex. english instructor) dokki,sye english community,"['education', 'teaching', 'celta', 'tefl', 'startup', 'training']",on-site,full time,experienced,,2 months ago,2.0,dokki,giza,egypt
senior arch\civil qc,jidaar construction,"['engineering', 'quality control', 'qc', 'civil engineering', 'architecture', 'finishng', 'fitout', 'management']",on-site,full time,manager,,2 months ago,3.0,cairo,cairo,egypt
gps tracking officer,alouf travel,"['computer skills', 'transportation', 'gps']",on-site,full time,experienced,,2 months ago,2.0,6th of october,giza,egypt
administrative assistant to chief executive officer,confidential,"['office management', 'executive management', 'business administration', 'business', 'administration', 'english', 'management', 'administration affairs', 'executive support']",on-site,full time,experienced,,2 months ago,2.0,cairo,cairo,egypt
sales manager,alouf travel,"['customer service', 'sales', 'sales target']",on-site,full time,experienced,,2 months ago,2.0,6th of october,giza,egypt
marketing manager,su tech - elsewedy university,"['marketing', 'social media', 'market research', 'administration', 'business administration', 'communication', 'leadership', 'management', 'sales']",on-site,full time,manager,,2 months ago,3.0,10th of ramadan city,sharqia,egypt
content creator - social media optimization specialist,objects,"['e-marketing', 'marketing', 'social media', 'social media optimization', 'writing', 'content creation', 'communication']",hybrid,part time,experienced,,2 months ago,2.0,alexandria,alexandria,egypt
design data entry (night shift),k line europe,"['data entry', 'graphic design', 'cad', 'erp system', 'english', 'microsoft excel', 'attention to detail', 'data entry']",on-site,full time,entry level,,2 months ago,1.0,nasr city,cairo,egypt
receivables accountant ( fluent english ),k line europe,"['accounts receivable', 'accounting', 'erp system', 'english speaker', 'customer relations', 'accounting software', 'billing', 'erp']",hybrid,full time,experienced,,2 months ago,2.0,nasr city,cairo,egypt
aviation manager,alouf travel,"['aviation', 'management', 'sales', 'tourism']",on-site,full time,experienced,,2 months ago,2.0,6th of october,giza,egypt
total rewards senior specialist,gemma,"['human resources (hr)', 'compensation & benefits', 'total remuneration', 'salary surveys', 'salary structures', 'job evaluation', 'rewards planning', 'hr analytics', 'market research']",on-site,full time,experienced,,2 months ago,2.0,haram,giza,egypt
talent development professional,gemma,"['organizational development', 'business development', 'human resources (hr)', 'talent development', 'training', 'learning management system (lms)', 'human resources development', 'instructional design', 'succession planning']",on-site,full time,experienced,,2 months ago,2.0,haram,giza,egypt
senior talent management specialist,al ahly medical company,"['human resources (hr)', 'microsoft office', 'recruitment', 'talent management', 'management', 'organization development', 'performance appraisals', 'employee relations', 'training and development']",on-site,full time,experienced,,2 months ago,2.0,giza,giza,egypt
talent management professional,gemma,"['talent acquisition', 'talent management', 'human resources (hr)', 'recruitment', 'performance management', 'organizational structure', 'manpower planning', 'performance management system (pms)', 'talent assessment']",on-site,full time,experienced,,2 months ago,2.0,haram,giza,egypt
senior sales specialist,sharm dreams group,"['sales', 'food & beverage', 'business administration', 'business development', 'crm', 'customer service', 'communication', 'microsoft office']",on-site,full time,experienced,,2 months ago,2.0,katameya,cairo,egypt
hr manager,pan egypt group,"['personnel', 'recruitment', 'human resources (hr)', 'payroll', 'medical insurance', 'social insurance', 'labour law', 'payroll system', 'human resources development']",on-site,full time,manager,,2 months ago,3.0,6th of october,giza,egypt
supply chain manager,confidential,"['supply chain', 'logistics', 'purchasing', 'supply chain management']",on-site,full time,manager,,2 months ago,3.0,heliopolis,cairo,egypt
warehouse manager,gest for metals,"['warehousing', 'supply chain', 'logistics', 'management']",on-site,full time,manager,,2 months ago,3.0,10th of ramadan city,sharqia,egypt
technical office engineer,ideal agencies company (iac),"['pumps', 'hvac', 'fire fighting', 'fuel systems', 'autocad', 'mechanical, electrical, and plumbing', 'mechanical engineering', 'piping design']",on-site,full time,entry level,,2 months ago,1.0,katameya,cairo,egypt
production engineer,alshrouk paper,"['engineering', 'manufacturing', 'production', 'process optimization', 'quality control', 'troubleshooting', 'lean manufacturing', 'problem solving']",on-site,full time,entry level,,2 months ago,1.0,alsadat city,monufya,egypt
sales & admission specialist.,little coder academy,"['communication', 'sales', 'telesales', 'social media', 'customer service', 'crm', 'management']",remote,full time,experienced,,2 months ago,2.0,dokki,giza,egypt
outdoor sales agent,soul body,"['customer service', 'sales', 'sales target', 'communication skills', 'interpersonal skills', 'negotiation', 'product knowledge', 'problem-solving']",on-site,full time,entry level,,2 months ago,1.0,cairo,cairo,egypt
senior vas engineer,efada technology,"['computer science', 'engineering', 'information technology (it)', 'software development', 'vas', 'rest', 'sql', 'linux']",hybrid,full time,experienced,,2 months ago,2.0,6th of october,giza,egypt
cost accountant,apex pharma,"['accounting', 'cost accountant', 'english', 'cost accounting', 'financial analysis', 'budgeting', 'variance analysis', 'erp systems', 'microsoft excel']",on-site,full time,experienced,,2 months ago,2.0,badr city,cairo,egypt
customer service representative,aktan misr,"['microsoft excel', 'customer service', 'communication', 'problem solving', 'cross selling', 'customer satisfaction', 'microsoft powerpoint', 'microsoft word']",on-site,full time,experienced,,2 months ago,2.0,mahalla kubra,gharbia,egypt
network and security engineer,roaya,"['computer science', 'information technology (it)', 'networking', 'security', 'engineering']",on-site,full time,experienced,,2 months ago,2.0,maadi,cairo,egypt
recruitment specialist ( blue collar ),confidential,"['human resources (hr)', 'personnel', 'recruitment', 'microsoft office', 'blue collar', 'internet search', 'communication']",on-site,full time,experienced,,2 months ago,2.0,marg,cairo,egypt
social media specialist / content writer,uni power,"['adobe photoshop', 'advertising', 'social media', 'writing', 'marketing', 'e-marketing', 'social media management']",on-site,full time,experienced,,2 months ago,2.0,6th of october,giza,egypt
senior accountant (portugal speaker),k line europe,"['finance analysis', 'finance', 'medical engineering', 'finance management', 'accounting', 'financial analysis', 'financial management']",on-site,full time,experienced,,2 months ago,2.0,nasr city,cairo,egypt
summer camp counselor - steamulation hub - alexandria,innovvette for education,"['camp', 'education', 'teaching', 'edutainment', 'children teaching']",on-site,internship,entry level,,2 months ago,1.0,fleming,alexandria,egypt
purchasing specialist,national motors,"['purchasing', 'procurement']",on-site,full time,experienced,,2 months ago,2.0,nasr city,cairo,egypt
summer camp instructor - steamulation-hub alexandria,innovvette for education,"['camp', 'education', 'teaching', 'edutainment', 'children teaching']",on-site,full time,entry level,,2 months ago,1.0,fleming,alexandria,egypt
talent acquisition specialist,confidential,"['human resources (hr)', 'recruitment', 'talent acquisition']",on-site,full time,experienced,,2 months ago,2.0,6th of october,giza,egypt
quality assurance and food safety director,confidential,"['quality assurance', 'quality control', 'safety', 'agriculture', 'engineering', 'food science', 'haccp', 'management', 'manufacturing']",on-site,full time,manager,,2 months ago,3.0,dakahlia,dakahlia,egypt
hr internship,dakahlia group,"['hr', 'human resources (hr)', 'microsoft office']",on-site,internship,student,,2 months ago,,nasr city,cairo,egypt
"summer camp instructor/ steamulation hub ( new cairo, zayed)",innovvette for education,"['children teaching', 'time management', 'problem solving', 'steam', 'dynamics']",on-site,full time,entry level,,2 months ago,1.0,cairo,cairo,egypt
telesales supervisor,soficopharm,"['sales', 'sales target', 'pharmaceutical sales', 'team leadership', 'performance management', 'coaching', 'communication skills']",on-site,full time,manager,,2 months ago,3.0,assuit,assiut,egypt
medical mapping specialist,digital bridges,"['medical data mapping', 'healthcare', 'data validation', 'quality assurance', 'data analysis', 'documentation management']",hybrid,full time,experienced,,2 months ago,2.0,maadi,cairo,egypt
tele marketing agent,al aidy marketing managment,"['telemarketing', 'communication', 'remote work', 'time management', 'customer relationship management (crm)', 'customer service', 'management']",remote,full time,experienced,,2 months ago,2.0,cairo,cairo,egypt
electrical site engineer,adcons,"['electrical engineering', 'engineering', 'mechanical engineering', 'autocad', 'communication', 'contracting', 'lighting']",on-site,full time,experienced,,2 months ago,2.0,cairo,cairo,egypt
english teacher / co-teacher,alalson azhari language schools,"['education', 'english', 'english teaching', 'teaching', 'english education', 'physical education', 'educational technology', 'education sales']",on-site,full time,entry level,,2 months ago,1.0,haram,giza,egypt
senior digital marketing specialist,etisal trading,"['digital marketing', 'e-marketing', 'social media', 'marketing', 'google analytics', 'google ads', 'business administration']",on-site,full time,experienced,,2 months ago,2.0,new cairo,cairo,egypt
stock control manager,ninos kids wear,"['quality assurance', 'stock', 'stock control', 'quality control', 'administration', 'engineering', 'logistics', 'management']",on-site,full time,manager,,2 months ago,3.0,maadi,cairo,egypt
senior talent acquisition specialist,ninos kids wear,"['human resources (hr)', 'interviewing', 'recruitment', 'talent acquisition', 'organization development', 'organizational development']",on-site,full time,experienced,,2 months ago,2.0,maadi,cairo,egypt
mechanic engineer,massoud steel,"['electrical engineering', 'engineering', 'maintenance', 'mechanical engineering']",on-site,full time,experienced,,2 months ago,2.0,obour city,cairo,egypt
digital marketing,cairo transport & touring,"['communication skills', 'media', 'social media', 'digital marketing', 'e-marketing', 'content', 'communication', 'management']",on-site,full time,experienced,,2 months ago,2.0,cairo,cairo,egypt
incoming tour operator,cairo transport & touring,"['travel', 'tourism', 'customer service', 'tour', 'tour operator', 'operator', 'tours', 'tour guiding']",on-site,full time,entry level,,2 months ago,1.0,downtown,cairo,egypt
admission supervisor,innovvette for education,"['preschool', 'education', 'nursery', 'admin assistant', 'administration', 'office management', 'admin']",on-site,full time,experienced,,2 months ago,2.0,alexandria,alexandria,egypt
site engineer,arabtec,"['construction', 'engineering', 'civil engineering', 'communication', 'autocad', 'microsoft office', 'quality control']",on-site,full time,experienced,,2 months ago,2.0,new cairo,cairo,egypt
art teacher - steamulation hub pre school -el-sheikh zayed city,innovvette for education,"['early childhood', 'english', 'children', 'teaching', 'communication', 'time management', 'education', 'preschool']",on-site,full time,experienced,,2 months ago,2.0,6th of october,giza,egypt
hse engineer,eureka solar energy,"['engineering', 'hse management systems', 'quality control', 'risk assessment', 'environmental compliance', 'safety audits', 'root cause analysis']",on-site,full time,experienced,,2 months ago,2.0,10th of ramadan city,sharqia,egypt
hr specialist,confidential,"['hris', 'hr specialist', 'human resources (hr)', 'microsoft office', 'recruitment', 'payroll', 'personnel management', 'performance appraisal', 'employee relations']",on-site,full time,experienced,,2 months ago,2.0,10th of ramadan city,cairo,egypt
human resources supervisor,tie house,"['human resources', 'human resources (hr)', 'microsoft office', 'personnel', 'recruitment']",on-site,full time,experienced,,2 months ago,2.0,new cairo,cairo,egypt
office engineer,saad creativity,"['autocad', 'autocad architecture', 'autocad design', 'autocad 2d', '3ds max', 'autodesk revit', 'rendering', '3d rendering', 'communication engineering']",on-site,full time,entry level,,2 months ago,1.0,new cairo,cairo,egypt
network specialist,egyptian packaging and plastic systems corp,"['computer engineering', 'information technology (it)', 'security', 'computer science', 'network engineering', 'troubleshooting', 'cisco firewall']",on-site,full time,entry level,,2 months ago,1.0,manial,cairo,egypt
od supervisor,tamweely,"['organization development', 'od', 'human resources (hr)', 'performance management system', 'performance management']",on-site,full time,manager,,2 months ago,3.0,downtown,cairo,egypt
hse section head,confidential,"['engineering', 'hse', 'management', 'risk management', 'risk assessment', 'regulatory affairs', 'compliance']",on-site,full time,manager,,2 months ago,3.0,bourj alarab,alexandria,egypt
mechanical engineer,confidential,"['electrical engineering', 'engineering', 'maintenance', 'mechanical engineering', 'mechanical', 'management', 'manufacturing', 'production']",on-site,full time,experienced,,2 months ago,2.0,cairo,cairo,egypt
senior contracts & corporate governance lawyer,eagle chemicals,"['contract drafting and negotiation', 'corporate governance', 'problem solving', 'legal research', 'regulatory compliance', 'analytical thinking', 'communication', 'risk management', 'project management']",on-site,full time,experienced,,2 months ago,2.0,heliopolis,cairo,egypt
procurement specialist,cairo communication systems (ccs),"['logistics', 'procurement', 'purchasing', 'supply chain management', 'vendor management', 'negotiation', 'contract management']",on-site,full time,entry level,,2 months ago,1.0,heliopolis,cairo,egypt
power system study,advanced engineering consultations,"['power system analysis, network modeling, and engineering studies for transmission, distribution, renewable energy, and industrial power systems. the engineer will support project execution, design review, and technical assessments under the guidance of se', 'power system', 'autocad', 'electrical engineering', 'engineering', 'mechanical engineering', 'etap', 'design', 'renewable energy']",on-site,full time,entry level,,2 months ago,1.0,mohandessin,giza,egypt
moderator,world sky aviation,"['marketing', 'social media']",on-site,full time,entry level,,2 months ago,1.0,nasr city,cairo,egypt
sales coordinator,kig konnice,"['administration', 'customer service']",on-site,full time,entry level,,2 months ago,1.0,10th of ramadan city,sharqia,egypt
