title,company,location,skills,Type,Duration,experience_level,salary,date_posted
Technical Consultant Support,Software House Solution  -,"Heliopolis, Cairo, Egypt ","Customer support, Communication, Problem-solving, Technical troubleshooting, Call Center",On-site,Full Time,Entry Level,Confidential,3 hours ago
Area Sales Engineer,BEDO Company  -,"6th of October, Giza, Egypt ","Engineering, Sales",On-site,Full Time,Experienced,Confidential,3 hours ago
Accounts Receivable Senior Specialist,Ariston Thermo -,"New Cairo, Cairo, Egypt ","Accounting, Commerce, English, Finance, SAP, Microsoft Office, Financial Management, Tax, Account Reconciliation",On-site,Full Time,Experienced,Confidential,3 hours ago
B2B Sales Specialist – Chemicals & Industrial Raw Materials | Alexandria,Horizon Chemical for Special Chemicals  -,"Stanley, Alexandria, Egypt ","Raw Materials, Sales, Chemistry, Chemical Engineering, raw material, industrial raw materials, factories, Outdoor Sales, negotiation, communication, and presentation skills",On-site,Full Time,Experienced,Confidential,3 hours ago
Human Resources Supervisor,ElTarek Group -,"Agami, Alexandria, Egypt ","Administration, Human Resources, Human Resources (HR)",On-site,Full Time,Experienced,Confidential,3 hours ago
Senior IT Network & Cybersecurity Administrator,Specialized Seamless Services  -,"Heliopolis, Cairo, Egypt ","Computer Science, Network Administration, Engineering, Security, Routing",On-site,Full Time,Experienced,Confidential,2 hours ago
Enterprise AI Engineer,Specialized Seamless Services  -,"Cairo, Egypt ","Python, Oracle, AI",On-site,Full Time,Experienced,Confidential,2 hours ago
Electrical Maintenance Engineer,Confidential -,"Bourj Alarab, Alexandria, Egypt ","Electrical Engineering, Electrical Maintenance, •	CMMS platform, •	AutoCAD, •	Basic familiarity with electrical design and single-line diagrams, •	Use of PDF markup tools for redlining electrical drawings, •	Microsoft Excel for maintenance logs, basic analysis, and spare parts tracking",On-site,Full Time,Entry Level,Confidential,2 hours ago
Graphic Designer - Full Time,Cizaro  -,"New Cairo, Cairo, Egypt ","Adobe Photoshop, Graphic Design, Design, Adobe illustrator, AI Design Tools, Branding",Hybrid,Full Time,Experienced,Confidential,2 hours ago
Marketing Specialist,Horeca Star -,"New Cairo, Cairo, Egypt ","Digital, Digital Marketing, Marketing, E-Marketing, Communication skills, Social Media",On-site,Full Time,Experienced,Confidential,2 hours ago
Electrical Design Team Leader (LV Panel),Gila Electric -,"10th of Ramadan City, Sharqia, Egypt ","AutoCAD, Electrical Engineering, Design, Engineering, Electrical",On-site,Full Time,Experienced,Confidential,1 hour ago
Electrical Utilities Engineer,etisal for advanced industries  -,"6th of October, Giza, Egypt ","Electrical Engineering, Engineering, Mechanical Engineering",On-site,Full Time,Experienced,Confidential,1 hour ago
Receptionist,FlexFilms Egypt -,"6th of October, Giza, Egypt ","Management, Administration, Microsoft Office, Office management, Communication, Organizational Skills, Time Management, Problem-solving, Attention to Detail",On-site,Full Time,Entry Level,Confidential,1 hour ago
Sales Executive,QMove -,"Cairo, Egypt ","Sales Target Achievement, Sales Strategy, Client Relationship Management, Negotiation, Communication Skills, Problem Solving, Logistics, Supply Chain Management",Hybrid,Full Time,Entry Level,Confidential,1 hour ago
Graphic Design Team Leader,MY WAY -,"Obour City, Cairo, Egypt ","Graphic Design, Adobe illustrator, Design, Adobe Photoshop, Team Leadership, Time Management, Packaging Design, Social Media Advertising",On-site,Full Time,Experienced,Confidential,1 hour ago
Creative Director,Confidential -,"New Cairo, Cairo, Egypt ","Adobe Creative Suite, Communication, Art Direction, Graphic Design, Creative, Design, Marketing",On-site,Full Time,Manager,Confidential,60 minutes ago
Technical Sales Specialist,Confidential -,"New Cairo, Cairo, Egypt ","Customer Service, Technical Sales, Sales, Sales Management, Customer Relations, Customer Support, Customer Relationship Management (CRM), Product Knowledge",On-site,Full Time,Experienced,Confidential,48 minutes ago
Sales Specialist (French -Arabic- English),White Gold -,"Cairo, Egypt ","Sales, Customer Service",On-site,Full Time,Entry Level,Confidential,25 minutes ago
Procurement Engineer,Napata -,"6th of October, Giza, Egypt ","Engineering, Procurement, Purchasing, Supply Chain, Business Planning, ERP, Management, Odoo ERP",On-site,Full Time,Experienced,Confidential,17 minutes ago
Graphic Designer,Cairbou Coffee Egypt -,"Maadi, Cairo, Egypt ","Design, Graphic Design, Adobe Photoshop, Adobe illustrator, AI, Food & Beverage",On-site,Full Time,Entry Level,Confidential,15 minutes ago
Operations Manager,Medexera  -,"Downtown, Cairo, Egypt ","Operations Management, Customer Care, Business English, Sales, Management, Microsoft Office, Call Center",On-site,Full Time,Experienced,Confidential,9 hours ago
Sales Representative,New hope -,"Mahalla Kubra, Gharbia, Egypt ","Sales, Sales Target, Customer Service",Remote,Full Time,Experienced,Confidential,10 hours ago
Video Content Creator,JARZ -,"Smart Village, Giza, Egypt ","Marketing, Social Media, Writing, Video Editing, Video Production, Videography, Content Creation",Hybrid,Full Time,Experienced,Confidential,13 hours ago
Civil Technical Office Engineer (EPC Projects),Saudi-firmness -,"Cairo, Egypt ","Civil Engineering, Engineering, Microsoft Office, Technical Office, Projects",On-site,Full Time,Entry Level,Confidential,16 hours ago
Technical Architect,Dewan Architects and Engineers  -,"New Cairo, Cairo, Egypt ","Revit, Architecture, Engineering, Technical Office",On-site,Full Time,Experienced,Confidential,16 hours ago
Assistant Project Manager,Dewan Architects and Engineers  -,"New Cairo, Cairo, Egypt ","Project Management, Project, Microsoft Office",On-site,Full Time,Experienced,Confidential,16 hours ago
Customer Service Representative,TyrePro Egypt Co. - Continental Tyres -,"New Cairo, Cairo, Egypt ","Customer Care, Customer Service, Customer Support, Communication, Tires, Reporting",On-site,Full Time,Experienced,Confidential,16 hours ago
Quality Assurance Supervisor,Nature's Rule Egypt LLC  -,"Badr City, Cairo, Egypt ","QA, Quality Assurance, Quality Control, Test Planning, Defect Tracking, Process Improvement, Agile Methodologies",On-site,Full Time,Experienced,Confidential,16 hours ago
Quality Engineer,Alunaut -,"Nasr City, Cairo, Egypt ","Engineering, Quality Assurance, Quality Control, Process Improvement, Root Cause Analysis, Statistical Process Control, ISO 9001, Auditing, Data Analysis",On-site,Full Time,Experienced,Confidential,16 hours ago
Advertising Sales Executive,Vision 22 Advertising Agency -,"Maadi, Cairo, Egypt ","Sales, Agencies, Marketing Agencies, Sales Target, Sales Skills, Planning",On-site,Full Time,Experienced,Confidential,17 hours ago
IT Infrastructure Manager,Confidential -,"Alexandria, Egypt ","Computer Science, Engineering, Information Technology (IT), Project Management",On-site,Full Time,Manager,Confidential,17 hours ago
Senior Accounting Manager,MENA For Contracting & Trading -,"San Stefano, Alexandria, Egypt ","Accounting, Finance, Financial Analysis, Financial Management, CMA, Leadership, Management, Real Estate",On-site,Full Time,Senior Management,Confidential,17 hours ago
Supply Chain Manager,Confidential -,"Smouha, Alexandria, Egypt ","Logistics, Procurement, Purchasing, Supply, Supply Chain, Planning, ERP",On-site,Full Time,Manager,Confidential,17 hours ago
Sales Executive,LeadsMart -,"Heliopolis, Cairo, Egypt ","Technology, Sales, B2B Sales, Media Buying, Administration, Communication, B2B, CRM",On-site,Full Time,Entry Level,Confidential,17 hours ago
Technical Office Manager (Electrical Low Current),Confidential -,"Mohandessin, Giza, Egypt ","Fire Alarm, Edwards,, Fire Alarm System Design, Tender Preparation, Cost Estimation, AutoCAD, Project Coordination, Technical Documentation, Low Current Systems (LC)",On-site,Full Time,Experienced,Confidential,17 hours ago
Financial Planning and analysis supervisor,Orchidia Pharmaceutical Industries -,"Cairo, Egypt ","Accounting, Financial, Finance, Analysis, Financial Management, Planning, Financial Planning",On-site,Full Time,Experienced,Confidential,17 hours ago
Senior Procurement Engineer (Raw Material),Amreyah Cement -,"Cairo, Egypt ","Procurement, Purchasing, Raw Materials",On-site,Full Time,Experienced,Confidential,17 hours ago
Internal Audit Team Leader,Middle East Glass -,"Nasr City, Cairo, Egypt ","Auditing, Finance, Financial Analysis, Accounting",On-site,Full Time,Experienced,Confidential,17 hours ago
Administration Manager,Confidential -,"Musturad, Qalubia, Egypt ","Administration, Office management",On-site,Full Time,Manager,Confidential,17 hours ago
Material planning section head,Amreyah Cement -,"Cairo, Egypt ","Material Planning, Planning, Engineering, Management",On-site,Full Time,Manager,Confidential,17 hours ago
Internal Audit Team Leader,Middle East Glass -,"Nasr City, Cairo, Egypt ","Auditing, Finance, Financial Analysis, Accounting",On-site,Full Time,Experienced,Confidential,18 hours ago
Administration Manager,Confidential -,"Musturad, Qalubia, Egypt ","Administration, Office management",On-site,Full Time,Manager,Confidential,18 hours ago
Material planning section head,Amreyah Cement -,"Cairo, Egypt ","Material Planning, Planning, Engineering, Management",On-site,Full Time,Manager,Confidential,18 hours ago
Medical Sales Representative - Alexandria,Orthomedics -,"Sidi Bishr, Alexandria, Egypt ","Customer Service, Medical Sales, Medical, Sales Target, Medical Devices Sales, otdoor sales, Pharmacy",On-site,Full Time,Entry Level,Confidential,18 hours ago
Health Promoter Officer,Medecins Sans Frontieres -,"Shubra, Cairo, Egypt ","Paramedical, Health Promotion, Microsoft Office, Medical, Safety, MSF, Computer Skills, Teaching, Social Work",On-site,Full Time,Entry Level,Confidential,18 hours ago
Internal Audit Supervisor,Eagle Chemicals -,"Nozha, Cairo, Egypt ","Accounting, Auditing, Finance, Financial Analysis, Risk Management, Internal Controls, Compliance, Data Analysis",On-site,Full Time,Experienced,Confidential,18 hours ago
Piping Engineer,Doosan Enerbility co .LTD -,"Dabaa, Matruh, Egypt ","AutoCAD, Engineering, Mechanical Engineering, Piping Design, Welding",On-site,Full Time,Experienced,Confidential,18 hours ago
IT Specialist,Midea Group -,"Smart Village, Giza, Egypt ","Computer Science, Information Technology (IT), Technical Support, IT Asset Management, Network Troubleshooting, English, Problem Solving, Time Management",On-site,Full Time,Entry Level,Confidential,18 hours ago
Digital Marketing & Social Media Specialist,Al Aidy Marketing Managment -,"Sharqia, Egypt ","Digital Marketing, E-Marketing, Marketing, Social Media",Remote,Full Time,Experienced,Confidential,18 hours ago
Stock Controller 10th of Ramadan,FRIDAL -,"10th of Ramadan City, Sharqia, Egypt ","Accounting, Stock Control, Supply Chain, Business Management, Customer Service, Management, Engineering",On-site,Full Time,Entry Level,Confidential,19 hours ago
Automation Test Engineer.,Etisalat Egypt -,"Mohandessin, Giza, Egypt ","Automation, Computer Science, Information Technology (IT), Software Testing, Testing, multiple machines, grid",Hybrid,Full Time,Experienced,Confidential,19 hours ago
Brand Manager,Confidential -,"Mokattam, Cairo, Egypt ","Brand Strategy, Market Analysis, Pets, Consumer Health, Business Administration, Pharmacy, Veterinary Medicine, Brand Management",On-site,Full Time,Manager,Confidential,19 hours ago
Senior Geotechnical Engineer,EGEC -,"Haram, Giza, Egypt ","Geotechnical Engineering, Geotechnical, Engineering, Engineering Services, Engineering Service, Engineering Field, Civil Engineering, Design",On-site,Full Time,Experienced,Confidential,19 hours ago
Sr. Electrical Engineer,Afniah Consulting Engineering  -,"Heliopolis, Cairo, Egypt ","Electrical Engineering, Design, Revit, Power, Lighting, AutoCAD, Electrical Engineering Principles of KSA, Electrical Engineering Codes, KSA Electrical Engineering Standards",On-site,Full Time,Experienced,Confidential,19 hours ago
Electrical Tendering Engineer – Medium Voltage Panels,TEPCO S.A.E. -,"6th of October, Giza, Egypt ","Electrical Engineering, Medium Voltage, Tendering, Engineering, Manufacturing, Low Voltage, MV",On-site,Full Time,Experienced,Confidential,19 hours ago
Interior Design Engineer,El Mansour Development  -,"Mokattam, Cairo, Egypt ","Design, Engineering, Interior Design, Adobe Photoshop, Architecture, 3ds Max, AutoCAD, Computer Science, Information Technology (IT)",On-site,Full Time,Experienced,Confidential,19 hours ago
A/R Accountant,Alarabia Group -,"Menia, Minya, Egypt ","Accounting, AR, Finance, Financial Analysis, Communication, Financial, Financial Reporting, Reporting",Hybrid,Full Time,Experienced,Confidential,19 hours ago
QC Civil Engineer,El Mansour Development  -,"Cairo, Egypt ","Civil Engineering, Engineering, Construction, QC, AutoCAD, Microsoft Office, QA, Architecture",On-site,Full Time,Experienced,Confidential,19 hours ago
Design Architect,Cred Developments -,"New Cairo, Cairo, Egypt ","AutoCAD, Design, Interior, Interior Design, Sketchup, photoshop, 3d max, Architecture",On-site,Full Time,Experienced,Confidential,19 hours ago
Quality Control Engineer,La Poire -,"Basatin, Cairo, Egypt ","Quality Control, Quality Assurance, Engineering, Management, Microsoft Office, Quality Management, GMP, Safety",On-site,Full Time,Experienced,Confidential,20 hours ago
Merchandiser,Bowline Egypt   -,"New Cairo, Cairo, Egypt ","Merchandising, Retail",On-site,Full Time,Experienced,Confidential,20 hours ago
Deputy Branch Manager (Nationwide Egypt),"The Micro, Small & Medium Enterprise Development Agency  -","Giza, Egypt ","Branch Management, Branch Operations, Financial Services, Decision Making, Problem Solving, Administration",On-site,Full Time,Manager,Confidential,20 hours ago
Mechanical Technical Office & Tendering Engineer,Alhamd Contracting Company -,"Maadi, Cairo, Egypt ","AutoCAD, Mechanical, Mechanical Engineering, Engineering, Technical Office, Microsoft Office, Tendering, Shop Drawings, Microsoft Excel",On-site,Full Time,Experienced,Confidential,20 hours ago
Sales Development Representative (SDR),Remote& -,"Cairo, Egypt ","Business Development, Sales, sales development, Sales Target",Remote,Full Time,Entry Level,Confidential,20 hours ago
Configuration Intake Specialist,RISEUP (Endemag for Administrative Skills Development) -,"Maadi, Cairo, Egypt ","Configuration, Information Technology (IT)",Hybrid,Full Time,Experienced,Confidential,20 hours ago
Oracle Fusion Specialist (Supply Chain),Al-Amal Al-sharif For Plastic -,"Sharqia, Egypt ","ERP, Fusion, Computer Science, Information Technology (IT), Oracle Fusion, Oracle, Supply Chain",On-site,Full Time,Entry Level,Confidential,20 hours ago
Operations Executive - Layan Branch - New Cairo,Confidential -,"Maadi, Cairo, Egypt ","Operations, Science, Management, Facility, Administration, Arts, Maintenance",On-site,Full Time,Experienced,Confidential,21 hours ago
Senior Site Engineer - Architecture,Redminds Developments  -,"Cairo, Egypt ","Construction Management, Architectural Engineering, Real Estate Development, Technical Office Leadership, AutoCAD, Revit, Project Management, Team Leadership, Cost Estimation",On-site,Full Time,Senior Management,Confidential,21 hours ago
Assistant to the Chief Operating Officer (COO),Afniah Consulting Engineering  -,"Heliopolis, Cairo, Egypt ","Personnel Management, Microsoft Excel, Microsoft Word, Presentations, Time Scheduling, Real Time Management, Microsoft Outlook, Engineering Consulting, Engineering Design",On-site,Full Time,Experienced,Confidential,21 hours ago
Accountant,National technology group -,"6th of October, Giza, Egypt ","Accounting, Microsoft Office, Accounts Payable",On-site,Full Time,Experienced,Confidential,21 hours ago
Technical Office Architect Team Leader,Redminds Developments  -,"Cairo, Egypt ","Construction Management, Architectural Engineering, Real Estate Development, Technical Office Leadership, AutoCAD, Revit, Project Management, Team Leadership, Cost Estimation",On-site,Full Time,Experienced,Confidential,21 hours ago
Graphic Designer,Confidential -,"Cairo, Egypt ","Graphic Design, Design, photoshop, Graphic, illustrator, canva, Adobe Photoshop, Adobe illustrator",Remote,Full Time,Experienced,Confidential,21 hours ago
Account Manager (Partner Relationship Manager),Next Technology Development -,"Cairo, Egypt ","Account Management, Business Administration, Business Development, Communication, Customer Service, Management, Marketing",On-site,Full Time,Experienced,Confidential,21 hours ago
Senior Key Account Manager – Engineering,Wadi Degla Clubs  -,"Cairo, Egypt ","UPS, Datacenter, HVAC, Engineering, Sales, Electromechanical Engineering, Marketing",On-site,Full Time,Experienced,Confidential,21 hours ago
Senior Technical Office Engineer,System One -,"Mokattam, Cairo, Egypt ","Technical Office, Maintenance, Engineering, AutoCAD, Construction, Management, Microsoft Excel, Microsoft Office, Planning",On-site,Full Time,Experienced,Confidential,21 hours ago
Planning Lead,Fine Hygienic Holding -,"6th of October, Giza, Egypt ","Planning, Logistics Management, Logistics, Supply Chain, Forecasting, Engineering, Business Administration, Business Development",On-site,Full Time,Experienced,Confidential,21 hours ago
Personnel Specialist,Confidential -,"New Cairo, Cairo, Egypt ","Human Resources (HR), Personnel, Human Resources, Microsoft Office, Social Insurance, Medical Insurance, Business Administration",On-site,Full Time,Experienced,Confidential,22 hours ago
Marketing Director,Our Education -,"Maadi, Cairo, Egypt ","Marketing, Management, Branding, Digital Marketing, Leadership, Market Research, Marketing Campaigns",On-site,Full Time,Senior Management,Confidential,22 hours ago
Training Manager,Cairbou Coffee Egypt -,"Maadi, Cairo, Egypt ","Human Resources (HR), Management, Training, Curriculum Development, Performance Management, Talent Development, Learning & Development, Coaching",On-site,Full Time,Manager,Confidential,22 hours ago
Sales Manager,Erpplus5 -,"Maadi, Cairo, Egypt ","Sales, Sales Target, Customer Service, ERP System, ERP Sales, ERP Solutions, E-Marketing, Microsoft Office",On-site,Full Time,Manager,Confidential,22 hours ago
Packaging & Development Officer,Dabur -,"10th of Ramadan City, Cairo, Egypt ","science, R&D",On-site,Full Time,Experienced,Confidential,22 hours ago
Enterprise Sales Executive,Secu Tech -,"Smart Village, Giza, Egypt ","Sales Target, IT Service Management, Sales, B2B Sales, Computer Science, Customer Service",On-site,Full Time,Experienced,Confidential,22 hours ago
Executive Secretary,IFT Corporation -,"Mokattam, Cairo, Egypt ","Executive Secretary, Office management, Business Administration, Microsoft Office, Administration",On-site,Full Time,Experienced,Confidential,22 hours ago
Executive Chef – Iraq,top organic -,"Cairo, Egypt ","Head Chef, Executive Management, Team Leadership, Menu costing, Microsoft Office, Leadership, Hospitality, Food Cost",On-site,Full Time,Manager,Confidential,22 hours ago
Recruitment Officer,Power Solutions -,"6th of October, Giza, Egypt ","Human Resources (HR), Personnel Management, Recruitment, Microsoft Office, Candidate Sourcing, Interviewing, Onboarding, Talent Acquisition",On-site,Full Time,Experienced,Confidential,22 hours ago
Senior Customer Service & Logistics Specialist,Confidential -,"Maadi, Cairo, Egypt ","Customer Service, Inside Sales, Sales Target, Sales, Administration, Business Administration, Communication",On-site,Full Time,Experienced,Confidential,22 hours ago
Medical Sales Representative,SAMY MEDICAL -,"Alexandria, Egypt ","Medical Sales, Sales Target Achievement, Client Relationship Management, Product Knowledge, Communication Skills, Negotiation, Presentation Skills, Market Analysis, Territory Management",On-site,Full Time,Entry Level,Confidential,23 hours ago
Financial Planning & Analysis (FP&A) & Budgeting Manager,AM Group -,"Cairo, Egypt ","Accounting, Finance, Budgeting, Analysis, Financial Planning, Financial Management, CMA, Financial",On-site,Full Time,Manager,Confidential,23 hours ago
Professional Tourist Visa Consultant,Trip House Travel -,"Nasr City, Cairo, Egypt ","Visa Processing, Worldwide Visa Regulations, Tourism Visa Expertise, Client Consultation, Sales Acumen, Customer Service Excellence, Document Management",On-site,Full Time,Experienced,Confidential,23 hours ago
Treasury & Banking Manager,AM Group -,"Obour City, Cairo, Egypt ","Accounting, Banking, Treasury, Finance, Financial Analysis, Manufacturing, Microsoft Excel",On-site,Full Time,Manager,Confidential,23 hours ago
Collections Specialist,TBK Developments -,"New Cairo, Cairo, Egypt ","Accounting, Collection, Finance, Financial, Microsoft Office",On-site,Full Time,Entry Level,Confidential,23 hours ago
Junior Accountant,Egyptian English Language schools -,"Alexandria, Egypt ","Accounting, computer software, Financial, Finance, analytical, Microsoft Office, MS Office, Financial Analysis, Financial Reporting",On-site,Full Time,Entry Level,Confidential,23 hours ago
Operations Manager,Confidential -,"Cairo, Egypt ","Management, Microsoft Office",On-site,Full Time,Manager,Confidential,23 hours ago
Business Solutions Manager (Manufacturing - Logistics),Kgroup -,"Obour City, Cairo, Egypt ","Oracle Fusion ERP, ERP Implementation & Support, Business Applications Management, System Integration, Application Support, SLA Management, IT Service Management (ITSM)",On-site,Full Time,Manager,Confidential,23 hours ago
Store Manager,BeNeshty -,"Mohandessin, Giza, Egypt ","Retail, Store Management, Sales, Negotiation, Team management",On-site,Full Time,Manager,Confidential,23 hours ago
Technical Support Engineer,OPPO Egypt  -,"Nasr City, Cairo, Egypt ","Management, Computer Science, English, Information Technology (IT), Skills, Technical Support, Engineering, Communication",On-site,Full Time,Entry Level,Confidential,23 hours ago
Back Office Application Support Engineer,Confidential -,"Shorouk City, Cairo, Egypt ","Application Support, Computer Science, Information Technology (IT), Information Systems, Microsoft Office, Communication, Customer Support",On-site,Full Time,Entry Level,Confidential,23 hours ago
Senior Design Engineer- Security Systems,Audio Technology -,"Sheraton, Cairo, Egypt ","Engineering, Design, Security Systems, Light Current Systems, CCTV System, Presales",On-site,Full Time,Experienced,Confidential,23 hours ago
Sales Engineer - Aluminum,Confidential -,"Cairo, Egypt ","Development, Sales Target, Communication, Construction, Engineering, Building Materials, Sales",On-site,Full Time,Experienced,Confidential,24 hours ago
Corporate Sales Specialist - Medical Insurance,محمود سليمان للوساطة التامينية -,"Nasr City, Cairo, Egypt ","Corporate Sales, Medical Insurance, Sales Target Achievement, Client Relationship Management, Negotiation, Presentation Skills, Market Analysis",On-site,Full Time,Experienced,Confidential,24 hours ago
Operations associate,Clevrly -,"Cairo, Egypt ","Customer Service, Customer Support, Sales, Business English, CRM Software, Operations Management, Standard Operating Procedure",On-site,Full Time,Entry Level,Confidential,1 day ago
Equipment Engineer – Caterpillar Equipment - Yemen,KAMF REAL ESTATE MARKETING    -,"Cairo, Egypt ","Heavy Equipment, Maintenance, Communication, Engineering, Management, Mechanical, Mechanical Engineering",On-site,Full Time,Experienced,Confidential,2 days ago
Electrical Engineer – Caterpillar Equipment-Yemen,KAMF REAL ESTATE MARKETING    -,"Cairo, Egypt ","Electrical Engineering, Engineering, Communication, Control Systems, Heavy Equipment, Maintenance, Mechanical Engineering, Troubleshooting",On-site,Full Time,Experienced,Confidential,2 days ago
Fresh Real Estate Agent,The Address Investments for Real Estate Consultancy -,"Cairo, Egypt ","Real Estate, Sales, Sales Target, Communication, Customer Service, Marketing, MS Office, CRM, Negotiation",On-site,Full Time,Entry Level,Confidential,2 days ago
Senior Web Developer,Madar Soft -,"Fleming, Alexandria, Egypt ","Computer Science, Information Technology (IT), Software Development, Web, CSS, JavaScript, MVC, Agile",Remote,Full Time,Experienced,Confidential,2 days ago
Recruitment Coordinator,RISEUP (Endemag for Administrative Skills Development) -,"Maadi, Cairo, Egypt ","Administration, Business Administration, Communication, HR, Human Resources (HR), Management, Microsoft Office, Recruitment",Hybrid,Full Time,Entry Level,Confidential,2 days ago
Job Change Engineer-glass experience,Kandil Glass -,"Cairo, Egypt ","Glass, Maintenance",On-site,Full Time,Experienced,Confidential,2 days ago
Business Development Specialist,Arla Group -,"Sheikh Zayed, Giza, Egypt ","Business Development, Marketing, Sales, Business Administration, Administration, Corporate Sales, B2B, CRM",On-site,Full Time,Experienced,Confidential,2 days ago
Procurement Engineer,EAST  -,"Maadi, Cairo, Egypt ","Supply Chain, Procurement, Engineering",On-site,Full Time,Entry Level,Confidential,2 days ago
Recruitment & Talent Acquisition Specialist,Arla Group -,"Sheikh Zayed, Giza, Egypt ","Human Resources (HR), Interviewing, Recruitment, Talent acquisition",On-site,Full Time,Entry Level,Confidential,2 days ago
Finance Manager,Confidential -,"Maadi, Cairo, Egypt ","Financial Data Analysis, Financial Management, Budgeting, cashflow managment, Financial Reporting, Cost Control, Leadership, financial planing",On-site,Full Time,Manager,Confidential,2 days ago
Procurement Manager,Suez Canal container Terminal -,"Port Fuad, Port Said, Egypt ","Procurement, Logistics, Management, Supply Chain",On-site,Full Time,Manager,Confidential,2 days ago
Chromatography Specialist,Confidential -,"Cairo, Egypt ","Chromatography, Application Specialist, Analytical Instrument Sales / Technical Executive, Product Specialist - Analytical Equipment, Agriculture",On-site,Full Time,Experienced,Confidential,2 days ago
Founding Operations Manager (Launch Team),LAUNDO -,"New Cairo, Cairo, Egypt ","Operations Management, Logistics, Supply Chain, Last mile, Fleet Management, Dispatch, Route Planning",On-site,Full Time,Manager,Confidential,2 days ago
Sales Specialist - 6th of October,B.TECH -,"6th of October, Giza, Egypt ","Sales, Sales Target, Stock Accuracy, Marketing, Products Safety, Stock Control, Maintenance, Invoicing, Sales Tracking",On-site,Full Time,Entry Level,Confidential,2 days ago
Finance Manager,Confidential -,"Cairo, Egypt ","Financial Management, Budgeting, Cost Accounting, Financial, Manufacturing, Oracle, Financial Analysis",On-site,Full Time,Manager,Confidential,2 days ago
Contact Center Operations Supervisor,waffarha.com -,"Sheraton, Cairo, Egypt ","Call Center, Contact Center, Customer Service, Customer Support, Analysis, Management, Leadership, Performance Management",On-site,Full Time,Manager,Confidential,2 days ago
senior Fire Protection Engineer,ECE -,"Sheraton, Cairo, Egypt ","Design, Engineering, Mechanical, Mechanical Engineering",On-site,Full Time,Experienced,Confidential,2 days ago
Interior Designer,Confidential -,"Nasr City, Cairo, Egypt ","AutoCAD, Photoshop CS6, 3ds Max, Microsoft Office, Interior Design, Architectural Engineering, Business English, Design",On-site,Full Time,Entry Level,Confidential,2 days ago
Customer Experience & Engagement Analyst,Tank -,"New Nozha, Cairo, Egypt ","Customer Experience, CRM, Power BI, Microsoft Power BI, advanced excel, Microsoft Excel, dashboards, Odoo",On-site,Full Time,Experienced,Confidential,2 days ago
senior Fire Protection Engineer,ECE -,"Sheraton, Cairo, Egypt ","Design, Engineering, Mechanical, Mechanical Engineering",On-site,Full Time,Experienced,Confidential,2 days ago
Interior Designer,Confidential -,"Nasr City, Cairo, Egypt ","AutoCAD, Photoshop CS6, 3ds Max, Microsoft Office, Interior Design, Architectural Engineering, Business English, Design",On-site,Full Time,Entry Level,Confidential,2 days ago
Customer Experience & Engagement Analyst,Tank -,"New Nozha, Cairo, Egypt ","Customer Experience, CRM, Power BI, Microsoft Power BI, advanced excel, Microsoft Excel, dashboards, Odoo",On-site,Full Time,Experienced,Confidential,2 days ago
Marketing Specialist,OLIS Holding  -,"10th of Ramadan City, Sharqia, Egypt ","Marketing, Creative Ideas",On-site,Full Time,Experienced,Confidential,2 days ago
General Accountant,OLIS Holding  -,"10th of Ramadan City, Sharqia, Egypt ","Accounting, Finance, Financial Analysis, Accounting Software, Financial Management",On-site,Full Time,Entry Level,Confidential,2 days ago
Supply Chain Manager,Confidential -,"Cairo, Egypt ","Supply Chain Management, Logistics, Procurement, Supply, Purchasing, Inventory Management, Vendor Management, Strategic Sourcing, Operations Management",On-site,Full Time,Manager,Confidential,2 days ago
Sales Account Manager - WUZZUF,WUZZUF -,"Maadi, Cairo, Egypt ","Sales Target, Sales, Customer Service",Hybrid,Full Time,Entry Level,Confidential,2 days ago
Senior Material Planner,Swiss Garment Company -,"10th of Ramadan City, Sharqia, Egypt ","Material Planning, Material Requirements Planning (MRP), Supply Chain",On-site,Full Time,Experienced,Confidential,2 days ago
Technical Support / IT Specialist,Swiss Garment Company -,"10th of Ramadan City, Sharqia, Egypt ","Communication, Computer Science, Information Technology (IT), Networking, Troubleshooting, Technical Support, Customer Support",On-site,Full Time,Experienced,Confidential,2 days ago
Business Development Specialist ( Sales Outdoors),Horeca Star -,"Cairo, Egypt ","Business Development, Sales, Sales Skills, Sales Target, Communication, English, Outdoor Sales, Communication skills",On-site,Full Time,Experienced,Confidential,2 days ago
Quality Assurance Specialist,National Glass -,"10th of Ramadan City, Sharqia, Egypt ","QA, Quality Assurance, Test Cases, Bug Reporting, Manual Testing, Software Development Life Cycle (SDLC), Communication Skills",On-site,Full Time,Entry Level,Confidential,2 days ago
Customer Service Assistant,QMove -,"Cairo, Egypt ","Customer Service, Customer Care, Customer Support, Communication, MS Office, Sales, CRM",On-site,Full Time,Entry Level,Confidential,2 days ago
Social Media Designer,swapdor international trading -,"Cairo, Egypt ","E-Marketing, Social Media, Marketing, Communication, Creative, Adobe Photoshop, Design",On-site,Full Time,Entry Level,Confidential,2 days ago
مطور تطبيقات Flutter (Junior Flutter Developer),corbit company -,"Cairo, Egypt ","Flutter, Dart Programming, REST APIs, Git, JSON, Debugging, Problem Solving",Remote,Full Time,Entry Level,Confidential,2 days ago
Facility Engineer,Mersal  -,"Maadi, Cairo, Egypt ","Electrical Engineering, Engineering, Mechanical Engineering, Facility Management, MEP, Mechanical",On-site,Full Time,Experienced,Confidential,2 days ago
Treasury Accountant,Khater Sports Group -,"Nasr City, Cairo, Egypt ","Construction, Treasury, Accounting, Financial Analysis, Construction Finance, Cash Management, Risk Management, Forecasting",On-site,Full Time,Experienced,Confidential,2 days ago
QA Manager (Background Foods),Confidential -,"6th of October, Giza, Egypt ","Quality Assurance, Food Safety, HACCP Implementation, ISO Standards Compliance, Analytical Thinking, Audit Management, English",On-site,Full Time,Manager,Confidential,2 days ago
Graphic Designer,snaabble -,"Talkha, Dakahlia, Egypt ","Graphic Design, Adobe Photoshop, Adobe illustrator, Social Media Design, Branding, Visual Design, Creative",On-site,Full Time,Entry Level,Confidential,2 days ago
Telesales Representative,NextEra Education -,"Maadi, Cairo, Egypt ","Telesales, Sales, Customer Service, Microsoft Office, Negotiation, CRM, Communication",On-site,Full Time,Experienced,Confidential,2 days ago
Accountant,Arma Non Food -,"Talkha, Dakahlia, Egypt ","Accounting, Finance, Financial Analysis, Financial Management, Accounting Software, Accounts Payable, Bookkeeping, Financial, Financial Reporting",On-site,Full Time,Experienced,Confidential,2 days ago
Senior Corporate Sales Executive,Carofi -,"New Cairo, Cairo, Egypt ","Sales, sales skills, Telesales, Communication, Outdoor Sales, Sales Target, Sales Plan",On-site,Full Time,Experienced,Confidential,2 days ago
Performance Marketing Manager.,Confidential -,"Alsadat City, Monufya, Egypt ","Marketing, B2B, AI, Demand Planning, GTM, Export Development, Ads",Hybrid,Full Time,Experienced,Confidential,2 days ago
Senior Export Sales Operation,Al Amir ingredients -,"Alsadat City, Monufya, Egypt ","export sales operation, food intgredients industry, asptic concentrates, technical data sheets(TDS), cerificates of analysis(CoA), incoterms FOB CIF CFR, SAP S/4HANA, Zoho CRM",On-site,Full Time,Experienced,Confidential,2 days ago
Export Sales Manager,Al Amir ingredients -,"Alsadat City, Monufya, Egypt ","Export Documentation, CRM Systems( Zoho/Sales Force, B2B Sales, Food ingredients insustry, Tecnical Data Sheets (TDS), Certificates of anaysis(CoA), Incoterms(FOB,CIF,CFR)",On-site,Full Time,Manager,Confidential,2 days ago
Civil Engineer,Aga Khan Cultural services- Egypt (AKCS-E) -,"Darrasa, Cairo, Egypt ","Architecture, Civil Engineering, Construction, Engineering",On-site,Full Time,Experienced,Confidential,2 days ago
Senior architecture Eng.,Ghoneim Developments Group -,"New Cairo, Cairo, Egypt ","Architecture, AutoCAD, Engineering",On-site,Full Time,Experienced,Confidential,2 days ago
Administrative Assistant,Aladly &Co -,"Sheikh Zayed, Giza, Egypt ","Administration, Office management, Microsoft Office, Customer Support, Communication, Data Entry, Management",On-site,Full Time,Entry Level,Confidential,2 days ago
Junior Technical Consultant Engineer - Aluminum,Alumil -,"Heliopolis, Cairo, Egypt ","Engineering, Microsoft Excel, Communication, Technical Support, AutoCAD, Computer Science, Computer Skills, Information Technology (IT)",On-site,Full Time,Experienced,Confidential,2 days ago
local Purchasing Manager,National Glass -,"Sharqia, Egypt ","Procurement, Purchasing, Vendor Management, Negotiation, Supply Chain Management, Contract Management, Cost Reduction, Logistics, Stakeholder Management",On-site,Full Time,Manager,Confidential,2 days ago
Digital Marketing Team Leader (Fashion/ E-commerce),CASA SANCHO -,"Cairo, Egypt ","Administration, Marketing, Marketing Operations, Sales, Digital Marketing, Communication, Coordination",Hybrid,Full Time,Experienced,Confidential,2 days ago
Spare Parts Operations Lead,RAYA Auto -,"Giza, Egypt ","Vendor Management, Inventory Control, Spare Parts Sales, Operations Management, Spare Parts Logistics, Supply Chain Optimization, Customer Relationship Management",On-site,Full Time,Experienced,Confidential,2 days ago
Quality Assurance Coordinator,Cairo Three A  for Agricultural and Animal Production -,"New Cairo, Cairo, Egypt ","QA, Quality Assurance, Agriculture, Lab Analysis, Data Collection, Documentation, Problem Solving, Attention to Detail, Communication Skills",On-site,Full Time,Entry Level,Confidential,2 days ago
Talent Acquisition Specialist (Blue Collars),Anasia Egypt for Trading -,"Sheraton, Cairo, Egypt ","Human Resources (HR), Interviewing, Recruitment, Talent acquisition",On-site,Full Time,Entry Level,Confidential,2 days ago
Senior Talent Acquisition Specialist,Gazala Steel Fabrication GSF -,"New Cairo, Cairo, Egypt ","Human Resources, Human Resources (HR), Hiring, Talent acquisition, Recruitment, blue-collar",On-site,Full Time,Experienced,Confidential,2 days ago
HR Manager,Confidential -,"Nasr City, Cairo, Egypt ","HR, Human Resources (HR), Microsoft Office, Recruitment, Personnel",On-site,Full Time,Manager,Confidential,2 days ago
Quantity Surveying Engineer,module streamline -,"6th of October, Giza, Egypt ","AutoCAD, Engineering, Quantity Surveying, Civil Engineering, Surveying",On-site,Full Time,Experienced,Confidential,2 days ago
Senior Property Consultant,Emarcom Group Developments -,"Giza, Egypt ","Property Sales, Real Estate Market Analysis, Client Relationship Management, Sales Target Achievement, Negotiation, Communication Skills, Market Research, Presentation Skills, Lead Generation",On-site,Full Time,Experienced,Confidential,2 days ago
Technical Office Engineer (Shop Drawings),module streamline -,"6th of October, Giza, Egypt ","Engineering, Shop Drawings, Technical Office",On-site,Full Time,Experienced,Confidential,2 days ago
Electrical Maintenance Engineer,EAST  -,"Maadi, Cairo, Egypt ","Maintenance, Electrical Engineering, Electrical Maintenance",On-site,Full Time,Experienced,Confidential,2 days ago
Cost Accountant,Acry Hub -,"Albagour, Monufya, Egypt ","Accounting, Finance, Cost Accounting, Commerce, Financial Analysis",On-site,Full Time,Experienced,Confidential,2 days ago
Export Sales Manager – Marble & Granite,Tabarak Marble -,"Masr Al Qadima, Cairo, Egypt ","Export Sales, Export, Sales Target, Customer Service, Sales, Building Materials, Sales Field, Logistics",On-site,Full Time,Manager,Confidential,2 days ago
Civil Engineer,Academia for Industrial Solutions -,"New Cairo, Cairo, Egypt ","Civil Engineering, Communication, Engineering, Projects",On-site,Full Time,Entry Level,Confidential,2 days ago
HSE Manager,Akhnaton Trading and distribution - EVA Group Limted -,"Downtown, Cairo, Egypt ","Administration, Engineering, Health and Safety, HSE Management, HSE, Safety, Management",On-site,Full Time,Manager,Confidential,2 days ago
Supply Chain Manager – Chemical Additives Industry ‎,Confidential -,"Giza, Egypt ","Supply Chain, Supply, Purchasing, Procurement, Logistics, Sales Operations",On-site,Full Time,Manager,Confidential,2 days ago
Mechanical Engineer,Flex Asepto -,"Ain Sokhna, Suez, Egypt ","CAD, Electrical Engineering, Engineering, Maintenance, Management, Mechanical, Mechanical Engineering, Project Management, Troubleshooting",On-site,Full Time,Experienced,Confidential,2 days ago
Supply Chain Section Head,Confidential -,"6th of October, Giza, Egypt ","Procurement, Purchasing, Supply Chain, Logistics, Management, Supply, supply chain management",On-site,Full Time,Manager,Confidential,2 days ago
Junior Technical Drafter,hswoodindustries -,"New Nozha, Cairo, Egypt ","3D Modeling, AutoCAD, Rendering",On-site,Full Time,Experienced,Confidential,2 days ago
Claims Auditor - Resubmission Unit,Al Ahly Medical Company -,"Giza, Giza, Egypt ","Medical Claims, Medical, Auditing, Reporting, Quality Assurance, Data Analysis, Attention to Detail, Regulatory Compliance",On-site,Full Time,Experienced,Confidential,2 days ago
CNC Wood Machinery Operator,hswoodindustries -,"Cairo, Egypt ","CNC Machines, Woodworking, Machine Operator",On-site,Full Time,Experienced,Confidential,2 days ago
Financial Officer,AlShrouk Paper -,"Alsadat City, Monufya, Egypt ","Finance, Financial Analysis, Financial Management, Budgeting, Forecasting, Strategic Planning, Risk Management, Compliance, Accounting Software",On-site,Full Time,Manager,Confidential,2 days ago
Junior Technical Facade Engineer,CPC -,"Maadi, Cairo, Egypt ","Aluminum & Glazing, Aluminum, Engineering, Facade Design, Structural Analysis, CAD Software, Material Science, Building Codes",On-site,Full Time,Entry Level,Confidential,2 days ago
Sales Teamleader,EHG Intelligence -,"Sheikh Zayed, Giza, Egypt ","Sales, B2B Sales, Field Sales, Cold Calling, Lead Generation, Team Leadership, Account Management, CRM",On-site,Full Time,Experienced,Confidential,2 days ago
Recruitment & L&D Specialist,Ferrometalco steel construction -,"Belbes, Sharqia, Egypt ","Human Resources (HR), Recruitment, Training, Development",On-site,Full Time,Entry Level,Confidential,2 days ago
BIM Senior Facade Engineer,CPC -,"Maadi, Cairo, Egypt ","Aluminum, Façade Engineering, Glazing, BIM, Engineering, Revit, AutoCAD, Civil3D",On-site,Full Time,Experienced,Confidential,2 days ago
مدير مالي,Confidential -,"New Cairo, Cairo, Egypt ","قيادة الفريق, التخطيط المالي, إدارة السيولة والتحصيل, إعداد التقارير, الدقة والقدرة على اتخاذ القرار",On-site,Full Time,Senior Management,Confidential,2 days ago
Process Engineer,Haier Electric Egypt  -,"10th of Ramadan City, Sharqia, Egypt ","Engineering, ERP Systems, Process Mapping, Six Sigma, Mechanical Engineering, FMEA, Computer Science, Information Technology (IT)",On-site,Full Time,Experienced,Confidential,2 days ago
Sales Development Representative (Pre-Sales),LogiWorx -,"Cairo, Egypt ","Sales, Business Development, Development, Pre-Sales, sales development, Sales Target, Communication, Startup",Remote,Part Time,Experienced,Confidential,2 days ago
B2B Business Developer,ACEs contact center -,"Cairo, Egypt ","Lead Generation, B2B, Sales, Business Development, Business Process Outsourcing, BPO, Telesales",Remote,Full Time,Entry Level,Confidential,2 days ago
Payroll Specialist,Burger King -,"Heliopolis, Cairo, Egypt ","Payroll, Human Resources (HR), Personnel, Recruitment",On-site,Full Time,Senior Management,Confidential,2 days ago
Facade Design Team Leader,CPC -,"Maadi, Cairo, Egypt ","Aluminum, BIM, CAD, Engineering, Shop Drawings, Facade Design, Architectural Design",On-site,Full Time,Experienced,Confidential,2 days ago
Risk & Compliance Senior Specialist,Royal Herbs  -,"Haram, Giza, Egypt ","Quality Assurance, Quality Management System, risk and compliance, Pharmaceutical Industry, Pharma, Quality Auditing, Certified Internal Auditor (CIA), Certified Information Systems Auditor",On-site,Full Time,Experienced,Confidential,2 days ago
IT Infrastructure & Application Support Supervisor – Fayoum Site,Logistica -,"Fayoum, Fayoum, Egypt ","IT Infrastructure & Security Management, Enterprise Applications & Technical Support",On-site,Full Time,Experienced,Confidential,2 days ago
Procurement Supervisor,Erada -,"Maadi, Cairo, Egypt ","Procurement, Logistics, Purchasing, Supply Chain, IT, Software, Cloud Infrastructure, MBA",On-site,Full Time,Experienced,Confidential,3 days ago
Sales Manager,Deemax -,"Abbassia, Cairo, Egypt ","Customer Service, Sales, Sales Target",On-site,Full Time,Experienced,Confidential,3 days ago
Cost Accountant manufacturing environment,Deemax -,"Abbassia, Cairo, Egypt ","Accounting, Finance, Financial Analysis, Manufacturing, Cost Accountant",On-site,Full Time,Experienced,Confidential,3 days ago
Executive Assistant / Chairman's Office Manager,Deemax -,"Abbassia, Cairo, Egypt ","Administration, Microsoft Office, Office management",On-site,Full Time,Experienced,Confidential,3 days ago
Design Engineer – Commercial Refrigeration & Kitchen Equipment,Deemax -,"Abbassia, Cairo, Egypt ","Design, AutoCAD, Mechanical Engineering, SolidWorks, Electrical Engineering",On-site,Full Time,Experienced,Confidential,3 days ago
Senior Media Buyer,Kampaign Agency  -,"6th of October, Giza, Egypt ","Digital Marketing, Media Buying, Google Ads, Meta ads, Facebook ads, Google Analytics, E-Commerce, Commerce",Hybrid,Full Time,Experienced,Confidential,3 days ago
Driver,El Kheima Beach Resort -,"Stanley, Alexandria, Egypt ","Driving, privet driver, Customer Service, Information Technology (IT)",On-site,Full Time,Experienced,Confidential,3 days ago
Facilities Manager,Blue Ventures -,"Nasr City, Cairo, Egypt ","Facility Management, Maintenance, Administration, Management, Security, Engineering, Development, CCTV System, Fire Extinguishers",On-site,Full Time,Manager,Confidential,3 days ago
Workspace Business Development Executive,Blue Ventures -,"Nasr City, Cairo, Egypt ","Business Development, Sales Target, Sales, B2B, Communication, Development, Marketing, Negotiation",On-site,Full Time,Experienced,Confidential,3 days ago
Business Development Executive,Blue Ventures -,"Nasr City, Cairo, Egypt ","Business Development, Sales, Sales Target, Outdoor Sales, B2B Sales, B2B, Corporate Sales, Development",On-site,Full Time,Entry Level,Confidential,3 days ago
Light Current Engineer,Beverlyhills -,"Shorouk City, Cairo, Egypt ","Light Current Systems, Electrical Engineering, System Installation, Maintenance & Repair, Troubleshooting, AutoCAD, Project Management, Safety Regulations",On-site,Full Time,Experienced,Confidential,3 days ago
Technical Office Engineer (Aluminum & Glass Sector),El Alfy Group  -,"Badr City, Cairo, Egypt ","AutoCAD, Glass, Aluminum, Technical Office, Microsoft Office, Engineering, Facade",On-site,Full Time,Experienced,Confidential,3 days ago
Maintenance Engineer,Confidential -,"10th of Ramadan City, Sharqia, Egypt ","Engineering, Maintenance, Mechanical Engineering, Information Technology (IT)",On-site,Full Time,Entry Level,Confidential,3 days ago
Commercial Manager,Blue Ventures -,"Nasr City, Cairo, Egypt ","Sales, Marketing, Management, F&B, Food & Beverage",On-site,Full Time,Manager,Confidential,3 days ago
Group Commercial Department,Blue Ventures -,"Cairo, Egypt ","Business Development, Sales, Sales Strategies, Sales Planning, Accounting, Administration, Communication, Marketing, CRM",On-site,Full Time,Senior Management,Confidential,3 days ago
Payroll & Personnel Specialist,Euromed for medical industries -,"Nasr City, Cairo, Egypt ","Payroll, Personnel, Human Resources (HR), Labor Law, Social Insurance, Attendance Management, Microsoft Excel, Pivot Tables, XLOOKUP / VLOOKUP",On-site,Full Time,Experienced,Confidential,3 days ago
Production Manager (Steel & Metal Products),Confidential -,"Qalubia, Egypt ","Engineering, Manufacturing, Management, Production, Maintenance, Mechanical Engineering, Planning",On-site,Full Time,Manager,Confidential,3 days ago
Business Development Consultant,Gulf Data International  -,"Heliopolis, Cairo, Egypt ","Business Development, Development, Sales Target, Sales",On-site,Full Time,Manager,Confidential,3 days ago
Payroll & Personnel Specialist,Euromed for medical industries -,"Nasr City, Cairo, Egypt ","Payroll, Personnel, Human Resources (HR), Labor Law, Social Insurance, Attendance Management, Microsoft Excel, Pivot Tables, XLOOKUP / VLOOKUP",On-site,Full Time,Experienced,Confidential,3 days ago
Production Manager (Steel & Metal Products),Confidential -,"Qalubia, Egypt ","Engineering, Manufacturing, Management, Production, Maintenance, Mechanical Engineering, Planning",On-site,Full Time,Manager,Confidential,3 days ago
Business Development Consultant,Gulf Data International  -,"Heliopolis, Cairo, Egypt ","Business Development, Development, Sales Target, Sales",On-site,Full Time,Manager,Confidential,3 days ago
Customer Support Real Estate Specialist,Gulf Data International  -,"Nasr City, Cairo, Egypt ","Customer Care, Customer Service, Customer Support, Real Estate, Sales, Communication, Problem-Solving, Client Relationship Management",On-site,Full Time,Entry Level,Confidential,3 days ago
Social Media Specialist,RAQMU for Building and Construction  -,"New Cairo, Cairo, Egypt ","E-Marketing, Marketing, Social Media",On-site,Full Time,Experienced,Confidential,3 days ago
Production Engineering Manager,Grain -,"Alsadat City, Monufya, Egypt ","Production, Engineering, Manufacturing, Process Optimization, Quality Control, Lean Principles, Project Management, Problem Solving",On-site,Full Time,Manager,Confidential,4 days ago
Bank Accountant,Confidential -,"Sheraton, Cairo, Egypt ","Accounting, Accounting Software, Financial, Accounts Payable, Communication skills, excel, Finance, Banking",Remote,Full Time,Experienced,Confidential,4 days ago
Architecture Technical Office Engineer,Meraki Fine Finishes  -,"Dokki, Giza, Egypt ","AutoCAD, Technical Office Management, Architectural Design, Sketchup, BIM Software, Construction Documentation, Project Coordination, Material Selection, Site Supervision",On-site,Full Time,Experienced,Confidential,4 days ago
Construction Project Manager,Meraki Fine Finishes  -,"Dokki, Giza, Egypt ","Construction, Project Management, Engineering, Site Supervision, Budget Management, Risk Management, Contract Negotiation, AutoCAD",On-site,Full Time,Manager,Confidential,4 days ago
Senior Network Engineer,Crown Computers -,"Cairo, Egypt ","Information Technology (IT), Network Administration, Network Engineering, Network Security, HelpDesk, Microsoft Azure, kaseya, connectwise, Acronis",Remote,Full Time,Experienced,Confidential,4 days ago
Director of Digital Transformation & Growth,Mr. Tailor -,"Maadi, Cairo, Egypt ","Marketing, Online Marketing, Digital Advertising, Digital Marketing, Information Technology (IT), AI",On-site,Full Time,Experienced,Confidential,4 days ago
Hospitality Floor Supervisor,Confidential -,"North Coast, Alexandria, Egypt ","Customer Service, Hospitality, Team Leadership, Problem Solving, Staff Supervision, Guest Relations, Conflict Resolution, Communication, Operational Management",On-site,Part Time,Experienced,Confidential,5 days ago
IT Manager,Confidential -,"Alsadat City, Monufya, Egypt ","Information Technology (IT), Project Management",On-site,Full Time,Manager,Confidential,5 days ago
Dentist (Italian Speaker),3D Diagnostix -,"Maadi, Cairo, Egypt ","Dental implants, Dentist, Dentistry, Medical, Healthcare, Cosmetic Dentistry, Dental Implant, Dental Care, Pediatric Dentistry",On-site,Full Time,Entry Level,Confidential,5 days ago
Quantity Surveyor,SHERIF EL-GOHARY & CO. -,"Mohandessin, Giza, Egypt ","Architecture, Civil Engineering, Construction, Engineering",On-site,Full Time,Experienced,Confidential,5 days ago
Mechanical production engineer,FTH-industries -,"6th of October, Giza, Egypt ","Sheet metal, Mechanical Design Engineering, Steel Structure, SolidWorks, Steel Fabrication, Workshop Management, Production Engineering, Production Planning, CNC Machines",On-site,Full Time,Experienced,Confidential,5 days ago
Sales Engineer - Cardiac,Ali Ben Ali -,"Downtown, Cairo, Egypt ","Engineering, Sales, Sales Target, Biomedical, Biomedical Engineering, Medical, Microsoft Office",On-site,Full Time,Entry Level,Confidential,5 days ago
senior tenchnical office engineer,ESC -,"New Cairo, Cairo, Egypt ","AutoCAD, Engineering, Information Technology (IT), Microsoft Office, Project Management, Technical Documentation, Construction Management, Civil Engineering Principles",On-site,Full Time,Experienced,Confidential,5 days ago
Backend Engineer (Node.js / NestJS / TypeScript),tech technology  -,"Cairo, Egypt ","Node.js, Software Development, Software Engineering, Typescript, Nest, Architecture, AWS, Computer Science",Remote,Full Time,Experienced,Confidential,5 days ago
Senior Procurement Specialist,Iskefe Nile For Leather Manufacturing and Trade -,"10th of Ramadan City, Sharqia, Egypt ","Microsoft Office, Logistics, Procurement, Supply Chain, Purchasing, Procurements",On-site,Full Time,Experienced,Confidential,5 days ago
Operation Team leader.,Medexera  -,"New Cairo, Cairo, Egypt ","Information Technology (IT), Customer Support, Call Center, Communication, Leadership, Sales, Sales Target",On-site,Full Time,Experienced,Confidential,5 days ago
Muffler Production Manager,Confidential -,"Giza, Egypt ","Engineering, Manufacturing, Production, Lean Manufacturing, Quality Control, Process Improvement, Supply Chain Management",On-site,Full Time,Manager,Confidential,5 days ago
Sales Associate - Fashion,Talaat Moustafa Group -,"Cairo, Egypt ","Customer Service, Fashion, Sales Target, Sales",On-site,Shift Based,Entry Level,Confidential,5 days ago
Merchandising Manager,Dreem Mashreq Foods  -,"Cairo, Egypt ","Merchandising, Retail, Sales",On-site,Full Time,Manager,Confidential,6 days ago
CEO Personal Assistant,نوبل للتدريب - Nobel Group -,"6th of October, Giza, Egypt ","Office management, Microsoft Office, Management, Communication, Administration, Office Management, Calendar Management",On-site,Full Time,Experienced,Confidential,6 days ago
HR Administrative Assistants,نوبل للتدريب - Nobel Group -,"6th of October, Giza, Egypt ","Administration, HR, Office management, Microsoft Office, Customer Service, Organizational Skills, Communication",On-site,Full Time,Experienced,Confidential,6 days ago
Quality Control Chemist,SIPES -,"10th of Ramadan City, Cairo, Egypt ","Quality Control, Chemistry, Manufacturing",On-site,Full Time,Entry Level,Confidential,6 days ago
Senior IT Specialist,مجموعة شركات النماء لحلول الاعمال التنفيذية وتنمية دخول الافراد -,"6th of October, Giza, Egypt ","Computer Science, Information Technology (IT), Software Engineering, Administration, Management, DNS, MySQL, Network",On-site,Full Time,Experienced,Confidential,6 days ago
Head of Leasing,MG Developments -,"New Cairo, Cairo, Egypt ","Leasing, Contract Negotiation, Real Estate Development, Commercial Negotiation, lasing manager, Banking, Business Administration, Computer Science, Database",On-site,Full Time,Manager,Confidential,6 days ago
Landscape Lead Architect,Capital Link Developments -,"New Cairo, Cairo, Egypt ","Adobe Photoshop, Architecture, AutoCAD, Engineering, Revit BIM, Sketchup, Adobe Indesign, Lumion",On-site,Full Time,Experienced,Confidential,6 days ago
Senior Automation QA Engineer,Vertex Technologies  -,"Cairo, Egypt ","Test Automation, Selenium, Cypress, CI/CD, API Testing, Agile Methodologies, Quality Assurance, Java / TypeScript / Python / C#",On-site,Full Time,Experienced,Confidential,6 days ago
Mechanical Engineering Manager,Metalvision -,"6th of October, Giza, Egypt ","Mechanical Engineering, Electrical Engineering, Mechanical, Engineering, Business Development, Communication, Manufacturing",On-site,Full Time,Manager,Confidential,6 days ago
Product File Coordinator,Spinneys Egypt -,"Maadi, Cairo, Egypt ","Administration, Microsoft Office, Microsoft Excel, Data Entry, Communication",On-site,Full Time,Entry Level,Confidential,6 days ago
IoT Solutions Specialist,Confidential -,"Alexandria, Egypt ","•	MQTT, •	BLE, •	Embedded Systems, Computer Science, Information Technology (IT)",On-site,Full Time,Experienced,Confidential,6 days ago
AI Solutions Specialist,روية للحلول المتكاملة -,"Alexandria, Egypt ","AI, •	Python, •	TensorFlow, •	NLP, Information Technology (IT), Sales, Computer Science",On-site,Full Time,Experienced,Confidential,6 days ago
Application Performance Monitoring Engineer,روية للحلول المتكاملة -,"Alexandria, Egypt ","Performance Monitoring, Monitoring, Software Development, •	Dashboard Reporting, •	RCA, Information Technology (IT)",On-site,Full Time,Experienced,Confidential,6 days ago
Sales Consultant,DWG -,"Nasr City, Cairo, Egypt ","Negotiation, Sales Prospecting, Communication, Time Management, Problem-Solving, Adaptability, Teamwork, Sales, Sales Field",On-site,Full Time,Entry Level,Confidential,6 days ago
QA Engineer,Confidential -,"Alexandria, Egypt ","QA, QC, Quality Assurance, Quality Control, •	Selenium, •	TestRail, Quality Auditing",On-site,Full Time,Experienced,Confidential,6 days ago
DevOps Engineer,Confidential -,"Alexandria, Egypt ","•	Docker, •	Jenkins, •	Maven, •	Tomcat, DevOps, Computer Science, Software Development, Information Technology (IT)",On-site,Full Time,Experienced,Confidential,6 days ago
Full Stack Developer,Confidential -,"Alexandria, Egypt ","•	HTML  •	CSS  •	JavaScript  •	React  •	C#  •	.NET  •	Java  •	Oracle  •	Git, Software Development, JavaScript, Information Technology (IT)",On-site,Full Time,Experienced,Confidential,6 days ago
Senior Mechanical Engineer – Proposals and Tenders,CitiScape  -,"Katameya, Cairo, Egypt ","Engineering, Mechanical, Mechanical Engineering",On-site,Full Time,Experienced,Confidential,6 days ago
Backend Developer (.Net),Confidential -,"Alexandria, Egypt ","•	C#  •	.NET Core / .NET 8  •	ASP.NET Core Web API  •	Entity Framework Core  •	LINQ, •	RESTful APIs  •	OpenAPI (Swagger)  •	JSON  •	JWT Authentication  •	OAuth2, •	Oracle Database  •	SQL  •	Stored Procedures  •	Performance Tuning",On-site,Full Time,Experienced,Confidential,6 days ago
Sales Executive - Industrial Equipment,Infinity For Industrial Investment -,"10th of Ramadan City, Sharqia, Egypt ","Sales, Business English, Business Development, Microsoft Office, Communication, Packaging Machinery Sales, Email Communication",On-site,Full Time,Experienced,Confidential,6 days ago
OPPO Store Expanding Specialist,OPPO Egypt  -,"Nasr City, Cairo, Egypt ","Sales, Negotiation, Business Development, Leasing, expansion",On-site,Full Time,Experienced,Confidential,6 days ago
Senior Logistics Specialist,Confidential -,"Qalyub, Qalubia, Egypt ","Logistics, Management, Supply Chain, Purchasing, Communication skills",On-site,Full Time,Experienced,Confidential,6 days ago
Backend Developer (Java),Confidential -,"Alexandria, Egypt ","•	Java  •	Spring Boot / Spring MVC  •	C#  •	.NET  •	Oracle  •	SQL  •	REST API  •	JWT  •	OAuth2  •	Git, Java, Software Engineering, Software Development",On-site,Full Time,Experienced,Confidential,6 days ago
Customer Service Advisor – Spanish Speakers (Manufacturing Medical Devices),K Line Europe -,"Nasr City, Cairo, Egypt ","German Speaker, Key Account Management, Account Management, German Language Fluency, Client Relationship Building, Presentation Skills, Problem Solving, Negotiation",Remote,Full Time,Experienced,Confidential,6 days ago
Clinics Manager,Mersal  -,"Maadi, Cairo, Egypt ","Administration, Clinic, Healthcare, Medical, MEDICINE, Office management, Procurement, quality",On-site,Full Time,Manager,Confidential,6 days ago
Sales Executive (Catering),Confidential -,"Nozha, Cairo, Egypt ","Sales, Sales Target, Customer Service, Food & Beverage, Negotiation, Time Management, Communication",On-site,Full Time,Entry Level,Confidential,6 days ago
Mobile Application Developer,Confidential -,"Alexandria, Egypt ","•	Android  •	iOS  •	Java  •	Kotlin  •	Swift  •	Flutter  •	REST API  •	Git  •	Firebase  •	Push Notifications  •	BrowserStack, Software Engineering, Software Development",On-site,Full Time,Experienced,Confidential,6 days ago
Senior Accountant,Confidential -,"Nasr City, Cairo, Egypt ","Accounting, Finance, Financial Analysis, Financial Management, Cost Accounting, Customer Service, Budgeting, Financial Reporting, Auditing",On-site,Full Time,Manager,Confidential,6 days ago
Human Resource Business Partner,Confidential -,"Cairo, Egypt ","Human Resources (HR), HR Policies, Talent Acquisition, Employee Relations, Performance Management, Compensation & Benefits, HRIS, Labor Law Compliance, Conflict Resolution",On-site,Full Time,Experienced,Confidential,6 days ago
Social Studies Teacher,IVY STEM International School -,"Mokattam, Cairo, Egypt ","History, Social Studies, Teaching, Economics, Curriculum Development, Classroom Management, Lesson Planning, Student Engagement, Cross-cultural Communication",On-site,Full Time,Entry Level,Confidential,6 days ago
Cost Accounting Manager,Egast -,"Abu Almatamir, Beheira, Egypt ","Accounting, Cost Accounting, Financial Analysis",On-site,Full Time,Senior Management,Confidential,6 days ago
Operation Engineer Assistant,RISEUP (Endemag for Administrative Skills Development) -,"Maadi, Cairo, Egypt ","Engineering, Management, SQL, Communication, Computer Science, Information Technology (IT), Data Analysis",Hybrid,Full Time,Experienced,Confidential,6 days ago
Electrical Project Engineer,Spinneys Egypt -,"Cairo, Egypt ","Electrical Engineering, Project Management, Food Processing, Automation Systems, PLC Programming, Electrical Design, Compliance Standards, Technical Documentation, Team Collaboration",On-site,Full Time,Experienced,Confidential,6 days ago
Electrical Engineer,Flex Asepto -,"Ain Sokhna, Suez, Egypt ","Electrical troubleshooting, Electrical Engineering, PLC, Electrical Systems, Mechanical, Electrical, and Plumbing (MEP)",On-site,Shift Based,Experienced,Confidential,6 days ago
Officer - Dispatch,Flex Asepto -,"Ain Sokhna, Suez, Egypt ","dispatching, Trucking, Dispatch coordination, Problem-solving, Warehousing Management, Time management, Dispatching, Dispatch Coordination, Problem-Solving",On-site,Full Time,Experienced,Confidential,6 days ago
Mobile Repair Technician (Cairo),OPPO Egypt  -,"Giza, Giza, Egypt ","Maintenance, English, Arabic, Microsoft Office, Repair, Computer Skills, Software, Hardware, Technician",On-site,Full Time,Entry Level,Confidential,6 days ago
Finance Specialist,Confidential -,"Cairo, Egypt ","Accounting, Financial Analysis, ERP, Analysis, Communication, Data Entry, Finance, Microsoft Office, SAP",On-site,Full Time,Experienced,Confidential,6 days ago
Officer - Dispatch,Flex Asepto -,"Ain Sokhna, Suez, Egypt ","dispatching, Trucking, Dispatch coordination, Problem-solving, Warehousing Management, Time management, Dispatching, Dispatch Coordination, Problem-Solving",On-site,Full Time,Experienced,Confidential,6 days ago
Mobile Repair Technician (Cairo),OPPO Egypt  -,"Giza, Giza, Egypt ","Maintenance, English, Arabic, Microsoft Office, Repair, Computer Skills, Software, Hardware, Technician",On-site,Full Time,Entry Level,Confidential,6 days ago
Finance Specialist,Confidential -,"Cairo, Egypt ","Accounting, Financial Analysis, ERP, Analysis, Communication, Data Entry, Finance, Microsoft Office, SAP",On-site,Full Time,Experienced,Confidential,6 days ago
Procurement Engineer,Wander developments -,"New Cairo, Cairo, Egypt ","Engineering, Procurement, Purchasing, AutoCAD, Architecture, Negotiation, Supply Chain",On-site,Full Time,Experienced,Confidential,6 days ago
Store Manager - CIZARO Retail Stores,Cizaro  -,"Nasr City, Cairo, Egypt ","Retail Management, Store Operations, Team Leadership, Fashion Retail, Sales Targets, Customer Service, Inventory Management",On-site,Full Time,Manager,Confidential,6 days ago
Business Development Executive (Egypt-KSA),Mrkoon -,"Maadi, Cairo, Egypt ","Business Development, Sales, B2B Sales, scrap and surplus, supplier, Customer Service, Regional Sales",On-site,Full Time,Entry Level,Confidential,6 days ago
Mechanical BIM Engineer,Amaaer -,"6th of October, Giza, Egypt ","BIM, Engineering, Revit, Architecture, MEP Systems, Structural Engineering, Construction Management, Project Coordination",On-site,Full Time,Senior Management,Confidential,6 days ago
Sales Executive B2B Software,MTS-IT -,"Maadi, Cairo, Egypt ","B2B, B2B Software, Software Sales",Hybrid,Full Time,Manager,Confidential,6 days ago
Purchasing Specialist,module streamline -,"6th of October, Giza, Egypt ","Logistics, Procurement, Purchasing, Supply Chain",On-site,Full Time,Experienced,Confidential,6 days ago
Internal Audit Manager,Egast -,"Abu Almatamir, Beheira, Egypt ","Accounting, Auditing, Finance",On-site,Full Time,Senior Management,Confidential,6 days ago
Learning and Developing Manager,Confidential -,"Maadi, Cairo, Egypt ","Capacity Building, Training, Training Needs Analysis, Development, Business Development, Information Technology (IT), Management, Planning",On-site,Full Time,Manager,Confidential,6 days ago
Accounting Manager,Egast -,"Abu Almatamir, Beheira, Egypt ","Accounting, Finance, Financial Management",On-site,Full Time,Manager,Confidential,6 days ago
Installation Engineer,Alpha Matar Co. For Elevators & Escalators  -,"Kit Kat, Giza, Egypt ","Engineering, Mechanical Engineering, Computer Science, Information Technology (IT), Safety, Project, Troubleshooting",On-site,Full Time,Entry Level,Confidential,6 days ago
Book Layout Designer (editorial Design),Al Farouk For Educational Service  -,"Nasr City, Cairo, Egypt ","Adobe illustrator, Adobe Photoshop, illustrator, Layout, Layout Design, Typography, Creative, Design, Graphic Design",On-site,Full Time,Experienced,Confidential,6 days ago
Senior Site Architect,RAMW -,"New Cairo, Cairo, Egypt ","Architecture, Engineering, Architectural Engineering, Interior Finishing, Site Engineering, Site Management",On-site,Full Time,Manager,Confidential,6 days ago
Digital Marketing Executive,Confidential -,"Maadi, Cairo, Egypt ","Social Media, Marketing, E-Marketing, Digital Marketing, Design, Marketing Campaigns, Sales, SEO",On-site,Full Time,Manager,Confidential,6 days ago
Project Engineer,Cairo Three A  for International Industries. -,"New Cairo, Cairo, Egypt ","Engineering, Project Management, Civil Engineering, Construction Management, Risk Management, AutoCAD, Primavera P6, Site Supervision",On-site,Full Time,Experienced,Confidential,6 days ago
Reception/admin,SG Group -,"Sheikh Zayed, Giza, Egypt ","Administration, Reception",On-site,Full Time,Entry Level,Confidential,6 days ago
Technical Office Electrical Engineer,OTS -,"Maadi, Cairo, Egypt ","Technical Office, Electrical Engineering",On-site,Full Time,Experienced,Confidential,6 days ago
Financial Manager,FAID ALNAAM   -,"New Cairo, Cairo, Egypt ","Accounting, Analysis, Budgeting, Finance, Financial, Financial Analysis, Financial Management, Forecasting",On-site,Full Time,Senior Management,Confidential,6 days ago
Senior Network Infrastructure Engineer,GB Corp -,"Abu Rawash, Giza, Egypt ","Network, Network Infrastructure, Networking, Information Technology (IT), Engineering, Computer Science, CCNP",On-site,Full Time,Experienced,Confidential,6 days ago
Technical Office Engineer (Marble & Finishes),El Alfy Group  -,"Maadi, Cairo, Egypt ","Engineering, Technical Office, Architectural Design, Shop Drawings, Cost Estimation, BOQ, Interior Design",On-site,Full Time,Experienced,Confidential,6 days ago
Assessor Motor Claims,Confidential -,"Giza, Egypt ","Administration, Customer Service, Data Analysis, Data Entry, Communication",On-site,Full Time,Entry Level,Confidential,6 days ago
Scientific Office Manager,Top Cosmetic -,"Cairo, Egypt ","Regulatory Affairs, Pharmaceutical, Administration, Product Registration, Medical Registration, MOH Platform, Regulatory Compliance, Cosmetics Registration",On-site,Full Time,Manager,Confidential,6 days ago
General Accountant - Bookkeeping Company,Landmarks consulting solutions CO  -,"Maadi, Cairo, Egypt ","Accounting, Finance, Financial Management, general accountant, Financial Analysis, accountant, Financial Accounting",On-site,Full Time,Experienced,Confidential,6 days ago
Architectural Project Manager,TBK Developments -,"Ras Sedr, South Sinai, Egypt ","Engineering, Project Management, Project, PMP, Management, Architecture, Communication, Computer Science, Information Technology (IT)",On-site,Full Time,Manager,Confidential,6 days ago
Planning Manager,Confidential -,"New Cairo, Cairo, Egypt ","Planning, Production Planning",On-site,Full Time,Manager,Confidential,6 days ago
Tax Manager,MMA accounting office -,"Heliopolis, Cairo, Egypt ","Accounting, Personal Tax, Taxation, Communication Skills, Payroll, Tax Analysis, Excel, Finance, Financial Management",On-site,Full Time,Manager,Confidential,6 days ago
Process Engineer,Fine Hygienic Holding -,"6th of October, Giza, Egypt ","Engineering, Mechanical Engineering, Process, English, Manufacturing, Computer Skills, Manufacturing Process, Paper Engineering",On-site,Full Time,Entry Level,Confidential,6 days ago
Treasury Manager (Manufacturing),Tank -,"Heliopolis, Cairo, Egypt ","Treasury Management, Cash Flow Forecasting, Bank Relationship Management, Liquidity Planning, Risk Management, Financial Analysis, Negotiation, Financial Reporting",On-site,Full Time,Manager,Confidential,6 days ago
Sales and Marketing,E-logistics Misr -,"Cairo, Egypt ","Sales, Marketing, Communication, Customer Service, Logistics, Management, Sales Management",On-site,Full Time,Entry Level,Confidential,6 days ago
Finance Manager – Construction Company,Al-Alama Contracting & Supplies   -,"6th of October, Giza, Egypt ","Accounting, Construction, Finance, Financial Management",On-site,Full Time,Experienced,Confidential,6 days ago
Advertising Sales Manager,Vision Communications -,"Cairo, Egypt ","Advertising Sales, Sales Target, Sales, Advertising, Customer Service, Marketing, Negotiation",On-site,Full Time,Manager,Confidential,6 days ago
Senior Sales Engineer – Panel Builder (LV),SQUARE E for Electrical industries  -,"10th of Ramadan City, Sharqia, Egypt ","Schneider Products, Manufacturing, Sales Target, Sales, Electrical Engineering, panels, Engineering, Business Development",Hybrid,Full Time,Experienced,Confidential,6 days ago
Quality Assurance Manager,Egast -,"Abu Almatamir, Beheira, Egypt ","Engineering, Quality Assurance",On-site,Full Time,Manager,Confidential,6 days ago
Senior Business Development Specialist,Confidential -,"Qalubia, Egypt ","Business Development, Sales, Export, import, International Business Development, english, Sales Field",On-site,Full Time,Experienced,Confidential,6 days ago
Warehouse Supervisor,Le souverain  -,"10th of Ramadan City, Sharqia, Egypt ","Warehousing, Warehouse Management System, Warehouse Operations, Warehouse supervising",On-site,Full Time,Experienced,Confidential,6 days ago
Front Desk Receptionist,Egyptian Company for Cosmetics -,"Nasr City, Cairo, Egypt ","Administration, Reception, Front Desk Operations, Customer Service, Communication Skills, Organizational Skills, Time Management, Problem Solving, Microsoft Office Suite",On-site,Full Time,Entry Level,Confidential,6 days ago
Graphic Designer,Amer printing -,"New Nozha, Cairo, Egypt ","Adobe Illustrator, Design Thinking, Graphic Design, Adobe Photoshop, Branding, Typography, Layout Design, Visual Communication, Digital Marketing Design",On-site,Full Time,Experienced,Confidential,6 days ago
Accounting Manager,Cleopatra Developments -,"Sheikh Zayed, Giza, Egypt ","Accounting, Finance, Financial Analysis, Financial Management, Budgeting, Collection, Financial Reporting",On-site,Full Time,Manager,Confidential,6 days ago
Sales Account Executive,el naqi water -,"Mokattam, Cairo, Egypt ","Customer Service, Sales, Telesales, Communication Skills, Active Listening, Negotiation, CRM Software, Problem-Solving",On-site,Full Time,Entry Level,Confidential,6 days ago
HR Manager,Amecold -,"Obour City, Cairo, Egypt ","Human Resources (HR), HR, Recruitment, Personnel",On-site,Full Time,Manager,Confidential,6 days ago
Sales Engineer,TEPCO S.A.E. -,"Dokki, Giza, Egypt ","Engineering, Sales, Sales Target, LV, Low Voltage Panels, Medium Voltage, Medium Voltage Panel, Business Development, Electrical Engineering",On-site,Full Time,Entry Level,Confidential,6 days ago
Marketing & Service Chemist,Torrecid Egypt SAE -,"Sheikh Zayed, Giza, Egypt ","Chemistry, Applied Chemistry, Materials Science, Enthusiastic, proactive, and customer-oriented, Communication, Chemistry, Customer Service, Marketing, Travel, Sales",On-site,Full Time,Entry Level,Confidential,6 days ago
Torrecid Egypt Summer Internship,Torrecid Egypt SAE -,"Sheikh Zayed, Giza, Egypt ","Senior students or graduates, in Engineering, Chemistry, or other relevant disciplines., Engineering, Engineering Services",On-site,Internship,Entry Level,Confidential,6 days ago
Marketing & Service Engineer,Torrecid Egypt SAE -,"Sheikh Zayed, Giza, Egypt ","Chemical Engineering, Chemistry, Engineering, Ceramics, Marketing, Customer Service, English",On-site,Full Time,Entry Level,Confidential,6 days ago
Commercial Manager,Confidential -,"Cairo, Egypt ","Commercial Management, Heavy Equipment, Contracts Management, trucks, business growth, Business Development, Equipment Maintenance",On-site,Full Time,Senior Management,Confidential,6 days ago
Head Of Security,Amecold -,"Obour City, Cairo, Egypt ","Administration, Security, Information Technology (IT), CCNA, CCNA Security, CCNP Security",On-site,Full Time,Manager,Confidential,6 days ago
Oracle Database Administrator,GB Corp -,"Giza, Egypt ","Computer Science, Information Technology (IT), Database, Oracle Database, SQL, Oracle, Administration, SQL Server, Linux",On-site,Full Time,Entry Level,Confidential,6 days ago
Head Of Finance.,Power Fast Eg  -,"Giza, Egypt ","Accounting, Finance, Budgets, Bookkeeping, ERP, Financial Management, Management, Financial, Financial Analysis",On-site,Full Time,Senior Management,Confidential,6 days ago
UI Web Developer,Erpplus5 -,"Maadi, Cairo, Egypt ","Angular, AngularJS, Angular4, Angular.js, Angular2, Computer Science, Information Technology (IT)",Hybrid,Full Time,Experienced,Confidential,6 days ago
Senior Sales Engineer – CSSD & Sterilization,Target For Medical Equipment -,"Assiut, Egypt ","Communication, Engineering, Sales, Sales Target, Business Development, Account Management",On-site,Full Time,Experienced,Confidential,6 days ago
Product Specialist – OR & ICU Medical Devices,Target For Medical Equipment -,"Cairo, Egypt ","Medical Devices, Medical, Sales, Biomedical Engineering, Biomedical, Engineering, Veterinary, Pharmacy",On-site,Full Time,Entry Level,Confidential,6 days ago
Maintenance Engineer - OR & ICU Medical devices,Target For Medical Equipment -,"Mokattam, Cairo, Egypt ","Maintenance, Engineering, Mechanical Engineering",On-site,Full Time,Experienced,Confidential,6 days ago
Team Leader - Medical Billing,Medexera  -,"New Cairo, Cairo, Egypt ","Customer Service, Medical, Communication, Information Technology (IT), Leadership, Management, Sales, Sales Target",On-site,Full Time,Manager,Confidential,6 days ago
Photographer,Awraa Advertisement  -,"Giza, Egypt ","Motion, AI, Graphic Design, Design, Adobe illustrator, Adobe Photoshop",Remote,Part Time,Experienced,Confidential,7 days ago
Customer Service Representative - Vodafone Ireland - Cairo,VOIS Egypt -,"Cairo, Egypt ","Customer service, fluent in English, C1, University Graduates, Telecommunication, fluent English speakers, Customer Care, Customer Support, Communication",Hybrid,Full Time,Entry Level,Confidential,7 days ago
Customer Service Representative - Vodafone UK - Cairo/Giza,VOIS Egypt -,"Cairo, Egypt ","Call Center, Customer Service, Customer Care, Customer Support, English, Fluent in English, Vodafone, English Department, International Account Advisor",Hybrid,Full Time,Entry Level,Confidential,7 days ago
Customer Service Representative - Vodafone UK - Alexandria,VOIS Egypt -,"Alexandria, Egypt ","Customer Service, Customer Care, Customer Support, English, Call Center, Contact Center, fluent in English, Remote, University Graduates",Hybrid,Full Time,Entry Level,Confidential,7 days ago
Customer Service Representative - Vodafone UK & Ireland- Cairo,VOIS Egypt -,"Cairo, Egypt ","Customer Care, Customer Service, Customer Support, English, fluent in English, University Graduates, C1 English Level",Hybrid,Full Time,Entry Level,Confidential,7 days ago
Customer Service Representative - Vodafone UK - Cairo or Giza Residents,VOIS Egypt -,"Cairo, Egypt ","Communication, Customer Care, Customer Service, Customer Support, English",Hybrid,Full Time,Entry Level,Confidential,7 days ago
sales manager B2B,Moghazy Dream -,"Heliopolis, Cairo, Egypt ","B2B, Sales Target, Sales",On-site,Full Time,Manager,Confidential,7 days ago
Process Engineer – Foaming Technology,Haier Electric Egypt  -,"10th of Ramadan City, Sharqia, Egypt ","Engineering, Software Development, Analysis, Computer Science, Documentation, Information Technology (IT), Management, Six Sigma, Systems",On-site,Full Time,Experienced,Confidential,7 days ago
HR Manager,Moghazy Dream -,"Heliopolis, Cairo, Egypt ","HR, Human Resources (HR), Microsoft Office, Personnel, Recruitment",On-site,Full Time,Manager,Confidential,7 days ago
Senior HR Generalist,Egast -,"Abu Almatamir, Beheira, Egypt ","Human Resources (HR), HRIS, Microsoft Office",On-site,Full Time,Experienced,Confidential,7 days ago
Marketing Manager,Riyada -,"Maadi, Cairo, Egypt ","Google Analytics, Market Research, Marketing, Management, Digital Marketing, Communication, Planning",On-site,Full Time,Manager,Confidential,7 days ago
Hospital Contracts Manager,Mersal  -,"Maadi, Cairo, Egypt ","Contracting, Management, Contract Negotiation, Healthcare Marketing, Time Management, Legal compliance, Construction",On-site,Full Time,Manager,Confidential,7 days ago
Personnel & Payroll Specialist,Shiny White Dental Center  -,"Cairo, Egypt ","Human Resources, Human Resource Management (HRM), HR Policies, Payroll Administration, Payroll, Human Resource Management, Human Resource Information System, hr analyst, Oracle Human Resource Management System (HRMS)",On-site,Full Time,Experienced,Confidential,7 days ago
AI & Automation Developer (Python),Injaz Digital  -,"New Cairo, Cairo, Egypt ","AI, Automation, Computer Science, Information Technology (IT), Python, Software Development, Software Engineering, SQL",On-site,Full Time,Experienced,Confidential,7 days ago
Recruitment Specialist,Egast -,"Abu Almatamir, Beheira, Egypt ","Human Resources (HR), Recruitment",On-site,Full Time,Experienced,Confidential,7 days ago
Receptionist,Dorra Group -,"Sheikh Zayed, Giza, Egypt ","Front Office Management, Communication, Reception, Customer Service, Real Estate, Administration, Microsoft Office, Office management",On-site,Full Time,Entry Level,Confidential,7 days ago
System Administrator / IT Infrastructure Specialist,Confidential -,"Giza, Egypt ","Computer Science, Engineering, Information Technology (IT), System Administration",On-site,Full Time,Experienced,Confidential,7 days ago
Career Advising and Training Officer,Zewail City -,"6th of October, Giza, Egypt ","Business Administration, Training, Career Advising, Training Management",On-site,Full Time,Experienced,Confidential,7 days ago
Business Development Executive,Casita -,"Dokki, Giza, Egypt ","Business Development, Development, Sales Target, Sales, Negotiation, CRM Application, Problem Solving, Time Management, Relationship Management",Hybrid,Full Time,Experienced,Confidential,7 days ago
Cost Control Accountant,Blue Nile -,"Zamalek, Cairo, Egypt ","Accounting, Cost Control, Finance, Financial Analysis, Cost Analysis, Cost Accounting, Food & Beverage, Food Production",On-site,Full Time,Experienced,Confidential,7 days ago
Media Buyer,module streamline -,"6th of October, Giza, Egypt ","Meta Ads, Google Ads, LinkedIn, Tiktok, Facebook ads, Instagram, Social Media",On-site,Full Time,Experienced,Confidential,7 days ago
Maintenance & Projects manager,TechnoBit Group -,"Belbes, Sharqia, Egypt ","Project Management, Maintenance, Projects, SolidWorks, AutoCAD Design, Team Leadership, Budget Management, Vendor Management, Problem Solving",On-site,Full Time,Manager,Confidential,7 days ago
Business Development Coordinator,Selah ElTelmeez For Publishing & printing -,"Obour City, Cairo, Egypt ","Business Development, Development, Coordinator, sales skills, Sales, Communication, business, English",On-site,Full Time,Entry Level,Confidential,7 days ago
Senior Design Engineer - Infrastructure,Confidential -,"Sheraton, Cairo, Egypt ","Design, Engineering, Real Estate",On-site,Full Time,Experienced,Confidential,7 days ago
IT Supervisor,Hi-Tech Apparel -,"Ismailia, Egypt ","Computer Engineering, Computer Science, Engineering, Information Technology (IT)",On-site,Full Time,Manager,Confidential,7 days ago
Senior Cost Control Engineer - Civil,Confidential -,"New Cairo, Cairo, Egypt ","Cost Control, Project Cost Control, budgetting, forecasted cost, Management, MS Office, Communication, Computer Science, Cost Management",On-site,Full Time,Experienced,Confidential,7 days ago
Jerry Can Sales Manager,Nile Egypt Plastech Industries S.A.E  -,"Nozha, Cairo, Egypt ","Marketing, Sales Field, Business Development, Sales Planning, Relationship Building",On-site,Full Time,Manager,Confidential,7 days ago
NI Sales Engineer,Hauslift -,"Cairo, Egypt ","Technical Sales, Negotiation, Client Relationship Management, Communication, Proposal Writing, Technical Presentation",On-site,Full Time,Experienced,Confidential,7 days ago
Career and Alumni Relations Officer,Zewail City -,"6th of October, Giza, Egypt ","Career Management, Relational Databases, Data Tracking",On-site,Full Time,Experienced,Confidential,7 days ago
Planning Team Leader - Civil,Confidential -,"New Cairo, Cairo, Egypt ","Civil Engineering, Planning, Communication, Information Technology (IT), Management, MS Office, Leadership, Sales, Sales Target",On-site,Full Time,Manager,Confidential,7 days ago
Senior Frontend Developer: React & Magento 2 Frontend,Revton -,"Cairo, Egypt ","Magento 2, React, JavaScript, Typescript, HTML5, CSS3, Less, Sass",Remote,Full Time,Senior Management,Confidential,7 days ago
Data Analyst & Office Manager,Confidential -,"Mohandessin, Giza, Egypt ","Administration, Data Analysis, Data Entry, Microsoft Office, Management, Microsoft Excel, Analysis, Business Administration",On-site,Full Time,Experienced,Confidential,7 days ago
Business Developer,Confidential -,"Suez, Egypt ","Business Development, Sales, Digital Marketing, Public Relations, Business Analysis, Business Administration, Engineering",Hybrid,Part Time,Entry Level,Confidential,7 days ago
Senior BIM Architect,grfn   -,"Zamalek, Cairo, Egypt ","BIM, Design, Engineering, AutoCAD, Architecture",Hybrid,Full Time,Experienced,Confidential,7 days ago
sales development specialist,IT Pillars -,"Nasr City, Cairo, Egypt ","Marketing, Lead Generation",On-site,Full Time,Experienced,Confidential,7 days ago
Senior ((Packaging & Labeling Designer)),Decotam  -,"6th of October, Giza, Egypt ","Senior Packaging & Brand Designer, Adobe illustrator, Design, Adobe Photoshop, Packaging, Graphic Design, Information Technology (IT), Software Development",On-site,Full Time,Experienced,Confidential,7 days ago
CRM Executive,Mopars Garage -,"Cairo, Egypt ","CRM Software, Customer Service Excellence, Customer Care, Customer Support, Customer Relations Management, Customer Satisfaction, Quality Management Systems",On-site,Full Time,Experienced,Confidential,7 days ago
National Sales Manager,AUG Pharma -,"6th of October, Giza, Egypt ","Sales, Sales Target, Pharmacy, Pharmaceutical",On-site,Full Time,Manager,Confidential,7 days ago
HR Admin,34ML -,"Heliopolis, Cairo, Egypt ","Information Technology (IT), HR, Human Resources, Human Resources (HR), Business Administration, Human Resources Development, Human Capital Management (HCM)",Hybrid,Full Time,Entry Level,Confidential,7 days ago
Distribution Account Manager,DAF Holding  -,"Cairo, Egypt ","Distribution, Customer Service, Sales, Sales Target, Account Management",On-site,Full Time,Experienced,Confidential,7 days ago
Supply & Demand Planning Lead - Alexandria,WUZZUF -,"Cairo, Egypt ","supplychain, logestics, demand, planning",On-site,Full Time,Experienced,Confidential,7 days ago
Senior Sales account manger- ( Medical background),Nawah-Scientific -,"Mokattam, Cairo, Egypt ","Sales, Pharmaceutical, Pharmaceutical Industries, Business Development, Outdoor Sales, Indoor Sales, Medical Sales",On-site,Full Time,Experienced,Confidential,7 days ago
Digital Marketing Executive / Associate manager,Dabur -,"New Cairo, Cairo, Egypt ","SEO/SEM Optimization, Search Engine Marketing (SEM), Digital Marketing Strategy, Data Analysis, Web Analytics, Project Management, Campaign Management",On-site,Full Time,Experienced,Confidential,7 days ago
Executive Assistant,IGI-Group -,"Sheikh Zayed, Giza, Egypt ","Secretary, Administration, Office management, Management, Microsoft Office, MS Office, Time Management",On-site,Full Time,Experienced,Confidential,7 days ago
Marketing Specialist,TechnoBit Group -,"Sharabeya, Cairo, Egypt ","E-Marketing, Social Media, Marketing",On-site,Full Time,Entry Level,Confidential,7 days ago
Electrical Technical Office Engineer,Al Sharif Group Holding -,"Cairo, Egypt ","Engineering, Design, Electrical Engineering, AutoCAD, HV, MV",On-site,Full Time,Experienced,Confidential,7 days ago
"Sales Supervisor - ""Medical Background""",Nawah-Scientific -,"Mokattam, Cairo, Egypt ","Sales, Customer Service, Medical, Sales Target, Indoor Sales, Outdoor Sales, Sales Plan",On-site,Full Time,Experienced,Confidential,7 days ago
Procurement Team Lead (Medical background),Nawah-Scientific -,"Mokattam, Cairo, Egypt ","Procurement, Purchasing, Foreign Purchasing, International Purchasing, Purchasing Management, Procurements, Supply Chain",On-site,Full Time,Manager,Confidential,7 days ago
Customer Relation Officer,Gulf Data International  -,"Heliopolis, Cairo, Egypt ","Communication, Customer Care, CRM, Customer Service, Customer Support, Management, Relationship Management",On-site,Full Time,Experienced,Confidential,7 days ago
Cost Accountant Section Head,Concrete Plus -,"New Cairo, Cairo, Egypt ","Accounting, Cost Accounting, Odoo ERP, Construction, ERP, Finance, Financial Analysis, Microsoft Excel, Financial Management",On-site,Full Time,Senior Management,Confidential,7 days ago
Operations Manager,DIVAZ -,"Cairo, Egypt ","Operations Management, Project Management, Ecommerce, Notion, Vendor Management, Supply Chain, Client Relations, Commerce",Hybrid,Full Time,Manager,Confidential,7 days ago
Camera Operator,Fawry Plus -,"Smart Village, Giza, Egypt ","Detail Oriented, Surveillance Cameras",On-site,Full Time,Experienced,Confidential,7 days ago
Tendering Estimation Engineer,asquared -,"New Cairo, Cairo, Egypt ","Engineering, Construction, Civil Engineering, BOQ, Tendering, Communication, Electrical Engineering, Microsoft Excel, Project",On-site,Full Time,Experienced,Confidential,7 days ago
Machine Learning Engineer (Mid–Senior level),Confidential -,"New Cairo, Cairo, Egypt ","Computer Science, Engineering, Information Technology (IT), Mechanical Engineering, Machine Learning",Hybrid,Full Time,Experienced,Confidential,7 days ago
Medical Records Head,Confidential -,"Dokki, Giza, Egypt ","Medical, medical record",On-site,Full Time,Experienced,Confidential,7 days ago
IT Help Desk,Fawry Plus -,"Smart Village, Giza, Egypt ","Computer Science, Information Technology (IT)",On-site,Internship,Entry Level,Confidential,7 days ago
Store Keeper,El Helal Trading and Importing Co -,"New Cairo, Cairo, Egypt ","Warehousing, Logistics, Supply Chain, Inventory Management, Record Keeping, Organizational Skills, Attention to Detail",On-site,Full Time,Entry Level,Confidential,7 days ago
Graphic Designer,TechnoBit Group -,"Sharabeya, Cairo, Egypt ","Adobe illustrator, Design, Adobe Photoshop, Graphic Design",On-site,Full Time,Entry Level,Confidential,7 days ago
Senior FP&A,Haier Electric Egypt  -,"Sharqia, Egypt ","Accounting, Finance, ERP System, Costing, Information Technology (IT), Financial, Computer Science, Analysis, ERP",On-site,Full Time,Experienced,Confidential,7 days ago
Sales Trainer (Dakahlia),OPPO Egypt  -,"Dakahlia, Egypt ","Sales, Training, Communication, Customer Service, Leadership, Sales Field, Sales Target, Sales Plan",On-site,Full Time,Entry Level,Confidential,7 days ago
Senior HR Generalist,Kayan for Import -,"6th of October, Giza, Egypt ","Human Resources (HR), Microsoft Office, Recruitment, Personnel, Human Resources, Employee Relations",On-site,Full Time,Experienced,Confidential,7 days ago
Sales Engineer,Acrylicon Egypt for flooring -,"New Cairo, Cairo, Egypt ","Engineering, Sales, Technical Sales, Client Relationship Management, Project Management, Problem Solving, Communication Skills",On-site,Full Time,Experienced,Confidential,7 days ago
English Teacher,Sparks preschool -,"New Cairo, Cairo, Egypt ","Communication, English Teaching, learning, Native, Teaching, Skills, English, Educational, Education",On-site,Full Time,Experienced,Confidential,7 days ago
Purchasing Specialist,TRAVCO GROUP -,"Sheikh Zayed, Giza, Egypt ","Procurement, Purchasing, PO",On-site,Full Time,Experienced,Confidential,7 days ago
Senior Financial Planning & Budgeting Analyst,Anasia Egypt for Trading -,"Cairo, Egypt ","Budgeting, Financial Analysis, Forecasting, Accounting, Finance, Financial, Financial Management, Financial Planning, Microsoft Excel",On-site,Full Time,Experienced,Confidential,7 days ago
Administrative Assistant,الحطيب الهندي للاستثمار التجاري والصناعي -,"Downtown, Cairo, Egypt ","Administration, Office Management, Microsoft Office Suite, Communication Skills, Organizational Skills, Time Management, Problem-Solving, Data Entry, Scheduling",On-site,Full Time,Experienced,Confidential,7 days ago
Senior Logistics Specialist,TEPCO S.A.E. -,"Obour City, Cairo, Egypt ","Senior Logistics Specialist, Supply Chain, Freight Forwarding, Import & Export, Customs Clearance, Shipping Operations, SAP, Business Administration, Engineering, Export",On-site,Full Time,Experienced,Confidential,7 days ago
Production Manager,EVA Cosmetics   -,"6th of October, Giza, Egypt ","Management, Manufacturing, Production, Pharmaceutical Industries, Project Management Professional, Lean Six Sigma, Operations Management",On-site,Full Time,Senior Management,Confidential,7 days ago
Sr. Accountant,InnovaTech Group -,"Heliopolis, Cairo, Egypt ","Finance, Financial Accounting, ERP, Financial Reporting, Commerce, MS Office, Financial recordkeeping, Accounts payable and receivable, Problem-solving",On-site,Full Time,Experienced,Confidential,7 days ago
Executive Secretary,Gulf Data International  -,"Heliopolis, Cairo, Egypt ","Microsoft Office, Office management, Management, Customer Service, Communication, Administration, Organizational skills, Calendar Management",On-site,Full Time,Experienced,Confidential,7 days ago
Quality Manager (Management Systems),GOLD ERA   -,"Abbassia, Cairo, Egypt ","Quality Assurance, Quality Auditing, Quality Management, Quality Management System, Total Quality Management, ISO 9001, ISO 17025",On-site,Full Time,Experienced,Confidential,8 days ago
IT Manager,Confidential -,"Alexandria, Egypt ","Information Technology (IT), Computer Engineering, Computer Science, Project Management",On-site,Full Time,Senior Management,Confidential,8 days ago
Quality Supervisor,Jaffangroup -,"Obour City, Cairo, Egypt ","Quality Assurance, Quality Control, Food Safety Management System",On-site,Full Time,Experienced,Confidential,8 days ago
Warehouse Dispatch Coordinator,Beyti - an Almarai Subsidiary  -,"Noubaria, Beheira, Egypt ","Logistics, Supply Chain, Warehousing, dispatch",On-site,Full Time,Entry Level,Confidential,8 days ago
Wholesale Sales Executive,Jaffangroup -,"Obour City, Cairo, Egypt ","Sales, Sales Target, Wholesale, Microsoft Office 365, food industry, FMCG Sales",On-site,Full Time,Experienced,Confidential,8 days ago
Product Engineer,Alarabia Group -,"10th of Ramadan City, Sharqia, Egypt ","Engineering, Product, Computer Science, Information Technology (IT), Mechatronics, Mechanical, Production",On-site,Full Time,Entry Level,Confidential,8 days ago
Costing,Alexandria New Medical Center -,"Smouha, Alexandria, Egypt ","Cost Accounting, Finance, Accounting",On-site,Full Time,Manager,Confidential,8 days ago
Graphic Designer (Paid Internship),Aboul-Ezz for Industrial Development -,"Obour City, Cairo, Egypt ","Adobe illustrator, Adobe Photoshop, Design, Graphic Design",Hybrid,Internship,Student,Confidential,8 days ago
Digital Marketing Team Leader,Mersal  -,"Maadi, Cairo, Egypt ","Digital Marketing Strategy, Social Media Management, Team Leadership, SEO/SEM, Content Marketing, Campaign Management, Team management, NGOs",On-site,Full Time,Experienced,Confidential,8 days ago
Sales Engineer (Interior Finishing),Silk Road for Trading  -,"Badr City, Cairo, Egypt ","Engineering, Sales, Business Development",On-site,Full Time,Experienced,Confidential,8 days ago
Steel Structures Technical Office Manager,Protection -,"Sheikh Zayed, Giza, Egypt ","Steel Structure, Structure, Technical Office, Civil Engineering, Steel, Tekla, Construction",On-site,Full Time,Experienced,Confidential,8 days ago
Fashion Designer (Paid Internship),Aboul-Ezz for Industrial Development -,"Obour City, Cairo, Egypt ","Design, Fashion, Fashion Design, Fashion Accessories",On-site,Full Time,Student,Confidential,8 days ago
Design Manager – Landscape & Master Plan,Confidential -,"Cairo, Egypt ","Engineering, Design",On-site,Full Time,Manager,Confidential,8 days ago
Production Section Head - Sheet Metal,Badawy - BEECO -,"Cairo, Egypt ","Engineering, Mechanical Engineering, Production, Microsoft Office, Management, Operations Management, Process Improvement",On-site,Full Time,Manager,Confidential,8 days ago
Administrative Manager,El Mansour Development  -,"Mokattam, Cairo, Egypt ","Administration, Microsoft Office, Office management, Business Administration, Communication, Construction, Leadership, Management",On-site,Full Time,Manager,Confidential,8 days ago
Hotel Sales Manager,Confidential -,"Ras Sedr, South Sinai, Egypt ","Hotel Sales Management, Team Leadership, Strategic Planning, Negotiation, Client Relationship Management, Presentation Skills, Communication",On-site,Full Time,Senior Management,Confidential,8 days ago
Business Unit Manager,AUG Pharma -,"6th of October, Giza, Egypt ","Business Administration, Sales",On-site,Full Time,Manager,Confidential,8 days ago
Key Account Manager,Catalyst For Leather Products and Advertising  -,"Cairo, Egypt ","Sales, Customer Service, Account Management, B2B Sales, Communication, Management, B2B",On-site,Full Time,Experienced,Confidential,8 days ago
Outdoor Sales Representative,Rockal -,"Nasr City, Cairo, Egypt ","Outdoor Sales, Sales, Customer Service, Negotiation, Communication",On-site,Full Time,Entry Level,Confidential,8 days ago
Mechanical Engineer,Galal Paper  -,"Qalyub, Qalubia, Egypt ","Maintenance, Engineering, Mechanical Engineering, Management, Microsoft Office, Mechanical, Communication",On-site,Full Time,Experienced,Confidential,8 days ago
Data Analysis,Mani Group -,"Nasr City, Cairo, Egypt ","Analysis, Data Analysis, Computer Science, Financial, BI, Banking, Information Technology (IT), Power BI",On-site,Full Time,Experienced,Confidential,8 days ago
Learning & Development Specialist,MINISO LIFE -,"Nasr City, Cairo, Egypt ","Business Development, Human Resources Development",On-site,Full Time,Experienced,Confidential,8 days ago
Pavement Visual Inspection Engineer,Citylogix ME   -,"New Cairo, Cairo, Egypt ","Engineering Services, Roads, Transportation engineering, Engineering, QA, Highways",On-site,Full Time,Entry Level,Confidential,8 days ago
Senior Media Buyer,Dubai Misr -,"New Cairo, Cairo, Egypt ","Digital Marketing, Social Media, Marketing, Media Buying, Campaign Optimization, Performance Marketing, Data Analysis, Google Ads",On-site,Full Time,Experienced,Confidential,8 days ago
Mid-level Android Developer,Expert Apps -,"Maadi, Cairo, Egypt ","Android, back-end, APIs, computer, Computer Science, Information Technology (IT), Offline storage, RESTful",Hybrid,Full Time,Experienced,Confidential,8 days ago
Interior Designer,Creative structures for construction & project management -,"Maadi, Cairo, Egypt ","3dmax, Sketchup, Architecture, AutoCAD, Design, Interior Design, V-ray, Communication, 3ds Max",On-site,Full Time,Entry Level,Confidential,8 days ago
Deputy Head of Electrical Department,Galal Paper  -,"Qalyub, Qalubia, Egypt ","Electrical Engineering, Mechanical Engineering, Engineering, Electrical Design",On-site,Full Time,Senior Management,Confidential,8 days ago
Senior Graphic Designer,Dubai Misr -,"New Cairo, Cairo, Egypt ","Design, Graphic Design, Adobe Photoshop, Adobe Illustrator, Adobe InDesign, Branding, Typography, Layout Design, Visual Communication",On-site,Full Time,Experienced,Confidential,8 days ago
Medical Representative - Nasr City,Macro Group -,"Nasr City, Cairo, Egypt ","Pharmacy, Chemistry, Medical, Pharma, Sales, Science, Communication, Communication skills",On-site,Full Time,Entry Level,Confidential,8 days ago
Medical Representative - New Cairo,Macro Group -,"Nasr City, Cairo, Egypt ","Pharmacy, Chemistry, Medical, Pharma, Sales, Science, Communication, Communication skills",On-site,Full Time,Entry Level,Confidential,8 days ago
Senior Mechanical Technical Office Engineer,ecoSAS International -,"Heliopolis, Cairo, Egypt ","AutoCAD, Engineering, Mechanical Engineering, Mechanical, Technical Office, Microsoft Office, Communication, Construction",On-site,Full Time,Experienced,Confidential,8 days ago
Experienced Electrical Engineer,Galal Paper  -,"Qalyub, Qalubia, Egypt ","Electrical Engineering, Automation Control, Control Systems, Electrical Systems, Electrical Control",On-site,Full Time,Experienced,Confidential,8 days ago
Senior Site Engineer,Wander developments -,"Cairo, Egypt ","AutoCAD, Construction Engineering, Budget Management, Software Development, Architecture, Communication, Computer Science, Engineering, Information Technology (IT)",On-site,Full Time,Experienced,Confidential,8 days ago
Technical Office Manager,Pins and Corners -,"Sheikh Zayed, Giza, Egypt ","Technical Office, Shop Drawings, AutoCAD, Revit, Administration, Civil Engineering, Communication, Construction, Engineering",On-site,Full Time,Manager,Confidential,8 days ago
MEP Manager,Qubix -,"Sheikh Zayed, Giza, Egypt ","AutoCAD, Electrical, Construction, Electrical Engineering, Mechanical, Mechanical Engineering, Project Management",Hybrid,Full Time,Manager,Confidential,8 days ago
Head of Leasing,WUZZUF -,"Cairo, Egypt ","Leasing, Leasing Manager, Retail Leasing, Retail Expansion, Commercial Leasing, Expansion, Real Estate Development, Site Selection, Site Acquisition",On-site,Full Time,Manager,Confidential,8 days ago
Duty Manager,Smart Tower -,"Mohandessin, Giza, Egypt ","Administration, Management, Customer Service, Health and Safety, Hospitality, Microsoft Office, Safety",On-site,Full Time,Manager,Confidential,8 days ago
Human Resources (HR) Generalist,Contra PMC -,"Cairo, Egypt ","HR, Human Resources, Human Resources (HR), Personnel, Recruitment, HR Systems, Leadership, Microsoft Office",On-site,Full Time,Experienced,Confidential,8 days ago
Senior Customer Service,Dubai Misr -,"New Cairo, Cairo, Egypt ","Customer Service, Customer Support, Customer Care, Conflict Resolution, Communication Skills, Problem Solving, Empathy, Active Listening, CRM Software",On-site,Full Time,Experienced,Confidential,8 days ago
Finishing works Site Engineer,Contra PMC -,"Cairo, Egypt ","Construction Engineering, Site Engineering, Construction management, Site supervision, Technical drawing interpretation, Project coordination, Quality assurance, Problem-solving, Communication",On-site,Full Time,Experienced,Confidential,8 days ago
Receptionist,All smiles -,"New Cairo, Cairo, Egypt ","Communication, Administration, English, Front desk, Management, Microsoft Office, Office management, Customer Service",On-site,Full Time,Entry Level,Confidential,8 days ago
Site Engineer,Wander developments -,"Cairo, Egypt ","Construction, Civil Engineering, AutoCAD, Communication, Engineering, Architecture, Site Work",On-site,Full Time,Experienced,Confidential,8 days ago
Electrical Site Engineer,Qubix -,"Sheikh Zayed, Giza, Egypt ","Electrical Engineering, Technical drawing interpretation, Quality assurance, Problem-solving, Project coordination, Mechanical, Electrical, and Plumbing (MEP), Electrical Design",On-site,Full Time,Experienced,Confidential,8 days ago
Electrical Engineer,Galal Paper  -,"Qalyub, Qalubia, Egypt ","Electrical Engineering, Control Systems, Preventive Maintenance, Industrial Electrical Systems, Electrical Maintenance, Engineering",On-site,Full Time,Entry Level,Confidential,8 days ago
Inbound Telesales Representative - American Account,RISEUP (Endemag for Administrative Skills Development) -,"Sheraton, Cairo, Egypt ","Customer Care, Customer Support, Sales, Customer Service, Telesales",On-site,Full Time,Entry Level,Confidential,8 days ago
Robotics & Programming Instructor - Kids,Future Technology -,"Maadi, Cairo, Egypt ","Programming, Robotics, Teaching, Development, Computer Science, Embedded Systems, Arduino, HTML",On-site,Full Time,Entry Level,Confidential,8 days ago
IBM Maximo Administraor,Royaki -,"Cairo, Egypt ","IBM Maximo, Information Technology (IT), Maximo, Engineering, SQL, DB2, Computer Science",Remote,Full Time,Experienced,Confidential,8 days ago
Administrative Assistant.,Target Engineering -,"Cairo, Egypt ","Administration, Microsoft Office, Office management, Organizational Skills, Communication, Time Management, Problem-solving, Record Keeping, Vendor Management",On-site,Full Time,Experienced,Confidential,8 days ago
General Ledger Accountant,Sinmar Soft   -,"New Nozha, Cairo, Egypt ","Accounting, Finance, Financial",On-site,Full Time,Experienced,Confidential,8 days ago
ERP Technical Support,Sinmar Soft   -,"New Nozha, Cairo, Egypt ","Information technology, Technical Support, Customer Service",On-site,Full Time,Experienced,Confidential,8 days ago
Logistics & Customs Clearance Specialist,voestalpine Turnout Technology Egypt S.A.E. -,"Abbassia, Cairo, Egypt ","ERP, Documentation, Logistics, Shipment, Supply Chain, clearance, freight, Shipping, MS Office",On-site,Full Time,Experienced,Confidential,8 days ago
Auto Parts Tele Sales Representative,ElEzaby Automotive  -,"6th of October, Giza, Egypt ","Customer Service, Sales, Sales Target, Communication Skills, Active Listening, Product Knowledge, Problem Solving, CRM Software",On-site,Full Time,Entry Level,Confidential,8 days ago
Procurement Specialist,Confidential -,"Heliopolis, Cairo, Egypt ","Logistics, Procurement, Purchasing, Supply Chain, Negotiation, Administration, Business Administration",On-site,Full Time,Entry Level,Confidential,8 days ago
Auto Parts Sales Representative,ElEzaby Automotive  -,"6th of October, Giza, Egypt ","Product, Sales, Sales Target, Spare Parts, Customer Relationship Management, Negotiation, Product Knowledge, Inventory Management, Communication",Hybrid,Full Time,Experienced,Confidential,8 days ago
Chief Financial Officer (CFO),Confidential -,"Heliopolis, Cairo, Egypt ","Accounting, Finance, Financial Analysis, Financial Management, Financial",On-site,Full Time,Senior Management,Confidential,8 days ago
Electrical Design Engineer,Confidential -,"Sheraton, Cairo, Egypt ","Electrical Design, Design, Electrical Engineering, Engineering, AutoCAD, Information Technology (IT), MEP, Projects",On-site,Full Time,Manager,Confidential,8 days ago
Demand Planner Senior Specialist,Tank -,"New Nozha, Cairo, Egypt ","Demand Planning, Sales Planning, Analysis, Data Analysis, Data Analytics, repoting, collaboration, Forecasting",On-site,Full Time,Experienced,Confidential,8 days ago
Technical Procurement Specialist,Confidential -,"Heliopolis, Cairo, Egypt ","Logistics, Procurement, Purchasing, Supply Chain, Negotiation, Administration, Business Administration",On-site,Full Time,Entry Level,Confidential,8 days ago
Customer Assistant,Sotaico -,"Cairo, Egypt ","Customer Care, Customer Support, Customer Service",On-site,Full Time,Experienced,Confidential,8 days ago
Business Developer,Enterprise Holding -,"Sheraton, Cairo, Egypt ","Business Development, Sales Target, Upselling, Sales, Target Driven, Sales pipeline and follow-up management, Market research and identifying business opportunities, Fluent in English",On-site,Full Time,Entry Level,Confidential,8 days ago
Sector Sales Manager,ElectraTec for Electric Industries  -,"Cairo, Egypt ","Sales, Sales Target, Business Development",On-site,Full Time,Manager,Confidential,8 days ago
Telesales Executive,Qawafil For Real Estate Investment -,"New Cairo, Cairo, Egypt ","Telesales, Sales",On-site,Full Time,Experienced,Confidential,8 days ago
Social Media Specialist,Confidential -,"Badr City, Cairo, Egypt ","E-Marketing, Marketing, Social Media, Graphic Design, Communication, Management",On-site,Full Time,Entry Level,Confidential,8 days ago
Production Engineer,BariQ -,"6th of October, Giza, Egypt ","Mechanical, Manufacturing Engineering, Mechanical Engineering, Production, Manufacturing, Engineering, Communication",On-site,Full Time,Entry Level,Confidential,8 days ago
Graphic Designer / Illustrator,Aboul-Ezz for Industrial Development -,"Obour City, Cairo, Egypt ","Adobe illustrator, Adobe Photoshop, Graphic Design, illustrator, applied arts",On-site,Full Time,Experienced,Confidential,8 days ago
Medical Sales Representative - Mansoura,Orthomedics -,"Mansoura, Dakahlia, Egypt ","Medical, Medical Sales, Sales Target, Outdoor Sales, Medical Devices Sales, Veterinary Medicine, Medicine",On-site,Full Time,Entry Level,Confidential,8 days ago
Medical Purchasing Specialist,Misr International Hospital -,"Dokki, Giza, Egypt ","Logistics, Medical, Purchasing, Supply Chain, Procurement",On-site,Full Time,Experienced,Confidential,8 days ago
Senior Electrical Installations Engineer,Confidential -,"Cairo, Egypt ","Power Station, Cable Laying, Switchgear, Electrical Equipment, Electrical Power, Electrical Installation, Electrical Installations",On-site,Full Time,Experienced,Confidential,8 days ago
Senior I&C Systems Installations Engineer,Confidential -,"Cairo, Egypt ","Control Systems, Cable Laying, Telecommunication Systems, Fire and gas Systems, Communication Engineering, Mechatronics Engineering, Communication",On-site,Full Time,Experienced,Confidential,8 days ago
Technical Office Engineer (MEP + Architectural Awareness),ArtWave Engineering -,"Sheikh Zayed, Giza, Egypt ","Engineering, Information Technology (IT), Microsoft Office, Technical Office, Computer Science, AutoCAD, BOQ, Management",On-site,Full Time,Experienced,Confidential,8 days ago
Electrical Engineer,Evergrow for Speciality Fertilizers -,"Alsadat City, Monufya, Egypt ","Electrical Engineering, Engineering, Electrical Design, Mechanical, Electrical, and Plumbing (MEP), Mechanical, Electrical, and Plumbing, Automation, Communication, Mechanical Engineering, Machines",On-site,Full Time,Experienced,Confidential,8 days ago
English Language Instructor - Nasr City/ Rehab,Berlitz Egypt -,"Nasr City, Cairo, Egypt ","English Language, Languages, Linguistics, Translation, Training, Teaching, Instructor, Education",On-site,Part Time,Entry Level,Confidential,8 days ago
HR Officer,Dabur -,"10th of Ramadan City, Cairo, Egypt ","HR, hr officer, Human Resources (HR), HRMS, Management, Personnel, Administration, Business Administration",On-site,Full Time,Experienced,Confidential,8 days ago
Senior Payroll,Musandah FM  -,"Cairo, Egypt ","Payroll Management, Human Resources (HR), Microsoft Office, Personnel Management, Accounting Software, Financial Reporting, Compliance",On-site,Full Time,Senior Management,Confidential,8 days ago
AI Lead,Efada Technology -,"New Cairo, Cairo, Egypt ","Data management, ETL processes, Data privacy and compliance, Data analysis, Cloud data platforms, Stakeholder communication, LLM",On-site,Full Time,Manager,Confidential,8 days ago
Sales Supervisor,saudi company for manufacture of pipes &fitting -,"6th of October, Giza, Egypt ","Pipe Fitting, Salea Pips, UPVC PiPES, PE pipes, Sales, UPVC, PVC, PPR, PE",On-site,Full Time,Experienced,Confidential,8 days ago
Fleet Coordinator Rajab Al-Attar,Ragab Al Attar  -,"Obour City, Cairo, Egypt ","fleet coordinator, Fleet Maintenance, Fleet Management",On-site,Full Time,Entry Level,Confidential,8 days ago
Social Media Specialist,Tulipe -,"Giza, Egypt ","Social Media, Marketing, Communication, Digital Marketing, Emarketing, Management",On-site,Full Time,Entry Level,Confidential,8 days ago
Executive Pastry Chef,IRTH HOUSE -,"New Cairo, Cairo, Egypt ","Pastry, Hospitality, Leadership, Management, Food quality, Production, Food Production",On-site,Full Time,Experienced,Confidential,8 days ago
Human Resource Advisor,E-SICO -,"Assiut, Egypt ","Employee Relations, Human Resources (HR), Microsoft Office, Recruitment",On-site,Full Time,Experienced,Confidential,8 days ago
Legal Manager,Confidential -,"New Cairo, Cairo, Egypt ","Communication, Construction, Contract, Law, lawyer, Legal, Corporate Law, Arbitration",On-site,Full Time,Manager,Confidential,8 days ago
Senior Procurement Engineer,ICON Holding -,"Helwan, Cairo, Egypt ","Procurement, Engineering, Analysis, Computer Science, ERP, Information Technology (IT), Management, Microsoft Office",On-site,Full Time,Experienced,Confidential,8 days ago
Senior Networking Engineer,Talaat Moustafa Group -,"New Cairo, Cairo, Egypt ","Computer Science, Engineering, Information Technology (IT), Networking, CCNA, CCNP, R&S, VoIP",On-site,Full Time,Experienced,Confidential,8 days ago
Solutions Architect – e-Invoicing Integrations,Intelleti LLC -,"Cairo, Egypt ","Solution Architecture, e-invoice, ERP Integration, API Design, Requirements Analysis, Information Technology (IT), SQL, Architecture, Computer Engineering",Remote,Full Time,Experienced,Confidential,8 days ago
"Administrative Assistant ""Operations""",Smart EGAT -,"Haram, Giza, Egypt ","Administration, Office Operations, Document Control, Social Media",On-site,Full Time,Experienced,Confidential,8 days ago
Factory Manager,Aldawlia For Plastic Materials -,"Belbes, Sharqia, Egypt ","Engineering, Management, Manufacturing, Production, Quality Control, Quality Assurance, Quality Auditing",On-site,Full Time,Senior Management,Confidential,9 days ago
Sales Account Manager (WUZZUF),BasharSoft -,"Maadi, Cairo, Egypt ","Sales Target, Sales, Customer Service, Account Management, Business Administration, Business Development, Customer Support, Management",Hybrid,Full Time,Entry Level,Confidential,9 days ago
HR Coordinator,Turath Real Estate  -,"Obour City, Cairo, Egypt ","Human Resources (HR), Microsoft Office, Personnel Management, Recruitment, Onboarding, Employee Relations, HR Policies, Administrative Support, Communication",On-site,Full Time,Entry Level,Confidential,9 days ago
Senior Structural Designer,Abu Gemeaa -,"Cairo, Egypt ","Revit Structure Software, AutoCAD, Bim360, Navisworks, Microsoft Excel, Tekla Structure, bluebeam revu, Autodesk",On-site,Full Time,Experienced,Confidential,9 days ago
Desktop Application Developer ( . net ),Premium Card -,"Giza, Giza, Egypt ","Information Technology (IT), Desktop Applications",On-site,Full Time,Entry Level,Confidential,9 days ago
Marketing Manager,Shabana Group  -,"Nasr City, Cairo, Egypt ","Market Research, Marketing, Social Media, Design, Google Analytics, Management, Sales, SEO",On-site,Full Time,Manager,Confidential,9 days ago
Instrumentation / Automation Service Engineer,Soulintec  -,"Alexandria, Egypt ","PLC, Siemens, SCADA, Software, Computer Skills, Engineering, Information Technology (IT), instrumentation",On-site,Full Time,Experienced,Confidential,9 days ago
Electrical Site Engineer,Soulintec  -,"Alexandria, Egypt ","Electrical Engineering, Site Supervision, Project Management, Instrumentation and Control, Technical Documentation, HSE Compliance, Problem Solving, Team Collaboration, AutoCAD",On-site,Full Time,Experienced,Confidential,9 days ago
CFO (Manufacturing Experience),Orchidia Pharmaceutical Industries -,"Obour City, Cairo, Egypt ","Finance, Financial Analysis, Financial Management, Manufacturing, Accounting, Cost Accounting, Cost Management",On-site,Full Time,Senior Management,Confidential,9 days ago
Data Governance Engineer,Etisalat Egypt -,"Mohandessin, Giza, Egypt ","Computer Engineering, Computer Science, Engineering, Information Technology (IT), Data Governance (DG), Data Governance, Data modelling",On-site,Full Time,Experienced,Confidential,9 days ago
Treasury Manager,Orchidia Pharmaceutical Industries -,"Obour City, Cairo, Egypt ","Treasury, Finance, Accounting, Financial Analysis, CTP",On-site,Full Time,Manager,Confidential,9 days ago
Talent Acquisition Specialist,AM Group -,"Giza, Egypt ","Interviewing, Recruitment, Talent acquisition, Administration, Business Administration, Communication, Hiring, Human Resources, Human Resources (HR)",On-site,Full Time,Experienced,Confidential,9 days ago
Mid Level Graphic Designer,Catalyst For Leather Products and Advertising  -,"Cairo, Egypt ","Creative, Work of Art, Design, Computer Science, Information Technology (IT), .Net",On-site,Full Time,Entry Level,Confidential,9 days ago
Shipping Specialist,MCV - Obour -,"Obour City, Cairo, Egypt ","Logistics, Shipping, Supply Chain, Business Administration, Export, Microsoft Office, Purchasing, ERP",On-site,Full Time,Entry Level,Confidential,9 days ago
Account Manager,Confidential -,"Sheraton, Cairo, Egypt ","Customer Service, Customer Support, Customer Relations, Business Administration, CRM, Account Management, Marketing, Microsoft Office, Sales",On-site,Full Time,Experienced,Confidential,9 days ago
Chief Financial Officer,Confidential -,"Cairo, Egypt ","Accounting, Finance, Financial Analysis, Financial Management, Financial, CMA, MBA",On-site,Full Time,Senior Management,Confidential,9 days ago
Office Manager,Cred Developments -,"New Cairo, Cairo, Egypt ","Administration, Office management, HR, Maintenance, Management, Microsoft Office, Procurement",On-site,Full Time,Manager,Confidential,9 days ago
Central Control Unit Operator,Wadi Group -,"Sheikh Zayed, Giza, Egypt ","Computer Science, Information Technology (IT), Software Engineering, Unit Testing, System Monitoring, Problem Solving, Troubleshooting, Command Line Interface (CLI), Networking Fundamentals",On-site,Full Time,Experienced,Confidential,9 days ago
Logistics Manager,Confidential -,"Cairo, Egypt ","Logistics, Supply Chain, Administration, Business Administration, Engineering, Management, Planning, Purchasing, Supply",On-site,Full Time,Manager,Confidential,9 days ago
Operations Manager,Confidential -,"khanka, Qalubia, Egypt ","Management, Production, Product Management, Production Engineering, Production Process, Operations Management, manager",On-site,Full Time,Manager,Confidential,9 days ago
Mechatronics Engineer R&D,BEDO Company  -,"6th of October, Giza, Egypt ","Mechatronics, R&D, Engineering",On-site,Full Time,Experienced,Confidential,9 days ago
"Senior Civil Draughtsman ""DraftsMan""",Abu Gemeaa -,"New Cairo, Cairo, Egypt ","AutoCAD 3D, Civil Engineering, AutoCAD 2D, Drafting, cross section, Infrastructure Engineering, Detailing, clash detection, Shop Drawings",On-site,Full Time,Experienced,Confidential,9 days ago
Senior Technical Office Engineer – Architecture,Better Home -,"New Capital, Cairo, Egypt ","Architecture, AutoCAD, Technical Office, Engineering, Microsoft Office",On-site,Full Time,Experienced,Confidential,9 days ago
Junior Tender Engineer,Delta Egypt For Lighting  -,"Obour City, Cairo, Egypt ","Tender Preparation, Tendering, Electrical Engineering, Technical Analysis, Engineering, Engineering Services",On-site,Full Time,Entry Level,Confidential,9 days ago
Agricultural Engineer,Magico group  -,"Obour City, Cairo, Egypt ","Agricultural Engineering, R&D, Technical Support, Sales Engineering, Export Sales, Sales Coordination, Agriculture, Engineering, Fertilizers",On-site,Full Time,Experienced,Confidential,9 days ago
Personnel and Payroll Specialist,Arcelormittal Egypt -,"Badr City, Cairo, Egypt ","Human Resources (HR), Personnel Management, Microsoft Office Suite, Recruitment, Onboarding, Employee Relations, Payroll Administration, HR Policies",On-site,Full Time,Experienced,Confidential,9 days ago
Unit Distribution Manager (Giza),Arma-HSA -,"Giza, Egypt ","Identifying and evaluating opportunities, Problem-solving, commitment, Sales, Sales Field, Sales Target, Sales Planning, Sales Management",On-site,Full Time,Manager,Confidential,9 days ago
Product Designer (AutoCAD & SolidWorks),Alpha -,"New Cairo, Cairo, Egypt ","AutoCAD, SolidWorks, Design, Product Design",On-site,Full Time,Entry Level,Confidential,9 days ago
Personnel Specialist,Zeta Pharma -,"Cairo, Egypt ","Personnel Affairs, Personnel Management, Personnel Administration, Human Resources (HR), Personnel, Microsoft Office",On-site,Full Time,Entry Level,Confidential,9 days ago
Sr. Cloud & VMware Engineer,Roaya -,"Maadi, Cairo, Egypt ","Cloud, Computer Science, Information Technology (IT), Engineering, Vmware",On-site,Full Time,Experienced,Confidential,9 days ago
Administrative Security Officer (Retired Armed Forces or Police Officer),Tahya Masr Holding -,"Cairo, Egypt ","Administration, Police, Security",On-site,Full Time,Experienced,Confidential,9 days ago
Accounting Manager,Turath Real Estate  -,"Obour City, Cairo, Egypt ","Accounting, Finance, Financial Analysis, Financial Management, GAAP, IFRS, Budgeting, Forecasting",On-site,Full Time,Manager,Confidential,9 days ago
Junior Civil QS Engineer,New Plan  -,"New Capital, Cairo, Egypt ","Civil Engineering, Quantity Surveying, AutoCAD, Construction, Engineering, Architecture, Surveying",On-site,Full Time,Entry Level,Confidential,9 days ago
Sales,IBS -,"Nasr City, Cairo, Egypt ","Sales, Sales Target, Customer Relationship Management (CRM), Negotiation, Communication, Lead Generation, Presentation Skills, Client Acquisition, Account Management",On-site,Full Time,Experienced,Confidential,9 days ago
Receptionist,El Mansour Development  -,"Mokattam, Cairo, Egypt ","Administration, Office management, Microsoft Office, Customer Service, Customer Support, Customer Care",On-site,Full Time,Entry Level,Confidential,9 days ago
Tinting Machine Maintenance Supervisor,Jazeera Paints -,"Dakahlia, Egypt ","Color Matching, Maintenance, Manufacturing, Troubleshooting, Mechanical Engineering, Electrical Systems, Preventive Maintenance",On-site,Full Time,Entry Level,Confidential,9 days ago
Technical Office & Pre sales Engineer,LSE   -,"Nasr City, Cairo, Egypt ","Engineering, Microsoft Office, Sales, Technical Office",On-site,Full Time,Experienced,Confidential,9 days ago
Production Engineer,New Marina Plast    -,"Bourj Alarab, Alexandria, Egypt ","Engineering, Manufacturing, Mechanical Engineering, Production, Process Optimization, Quality Control, Problem Solving, Lean Manufacturing",On-site,Full Time,Experienced,Confidential,9 days ago
Planning Engineer,Confidential -,"Cairo, Egypt ","Civil Engineering, Engineering, Planning, Project Management, Communication, Primavera, Primavera P6, Project",On-site,Full Time,Experienced,Confidential,9 days ago
Mechanical Engineer,New Marina Plast    -,"Bourj Alarab, Alexandria, Egypt ","Mechanical Engineering, Engineering, Maintenance, Troubleshooting, Preventive Maintenance, Technical Drawing, Manufacturing Processes, Problem Solving, Project Management",On-site,Full Time,Experienced,Confidential,9 days ago
Industrial Fabrication Communication and Outreach Lab Engineer,British University of Egypt -,"Cairo, Egypt ","Rapid Prototyping & Manufacturing, Equipment Lifecycle Management, Applied Engineering, AutoCAD, canva, Adobe Premiere, Marketing & Communications",On-site,Full Time,Entry Level,Confidential,9 days ago
Audit Accountant,El Mansour Development  -,"Mokattam, Cairo, Egypt ","Accounting, Auditing, Finance, Financial Analysis, Construction, Financial, Financial Reporting, Internal Controls, Real Estate",On-site,Full Time,Experienced,Confidential,9 days ago
CRM & Marketing Automation Specialist (GoHighLevel),Confidential -,"Cairo, Egypt ","Automation, CRM, E-Marketing, Marketing, Marketing Automation, Social Media, GoHighLevel (GHL) CRM Implementation & Configuration",Remote,Freelance / Project,Experienced,Confidential,9 days ago
HR Administrator,Confidential -,"Cairo, Egypt ","Human Resources, Administration, Recruitment, Employee Relations, Onboarding, HRIS Management, HR Compliance, Payroll Administration",On-site,Full Time,Experienced,Confidential,9 days ago
Stock Controller,El Mansour Development  -,"Mokattam, Cairo, Egypt ","Accounting, Stock, Logistics, Stock Control, Supply Chain, Business Administration, Administration, Inventory Control",On-site,Full Time,Experienced,Confidential,9 days ago
Accountant,Egyptian Engineering Company -,"6th of October, Giza, Egypt ","Time Management, Accounting, ERP System, Microsoft Excel, Financial Accounting, MS Office",On-site,Full Time,Experienced,Confidential,9 days ago
Mechanical Power Engineer,BEDO Company  -,"6th of October, Giza, Egypt ","Engineering, Mechanical Engineering, Manufacturing, Electrical Engineering, Leadership, Maintenance, Management, Mechanical, Project",On-site,Full Time,Experienced,Confidential,9 days ago
Data Protection Officer(DPO),MEAHCO - Saudi German Health -,"Katameya, Cairo, Egypt ","Cybersecurity, data protection",On-site,Full Time,Experienced,Confidential,9 days ago
Tele Sales Representative (Male Only),Confidential -,"Maadi, Cairo, Egypt ","Sales, Customer Service, Sales Target, Call Center",On-site,Full Time,Entry Level,Confidential,9 days ago
Technical Office Electrical Engineer,SHERIF EL-GOHARY & CO. -,"Mohandessin, Giza, Egypt ","Electrical Engineering, Construction, Microsoft Office, Technical Office, Shop Drawings, Engineering, AutoCAD",On-site,Full Time,Experienced,Confidential,9 days ago
Full Stack Web Developer,GCSSD -,"Heliopolis, Cairo, Egypt ","Computer Science, Software Engineering, Information Systems, .NET, Software Development, Web Development, WCF, C#, Microsoft SQL Server",On-site,Full Time,Entry Level,Confidential,9 days ago
Video Editor,Foto Tech -,"Mounib, Giza, Egypt ","Adobe Photoshop, Adobe Premiere, Video Editing, Aftereffect, Premiere, Creative, Storytelling",On-site,Full Time,Experienced,Confidential,9 days ago
Network Specialist,GLC Paints -,"Obour City, Cairo, Egypt ","Computer Science, Information Technology (IT), Network, Networking",On-site,Full Time,Experienced,Confidential,9 days ago
Senior Site Engineer (Architect),NO5 Construction -,"Sheikh Zayed, Giza, Egypt ","Construction, Interior Finishing, Quality Control, Project Management, Site Supervision, Architecture",On-site,Full Time,Experienced,Confidential,9 days ago
Internal Auditor,MY WAY -,"Obour City, Cairo, Egypt ","Analytical and detail-oriented, • Strong communication skills, • High integrity and confidentiality, • Ability to work independently, Strong follow-up and problem-solving skills",On-site,Full Time,Experienced,Confidential,9 days ago
Operations Manager,Confidential -,"Sharqia, Egypt ","Management, Microsoft Office",On-site,Full Time,Manager,Confidential,9 days ago
Accountant,Al Ahly Medical Company -,"Giza, Giza, Egypt ","Accounting, Finance, Financial Reporting, Bookkeeping, Data Entry, Microsoft Excel, Attention to Detail, Problem-Solving, Communication",On-site,Full Time,Entry Level,Confidential,9 days ago
Accounts Payable Supervisor,Flex Asepto -,"6th of October, Giza, Egypt ","Accounts Payable, Accounting, Finance, Payments, Export, Import / Export, Bank Reconciliation, Banking, Financial Reporting",On-site,Full Time,Manager,Confidential,9 days ago
Electrical Design Engineer (MEP),Confidential -,"Heliopolis, Cairo, Egypt ","AutoCAD, Design, Electrical Engineering, MEP Design, Electrical Design",On-site,Full Time,Entry Level,Confidential,9 days ago
Mechanical Design Engineer (HVAC),Confidential -,"Heliopolis, Cairo, Egypt ","AutoCAD, Mechanical Engineering, Design, HVAC, MEP, MEP Design",On-site,Full Time,Entry Level,Confidential,9 days ago
Senior Graphic Designer,Top Chef  -,"Obour City, Cairo, Egypt ","Adobe Illustrator, Adobe Photoshop, Graphic Design, 3D Photo Manipulation, E-commerce Banner Design, Social Media Campaign Design, Brand Identity Development, Printing Production Management, Packaging Design",On-site,Full Time,Senior Management,Confidential,9 days ago
Warehouse Manager,Royal Herbs  -,"Alsadat City, Monufya, Egypt ","Logistics, Warehousing, Supply Chain, Administration, Business Administration, Management, ERP",On-site,Full Time,Manager,Confidential,9 days ago
Jira Administrator,TECHNOSAT -,"Cairo, Egypt ","JIRA, Information Technology (IT), Jira Service Management (JSM), Confluence, Jira Data Center, ScriptRunner, JMWE, EazyBI, ACP-120",Hybrid,Full Time,Experienced,Confidential,9 days ago
Project Manager,Confidential -,"Sheraton, Cairo, Egypt ","Project Management, Projects, Information Technology (IT)",On-site,Full Time,Experienced,Confidential,9 days ago
Business Intelligence Analyst,Arma-HSA -,"New Cairo, Cairo, Egypt ","Analysis, Business Analysis, Business Intelligence, Administration, BI, Business Administration, Computer Science, Information Technology (IT), Power BI",On-site,Full Time,Entry Level,Confidential,9 days ago
Business Development Executive,kremastos -,"Cairo, Egypt ","Business Development, Sales, Account Management, Communication, Construction, B2B, B2B Sales, Microsoft Office",On-site,Full Time,Entry Level,Confidential,9 days ago
Procurement Specialist – Packaging Materials,Confidential -,"Bourj Alarab, Alexandria, Egypt ","Packaging, Procurement, Purchasing, Supply Chain",On-site,Full Time,Experienced,Confidential,9 days ago
Facilities Supervisor,EUREKA Solar Energy -,"10th of Ramadan City, Sharqia, Egypt ","Administration, Engineering, Management, Facility Maintenance, Operations Management, Project Management, Vendor Management",On-site,Full Time,Experienced,Confidential,9 days ago
Site Engineer,Confidential -,"New Cairo, Cairo, Egypt ","Construction, Engineering, AutoCAD",On-site,Full Time,Experienced,Confidential,9 days ago
Electrical Engineer,Cleopatra Developments -,"Sheikh Zayed, Giza, Egypt ","Electrical Engineering, Engineering, Construction Management, Project Management, AutoCAD Electrical, ETAP, Power Systems, Low Voltage Systems",On-site,Full Time,Experienced,Confidential,9 days ago
Content Creator Specialist (Real Estate),Valero Development -,"Obour City, Cairo, Egypt ","Content Creation, Creative Ideas, Social Media, Real Estate, Marketing",On-site,Full Time,Experienced,Confidential,9 days ago
Oracle Functional SCM Executive (EBS),EVA Cosmetics   -,"6th of October, Giza, Egypt ","Oracle EBS R12, Oracle Supply Chain Management (SCM), Purchasing, Inventory Management, EBS, Oracle Consultant, Supply Chain",On-site,Full Time,Experienced,Confidential,9 days ago
Presales Technical Consultant,CyberSrv -,"Giza, Egypt ","Computer Science, Presales, Engineering, Information Technology (IT), Pre-Sales, Consulting, Sales, Communication",Remote,Part Time,Entry Level,Confidential,9 days ago
Senior Architecture Technical office Engineer,Beta Developments -,"Heliopolis, Cairo, Egypt ","3ds Max, AutoCAD, Revit, Architecture, Engineering, Microsoft Office, Real Estate",On-site,Full Time,Experienced,Confidential,9 days ago
Maintenance Supervisors,Cleopatra Developments -,"Sheikh Zayed, Giza, Egypt ","Electrical Engineering, Maintenance, Mechanical Engineering, Troubleshooting, Preventive Maintenance, Team Leadership, Safety Regulations",On-site,Full Time,Experienced,Confidential,9 days ago
Site Civil Engineer (Hotel and Resort Project),TRAVCO GROUP -,"Hurghada, Red Sea, Egypt ","Civil Engineering, Construction, Engineering, Projects, Architecture, AutoCAD, Communication, Management, Microsoft Office",On-site,Full Time,Experienced,Confidential,9 days ago
Mechanical Industrial Engineer,Groupe- Atlantic -,"10th of Ramadan City, Cairo, Egypt ","Mechanical, Mechanical Engineering, Project Management, Engineering",On-site,Full Time,Experienced,Confidential,9 days ago
Digital Marketing Specialist,EgyptComp For Integrated Systems  -,"Cairo, Egypt ","Digital Marketing, Social Media, B2B Marketing, social media stratgey, Brand Marketing, Brand Awareness, Marketing Campaigns, SEO, Google Ads",Remote,Full Time,Experienced,Confidential,9 days ago
Warehouse Accountant,Aton Crops for Agriculture and Export -,"Menia, Minya, Egypt ","Accounting, Financial Analysis, Financial Management, Warehouse Management, Inventory Control, Cost Accounting, Auditing, Logistics",On-site,Full Time,Experienced,Confidential,9 days ago
Account Manager,Confidential -,"Downtown, Cairo, Egypt ","Customer Service, Team Leadership, Account Management, Business Administration, Business Development, Management, Marketing, Microsoft Office",On-site,Full Time,Experienced,Confidential,10 days ago
"Director of Security, Background Of The Militarization of a Retired Army Brigade.",Aton Crops for Agriculture and Export -,"Menia, Minya, Egypt ","Security Management, Risk Assessment, Crisis Management, Strategic Planning, Team Leadership, Security Operations, Physical Security, Intelligence Analysis",On-site,Full Time,Manager,Confidential,10 days ago
Accountant,Confidential -,"North Coast, Alexandria, Egypt ","Accounting, Finance, Financial Analysis, Bookkeeping, Reconciliation, Tax Preparation, Microsoft Excel, Financial Reporting, Auditing",On-site,Part Time,Experienced,Confidential,10 days ago
Income Auditor,Confidential -,"North Coast, Alexandria, Egypt ","Accounting, Auditing, Finance, Financial Reporting, Data Analysis, Attention to Detail, Compliance, Internal Controls, Problem-Solving",On-site,Part Time,Experienced,Confidential,10 days ago
Cost Controller,Confidential -,"North Coast, Alexandria, Egypt ","Finance, Cost Control, Budget Management, Financial Reporting, Variance Analysis, Forecasting, Data Analysis, Microsoft Excel, ERP Systems",On-site,Part Time,Experienced,Confidential,10 days ago
International Marketing Intern,Vision 22 Advertising Agency -,"Maadi, Cairo, Egypt ","Advertising, Marketing, E-marketing, Market Research, Communication Skills, Digital Marketing, International Business Development",On-site,Internship,Entry Level,Confidential,10 days ago
Brand Marketing Manager,Raxeira Beauty for Cosmetics  -,"Obour City, Cairo, Egypt ","Brand Management, Digital Marketing, Cosmetics Marketing, Skincare, Influencer Marketing, Content Marketing, Brand Activation",On-site,Full Time,Manager,Confidential,10 days ago
Operations Manager - E-Commerce,El Tawheed We El Noor - التوحيد والنور  -,"Mohandessin, Giza, Egypt ","Management, Sales, E-Commerce, Commerce, Logistics, Microsoft Office, Retail, ERP",On-site,Full Time,Manager,Confidential,10 days ago
Export Sales Specialist.,Aton Crops for Agriculture and Export -,"Maadi, Cairo, Egypt ","Export, Export Sales, Sales, Sales Target, Customer Service, International Trade, Logistics",On-site,Full Time,Experienced,Confidential,10 days ago
Contractors Accountant,El Mansour Development  -,"Mokattam, Cairo, Egypt ","Accounting, Finance, Construction, Financial Analysis, Financial Accounting, Accounting Reports",On-site,Full Time,Experienced,Confidential,10 days ago
Events & Public Relations Assistant,iVein Clinic -,"Alexandria, Egypt ","Marketing, Public Relations, Public Relations (PR), Social Media, Business Administration, Mass Communication, Microsoft Office, Administration",On-site,Full Time,Entry Level,Confidential,10 days ago
Office Admin - Medical Clinics,Maksoud Medical Ltd -,"Alexandria, Egypt ","Administration, English, Translation, Communication, Arabic, MS Office, Office Management, Organizational Skills, Time Management",On-site,Full Time,Entry Level,Confidential,10 days ago
Graphic Designer,Tie House -,"New Cairo, Cairo, Egypt ","Adobe illustrator, Adobe Photoshop, photoshop, Design, Graphic Design, Graphic",On-site,Full Time,Experienced,Confidential,10 days ago
Quality Manager,Le souverain  -,"10th of Ramadan City, Sharqia, Egypt ","Quality Control, Quality Management, Quality Management System, Quality Auditing",On-site,Full Time,Manager,Confidential,11 days ago
Brand Manager,SAVOLA -,"New Cairo, Cairo, Egypt ","Branding, Marketing, Advertising, Market Research, Management, MBA, FMCG, Excel",On-site,Full Time,Manager,Confidential,11 days ago
Talent Acquisition & Employer Branding Manager,Confidential -,"Maadi, Cairo, Egypt ","Human Resources (HR), Recruitment, Talent acquisition, Human Resources, Interviewing, Hiring, HR",On-site,Full Time,Manager,Confidential,11 days ago
Senior Project Manager,Confidential -,"Mohandessin, Giza, Egypt ","Project Management, Engineering, Fitting-out, Construction Management, Civil Engineering, Architectural Design, Site Supervision, Budget Management",On-site,Full Time,Senior Management,Confidential,11 days ago
Middle Business Data Analyst - BI Engineer,Vertex Technologies  -,"Cairo, Egypt ","Business Data Analysis, Business Intelligence (BI), English B2, Power BI, Databases, DWH, SQL, ETL Processes, Data Mining",On-site,Full Time,Experienced,Confidential,11 days ago
Call Center Trainee,iVein Clinic -,"Mahta Alraml, Alexandria, Egypt ","Call Center, Customer Care, Customer Service, Customer Support, Computer Skills",On-site,Internship,Entry Level,Confidential,11 days ago
Contract Management Specialist,As-Salam International Hospital -,"Maadi, Cairo, Egypt ","Supply Chain, Quality Control, Quality Management, Biomedical, Contract Management, Document Control, Supply, Procurement",On-site,Full Time,Experienced,Confidential,11 days ago
Sales Representative,Saeed Saadan Shehata & Partners Co. -,"Downtown, Cairo, Egypt ","ERP, Sales, Spare Parts",On-site,Full Time,Experienced,Confidential,11 days ago
Call Center Agent (English B1+),Etisalat Egypt -,"Maadi, Cairo, Egypt ","Call Center, Customer Care, Customer Service, Customer Support, English Teaching, English, Insurance, Promoting, Training",On-site,Full Time,Entry Level,Confidential,11 days ago
ERP Implementer,Erpplus5 -,"Maadi, Cairo, Egypt ","ERP, Implementation, Finance, Accounting, Financial Accounting, Accounting Systems, Business Processes",On-site,Full Time,Experienced,Confidential,11 days ago
Administrative Assistant / Secretary,Arms surveying & automation systems -,"Hadayek Alahram, Giza, Egypt ","Microsoft Office, Office management, Computer Skills, Communication, Training",On-site,Full Time,Entry Level,Confidential,11 days ago
Electronics / Mechatronics Engineer – Technical & Operations Coordinator,Arms surveying & automation systems -,"Hadayek Alahram, Giza, Egypt ","Electronics, Engineering, Mechatronics, Operations Management",On-site,Full Time,Entry Level,Confidential,11 days ago
VIP Customer Service Specialist-Arabic/Chinese,Confidential -,"Cairo, Egypt ","Customer Service, Customer Support, Communication",Remote,Full Time,Student,Confidential,11 days ago
Production Manager,Startrans -,"6th of October, Giza, Egypt ","Engineering, Management, Manufacturing, Production, Six Sigma Lean, Process Optimization, Quality Control",On-site,Full Time,Manager,Confidential,11 days ago
Technical Sales Engineer - electrical,Startrans -,"Tanta, Gharbia, Egypt ","Electrical Engineering, Engineering, Sales, Technical Sales, Customer Relationship Management (CRM), Business Development, Tendering",On-site,Full Time,Experienced,Confidential,11 days ago
Account Manager,Akamaar Dev -,"Cairo, Egypt ","CRM, Property, Real Estate, Data Entry, Conflict Resolution, Spreadsheets, Property Management, Attention to Detail",Remote,Full Time,Experienced,Confidential,12 days ago
Senior Technical Architect Engineer,Life Theme -,"New Cairo, Cairo, Egypt ","Architecture, AutoCAD, Engineering",On-site,Full Time,Experienced,Confidential,12 days ago
Customer Success Specialist,WUZZUF -,"Maadi, Cairo, Egypt ","Customer Care, Customer Service, Customer Success, Customer Support",On-site,Full Time,Entry Level,Confidential,12 days ago
Senior General Accountant,3Dimension -,"Giza, Egypt ","General Accounting, Financial Reporting, Cost Accounting, Accounts Payable (AP), Accounts Receivable (AR), Bank Reconciliation, General Ledger (GL)",On-site,Full Time,Experienced,Confidential,12 days ago
Senior Purchasing Specialist,Confidential -,"Mohandessin, Giza, Egypt ","Construction Field, Logistics, Purchasing, Supply Chain Management, Procurement, Microsoft Excel, Vendor Management",On-site,Full Time,Experienced,Confidential,12 days ago
Sales Executive (EdTech),NazirEdu -,"Cairo, Egypt ","Sales, Sales Target, Customer Service, Business Development, Communication, Marketing, Microsoft Office, Negotiation",Hybrid,Full Time,Experienced,Confidential,12 days ago
Event Planner,Royal House Language School -,"Giza, Egypt ","Event Planning, Marketing, Public Relations (PR), Event Management, Event Coordination, education, school, Media",On-site,Full Time,Experienced,Confidential,12 days ago
Senior Electrical Site Engineer,Integrated-ltd -,"New Cairo, Cairo, Egypt ","Electrical Engineering, Electrical, Engineering, Project, Electrical Systems, NEC, NFPA Codes, Safety Regulations, AutoCAD",On-site,Full Time,Experienced,Confidential,12 days ago
Devops Engineer,Confidential -,"Mohandessin, Giza, Egypt ","DevOps, Cloud Infrastructure, Configuration Management, AWS, Azure, Computer Science, Docker",On-site,Full Time,Experienced,Confidential,12 days ago
Telesales Executive,engineering tracks -,"Nasr City, Cairo, Egypt ","Communication, Negotiation, Sales, Telesales, Customer Service, CRM Software, Active Listening, Problem Solving",On-site,Full Time,Entry Level,Confidential,12 days ago
Store Manager,MINISO LIFE -,"Cairo, Egypt ","Retail, Sales, Store Management",On-site,Full Time,Experienced,Confidential,12 days ago
Key Account Manager (pharma),DAF Holding  -,"Cairo, Egypt ","Pharma, Sales, Sales Target, Account Management",On-site,Full Time,Manager,Confidential,12 days ago
Senior Lifestyle Manager,BDO Esnad -,"Mohandessin, Giza, Egypt ","Customer Support, Customer Care, Customer Relations, Travel, Finance, Reservation",On-site,Full Time,Senior Management,Confidential,12 days ago
IT Risk Assistant Manager,Taly -,"Cairo, Egypt ","Risk Management, Information Analysis, Information Security, CISM, Communication, Compliance, Computer Science, Information Technology (IT), Management",On-site,Full Time,Experienced,Confidential,12 days ago
Fleet Sales Executive,ElSaba Group Co. -,"Cairo, Egypt ","Sales, Sales Target",On-site,Full Time,Experienced,Confidential,12 days ago
Facility Management Engineer,GOLD ERA   -,"New Cairo, Cairo, Egypt ","Engineering, Facility Management, Project Management, Information Technology (IT), Mechanical Engineering, Electrical Engineering, Civil Engineering",On-site,Full Time,Experienced,Confidential,12 days ago
Head of Marketing,WUZZUF -,"Cairo, Egypt ","business startegy, business planning, business operations, decision analysis",On-site,Full Time,Manager,Confidential,12 days ago
Head of Strategy & Execution,WUZZUF -,"Cairo, Egypt ","business startegy, business planning, business operations, decision analysis",On-site,Full Time,Experienced,Confidential,12 days ago
Social Media Manager,نوبل للتدريب - Nobel Group -,"6th of October, Giza, Egypt ","Advertising, Social Media, E-Marketing, Marketing, Digital Marketing, Management, Content Creation, Communication, CEO",On-site,Full Time,Experienced,Confidential,12 days ago
Odoo Functional Consultant / Implementer,Rockal -,"Nasr City, Cairo, Egypt ","ERP Implementation, Finance, Accounting, ERP, Odoo, Financial Management, Business Analysis, System Implementation",Hybrid,Full Time,Experienced,Confidential,12 days ago
Senior Data Engineer,Link Development -,"Maadi, Cairo, Egypt ","Computer Science, Engineering, Information Technology (IT), Software Development, Database, BI, Development, DevOps, ETL",Hybrid,Full Time,Experienced,Confidential,12 days ago
Senior Electrical – Power & Light Current Design Engineer,ACE Consulting Engineers  (Moharram - Bakhoum  -,"Dokki, Giza, Egypt ","Electrical Engineering, Engineering, Light Current, Design, AutoCAD, Revit",On-site,Full Time,Experienced,Confidential,12 days ago
Procurement Manager,El Mohandess Print House -,"10th of Ramadan City, Sharqia, Egypt ","Business Administration, Engineering, Logistics, Procurement, Purchasing, Supply Chain",On-site,Full Time,Manager,Confidential,12 days ago
Junior Electrical – Power & Light Current Design Engineer - Head Office,ACE Consulting Engineers  (Moharram - Bakhoum  -,"Dokki, Giza, Egypt ","AutoCAD, Design, Electrical Engineering, Light Current, Engineering",On-site,Full Time,Entry Level,Confidential,12 days ago
Senior HR Generalist,Next Maritime SLU -,"Alexandria, Egypt ","Human Resources (HR), Microsoft Office, Personnel, Recruitment, HR, Employee Relations, Communication",On-site,Full Time,Experienced,Confidential,12 days ago
Construction Manager,Alunaut -,"Nasr City, Cairo, Egypt ","Engineering, Project Management, Construction Management, Civil Engineering, Architecture, Risk Management, Budget Management, Schedule Management",On-site,Full Time,Experienced,Confidential,12 days ago
Field Service & Installation Team Leader Engineer,Comtec -,"Heliopolis, Cairo, Egypt ","Electrical Engineering, Mechanical Engineering, Engineering, Installations",On-site,Full Time,Experienced,Confidential,12 days ago
Data Entry Clerk,Upsell -,"Cairo, Egypt ","Data Entry, Customer Service, Microsoft Office, Administration, Computer Science, Content Management, Customer Support, Management",Remote,Full Time,Entry Level,Confidential,12 days ago
Real-Time Analyst (RTA),Etisalat Egypt -,"Maadi, Cairo, Egypt ","Call Center, Customer Care, Customer Service, Genesys, Information Technology (IT), Management, Microsoft Excel, Statistics",On-site,Full Time,Entry Level,Confidential,12 days ago
Personal assistants,Blue Sky Real Estate -,"Nasr City, Cairo, Egypt ","Administration, Microsoft Office, Office management",On-site,Full Time,Experienced,Confidential,12 days ago
Sales Marketing Executive,Blue Sky Real Estate -,"Nasr City, Cairo, Egypt ","Marketing, Sales, Sales Target",Remote,Full Time,Experienced,Confidential,12 days ago
Techcnial Sales Engineer,Alunaut -,"Nasr City, Cairo, Egypt ","Engineering, Sales",On-site,Full Time,Experienced,Confidential,12 days ago
Mechanical Maintenance Engineer,Joy Glass -,"6th of October, Giza, Egypt ","Communication, Management, Mechanical, Manufacturing, Mechatronics, Glass Manufacturing, Glass Industry",On-site,Full Time,Entry Level,Confidential,12 days ago
Sales Inbound - US Account,RISEUP (Endemag for Administrative Skills Development) -,"Sheraton, Cairo, Egypt ","Customer Care, Customer Support, Sales, Customer Service, Telesales",On-site,Full Time,Entry Level,Confidential,12 days ago
Financial Manager - Real Estate & Property Management,Genena Group -,"New Cairo, Cairo, Egypt ","Accounting, Financial Management, Financial Analysis, Financial Reporting, Real Estate Finance, Property Management Accounting, Budgeting, Forecasting, Strategic Planning",On-site,Full Time,Senior Management,Confidential,12 days ago
Senior Customer Service Representative - English,TTEC -,"Cairo, Egypt ","Customer Care, Customer Service, Customer Support, Communication, Management, Negotiation, Retail, Sales",On-site,Full Time,Experienced,Confidential,12 days ago
Consulting Engineers,inscenco -,"Kafr Alsheikh, Egypt ","Engineering, Consulting, Mechanical Engineering, Interior Design, Exterior Design, BIM Modeling, Rivet, Autodesk 3ds Max",Remote,Full Time,Manager,Confidential,12 days ago
Marketing & Social Media Director,Royal House Language School -,"Giza, Egypt ","Marketing- Digital marketing, Social Media Strategy, Leadership, management, Digital advertising, Education Fields, media",On-site,Full Time,Senior Management,Confidential,12 days ago
Photographer & Videographer,Royal House Language School -,"Giza, Egypt ","Adobe Photoshop, Photography, Design, Videography, Video Editing, Social Media, Lightroom, Creative, Adobe Premiere",On-site,Full Time,Experienced,Confidential,12 days ago
Warranty Engineer,ElSaba Group Co. -,"Maadi, Cairo, Egypt ","Creating warranty repair orders., Receiving replaced parts after reviewing the warranty repair order.",On-site,Full Time,Experienced,Confidential,12 days ago
Operations Coordinator,Al Betar for Computer Supplies -,"Sidi Gaber, Alexandria, Egypt ","Operations Management, order management, order fulfillment, Store Operations, Team Leadership, Logistics, Coordination, Supply Chain, Customer Support",On-site,Full Time,Experienced,Confidential,12 days ago
Operations Manager – Clinics Sector Reports To,LMS -,"Maadi, Cairo, Egypt ","Operations Management, Management, Administration, Reporting",On-site,Full Time,Manager,Confidential,12 days ago
Corporate Sales Manager – Insurance & Clinics Sector,LMS -,"Maadi, Cairo, Egypt ","Insurance, Medical, communications, Sales, sales skills, Sales Target",On-site,Full Time,Manager,Confidential,12 days ago
أخصائي تسويق أداء وتقني SEO,Smaw -,"Cairo, Egypt ","•      إعداد وربط أدوات التتبّع والبكسل (Meta Pixel، TikTok Pixel، Google Tag Manager / GA4) وضبط أحداث التحويل (Conversions API)., •      إدارة وتحسين منتجات وكتالوج المتجر على منصة سلة (العناوين، الأوصاف، التصنيفات، الصور)., •      تحسين محركات البحث (SEO) التقني والداخلي للمتجر., •      إدارة وتحسين حملات Google Ads وGoogle Merchant Center، ومتابعة Search Console., •      تحليل أداء المتجر عبر Google Analytics ولوحات سلة، وإعداد تقارير دورية., •      التنسيق مع فريق السوشيال ميديا في السعودية لتوحيد التتبّع والبيانات.",On-site,Full Time,Experienced,Confidential,12 days ago
Operation Specialist,Orion -,"Madinaty, Cairo, Egypt ","Networking, Fiber Optics, System Control",On-site,Full Time,Entry Level,Confidential,12 days ago
Business Developer,Ziraa Smart Solutions -,"Cairo, Egypt ","Business Development, Sales, Sales Target",Remote,Freelance / Project,Entry Level,Confidential,12 days ago
Graphic Designer,Hassan Allam Sports Club -,"New Cairo, Cairo, Egypt ","Adobe illustrator, Adobe Photoshop, Graphic Design, Design, illustrator, Creative, Marketing, Social Media, Video Editing",Hybrid,Full Time,Entry Level,Confidential,12 days ago
Senior Technical Office Architecture Engineer,GB Corp -,"Giza, Egypt ","Architecture, Engineering, AutoCAD, CAD, Construction, Design, Microsoft Office, Revit, Urban Design",On-site,Full Time,Experienced,Confidential,12 days ago
Personal Assistant.,Reservya -,"Cairo, Egypt ","Administration, Canva, AI Tools, Time Management, Communication Skills, Organizational Skills, Customer Service",Remote,Internship,Student,Confidential,12 days ago
Tax Associate,Statements Consulting -,"Cairo, Egypt ","Accounting, Finance, Microsoft Office, Tax, Auditing, Tax Accounting",On-site,Full Time,Experienced,Confidential,12 days ago
DIGITAL MARKETING SPECIALIST,Renewable Energy Pros -,"New Cairo, Cairo, Egypt ","Digital Marketing, B2B Marketing, E-Marketing, Social Media, Social Media Strategy, Content Strategy, Brand Marketing",On-site,Full Time,Manager,Confidential,12 days ago
Medical Representative,Light Life -,"Sharqia, Egypt ","Sales, Marketing Strategy, Pharmaceutical Sales, Relationship Building, Product Presentation, Market Analysis, Communication Skills",Hybrid,Full Time,Experienced,Confidential,12 days ago
Pharmacist ( Mokattam Specialized ),Al Ahly Medical Company -,"Mokattam, Cairo, Egypt ","Pharmaceutical, Pharmacy, Medical, pharmcist, Safety, Sales",On-site,Full Time,Experienced,Confidential,12 days ago
Senior Technical Office Engineer,Roya Developments -,"Alamein, Matruh, Egypt ","Engineering, Microsoft Office, Technical Office",On-site,Full Time,Experienced,Confidential,12 days ago
Product Manager – UX & Customer Experience,Whispyr AI -,"New Cairo, Cairo, Egypt ","Product Management, UX Design, UI Design, Figma, Prototyping, User Research, Customer Relations",On-site,Full Time,Experienced,Confidential,12 days ago
Tender & Procurement Mep Engineer.,United Engineering company -,"Haram, Giza, Egypt ","Mechanical Engineering, Procurement, Tendering, MEP, Technical Office Engineering",On-site,Full Time,Experienced,Confidential,12 days ago
General Accountant,El Masry Specialized Hospital -,"Mokattam, Cairo, Egypt ","Accounting, Finance",On-site,Full Time,Experienced,Confidential,12 days ago
HR Operations Manager,Confidential -,"Cairo, Egypt ","Engineering, Human Resources (HR), Management, Microsoft Office, Talent Acquisition, Employee Relations, Performance Management, HRIS",On-site,Full Time,Manager,Confidential,12 days ago
"Sr. Project Manager ""Payments""",Efada Technology -,"Cairo, Egypt ","Project Management Professional, Project Management, Technical Assistance, ITIL, Agile, JIRA, Problem Solving",Hybrid,Full Time,Manager,Confidential,12 days ago
Maintenance Engineer - Heavy Equipment,TRAVCO GROUP -,"Hurghada, Red Sea, Egypt ","Heavy Equipment Maintenance, Mechanical Troubleshooting, Preventive Maintenance, Safety Compliance, Heavy Equipment, Mechanical Engineering, Mechatronics",On-site,Full Time,Experienced,Confidential,12 days ago
Senior Mechanical Engineer,EPP  -,"Port Said, Egypt ","Mechanical Engineering, rotating equipment, Maintenance, Manufacturing, Mechanical, Communication, API, Computer Science, Engineering",On-site,Full Time,Experienced,Confidential,12 days ago
(Python) Full Stack Developer,Etisalat Egypt -,"New Cairo, Cairo, Egypt ","Computer Science, python, python developer, Full Stack Development, Python Scripting, python development, python full stack, IT",On-site,Full Time,Experienced,Confidential,12 days ago
HSE Engineer,Abu Gemeaa -,"Cairo, Egypt ","Engineering, Quality Control, HSE, NEBOSH, Microsoft Office, Health, Safety & Environment, Safety Audits",On-site,Full Time,Experienced,Confidential,13 days ago
Motion Graphics Designer,Mico World Limited -,"Maadi, Cairo, Egypt ","Adobe Illustrator, Adobe Photoshop, Design, Graphic Design, Motion Graphics, Video Editing, Animation",On-site,Full Time,Entry Level,Confidential,13 days ago
VIP-French Speaker,Mico World Limited -,"Maadi, Cairo, Egypt ","Customer Care, Customer Service, Customer Support, French Language Proficiency, Sales Acumen, Problem-Solving, Communication Skills, Client Relationship Management, Active Listening",On-site,Full Time,Entry Level,Confidential,13 days ago
Electrical Sales Engineer (LV Switchgear & RMU),ElectraTec for Electric Industries  -,"10th of Ramadan City, Cairo, Egypt ","Sales Target, Sales, Engineering, switchboard sales, low voltage panels sales, RMU sales, electrical products sales, Communication",On-site,Full Time,Experienced,Confidential,13 days ago
Sr. Sales Account Manager ( Public Sector ),Fixed Solutions -,"Cairo, Egypt ","Sales, Sales Target",Hybrid,Full Time,Experienced,Confidential,13 days ago
Senior Sales Account Manager (Commercial Sector),Fixed Solutions -,"Cairo, Egypt ","Sales, Sales Target",Hybrid,Full Time,Experienced,Confidential,13 days ago
Cloud & Infrastructure Consultant,Link Development -,"Maadi, Cairo, Egypt ","Azure, Cloud, AWS, AWS Cloud, Microsoft Azure, Azure DevOps Server, Active Directory, Networking, Vmware",Hybrid,Full Time,Experienced,Confidential,13 days ago
Electrical Engineering Manager,AL SALMANYA -,"Cairo, Egypt ","Design, Electrical Engineering, Engineering, Management, Project Management, HVAC, Mechanical Engineering, Team Leadership, Budget Management",On-site,Full Time,Manager,Confidential,13 days ago
IT Help Desk,Lotus For Food Industries -,"Kerdasa, Giza, Egypt ","Computer Science, Information Technology (IT), Networking, Windows Server, IT Security Basics, Communication, Time Management, User Support, Problem Solving",On-site,Full Time,Entry Level,Confidential,13 days ago
Senior Administrative Officer,Community Systems Foundation -,"Cairo, Egypt ","Business Administration, Administration, Information Technology (IT), QuickBooks, Microsoft Excel, Google Workspace",Hybrid,Full Time,Experienced,Confidential,13 days ago
Shop Drawings Designer,Guillam -,"San Stefano, Alexandria, Egypt ","Research, Analysis, Business English, Interior Design, AutoCAD, Adobe Creative Suite, Material Selection, Space Planning",On-site,Full Time,Entry Level,Confidential,13 days ago
Purchasing Manager – Medical Supplies Manufacturing,Euromed for medical industries -,"Nasr City, Cairo, Egypt ","Procurement, Purchasing Management, Local & Foreign Purchasing, Supplier Management, Strategic Sourcing, Negotiation, Cost Reduction, Import Procedures & Incoterms, ERP Systems",On-site,Full Time,Manager,Confidential,13 days ago
Demand planner specialist,Lotus For Food Industries -,"Kerdasa, Giza, Egypt ","Planning, Supply Chain, Computer Skills, Inventory Planning, Forecasting, Demand Planning, Management, New Product Forecasting",On-site,Full Time,Experienced,Confidential,13 days ago
Quality Control Manager,Euromed for medical industries -,"Nasr City, Cairo, Egypt ","Operations/Management, Quality Control (QC) Quality Management Quality Assurance (QA) ISO 13485 GMP (Good Manufacturing Practices) CAPA (Corrective and Preventive Actions) Root Cause Analysis Internal Auditing Risk Management Statistical Process Control (SPC) Documentation & Re, Quality Management, ISO 13485, GMP (Good Manufacturing Practices), CAPA (Corrective and Preventive Actions), Root Cause Analysis",On-site,Full Time,Manager,Confidential,13 days ago
Senior Training Coordinator,GOLD ERA   -,"Cairo, Egypt ","Human Resources (HR), Training, Learning & Development, Coordination, Project Management, Curriculum Development, Communication Skills",On-site,Full Time,Experienced,Confidential,13 days ago
Property Consultant - Alexandria,Dewan for Real Estate  -,"Smouha, Alexandria, Egypt ","Real Estate, Sales, Negotiation, CRM Software, Communication Skills, Presentation Skills, Closing Deals, Sales Target",On-site,Full Time,Experienced,Confidential,13 days ago
Tendering Engineer - Low & Medium Voltage Switchboards,ElectraTec for Electric Industries  -,"10th of Ramadan City, Cairo, Egypt ","Electrical Engineering, Tendering, switchboards, Low Voltage Panels, medium voltage panel, Ring Main Units",On-site,Full Time,Experienced,Confidential,13 days ago
"Sales Account Manager - SMS, Websites & Digital Solutions",TA telecom -,"Maadi, Cairo, Egypt ","Corporate Sales, SMS Advertising, Sales, Business Development, VAS, Digital Services, Negotiation, Presentation Skills",Hybrid,Full Time,Experienced,Confidential,13 days ago
Sales/Retail Internship,Union Group -,"Obour City, Cairo, Egypt ","Retail, Sales Target, Sales, Sales Field, Sales Planning, Retail Sales, Customer Support",On-site,Internship,Entry Level,Confidential,13 days ago
Internal Audit Accountant,Ascom -,"Maadi, Cairo, Egypt ","Accounting, Computer Skills, ERP System, Finance, Microsoft Office, Communication, Auditing",On-site,Full Time,Experienced,Confidential,13 days ago
Switchboard Design Engineer,ElectraTec for Electric Industries  -,"10th of Ramadan City, Cairo, Egypt ","Design, switchboard, Manufacturing, Computer Science, AutoCAD, Electrical Engineering, Engineering, Information Technology (IT), Microsoft Office",On-site,Full Time,Experienced,Confidential,13 days ago
Site Engineer (Owner Representative),Ragab Group  -,"Haram, Giza, Egypt ","Civil Engineering, Engineering, Construction, AutoCAD, Architectural Engineering, Architecture, civil design",On-site,Full Time,Experienced,Confidential,13 days ago
Transition Specialist.,Etisalat Egypt -,"Cairo, Egypt ","transation managment, Project Management, Project Planning, Risk Management",On-site,Full Time,Experienced,Confidential,13 days ago
Procurement Manager (Local & International),Confidential -,"Heliopolis, Cairo, Egypt ","Logistics, Procurement, Purchasing, Supply Chain, ERP, Supply, Administration",On-site,Full Time,Manager,Confidential,13 days ago
Assistant Restaurant Manager,Matana Group -,"Cairo, Egypt ","Food & Beverage, Food Processing, Food Manufacturing, Food Safety Management System, International Food Safety Management Systems Standard, Food quality, Restaurant Manager, ass Restaurant Manager",On-site,Full Time,Manager,Confidential,13 days ago
E- Commerce Data Entry Specialist,Al Betar for Computer Supplies -,"Sidi Gaber, Alexandria, Egypt ","Data Entry, Administration, Computer Skills, ERP, Microsoft Office, Typing, E-Commerce, Inventory Management",On-site,Full Time,Experienced,Confidential,13 days ago
Talent Acquisition Supervisor,MATGR For Engineering And Trading -,"Cairo, Egypt ","Human Resources (HR), Interviewing, Recruitment, Talent acquisition",On-site,Full Time,Experienced,Confidential,13 days ago
Finance/Accounting Internship,Union Group -,"Obour City, Cairo, Egypt ","Accounting, Financial Analysis, Finance, Financial Management, Budgeting, Cost Accounting",On-site,Internship,Entry Level,Confidential,13 days ago
Sales Engineer,engineering advanced solutions -,"6th of October, Giza, Egypt ","Sales Target, Communication, Negotiation, Engineering, Mechanical, MS Office, Sales",Remote,Full Time,Experienced,Confidential,13 days ago
Talent & Organizational Development Manager,MATGR For Engineering And Trading -,"New Cairo, Cairo, Egypt ","Human Resources (HR), Recruitment, OD, Organizational Development, Development",On-site,Full Time,Manager,Confidential,13 days ago
Procurement Manager,Erada -,"Maadi, Cairo, Egypt ","Procurement, Logistics, Purchasing, Supply Chain, IT, Software, Cloud Infrastructure, MBA",On-site,Full Time,Manager,Confidential,13 days ago
Project Planning Engineer,Mevac -,"Sharqia, Egypt ","Project Scheduling, Project Baseline, Project Monitoring, Scope Management, Work Breakdown Structure (WBS), Critical Path Method (CPM), Primavera P6 / MS Project, Resource Allocation, Cost Estimation",On-site,Full Time,Entry Level,Confidential,13 days ago
Software Developers Java/Angular (3 years of Experience),MTS-IT -,"Maadi, Cairo, Egypt ","Angular, Computer Science, Full Stack, Information Technology (IT), Software Development, CSS, spring Framework, Java SE",On-site,Full Time,Experienced,Confidential,13 days ago
Sustainability Program Coordinator,RISEUP (Endemag for Administrative Skills Development) -,"Maadi, Cairo, Egypt ","Project Management, Administration, Analysis, Coordination, Documentation, Engineering, Microsoft Office, AI",Hybrid,Full Time,Experienced,Confidential,13 days ago
Sales & Fitting Specialist - Delta Region,Amplifon Middle East -,"Alexandria, Egypt ","Customer Service, Sales Target, Sales, Engineering, Management, Communication",On-site,Full Time,Entry Level,Confidential,13 days ago
Architectural / Life Safety Engineer,ARCANIOS  -,"Obour City, Cairo, Egypt ","CAD, 3ds Max, Engineering, AutoCAD",On-site,Full Time,Entry Level,Confidential,13 days ago
Civil Engineer,ecoSAS International -,"Heliopolis, Cairo, Egypt ","Architecture, Civil Engineering, Engineering, Construction, AutoCAD, Communication, MS Office",On-site,Full Time,Experienced,Confidential,13 days ago
Supply Chain Manager,Confidential -,"Nasr City, Cairo, Egypt ","Supply Chain, Warehousing, Purchasing, ERP, Logistics, Planning, Procurement",On-site,Full Time,Manager,Confidential,13 days ago
Product Development Engineer,Kandil Glass -,"10th of Ramadan City, Cairo, Egypt ","Computer Science, Development, Information Technology (IT), Product Development, Microsoft Office, Computer Skills, Design",On-site,Full Time,Entry Level,Confidential,13 days ago
AR Accountant (Customer Account),IFT Corporation -,"Mokattam, Cairo, Egypt ","Accounting, Finance, Microsoft Office, AR, Accounts Receivable, SAP, English, Financial Analysis, Financial",On-site,Full Time,Experienced,Confidential,13 days ago
Portuguese Customer Services Agent - Multinational Company,RISEUP (Endemag for Administrative Skills Development) -,"Maadi, Cairo, Egypt ","Call Center, Customer Service, Customer Support, Agent, Customer Care, English, portuguese",On-site,Full Time,Entry Level,Confidential,13 days ago
Site Engineer,Global Traders -,"Cairo, Egypt ","Construction, AutoCAD, Microsoft Office, Project Management, Site Supervision, Quality Control, Civil Engineering Principles, Blueprint Reading, Team Leadership",On-site,Full Time,Experienced,Confidential,13 days ago
Solar Engineer,cairo contracting company  -,"Heliopolis, Cairo, Egypt ","Solar Energy, Electrical Engineering, AutoCAD, PVsyst, Renewable Energy Systems, Project Design, System Optimization, Feasibility Studies, Problem Solving",On-site,Full Time,Experienced,Confidential,13 days ago
Sales,Trustcom -,"Cairo, Egypt ","Sales, Client Relationship Management, Negotiation, Business Development, Presentation Skills, Market Analysis, Communication, Problem-Solving, Sales Target",On-site,Full Time,Experienced,Confidential,13 days ago
Head of Mathematics Department (American division),Manhattan Schools -,"Maadi, Cairo, Egypt ","Math, Teaching, Management, Curriculum Development, Educational Leadership, Mentoring, Strategic Planning",On-site,Full Time,Manager,Confidential,13 days ago
Modern Trade Sales Manager,International Food & Consumable Goods - Egypt S.A.E -,"6th of October, Giza, Egypt ","Modern Trade, Sales, Sales Target, Trade, Sales Field, Commerce, Commercial Sales, Client Support",On-site,Full Time,Manager,Confidential,13 days ago
Secretary,Reservya -,"Cairo, Egypt ","Administration, Microsoft Office, Office Management, Customer Service, Communication, Organizational Skills, Time Management",Remote,Internship,Student,Confidential,13 days ago
Teller,Al Ahly Momkn for e-payment -,"Fayoum, Egypt ","Finance, Banking, Accounting",On-site,Full Time,Entry Level,Confidential,13 days ago
Camera Operator,Foto Tech -,"Giza, Giza, Egypt ","Photography, Video Editing, Video Montage, Video Design, Video Production, Videography",On-site,Full Time,Experienced,Confidential,13 days ago
Product Specialist - Endoscopy,BM-Egypt -,"Cairo, Egypt ","Medical, Pharmacy, Product, Sales, Gastrointestinal Endoscopy, Endoscopy, Biomedical Engineering, medicine",On-site,Full Time,Experienced,Confidential,13 days ago
Logistics Specialist,NCC X-calibur -,"New Cairo, Cairo, Egypt ","Logistics, Communication skills, supply chain management, Supply Chain",On-site,Full Time,Experienced,Confidential,13 days ago
Supply Chain Specialist,Trag International -,"Sheraton, Cairo, Egypt ","Procurement, Logistics, Purchasing, Supply Chain Management, Inventory Management, Vendor Management, Negotiation, Data Analysis, SAP",On-site,Full Time,Experienced,Confidential,13 days ago
Export Sales Specialist,NCC X-calibur -,"New Cairo, Cairo, Egypt ","Export, Skills, Supply Chain, Chemicals, Logistics, Sales, English",On-site,Full Time,Experienced,Confidential,13 days ago
Telecom Rigger (Working at Heights Technician),Confidential -,"Cairo, Egypt ","Telecom, Fiber Optics, tower climbing, power cables, Grounding Systems, HSE, LTE",On-site,Full Time,Experienced,Confidential,13 days ago
Marketing Account Manager,GROOVY Medical Spa -,"Heliopolis, Cairo, Egypt ","Marketing, Communication, CRM, Management, Customer Service, Marketing Strategy, Account Management, Client Relationship Management",On-site,Full Time,Experienced,Confidential,13 days ago
Freight Forwarding Operations Coordinator,Sunshine For Logistic Services  -,"New Cairo, Cairo, Egypt ","Freight Forwarding, Logistics, Supply Chain, Administration, Import / Export, Business Administration, Management, Microsoft Office, Shipping",On-site,Full Time,Experienced,Confidential,13 days ago
Administrative Assistant,GROOVY Medical Spa -,"New Cairo, Cairo, Egypt ","Administration, Communication, Customer Service, Data Entry, Management, Microsoft Office, Office management",On-site,Full Time,Entry Level,Confidential,13 days ago
Python Full Stack Developer,Etisalat Egypt -,"New Cairo, Cairo, Egypt ","Computer Science, Information Technology (IT), JavaScript, Python, Software Development, Djngo, Python frameworks",Hybrid,Full Time,Experienced,Confidential,13 days ago
Warehouse Manager,Confidential -,"Alsadat City, Monufya, Egypt ","Warehouse Management, Warehouse Management System (WMS), KPI Management, FIFO / FEFO Inventory Management, Health & Safety Compliance, Warehousing",On-site,Full Time,Manager,Confidential,13 days ago
Data Protection Officer (DPO),Pharma Overseas  -,"New Cairo, Cairo, Egypt ","Data Protection, Data Privacy, PDPL, GDPR, Compliance, Information Security, Computer Science, Data Analysis, Data Entry",On-site,Full Time,Experienced,Confidential,13 days ago
Sales Executive,Confidential -,"Sheikh Zayed, Giza, Egypt ","Sales Target, Sales, Customer Service, Logistics, Sales Field, Outdoor Sales, Indoor Sales, Sales Planning",On-site,Full Time,Entry Level,Confidential,13 days ago
Telecom Rigger (Working at Heights Technician),Confidential -,"Cairo, Egypt ","Telecom, Fiber Optics, tower climbing, power cables, Grounding Systems, HSE, LTE",On-site,Full Time,Experienced,Confidential,13 days ago
Marketing Account Manager,GROOVY Medical Spa -,"Heliopolis, Cairo, Egypt ","Marketing, Communication, CRM, Management, Customer Service, Marketing Strategy, Account Management, Client Relationship Management",On-site,Full Time,Experienced,Confidential,13 days ago
Freight Forwarding Operations Coordinator,Sunshine For Logistic Services  -,"New Cairo, Cairo, Egypt ","Freight Forwarding, Logistics, Supply Chain, Administration, Import / Export, Business Administration, Management, Microsoft Office, Shipping",On-site,Full Time,Experienced,Confidential,13 days ago
Administrative Assistant,GROOVY Medical Spa -,"New Cairo, Cairo, Egypt ","Administration, Communication, Customer Service, Data Entry, Management, Microsoft Office, Office management",On-site,Full Time,Entry Level,Confidential,13 days ago
Python Full Stack Developer,Etisalat Egypt -,"New Cairo, Cairo, Egypt ","Computer Science, Information Technology (IT), JavaScript, Python, Software Development, Djngo, Python frameworks",Hybrid,Full Time,Experienced,Confidential,13 days ago
Warehouse Manager,Confidential -,"Alsadat City, Monufya, Egypt ","Warehouse Management, Warehouse Management System (WMS), KPI Management, FIFO / FEFO Inventory Management, Health & Safety Compliance, Warehousing",On-site,Full Time,Manager,Confidential,13 days ago
Data Protection Officer (DPO),Pharma Overseas  -,"New Cairo, Cairo, Egypt ","Data Protection, Data Privacy, PDPL, GDPR, Compliance, Information Security, Computer Science, Data Analysis, Data Entry",On-site,Full Time,Experienced,Confidential,13 days ago
Sales Executive,Confidential -,"Sheikh Zayed, Giza, Egypt ","Sales Target, Sales, Customer Service, Logistics, Sales Field, Outdoor Sales, Indoor Sales, Sales Planning",On-site,Full Time,Entry Level,Confidential,13 days ago
"Senior Business Development Manager (AI & Robotics) – EMEA, Remote",Pokamind -,"Cairo, Egypt ","Business Development, Partnerships, Sales, Marketing, Lead Generation, Negotiation, Market Research, Research, Development",Remote,Full Time,Manager,Confidential,13 days ago
Product Manager,Comtec -,"Heliopolis, Cairo, Egypt ","Product, Product Management",On-site,Full Time,Manager,Confidential,13 days ago
Tech Lead,Billqode -,"Cairo, Egypt ","Computer Science, Information Technology (IT), JavaScript, Software Development, Team Leadership, Project Management, System Architecture, Agile Methodologies",On-site,Full Time,Manager,Confidential,13 days ago
Korean Translator,"TMPA Apparel Manufacturing Co.,Ltd -","Shubra Alkhaymah, Qalubia, Egypt ","Korean Translator, Korean, Language Services, Translation & Interpretation",On-site,Full Time,Experienced,Confidential,13 days ago
Telesales Executive,Arabicss  -,"Maadi, Cairo, Egypt ","B2B Sales, Medical Sales, Sales",On-site,Full Time,Entry Level,Confidential,13 days ago
Engineering Manager,Billqode -,"Cairo, Egypt ","Computer Science, Engineering, Information Technology (IT), Project Management, Software Development Life Cycle (SDLC), Team Leadership, Agile Methodologies, Stakeholder Management",On-site,Full Time,Manager,Confidential,13 days ago
Group Senior Internal Audit,As-Salam International Hospital -,"6th of October, Giza, Egypt ","Accounting, Auditing, CIA, Commerce, Finance, Financial Accounting, Accounting Reports",On-site,Full Time,Experienced,Confidential,13 days ago
Human Resources Generalist,MENA For Contracting & Trading -,"San Stefano, Alexandria, Egypt ","Human Resources, Microsoft Office, Human Resources (HR), Recruitment, Personnel, Business Administration, HR, Payroll, Administration",On-site,Full Time,Experienced,Confidential,13 days ago
UI/UX Designer (On-site),Ship To Box -,"Sheikh Zayed, Giza, Egypt ","UI, UI/UX, UX, Design, Graphic Design, Web Design",On-site,Full Time,Experienced,Confidential,13 days ago
Sourcing Engineer,Haier Electric Egypt  -,"10th of Ramadan City, Sharqia, Egypt ","Sourcing, Communication Skills, Manufacturing, Purchasing, Microsoft Office, Development, Computer Science, Information Technology (IT)",On-site,Full Time,Experienced,Confidential,13 days ago
Software Tester,Reservya -,"Cairo, Egypt ","Computer Science, Information Technology (IT), Software Testing, Quality Control, Test Automation, Manual Testing, Bug Tracking",Remote,Internship,Student,Confidential,13 days ago
Backend Developer,Reservya -,"Cairo, Egypt ","Laravel Framework, Computer Science, Information Technology (IT), Bootstrap 4, Software Engineering, Software Development, PHP, SQL",Remote,Internship,Student,Confidential,13 days ago
Value-Based Healthcare Analytics Specialist,MEAHCO - Saudi German Health -,"Katameya, Cairo, Egypt ","SQL, Python, Tableau, R, Power BI, HL7, FHIR",On-site,Full Time,Experienced,Confidential,13 days ago
Assistant Department Manager,Reservya -,"Cairo, Egypt ","Sales, Administration, Communication, Design, Canva, Follow Up, Organizational Skills",Remote,Internship,Student,Confidential,13 days ago
Kitchen Designer,WTS Global -,"Cairo, Egypt ","AutoCAD, Sales, Design",On-site,Full Time,Entry Level,Confidential,13 days ago
Electrical Teacher,El Sewedy Technical Academy -,"Ain Sokhna, Suez, Egypt ","Electrical Engineering, electrical teacher, educational",On-site,Full Time,Experienced,Confidential,13 days ago
Mechanical Design Engineer,Confidential -,"6th of October, Giza, Egypt ","Engineering, Design, Mechanical, Mechanical Design, Mechanical Engineering",On-site,Full Time,Experienced,Confidential,13 days ago
Social Media Manager,Malton Couture -,"New Cairo, Cairo, Egypt ","Social Media, E-Marketing, Marketing, Content Creation, Communication, Adobe Photoshop, Graphic Design",On-site,Full Time,Experienced,Confidential,13 days ago
"Health, Safety & Environmental Section Head",Sadko Plast -,"10th of Ramadan City, Sharqia, Egypt ","Safety, HSE, Environmental, Engineering, Manufacturing, Microsoft Office, NEBOSH",On-site,Full Time,Senior Management,Confidential,13 days ago
Senior Procurement Officer,Boysen Egypt -,"6th of October, Giza, Egypt ","Procurement, Purchasing, Supply Chain",On-site,Full Time,Experienced,Confidential,13 days ago
Sales Team Leader (Maadi Office),51Talk Headquaters -,"Maadi, Cairo, Egypt ","Sales Target, CRM, Telesales, Sales Field, Lead Generation, Sales Leads, Sales",On-site,Full Time,Manager,Confidential,13 days ago
Procurement Specialist,NASS Academy -,"Mokattam, Cairo, Egypt ","Logistics, Procurement, Purchasing, Supply Chain, Negotiation, PO, Microsoft Office",On-site,Full Time,Experienced,Confidential,13 days ago
Social Media Manager,Teaspoon -,"Cairo, Egypt ","Social Media, Marketing, E-Marketing",Remote,Full Time,Experienced,Confidential,14 days ago
Software Project Manager,Fixed Solutions -,"Cairo, Egypt ","Computer Science, Information Technology (IT), Project Management, Engineering, PMP, Risk Management, Agile, Business Administration",Hybrid,Full Time,Experienced,Confidential,14 days ago
Installation Engineer,Hauslift -,"Cairo, Egypt ","Problem Solving, Technical Drawing Interpretation, Time Management, Communication, Risk Assessment, Elevators, Construction, Escalators",On-site,Full Time,Experienced,Confidential,14 days ago
Procurement Director - Finishing and Construction,Confidential -,"Sheikh Zayed, Giza, Egypt ","Construction, Procurement, Purchasing, Supply Chain, Logistics, Vendor Management, Negotiation, Strategic Sourcing",On-site,Full Time,Senior Management,Confidential,14 days ago
Sales Executive,Hermes Express -,"Nasr City, Cairo, Egypt ","Sales, Sales Target, Microsoft Excel, Negotiation, Client Relationships, Customer Service",On-site,Full Time,Entry Level,Confidential,14 days ago
Chartered Accountant (CA) – Part-Time (Remote),United Elite Company      -,"Cairo, Egypt ","Accounting, Chartered Accountant, Finance, Financial Analysis, AP, IFRS, VAT",Remote,Part Time,Experienced,Confidential,14 days ago
Digital Marketing Specialist,مصنع العمران المتقن للمنتجات الاسمنتيه -,"Cairo, Egypt ","Communication, Digital Marketing, E-Marketing, Management, Marketing, SEM, SEO",Remote,Full Time,Experienced,Confidential,14 days ago
Senior HVAC Design Engineer,ECE -,"Heliopolis, Cairo, Egypt ","Mechanical Engineering, Design, HVAC",On-site,Full Time,Experienced,Confidential,14 days ago
Firefighter Design Engineer,ARCANIOS  -,"Obour City, Cairo, Egypt ","Engineering, HVAC, Firefighting, Mechanical Engineering, AutoCAD, MS Office, Computer Science",On-site,Full Time,Experienced,Confidential,14 days ago
Sales Executive – Wedding & Events,Beau Jardin Venues -,"Sheikh Zayed, Giza, Egypt ","Client Relationships, Communication, CRM, Customer Service, Hospitality, Indoor Sales, Negotiation",On-site,Full Time,Experienced,Confidential,14 days ago
Installation Engineer,Hauslift -,"Cairo, Egypt ","Problem Solving, Technical Drawing Interpretation, Time Management, Communication, Risk Assessment, Elevators, Construction, Escalators",On-site,Full Time,Experienced,Confidential,14 days ago
Procurement Director - Finishing and Construction,Confidential -,"Sheikh Zayed, Giza, Egypt ","Construction, Procurement, Purchasing, Supply Chain, Logistics, Vendor Management, Negotiation, Strategic Sourcing",On-site,Full Time,Senior Management,Confidential,14 days ago
Sales Executive,Hermes Express -,"Nasr City, Cairo, Egypt ","Sales, Sales Target, Microsoft Excel, Negotiation, Client Relationships, Customer Service",On-site,Full Time,Entry Level,Confidential,14 days ago
Chartered Accountant (CA) – Part-Time (Remote),United Elite Company      -,"Cairo, Egypt ","Accounting, Chartered Accountant, Finance, Financial Analysis, AP, IFRS, VAT",Remote,Part Time,Experienced,Confidential,14 days ago
Digital Marketing Specialist,مصنع العمران المتقن للمنتجات الاسمنتيه -,"Cairo, Egypt ","Communication, Digital Marketing, E-Marketing, Management, Marketing, SEM, SEO",Remote,Full Time,Experienced,Confidential,14 days ago
Senior HVAC Design Engineer,ECE -,"Heliopolis, Cairo, Egypt ","Mechanical Engineering, Design, HVAC",On-site,Full Time,Experienced,Confidential,14 days ago
Firefighter Design Engineer,ARCANIOS  -,"Obour City, Cairo, Egypt ","Engineering, HVAC, Firefighting, Mechanical Engineering, AutoCAD, MS Office, Computer Science",On-site,Full Time,Experienced,Confidential,14 days ago
Sales Executive – Wedding & Events,Beau Jardin Venues -,"Sheikh Zayed, Giza, Egypt ","Client Relationships, Communication, CRM, Customer Service, Hospitality, Indoor Sales, Negotiation",On-site,Full Time,Experienced,Confidential,14 days ago
Oracle EBS HEMS techno. functional consultant,WSC -,"Giza, Egypt ","Computer Science, EBS, Oracle, Oracle EBS, Functional Consulting, Technical Consulting, System Integration, Business Analysis, Requirements Gathering",Hybrid,Full Time,Experienced,Confidential,14 days ago
Oracle EBS tech. consultant,WSC -,"Giza, Egypt ","Oracle EBS, Oracle, EBS, SQL, PL/SQL, Technical Consulting, System Integration, Data Migration, Requirements Gathering",Hybrid,Full Time,Experienced,Confidential,14 days ago
Fire Alarm Design Engineer,ARCANIOS  -,"Obour City, Cairo, Egypt ","Fire Alarm, Engineering, Electrical Engineering, Fire Safety, AutoCAD, IBC, NFPA Codes",On-site,Full Time,Experienced,Confidential,14 days ago
Sales Manager for CNC Machines - Laser Machines - Pipe Production Lines,ElMasa Group -,"6th of October, Giza, Egypt ","CNC, CNC Machines, Mechanical Engineering, Production, Sales, Engineering, Machines, Administration, Mechanical",On-site,Full Time,Manager,Confidential,14 days ago
Inventory Controller,MATGR For Engineering And Trading -,"New Cairo, Cairo, Egypt ","Inventory Management, Warehouse Operations, ERP Software",On-site,Full Time,Experienced,Confidential,14 days ago
Sales Specialist,Aton Crops for Agriculture and Export -,"Sheraton, Cairo, Egypt ","Sales Target, Negotiation, Communication, CRM, Customer Service, Management, Sales",On-site,Full Time,Entry Level,Confidential,14 days ago
Cost And General Accountant.,Aton Crops for Agriculture and Export -,"Maadi, Cairo, Egypt ","Cost Accounting, ERP, Cost Control, Accounting, Finance, Financial Analysis, Financial Management, Budgeting, Financial Reporting",On-site,Full Time,Experienced,Confidential,14 days ago
Property Consultant,Cred Developments -,"Cairo, Egypt ","Customer Service, Sales Target, Sales, Communication, CRM, Microsoft Office, Negotiation, Real Estate",On-site,Full Time,Entry Level,Confidential,14 days ago
Technical Office Engineer,ElMasa Group -,"Giza, Egypt ","Engineering, Information Technology (IT), Technical Office, Computer Science, Microsoft Office, AutoCAD, Mechanical, Production, SolidWorks",On-site,Full Time,Experienced,Confidential,14 days ago
Senior Site Architectural Engineer,Alfa Laboratories -,"Mohandessin, Giza, Egypt ","Engineering, Civil Engineering, civil design, Site Engineering, Architecture, AutoCAD, Construction, Microsoft Office",On-site,Full Time,Experienced,Confidential,14 days ago
Content Creator,Semak -,"Dokki, Giza, Egypt ","Marketing, Writing, Research, SEO, Social Media, Creative, WordPress, Content Creation, Content Writing",On-site,Full Time,Experienced,Confidential,14 days ago
Junior IT Infrastructure Engineer,Dtec   -,"Heliopolis, Cairo, Egypt ","Data Center Infrastructure, Enterprise Network Infrastructure., Structured Cabling Systems (CommScope, Panduit, Leviton, or equivalent)., LAN Infrastructure, Network Switches, Basic Network Troubleshooting, Ability to Work On-site, Willingness to Travel., Teamwork & Communication Skills.",On-site,Full Time,Experienced,Confidential,14 days ago
Senior Product Owner,3S Software -,"Nasr City, Cairo, Egypt ","Product Ownership, Agile, Scrum, Requirements Gathering, User Stories, BRD, Backlog Management",Hybrid,Full Time,Experienced,Confidential,14 days ago
Automotive Retail Sales Manager,Confidential -,"Mohandessin, Giza, Egypt ","Communication, Customer Service, Management, Leadership, Retail, Sales, Sales Target",On-site,Full Time,Manager,Confidential,14 days ago
Sales Specialist - IT - Alexandria Sidi Gaber,B.TECH -,"Sidi Gaber, Alexandria, Egypt ","Sales, Sales Target, Stock Accuracy, Marketing, Products Safety, Stock Control, Maintenance, Invoicing",On-site,Full Time,Entry Level,Confidential,14 days ago
Sales Specialist - IT - Suez,B.TECH -,"Suez, Suez, Egypt ","Sales, Sales Target, Stock Accuracy, Marketing, Products Safety, Stock Control, Maintenance, Invoicing",On-site,Full Time,Entry Level,Confidential,14 days ago
Learning & Development (L&D) Manager,Confidential -,"Agouza, Giza, Egypt ","Communication, Human Resources (HR), Learning Management System (LMS), Training, Curriculum Development, Instructional Design, Performance Management, Talent Development, Organizational Development",On-site,Full Time,Manager,Confidential,14 days ago
Steel Structural Design Engineer,Gazala Steel Fabrication GSF -,"New Cairo, Cairo, Egypt ","Steel Structural Design Engineer, Steel, Structural Design, Design, Civil Engineering, AutoCAD, Engineering",On-site,Full Time,Experienced,Confidential,14 days ago
Operation Coordinator,ODZ OUTFIT -,"Cairo, Egypt ","Administration, Microsoft Office, Logistics, Microsoft Excel, Inventory Management, Warehouse Operations, Order Processing",On-site,Full Time,Entry Level,Confidential,14 days ago
Project Engineer,OTAK Trading & Contracting -,"New Cairo, Cairo, Egypt ","Engineering, Project Management",On-site,Full Time,Experienced,Confidential,14 days ago
Fresh sales agent (real estate broker),The Address Investments for Real Estate Consultancy -,"New Cairo, Cairo, Egypt ","Sales, Real Estate, Sales Target, Customer Service, Marketing, Negotiation, Property, Communication",On-site,Full Time,Entry Level,Confidential,14 days ago
Junior Business Automation & Zoho Consultant,IT Pillars -,"Nasr City, Cairo, Egypt ","Business Administration, ERP, Zoho, Business Process Automation, Workflow Automation, Business Analysis, JSON, SQL",On-site,Full Time,Entry Level,Confidential,14 days ago
Technical Sales Engineer,Trag International -,"Sheraton, Cairo, Egypt ","Pharma, Sales, Machinery",On-site,Full Time,Experienced,Confidential,14 days ago
Marketing & Business Development Intern,optimatech for technical solutions -,"Wosta, Beni Suef, Egypt ","Marketing, Sales, Business Development, Development, Lead Generation, Digital Marketing, Market Research",Remote,Internship,Entry Level,Confidential,14 days ago
CRM Specialist,Aton Crops for Agriculture and Export -,"Maadi, Cairo, Egypt ","CRM Software, Customer Service, Sales Strategy, Data Analysis, Team Leadership, Communication Skills, Problem-Solving, Process Improvement, Reporting",On-site,Full Time,Entry Level,Confidential,14 days ago
French Customer Services Agent - Multinational Company,RISEUP (Endemag for Administrative Skills Development) -,"Maadi, Cairo, Egypt ","Call Center, French, Customer Service, Customer Support, Agent, Customer Care, English",On-site,Full Time,Entry Level,Confidential,14 days ago
Middle Golang Developer,Vertex Technologies  -,"Cairo, Egypt ","Golang, Backend Development, Git, Problem Solving, Team Collaboration, SQL, English B2, Web Development, Scalable Applications",On-site,Full Time,Experienced,Confidential,14 days ago
General Accountant,Soudanco  -,"Zohour, Port Said, Egypt ","Accounting, Finance, Financial Analysis, Financial Management",On-site,Full Time,Experienced,Confidential,14 days ago
B2B Sales Specialist,Timedoor Academy -,"Cairo, Egypt ","B2B, B2B Sales, Marketing, Sales, Communication, Business Administration, Customer Service, Lead Generation",On-site,Full Time,Entry Level,Confidential,14 days ago
Senior IT Infrastructure Site Engineer,Dtec   -,"Heliopolis, Cairo, Egypt ","ICT Infrastructure, Structured Cabling, Fiber Optic Cabling, UTP Networks, Low Current Systems (LC), Data Center Infrastructure, Site Supervision, Project Coordination, Engineering Drawings Review",On-site,Full Time,Experienced,Confidential,14 days ago
Sales Engineer (Light Current Systems),3S Software -,"Nasr City, Cairo, Egypt ","Light Current, CCTV System, Access Control, Fire Alarm Systems, Security Systems, Sales Engineering, Technical Sales, Solution Design",On-site,Full Time,Entry Level,Confidential,14 days ago
Silo Storage Solutions Sales Manager,FAMSUN Egypt Industry S.A.E -,"New Cairo, Cairo, Egypt ","Sales, Sales Target, Storage",On-site,Full Time,Manager,Confidential,14 days ago
Senior Sales Operations Specialist,Billqode -,"Sheraton, Cairo, Egypt ","Sales, Sales Operations, Sales Target, CRM, Business Administration, Administration, Customer Service, Management",On-site,Full Time,Experienced,Confidential,14 days ago
AI Engineer,MEAHCO - Saudi German Health -,"Katameya, Cairo, Egypt ","AI, Computer Science, Information Technology (IT), ●	Programming & Software Engineering, ●	Deep Learning Frameworks",On-site,Full Time,Experienced,Confidential,14 days ago
Senior Tax Accountant,MMA accounting office -,"Heliopolis, Cairo, Egypt ","Accounting, Finance, Financial Management, Financial Analysis, Tax Accounting, CMA, CPA, Tax Analysis, Tax Preparer",On-site,Full Time,Experienced,Confidential,14 days ago
Senior Vat Accountant,MMA accounting office -,"Heliopolis, Cairo, Egypt ","Accounting, Finance, Financial Management, Financial Analysis, Tax Accounting, CMA, CPA, Tax Analysis, Tax Preparer",On-site,Full Time,Experienced,Confidential,14 days ago
Investor Relations Associate,Semak -,"Dokki, Giza, Egypt ","Business Development, Investor Relations, Investment Management, Investment Analysis, ROI, corporate finance, Strategic Planning, Business Valuation",On-site,Full Time,Experienced,Confidential,14 days ago
Odoo ERP Implementer,K Line Europe -,"Cairo, Egypt ","Computer Science, Information Technology (IT), Odoo, Odoo ERP, ERP",Remote,Full Time,Experienced,Confidential,14 days ago
Organizational Development Specialist,MCV - Obour -,"Obour City, Cairo, Egypt ","Microsoft Excel, Organizational Development, Business Administration, Business Development, Communication, Development, Marketing, OD",On-site,Full Time,Experienced,Confidential,14 days ago
Odoo ERP Developer,K Line Europe -,"Cairo, Egypt ","Computer Science, ERP, Information Technology (IT), Odoo, Odoo ERP, Software Development",Remote,Full Time,Experienced,Confidential,14 days ago
Digital Marketing Specialist,Confidential -,"Luxor, Luxor, Egypt ","Digital Marketing, Social Media, Media Buying, E-Marketing, Google Analytics, Communication, Marketing, Web Analytics",On-site,Full Time,Experienced,Confidential,14 days ago
Senior Sales Associate - Garden 8,Azza Fahmy Jewellery -,"New Cairo, Cairo, Egypt ","Customer Service, Sales",On-site,Full Time,Experienced,Confidential,14 days ago
Talent Acquisition Manager,Confidential -,"Agouza, Giza, Egypt ","Human Resources (HR), Recruitment, Talent Acquisition, Interviewing, Candidate Sourcing, Applicant Tracking Systems (ATS), Onboarding, Performance Management",On-site,Full Time,Manager,Confidential,14 days ago
Mid-Level Cloud Native Engineer,Confidential -,"Maadi, Cairo, Egypt ","Helm, Argo CD, Computer Science, Istio, Git, Information Technology (IT), Linux, Cilium, Ceph",On-site,Full Time,Experienced,Confidential,14 days ago
People & Culture Manager,Ninos Kids Wear  -,"Maadi, Cairo, Egypt ","Management, People Management, Administration, Business Administration, Communication, Customer Service, Leadership",On-site,Full Time,Manager,Confidential,14 days ago
Senior Talent Acquisition Specialist,MK Enterprise -,"Downtown, Cairo, Egypt ","Talent Acquisition, Recruitment Strategy, Team Leadership, Interviewing, Sourcing, Employer Branding, Communication, Analytical Thinking, Negotiation",On-site,Full Time,Experienced,Confidential,14 days ago
Senior Tax Accountant.,Burger King -,"Heliopolis, Cairo, Egypt ","Accounting, Finance, Financial Analysis, Tax, Financial Management, •	Development, •	Sub Franchisee, •	Auditor, Financial",On-site,Full Time,Senior Management,Confidential,14 days ago
Agricultural / Farm Manager,Confidential -,"Wadi Alnatrun, Beheira, Egypt ","Agriculture, Management, Production, Crop Management, Livestock Management, Farm Operations, Budgeting, Team Leadership, Supply Chain Management",On-site,Full Time,Manager,Confidential,14 days ago
Foreign Purchasing Specialist,Unistar   -,"Badr City, Cairo, Egypt ","Foreign Purchasing, Logistics, Procurement, Purchasing, Supply Chain, Shipping, ERP",On-site,Full Time,Experienced,Confidential,14 days ago
Import Cost Accountant,AlShrouk Paper -,"Alsadat City, Monufya, Egypt ","Accounting, Cost Accounting, Finance, Financial Reporting, Inventory Management, ERP Systems, Data Analysis, Auditing, Microsoft Excel",On-site,Full Time,Experienced,Confidential,14 days ago
Fresh Sales Person (Real Estate),The Address Investments for Real Estate Consultancy -,"New Cairo, Cairo, Egypt ","Real Estate, Sales, Sales Target, Communication, Customer Service, Marketing, Negotiation, Property, Training",On-site,Full Time,Entry Level,Confidential,14 days ago
Customer Service Specialist,GEMMA -,"Haram, Giza, Egypt ","Analysis, Communication, Customer Service, Customer Support, Sales, CRM, Customer Care, Team Leadership, Conflict Resolution",On-site,Full Time,Experienced,Confidential,14 days ago
People & Culture Manager,Ninos Kids Wear  -,"Maadi, Cairo, Egypt ","Management, People Management, Administration, Business Administration, Communication, Customer Service, Leadership",On-site,Full Time,Manager,Confidential,14 days ago
Senior Talent Acquisition Specialist,MK Enterprise -,"Downtown, Cairo, Egypt ","Talent Acquisition, Recruitment Strategy, Team Leadership, Interviewing, Sourcing, Employer Branding, Communication, Analytical Thinking, Negotiation",On-site,Full Time,Experienced,Confidential,14 days ago
Senior Tax Accountant.,Burger King -,"Heliopolis, Cairo, Egypt ","Accounting, Finance, Financial Analysis, Tax, Financial Management, •	Development, •	Sub Franchisee, •	Auditor, Financial",On-site,Full Time,Senior Management,Confidential,14 days ago
Agricultural / Farm Manager,Confidential -,"Wadi Alnatrun, Beheira, Egypt ","Agriculture, Management, Production, Crop Management, Livestock Management, Farm Operations, Budgeting, Team Leadership, Supply Chain Management",On-site,Full Time,Manager,Confidential,14 days ago
Foreign Purchasing Specialist,Unistar   -,"Badr City, Cairo, Egypt ","Foreign Purchasing, Logistics, Procurement, Purchasing, Supply Chain, Shipping, ERP",On-site,Full Time,Experienced,Confidential,14 days ago
Import Cost Accountant,AlShrouk Paper -,"Alsadat City, Monufya, Egypt ","Accounting, Cost Accounting, Finance, Financial Reporting, Inventory Management, ERP Systems, Data Analysis, Auditing, Microsoft Excel",On-site,Full Time,Experienced,Confidential,14 days ago
Fresh Sales Person (Real Estate),The Address Investments for Real Estate Consultancy -,"New Cairo, Cairo, Egypt ","Real Estate, Sales, Sales Target, Communication, Customer Service, Marketing, Negotiation, Property, Training",On-site,Full Time,Entry Level,Confidential,14 days ago
Customer Service Specialist,GEMMA -,"Haram, Giza, Egypt ","Analysis, Communication, Customer Service, Customer Support, Sales, CRM, Customer Care, Team Leadership, Conflict Resolution",On-site,Full Time,Experienced,Confidential,14 days ago
Treasury Accountant-Alex,Egyptian Abrasives Co. -,"Alexandria, Egypt ","Treasury Accounting, Accounting, Finance, Financial Analysis",On-site,Full Time,Entry Level,Confidential,14 days ago
Architect Tender Engineer,RAQMU for Building and Construction  -,"Cairo, Egypt ","Architecture, Engineering, Tendering, Pricing, Construction Field, Technical Office Engineering, Revit, AutoCAD, Cost Estimation",On-site,Full Time,Experienced,Confidential,14 days ago
Sample Room Planning Specialist (Garment Section),Rubyred Garment -,"Bourj Alarab, Alexandria, Egypt ","Design Patterns, Pattern Making, sample",On-site,Full Time,Entry Level,Confidential,14 days ago
Senior UI/UX Designer (B2C Apps & Platforms)-Remote,Taa Consultancy -,"Madinaty, Cairo, Egypt ","Computer Science, Information Technology (IT), UI/UX, UX, UI",Remote,Full Time,Experienced,Confidential,14 days ago
DevOps Technical Lead,Link Development -,"Maadi, Cairo, Egypt ","DevOps, Computer Science, Cloud, AWS, Azure, Information Technology (IT), Management, Software Development, Jenkins",Hybrid,Full Time,Experienced,Confidential,14 days ago
IT Manager,Confidential -,"10th of Ramadan City, Sharqia, Egypt ","Network Administration, Infrastructure Management, Windows Server, Active Directory, Microsoft Office 365, Vmware, Hyper-V, TCP/IP",On-site,Full Time,Manager,Confidential,14 days ago
Electrical Engineer,Smart Villages Development & Managment Company -,"Abu Rawash, Giza, Egypt ","Electrical Engineering, Electrical, Electrical Construction, Engineering, Structure, Maintenance Engineering, Technical Office Engineering",On-site,Full Time,Experienced,Confidential,14 days ago
Lead Generation Specialist (Sales Development Representative),Trust Information Technology   -,"6th of October, Giza, Egypt ","Lead Generation, Sales Prospecting, CRM Management, B2B Sales, Market Research, Communication, Relationship Building, Business Development",Hybrid,Full Time,Experienced,Confidential,14 days ago
IT Sales Executive - ManageEngine,Trust Information Technology   -,"6th of October, Giza, Egypt ","business, B2B, IT, Sales, Sales Executive, Sales Target, sales skills",On-site,Full Time,Experienced,Confidential,14 days ago
IT Specialist - ManageEngine,Trust Information Technology   -,"6th of October, Giza, Egypt ","Active Directory, Networking, ITIL, Information Technology (IT)",On-site,Full Time,Entry Level,Confidential,14 days ago
Senior Business Development,A-part Auto -,"Katameya, Cairo, Egypt ","Business Development, Communication, Negotiation, Analytical Skills, Sales Strategy, Market Research, Client Relationship Management, Lead Generation",On-site,Full Time,Experienced,Confidential,14 days ago
Executive Secretary,Resource options  -,"Zamalek, Cairo, Egypt ","Microsoft Office, Communication, English Education, Digital Marketing, Social Media, Office Management, Administration, Microsoft Excel",On-site,Full Time,Experienced,Confidential,14 days ago
Housekeeping Manager,Wadi Degla Clubs  -,"Cairo, Egypt ","Managing People., Managing Resources, Customer Oriented, Logical Reasoning, Collaboration, Safety Management, Cleaning Equipment Operation",On-site,Full Time,Manager,Confidential,14 days ago
Sales Engineer – Panel Builder (LV & MV),Confidential -,"Heliopolis, Cairo, Egypt ","Electrical Engineering, Sales, Power Distribution, Low Voltage, Medium Voltage",On-site,Full Time,Entry Level,Confidential,14 days ago
Design Junior Engineer (ID Department),Confidential -,"New Cairo, Cairo, Egypt ","Architecture, Design, Interior Design",On-site,Full Time,Entry Level,Confidential,14 days ago
Head of Customer Accounts Department,El Shorbagy -,"Qalyub, Qalubia, Egypt ","Accounting, Financial Accounting, Leadership Management, Team Management, Client Relationship Management, Financial Reporting, Budget Management, Risk Management, Strategic Planning",On-site,Full Time,Senior Management,Confidential,14 days ago
Preschool English Teacher- New Academic Year,Trillium Preschool -,"New Cairo, Cairo, Egypt ","Education, Teaching, Preschool, English, School, Montessori, Preschool Teaching, English Teaching",On-site,Full Time,Entry Level,Confidential,14 days ago
Branches Audit Specialist - Greater Cairo and Upper Egypt,"The Micro, Small & Medium Enterprise Development Agency  -","Dokki, Giza, Egypt ","Accounting, Auditing, Branch Management, External Auditing, Reporting",On-site,Full Time,Experienced,Confidential,14 days ago
Fire Prevention & Protection Director,COPACK -,"6th of October, Giza, Egypt ","Police, Safety, Fire Safety, Health, Safety and Environment, Manufacturing, Management, Fire Fighting, Fire Fighting System",On-site,Full Time,Manager,Confidential,14 days ago
Concrete Plant Manager,ORGANI GROUP -,"New Capital, Cairo, Egypt ","Engineering, Management, Production, Finance, Quality Assurance, PMP",On-site,Full Time,Manager,Confidential,14 days ago
Construction Supervision Engineer.,Enppi -,"Cairo, Egypt ","Mechanical Engineering, Mechatronics, Management, Scheduling, Architecture, Civil Engineering, Construction, Construction Management, Engineering",On-site,Full Time,Experienced,Confidential,14 days ago
Senior Graphic Designer,FRIDAL -,"6th of October, Giza, Egypt ","Graphic Design, Graphic, Adobe Photoshop, Adobe illustrator, graphics, Fine Arts, photoshop",On-site,Full Time,Experienced,Confidential,14 days ago
Software Engineering Specialist – Cloud Dynamics 365 CRM and Power Platform,Link Development -,"Maadi, Cairo, Egypt ","CRM, Dynamics 365, Power Platform., Computer Engineering, Computer Science, DevOps, Engineering, Design, Information Technology (IT)",Hybrid,Full Time,Experienced,Confidential,14 days ago
HR Specialist,ElBattat Steel -,"Damanhour, Beheira, Egypt ","Microsoft Office 365, Communication, Business Administration, Administration, Human Resources, HR, Human Resources (HR), Microsoft Office, Personnel",On-site,Full Time,Experienced,Confidential,14 days ago
Senior Software Sales Specialist,Our Education -,"Maadi, Cairo, Egypt ","Sales, Software Sales, Business Development, Sales Target, English, Software, Customer Service, Information Technology (IT)",On-site,Full Time,Experienced,Confidential,14 days ago
Product Owner,Softxpert Incorporation  -,"Bolkly, Alexandria, Egypt ","Agile process, Agile, Communication, Product Onwer, Business Analyst, User Stories, PO, Management",Hybrid,Full Time,Entry Level,Confidential,14 days ago
Software Quality Control Engineer.,Softxpert Incorporation  -,"Alexandria, Egypt ","Computer Science, QC, QA, Quality Control, Quality Assurance, Software Development, ISTQB",Hybrid,Full Time,Entry Level,Confidential,14 days ago
Project Engineer,Egypro FME -,"Maadi, Cairo, Egypt ","Engineering, Project, Project Management, Mechanical Engineering, Mechanical, Electrical, and Plumbing (MEP)",On-site,Full Time,Experienced,Confidential,14 days ago
Marketing Manager B2C,Menthum -,"Maadi, Cairo, Egypt ","Marketing, Marketing Campaigns, Planning, Market Research, Advertising, Sales, Social Media",On-site,Full Time,Manager,Confidential,14 days ago
Senior Internal Projects Engineer,ICON Holding -,"Helwan, Cairo, Egypt ","Engineering, Project Management, Projects, AutoCAD, Communication, Computer Science, Construction, Information Technology (IT)",On-site,Full Time,Experienced,Confidential,14 days ago
IT Technical Support,PICO -,"Mohandessin, Giza, Egypt ","Information Technology (IT), Communication, Computer Science, Technical Support",On-site,Full Time,Entry Level,Confidential,14 days ago
Quality Supervisor,Emkay Foods  -,"Abu Rawash, Giza, Egypt ","Quality Control, Quality Assurance, Food Production, Food Processing, Food Manufacturing, Food Safety Management System, Food Hygiene",On-site,Full Time,Experienced,Confidential,14 days ago
Senior Architect / Interior Designer,Life Theme -,"New Cairo, Cairo, Egypt ","Architecture, AutoCAD, Design, Interior Design, Planning, Visualization, 3ds Max",On-site,Full Time,Experienced,Confidential,15 days ago
Renewable Energy Engineer,Renewable Energy Pros -,"New Cairo, Cairo, Egypt ","Energy Storage Modeling, Renewable Energy Technologies, Electrical Engineering, English, Python, PVsyst, Power Engineering",On-site,Full Time,Entry Level,Confidential,15 days ago
EHS Specialist,Confidential -,"Alsadat City, Monufya, Egypt ","HSE Management, Health, Safety and Environment, EHS Management, Power BI, ISO 45001, ISO 14001, OSHA, Manufacturing, Engineering",On-site,Full Time,Experienced,Confidential,15 days ago
Digital Marketing specialist,Riyada -,"Maadi, Cairo, Egypt ","Digital Marketing, Social Media Management, Content Creation & Copywriting, Marketing Campaign Management, Market Research, Adobe Photoshop / Illustrator (Preferred), Canva (Required), AI Tools  (Preferred)",On-site,Full Time,Experienced,Confidential,15 days ago
HR Specialist.,Confidential -,"Alsadat City, Monufya, Egypt ","Human Resources Management, Employee Relations, Recruitment and Talent Acquisition, Performance Management, HR Systems, HRM, Microsoft Office suite, SAP, Business Administration",On-site,Full Time,Experienced,Confidential,15 days ago
Foreign Procurement Specialist,Sphinx Glass -,"Alsadat City, Monufya, Egypt ","Purchasing, Procurement, Engineering, ERP, Industrial, Manufacturing, Supply Chain",On-site,Full Time,Experienced,Confidential,15 days ago
Administrative Assistant,RISEUP (Endemag for Administrative Skills Development) -,"Maadi, Cairo, Egypt ","Administration, Office management, Microsoft Office, Microsoft Excel, Communication, Vendor Management, Construction, AI, Administrative Affairs",Hybrid,Full Time,Experienced,Confidential,15 days ago
Transition Specialist,Etisalat Egypt -,"Cairo, Egypt ","Microsoft Office 365, Transition, Business English, Communication, Stakeholders",On-site,Full Time,Entry Level,Confidential,15 days ago
General Accountant,Wham Clinics  -,"San Stefano, Alexandria, Egypt ","Accounts Payable and Receivable, Financial Reporting, Problem Solving, Time Management",On-site,Full Time,Experienced,Confidential,15 days ago
Telecom Engineer,Confidential -,"Abu Rawash, Giza, Egypt ","Installations, Systems Integration, Commissioning, Configuration, Engineering, Telecom, Telecommunication, Telecom Engineering",On-site,Full Time,Experienced,Confidential,15 days ago
Sales Representative,Orion Productions -,"Hurghada, Red Sea, Egypt ","Sales, Business Development, Lead Generation, Client Acquisition, Cold Calling, Negotiation, Closing Deals",On-site,Full Time,Entry Level,Confidential,15 days ago
Executive Office Secretaria,Aton Crops for Agriculture and Export -,"Maadi, Cairo, Egypt ","Administration, Communication, Management, Microsoft Office, Office management, Front Office, Office Management",On-site,Full Time,Entry Level,Confidential,15 days ago
Social Media Specialist,asquared -,"New Cairo, Cairo, Egypt ","Marketing, Social Media, Content Creation",On-site,Full Time,Entry Level,Confidential,15 days ago
Medical Sales Representative,Therapy Botanical -,"Cairo, Egypt ","Customer Service, Sales, Sales Target, Medical, Sales Field, Outdoor Sales, Indoor Sales",On-site,Full Time,Experienced,Confidential,15 days ago
Sales Account Executive,الديناري للدعايا و الاعلان -,"Cairo, Egypt ","Sales Field, Client Relationship Management, Client Acquisition, Communication, Advertising, Customer Service, Digital Marketing, Marketing, Microsoft Office",On-site,Full Time,Experienced,Confidential,15 days ago
Social Media Manager,realme -,"Nasr City, Cairo, Egypt ","Social Media, Content Creation, Instagram, TikTok, LinkedIn, Design, Data Analysis, Communication",On-site,Full Time,Manager,Confidential,15 days ago
Sales Manager,مجموعة شركات النماء لحلول الاعمال التنفيذية وتنمية دخول الافراد -,"6th of October, Giza, Egypt ","Customer Service, Sales Target, Sales, Indoor Sales, Sales Field, Sales Plan, Sales Planning",On-site,Full Time,Manager,Confidential,15 days ago
Quality Assurance Manager,GB Corp -,"Suez, Egypt ","Quality Assurance, Automobile Engineering, Engineering, quality manager, Industrial Engineering, Manufacturing, Mechanical",On-site,Full Time,Manager,Confidential,15 days ago
Senior Customer Service Specialist - Sales Admin,National Electricity Technology Co. -,"10th of Ramadan City, Sharqia, Egypt ","Customer Service, Customer Support, Customer Care, Sales, CRM, Management, Microsoft Office",On-site,Full Time,Experienced,Confidential,15 days ago
Graphic Designer,Elvan Egypt -,"Alsadat City, Monufya, Egypt ","Adobe illustrator, Design, Graphic Design, Adobe Photoshop, Packaging, 3D Design",On-site,Full Time,Experienced,Confidential,15 days ago
Social Media Specialist,asquared -,"New Cairo, Cairo, Egypt ","Marketing, Social Media, Content Creation",On-site,Full Time,Entry Level,Confidential,15 days ago
Medical Sales Representative,Therapy Botanical -,"Cairo, Egypt ","Customer Service, Sales, Sales Target, Medical, Sales Field, Outdoor Sales, Indoor Sales",On-site,Full Time,Experienced,Confidential,15 days ago
Sales Account Executive,الديناري للدعايا و الاعلان -,"Cairo, Egypt ","Sales Field, Client Relationship Management, Client Acquisition, Communication, Advertising, Customer Service, Digital Marketing, Marketing, Microsoft Office",On-site,Full Time,Experienced,Confidential,15 days ago
Social Media Manager,realme -,"Nasr City, Cairo, Egypt ","Social Media, Content Creation, Instagram, TikTok, LinkedIn, Design, Data Analysis, Communication",On-site,Full Time,Manager,Confidential,15 days ago
Sales Manager,مجموعة شركات النماء لحلول الاعمال التنفيذية وتنمية دخول الافراد -,"6th of October, Giza, Egypt ","Customer Service, Sales Target, Sales, Indoor Sales, Sales Field, Sales Plan, Sales Planning",On-site,Full Time,Manager,Confidential,15 days ago
Quality Assurance Manager,GB Corp -,"Suez, Egypt ","Quality Assurance, Automobile Engineering, Engineering, quality manager, Industrial Engineering, Manufacturing, Mechanical",On-site,Full Time,Manager,Confidential,15 days ago
Senior Customer Service Specialist - Sales Admin,National Electricity Technology Co. -,"10th of Ramadan City, Sharqia, Egypt ","Customer Service, Customer Support, Customer Care, Sales, CRM, Management, Microsoft Office",On-site,Full Time,Experienced,Confidential,15 days ago
Graphic Designer,Elvan Egypt -,"Alsadat City, Monufya, Egypt ","Adobe illustrator, Design, Graphic Design, Adobe Photoshop, Packaging, 3D Design",On-site,Full Time,Experienced,Confidential,15 days ago
Sales Engineer,Power Capital -,"Obour City, Cairo, Egypt ","Engineering, Sales Target, B2B Sales, Customer Service, Sales Planning, Solar Energy, Solar Photovoltaic (PV)",On-site,Full Time,Experienced,Confidential,15 days ago
Workshop Section Head,Al-Amal Al-sharif For Plastic -,"10th of Ramadan City, Cairo, Egypt ","Mechanical Engineering, Workshop  engineer, steel fabrication, CNC Programming, Leadership, Team management, Fabrication Workshop, Steel Fabrication, Welding Operations",On-site,Full Time,Manager,Confidential,15 days ago
After-Sales Operations Engineer,Midea Group -,"Cairo, Egypt ","Communication skills, Engineering, English, Microsoft Excel, Customer Service, After-sales, After Sales, Service Center",On-site,Full Time,Experienced,Confidential,15 days ago
Deputy Manager,Wham Clinics  -,"Sheikh Zayed, Giza, Egypt ","Management, Sales",On-site,Full Time,Manager,Confidential,15 days ago
Technical Support Engineer (Home Appliances),Midea Group -,"Cairo, Egypt ","Communication skills, English, Technical Support, Home Appliances, Repair Orders, Technical Training, Microsoft Excel, Communication",On-site,Full Time,Experienced,Confidential,15 days ago
B2B Account Manager IT Hardware,B.TECH -,"Nasr City, Cairo, Egypt ","B2B Sales, Account Management, Negotiation, Presentation Skills, Sales, Sales Target, B2B, Business Administration, Communication",On-site,Full Time,Experienced,Confidential,15 days ago
Senior HR Generalist,Confidential -,"15th May City, Cairo, Egypt ","HR, Human Resources (HR), Recruitment, Human Resources, Management, Microsoft Office, Personnel",On-site,Full Time,Experienced,Confidential,15 days ago
Real Estate Agent,Baytex Real Estate -,"Alexandria, Egypt ","Real Estate, Sales, Sales Target, Negotiation, Client Relationship Management, Market Analysis, Communication, Persuasion, Problem-solving",On-site,Full Time,Entry Level,Confidential,15 days ago
Technical Office Architect,fame for trading and contracting co. -,"Agouza, Giza, Egypt ","Architecture, AutoCAD, Communication skills, Construction, Engineering, photoshop, Microsoft Office, Communication, Technical Office",On-site,Full Time,Experienced,Confidential,15 days ago
B2B Sales Supervisor,Confidential -,"Cairo, Egypt ","Sales Target, Sales, CRM, Communication, B2B Sales",On-site,Full Time,Experienced,Confidential,15 days ago
Infrastructure Engineer,National technology group -,"6th of October, Giza, Egypt ","IT Infrastructure Management, Network Administration",Hybrid,Full Time,Experienced,Confidential,15 days ago
Senior Sales Project Engineer,Prime Group  -,"Nasr City, Cairo, Egypt ","Engineering, Project, Sales",On-site,Full Time,Senior Management,Confidential,15 days ago
Senior Business Development Manager,Grafen Group  -,"New Cairo, Cairo, Egypt ","B2B, Business Development, Development, Retail, Sales, Communication, Marketing",On-site,Full Time,Experienced,Confidential,15 days ago
Finance Director (Accounting & Finance | Strategic Financial Leadership),International Capital Company For Education -,"New Capital, Cairo, Egypt ","Accounting, Finance, Financial, Financial Analysis, Financial Management, Leadership",On-site,Full Time,Senior Management,Confidential,15 days ago
Stock Controller,Gest For Metals  -,"10th of Ramadan City, Sharqia, Egypt ","Stock Control, Stock",On-site,Full Time,Experienced,Confidential,15 days ago
Accountant,Confidential -,"Smart Village, Giza, Egypt ","Accounting, Finance, Financial Management, MS Excel, General Ledger",On-site,Full Time,Entry Level,Confidential,15 days ago
Factory Manager,Gest For Metals  -,"10th of Ramadan City, Sharqia, Egypt ","Manufacturing Management, Engineering, Manufacturing, Management, Production, Operations, Leadership",On-site,Full Time,Senior Management,Confidential,15 days ago
Technical Office Electrical Engineer,Khater Sports Group -,"Nasr City, Cairo, Egypt ","AutoCAD, Electrical Engineering, Technical Office, Design Review, Project Coordination, Problem Solving, Attention to Detail, Communication Skills",On-site,Full Time,Experienced,Confidential,15 days ago
Export Sales Manager (Steel & Metal Products),Confidential -,"Qalubia, Egypt ","Sales, Steel, Sales Target, Export, Export Sales, International Business Development, Salesforce, Target",On-site,Full Time,Manager,Confidential,15 days ago
Customer Service / Real Estate,Emarcom Group Developments -,"6th of October, Giza, Egypt ","Communication, Customer Care, Customer Service, Customer Support, Real Estate, Sales, Management",On-site,Full Time,Experienced,Confidential,15 days ago
Senior Sales Executive (B2B SaaS),DatanInfo -,"New Nozha, Cairo, Egypt ","B2B Sales, Business Development, Senior Sales Executive, Sales, SaaS, B2B, Lead Generation, Prospecting",On-site,Full Time,Experienced,Confidential,15 days ago
International Sales Associate,Renewable Energy Pros -,"New Cairo, Cairo, Egypt ","Sales Strategy, Digital Marketing, Business Development, CRM Software, Market Research, Client Relationship Management, Renewable Energy Knowledge",On-site,Full Time,Experienced,Confidential,15 days ago
Electronics Maintenance Engineer,Hi Tech textile Egypt -,"Ameria, Alexandria, Egypt ","Electronics, Electronics Maintenance, Maintenance, Troubleshooting, Electrical Systems, Mechanical Systems, Preventive Maintenance, Corrective Maintenance, Circuit Analysis",On-site,Full Time,Experienced,Confidential,15 days ago
Sales Engineer (Renewable Energy),Renewable Energy Pros -,"New Cairo, Cairo, Egypt ","Sales, Business Development, Communication Skills, Marketing, English, CRM, Customer Relationship Management",On-site,Full Time,Entry Level,Confidential,15 days ago
Technical Support Specialist,Orion -,"Madinaty, Cairo, Egypt ","Technical Support, computer hardware, software applications",On-site,Full Time,Experienced,Confidential,15 days ago
Parts Advisor,Mopars Garage -,"Giza, Egypt ","Administration, Accounting, Sales, Sales Field, Engineering Services, Logistics, Indoor Sales",On-site,Full Time,Experienced,Confidential,15 days ago
French Preschool Teacher - Elsheikh Zayed,Innovvette for Education -,"6th of October, Giza, Egypt ","Early Childhood, french, Preschool, Education, children, Teaching, Nursery",On-site,Full Time,Entry Level,Confidential,15 days ago
Toddlers English Co-Teacher,Innovvette for Education -,"6th of October, Giza, Egypt ","Lesson Planning, Team Collaboration, English Language Proficiency, Communication, Early Childhood Education, Classroom Management, Child Development, Creativity, Problem-Solving",On-site,Full Time,Experienced,Confidential,15 days ago
Preschool French Instructor - Steamulation Hub - Maadi,Innovvette for Education -,"Maadi, Cairo, Egypt ","Early Childhood, french, Preschool, Education, children, Teaching, Nursery",On-site,Full Time,Entry Level,Confidential,15 days ago
Sales Account Manager,8X Egypt -,"Maadi, Cairo, Egypt ","Sales, Sales Skills, Sales Target, Customer Service, Business Administration, CRM, Business, SaaS",On-site,Full Time,Entry Level,Confidential,15 days ago
Automotive Service Advisor,Mopars Garage -,"Cairo, Egypt ","Call Center, Customer Care, Customer Service, Customer Support, Client Support, Technical Support, Automotive Diagnostics",On-site,Full Time,Experienced,Confidential,15 days ago
Operations Manager,Power Fast Eg  -,"Giza, Egypt ","Management, Networks, Startup, Technology, Project, Sales, Microsoft Office",On-site,Full Time,Manager,Confidential,15 days ago
Sales Coordinator,Majestic Pharmaceuticals -,"New Cairo, Cairo, Egypt ","Microsoft Office, Microsoft Excel, Communication, Administration, Customer Service, Sales, Sales Support",On-site,Full Time,Entry Level,Confidential,15 days ago
Site Engineer,IGI-Group -,"6th of October, Giza, Egypt ","AutoCAD, Civil Engineering, Construction, Engineering, Management, Project Management, Quality Control",On-site,Full Time,Experienced,Confidential,15 days ago
Help Desk Specialist,8X Egypt -,"Maadi, Cairo, Egypt ","HelpDesk, Technical Assistance, Technical Support",On-site,Full Time,Entry Level,Confidential,15 days ago
IT Senior Specialist,TAM Environmental Services  -,"New Cairo, Cairo, Egypt ","Information Technology (IT), Computer Science, Software Development",On-site,Full Time,Experienced,Confidential,15 days ago
HR Specialist,Arma-HSA -,"10th of Ramadan City, Sharqia, Egypt ","HR, HR Specialist, Human Resources (HR), Recruitment, Microsoft Office, Accounting, Administration, Business Administration, Human Resources",On-site,Full Time,Entry Level,Confidential,15 days ago
Customer Success Specialist,8X Egypt -,"Maadi, Cairo, Egypt ","Account Management, Sales, Business Development, Software, Business Administration, Sales Skills, Sales Target, Customer Service",On-site,Full Time,Experienced,Confidential,15 days ago
Automotive Mechanical Engineer,Mopars Garage -,"Cairo, Egypt ","Electrical Engineering, Engineering, Maintenance, Mechanical, Mechanical Engineering, Engineering Services, Engineering Field",On-site,Full Time,Experienced,Confidential,15 days ago
General Accountant,Mopars Garage -,"6th of October, Giza, Egypt ","Accounting, Finance, Financial Analysis, Financial Management, Follow Up, Financial Accounting, Microsoft Office suite, Office Tools, Business Administration",On-site,Full Time,Experienced,Confidential,15 days ago
Senior Electrical Engineer,Confidential -,"6th of October, Giza, Egypt ","Electrical Engineering, EPLAN, AutoCAD, Autocad Electrical, Wiring diagrams, Panel design, HVAC Systems, Industrial automation",On-site,Full Time,Experienced,Confidential,15 days ago
Senior Marketing Communication,Billqode -,"Cairo, Egypt ","Advertising, Communication, Market Research, CRM, Marketing, Sales, SEM",On-site,Full Time,Experienced,Confidential,15 days ago
Senior Sales Account Manager,Confidential -,"Cairo, Egypt ","Business Development, Account Management, Customer Service, Customer Support, Indoor Sales, Outdoor Sales, Sales Target",On-site,Full Time,Experienced,Confidential,15 days ago
Sales Manager – Real Estate,Confidential -,"Cairo, Egypt ","Sales, Real Estate, Sales Target, Administration, Business Administration, Communication, Management, Marketing",On-site,Full Time,Manager,Confidential,15 days ago
Supply Chain Engineer,Confidential -,"6th of October, Giza, Egypt ","Logistics, Procurement, Purchasing, Supply Chain, Sheet Metal, HVAC, CNC Machines",On-site,Full Time,Experienced,Confidential,15 days ago
"Operations Manager "" Facility Management Soft Services""",Inertia -,"Mokattam, Cairo, Egypt ","Facility Management, Leadership Management, Vendor Management, Budget Management, Cost Management, Operations Management",On-site,Full Time,Manager,Confidential,15 days ago
Sales Representative,Marinero -,"Obour City, Cairo, Egypt ","Customer Service, Sales, Sales Target, Microsoft Office, Negotiation, Fashion, Communication, Target",On-site,Full Time,Entry Level,Confidential,15 days ago
Automation Test Engineer .,Etisalat Egypt -,"Mohandessin, Giza, Egypt ","Automation, Computer Science, Information Technology (IT), Software Testing, Testing, Selenium, Appium",On-site,Full Time,Entry Level,Confidential,15 days ago
Planning Supervisor,AUG Pharma -,"6th of October, Giza, Egypt ","Planning, Communication, Management, Pharmaceutical, Microsoft Excel, Production, Supply Chain",On-site,Full Time,Experienced,Confidential,15 days ago
Logistic Specialist,Royal Herbs  -,"6th of October, Giza, Egypt ","Supply Chain, Logistics, Inventory Management, Warehouse Operations, Customs Regulations, Transportation Management, Data Entry, Microsoft Office, Problem Solving",On-site,Full Time,Entry Level,Confidential,15 days ago
Sales Executive,Professional Service - Proserv -,"Cairo, Egypt ","B2B Sales, Technical Sales, Chemicals, Sales, Business Development, Customer Service, Communication, Microsoft Office",Hybrid,Full Time,Experienced,Confidential,15 days ago
Account Manager,OPEX Egypt -,"New Cairo, Cairo, Egypt ","Customer Service, Account Management, B2B, B2B Sales, CRM, Management, Microsoft Office, Negotiation, Sales",On-site,Full Time,Experienced,Confidential,15 days ago
Payroll Specialist,British University of Egypt -,"Shorouk City, Cairo, Egypt ","Payroll, Accounting, Finance",On-site,Full Time,Entry Level,Confidential,15 days ago
B2B Sales Executive — Real Estate CRM,Whispyr AI -,"New Cairo, Cairo, Egypt ","Real Estate, Software Sales, Sales, CRM, Technical Sales, Lead Generation, B2B Sales",On-site,Full Time,Entry Level,Confidential,15 days ago
Senior Engineer - AI & Digital Transformation,Confidential -,"Cairo, Egypt ","Artificial Intelligence (AI), Computer Science, Cloud, Programming Language, Software Development, DevOps, Machine Learning",Remote,Full Time,Experienced,Confidential,15 days ago
Hub Manager - Alex,OPEX Egypt -,"Alexandria, Egypt ","Logistics, Management, Administration, Planning, Supply Chain, Warehouse Management, Marketing",On-site,Full Time,Manager,Confidential,15 days ago
Hub Manager - Ismailia,OPEX Egypt -,"Ismailia, Egypt ","Operations Management, Logistics",On-site,Full Time,Manager,Confidential,15 days ago
IT Specialist,OPEX Egypt -,"Obour City, Cairo, Egypt ","Information Technology (IT), Technical Support, LAN, Maintenance, Network, Network Administration, Security, Computer Science",On-site,Full Time,Entry Level,Confidential,15 days ago
Cashier,OPEX Egypt -,"Obour City, Cairo, Egypt ","Accounting, Commerce, Finance",On-site,Full Time,Entry Level,Confidential,15 days ago
Human Resources Generalist ( Personnel and Operations ),Egyptian Company for Cosmetics -,"Nasr City, Cairo, Egypt ","Human Resources, Personnel, HR Operations, Onboarding, Employee Relations, HR Policies, Administrative Support, Communication, Problem-Solving",On-site,Full Time,Entry Level,Confidential,15 days ago
Finance Director,Confidential -,"Giza, Egypt ","Financial Strategy, Financial Planning & Analysis (FP&A), Treasury Management, Taxation, Performance Management, Mergers & Acquisitions (Preferred",On-site,Full Time,Senior Management,Confidential,15 days ago
Fresh Engineer,Gazala Steel Fabrication GSF -,"New Cairo, Cairo, Egypt ","Electrical Engineering, Mechatronics, Mechanical Engineering",On-site,Full Time,Entry Level,Confidential,15 days ago
Sr. Plumbing & Fire Fighting Engineer,Afniah Consulting Engineering  -,"Heliopolis, Cairo, Egypt ","Design, Engineering, Fire Fighting, Mechanical, Mechanical Engineering, Plumbing, Fire Protection, Revit, Plumbing System Design",On-site,Full Time,Experienced,Confidential,15 days ago
Garment Production & Product Development Professional.,N.A STUDIO OFFICIAL -,"Garden City, Cairo, Egypt ","Product Management, Product Development, Production, Business Development, Communication, Development, Planning, Quality Control",On-site,Full Time,Experienced,Confidential,15 days ago
Head OF Accounting,Monairy Corn -,"10th of Ramadan City, Sharqia, Egypt ","Accounting, Finance, Financial Analysis, Financial Management, Financial Accounting, Account Management, Problem Solving, Leadership, Team management",On-site,Full Time,Experienced,Confidential,15 days ago
Quality Control Inspector (Petroleum services),Confidential -,"Alexandria, Egypt ","Quality Control, inspection & testing, API standard, quality documantation, oil & Gas, thread inspection, vernier caliper, API",On-site,Full Time,Experienced,Confidential,15 days ago
Corporate Acquisition Manager,Bokra -,"Maadi, Cairo, Egypt ","Account Management, Business Development, Communication, Corporate Sales, Customer Service, Management, CRM",On-site,Full Time,Manager,Confidential,15 days ago
Financial Planning And Analysis,Bokra -,"Maadi, Cairo, Egypt ","Accounting, Analysis, Budgeting, Finance, Financial, Financial Analysis, Financial Management",On-site,Full Time,Experienced,Confidential,15 days ago
Preschool French Instructor - Elshorouk - Discovery Campus,Innovvette for Education -,"Shorouk City, Cairo, Egypt ","Early Childhood, french, Preschool, Education, children, Teaching, Nursery",On-site,Full Time,Entry Level,Confidential,15 days ago
Administration Section Head,Cairo Three A  Poultry  -,"New Cairo, Cairo, Egypt ","Administration, Management, Facility Management, Business Administration, Leadership, Fleet Management, Operations Management",On-site,Full Time,Manager,Confidential,15 days ago
Steel Detailing Engineer,FAMSUN Egypt Industry S.A.E -,"New Cairo, Cairo, Egypt ","AutoCAD, Engineering, Steel, Steel Detailing, Detailing, Civil Engineering, Design",On-site,Full Time,Experienced,Confidential,15 days ago
Technical Support Engineer,El Abd Group -,"Cairo, Egypt ","Customer service, Problem-solving, Communication, Technical troubleshooting, Technical documentation",On-site,Full Time,Experienced,Confidential,15 days ago
Sales Specialist Mansoura,B.TECH -,"Mansoura, Dakahlia, Egypt ","Sales, Sales Target, Marketing, Stock Accuracy, Products Safety, Stock Control, Maintenance, Invoicing",On-site,Full Time,Entry Level,Confidential,15 days ago
Fresh Graduate Chemist (New Menia Branch).,National Paints -,"New Menia, Minya, Egypt ","Chemistry, QC, Quality Control, Administration, Communication, Computer Science, Information Technology (IT), Microsoft Office",On-site,Full Time,Entry Level,Confidential,15 days ago
IT Technical Support Specialist,GB Corp -,"Alsadat City, Monufya, Egypt ","Information Technology (IT), Technical Support, Windows, MS Office, Computer Science, MCSE, PC Hardware",On-site,Full Time,Entry Level,Confidential,15 days ago
Experienced Receptionist,Trip House Travel -,"Nasr City, Cairo, Egypt ","Administration, Office management, Microsoft Office, Customer Service, Communication Skills, Organizational Skills, Time Management, Problem Solving",On-site,Full Time,Experienced,Confidential,15 days ago
Junior Accountant (Retail / Fashion),Reda'- رداء -,"Mokattam, Cairo, Egypt ","Accounting, Finance, Financial Analysis, Microsoft Office, Retail",On-site,Full Time,Experienced,Confidential,15 days ago
Amazon Account Manager,rahala for import and export    -,"6th of October, Giza, Egypt ","Customer Service, Sales Target, Sales, E-Commerce, Commerce, Management, Microsoft Excel",On-site,Full Time,Experienced,Confidential,15 days ago
Marketing manager,Edge Architects  -,"New Cairo, Cairo, Egypt ","Digital Marketing, Online Marketing, Marketing Campaigns",On-site,Full Time,Manager,Confidential,15 days ago
Sales Engineer - Concrete Admixtures,SIPES -,"Heliopolis, Cairo, Egypt ","Engineering, Sales Target, Sales",On-site,Full Time,Experienced,Confidential,15 days ago
Quality Control Engineer (Polyethylene Film),Aldawlia For Plastic Materials -,"10th of Ramadan City, Cairo, Egypt ","Chemist, ISO 22000, quality, Quality Control, Plastics Engineering, Plastic Extrusion, Process Improvement",On-site,Full Time,Experienced,Confidential,15 days ago
Production Engineer (Blown Film),Aldawlia For Plastic Materials -,"10th of Ramadan City, Sharqia, Egypt ","Plastic Extrusion, Plastics Engineering, Manufacturing Industry, Mechanical Engineering, Microsoft Office, Manufacturing, Production",On-site,Full Time,Experienced,Confidential,15 days ago
Internal Audit Senior Manager,SAVOLA -,"New Cairo, Cairo, Egypt ","CA, Accounting, Finance, Internal Audit, Auditing, FMCG, Business Administration, Commerce",On-site,Full Time,Senior Management,Confidential,16 days ago
Internal Audit Assistant Manager,SAVOLA -,"New Cairo, Cairo, Egypt ","Auditing, CIA, Internal Controls, Administration, Accounting, Finance, Financial Analysis, Business Administration",On-site,Full Time,Experienced,Confidential,16 days ago
2D Animator,Mico World Limited -,"Maadi, Cairo, Egypt ","Animation, Creative, AutoCAD, AutoCAD 2D, Design, 2D Animation, Character Design, Storyboarding",On-site,Full Time,Experienced,Confidential,16 days ago
IT Help Desk,La Hacienda  -,"Ras Sedr, South Sinai, Egypt ","Computer Science, IT, Installation, Information Technology (IT), Help desk, Computer Systems, technical",On-site,Full Time,Experienced,Confidential,16 days ago
Brand Manager (Retail Background Required),Ahmed El-Sallab -,"Cairo, Egypt ","Marketing, Retail, Branding, Trade marketing, fmcg marketing",On-site,Full Time,Manager,Confidential,16 days ago
Senior Export Sales Specialist,Monairy Corn -,"10th of Ramadan City, Sharqia, Egypt ","Sales, Export Sales, Sales Plan, Export Development, Communication, Negotiation, Customer Service, After-sales, Problem Solving",On-site,Full Time,Experienced,Confidential,16 days ago
Head OF Accounting,Best Media  -,"6th of October, Giza, Egypt ","Accounting, Finance",On-site,Full Time,Experienced,Confidential,16 days ago
Quality Control Engineer,Eamar Al Delta  -,"New Cairo, Cairo, Egypt ","Quality Control, Construction Inspection, Engineering, Construction, Construction Management, quality, Management, MS Office",On-site,Full Time,Experienced,Confidential,16 days ago
Secretary,icotrade  -,"Nasr City, Cairo, Egypt ","Microsoft Office, Office management, Business English, Administration, Communication",On-site,Full Time,Entry Level,Confidential,16 days ago
Civil Site Engineer,MENA For Contracting & Trading -,"Agami, Alexandria, Egypt ","Architecture, Civil Engineering, Construction, Engineering, AutoCAD, Microsoft Office",On-site,Full Time,Experienced,Confidential,16 days ago
HR Manager,Happy Pack For Industry -,"10th of Ramadan City, Cairo, Egypt ","Human Resources (HR), Personnel Management, Recruitment, Talent Acquisition, Employee Relations, HR Strategy, Organizational Development, Performance Management",On-site,Full Time,Manager,Confidential,16 days ago
Procurement Head,New Plan  -,"Cairo, Egypt ","Procurement, Vendor Management, Engineering, Construction, Logistics, Management, Civil Engineering, Purchasing",On-site,Full Time,Manager,Confidential,16 days ago
Technical Office Engineer,EgyptianEuropean -,"6th of October, Giza, Egypt ","Mechanical Engineering, AutoCAD, Revit, Drawing, Refrigeration, Air Conditioning, HVAC Design, HVAC, CFD",On-site,Full Time,Experienced,Confidential,16 days ago
"Senior Golang, Devops & Cloud-native Architect",Confidential -,"Maadi, Cairo, Egypt ","Golang, Docker, DevOps, Computer Science, AWS, Cloud-Native Architectures, Kubernetes, Microservices, System Design",On-site,Full Time,Experienced,Confidential,16 days ago
SAP FICO Consultant,Arma-HSA -,"New Cairo, Cairo, Egypt ","SAP FICO, SAP, ABAP, SAP Implementation, Accounting, Commerce, Computer Science, Information Technology (IT)",On-site,Full Time,Experienced,Confidential,16 days ago
Horeca Key Account Sales Specialist,Confidential -,"Obour City, Cairo, Egypt ","Sales Leadership, Negotiation, Customer Service, Sales Target, Sales, Sales Field, Outdoor Sales, Indoor Sales",On-site,Full Time,Experienced,Confidential,16 days ago
Financial Planning & Analysis Section Head,Confidential -,"New Cairo, Cairo, Egypt ","Financial Planning, Financial Management, Financial Analysis, Financial, Finance, Accounting, Analysis, Budgeting, Commerce",On-site,Full Time,Manager,Confidential,16 days ago
ER & Engagement Specialist,BDO Esnad -,"Mohandessin, Giza, Egypt ","Employee Engagement, Human Resources (HR), Personnel Affairs, Investigations, Community Engagement",On-site,Full Time,Experienced,Confidential,16 days ago
Senior Maintenance Engineer,GB Corp -,"Cairo, Egypt ","Maintenance, Engineering, Electrical Engineering, AutoCAD, Computer Science, Information Technology (IT), Software Development, Training",On-site,Full Time,Experienced,Confidential,16 days ago
Purchasing Specialist,Olam SVI -,"6th of October, Giza, Egypt ","Logistics, Procurement, Purchasing, Supply Chain, ERP, ERP System, ERP Software",On-site,Full Time,Experienced,Confidential,16 days ago
Accounting Manager,Happy Vision -,"Mohandessin, Giza, Egypt ","Accounting, CMA, Accounting Software, Finance, Financial Analysis, Financial Management, IFRS, GAAP, Microsoft Office",On-site,Full Time,Experienced,Confidential,16 days ago
Sales Manager - Cosmetics & Detergents,Tawfeer -,"Maadi, Cairo, Egypt ","Sales Target, Retail, Sales, Sales Target Achievement, Detergents Product Knowledge, Cosmetics Sales, Account Management, Market Analysis, Negotiation",On-site,Full Time,Manager,Confidential,16 days ago
Production Engineer,AZ Developments -,"Abu Rawash, Giza, Egypt ","Manufacturing, Engineering, Production",On-site,Full Time,Experienced,Confidential,16 days ago
Senior Fleet Specialist,Cairo Three A  Poultry  -,"Ismailia, Ismailia, Egypt ","Fleet management, Route optimization, Team leadership, Problem-solving, Logistics coordination, Communication, Data analysis, Operational planning, Administration",On-site,Full Time,Experienced,Confidential,16 days ago
Senior HR Generalist & Talent Acquisition Specialist,Namaa IT -,"Heliopolis, Cairo, Egypt ","HR, Human Resources (HR), Interviewing, Recruitment, Talent acquisition, KPIs",On-site,Full Time,Experienced,Confidential,16 days ago
Senior Costing Accountant,Cairo Three A  Poultry  -,"Ismailia, Ismailia, Egypt ","Costing, Finance, Financial Analysis, Financial Management, IFRS, Budgeting, CMA, Accounting, Communication",On-site,Full Time,Experienced,Confidential,16 days ago
Senior Accounts Payable Accountant,Cairo Three A  Poultry  -,"Ismailia, Ismailia, Egypt ","Accounting, Accounts Payable, Finance, FMCG, Oracle, MS Office, Accounting Software, Financial Analysis",On-site,Full Time,Experienced,Confidential,16 days ago
Senior Account Receivable Accountant,Cairo Three A  Poultry  -,"Ismailia, Ismailia, Egypt ","accountant, AR, excel, Finance, Financial Accounting, General Ledger, Accounting, Accounts Receivable, ERP",On-site,Full Time,Experienced,Confidential,16 days ago
Assistant Restaurant Manager,Confidential -,"Cairo, Egypt ","Inventory Control, Cost Control, staff training, Food Safety Management, Customer Service, Upselling",On-site,Full Time,Experienced,Confidential,16 days ago
Supplier Onboarding Specialist,Autocycle -,"Dokki, Giza, Egypt ","Computer Literacy, Sales Field, Communication, •	Resilience, persistence, Automotive Spare Parts, Supply Management",Hybrid,Full Time,Entry Level,Confidential,16 days ago
Production Engineer,AZ Developments -,"Abu Rawash, Giza, Egypt ","Manufacturing, Engineering, Production",On-site,Full Time,Experienced,Confidential,16 days ago
Senior Fleet Specialist,Cairo Three A  Poultry  -,"Ismailia, Ismailia, Egypt ","Fleet management, Route optimization, Team leadership, Problem-solving, Logistics coordination, Communication, Data analysis, Operational planning, Administration",On-site,Full Time,Experienced,Confidential,16 days ago
Senior HR Generalist & Talent Acquisition Specialist,Namaa IT -,"Heliopolis, Cairo, Egypt ","HR, Human Resources (HR), Interviewing, Recruitment, Talent acquisition, KPIs",On-site,Full Time,Experienced,Confidential,16 days ago
Senior Costing Accountant,Cairo Three A  Poultry  -,"Ismailia, Ismailia, Egypt ","Costing, Finance, Financial Analysis, Financial Management, IFRS, Budgeting, CMA, Accounting, Communication",On-site,Full Time,Experienced,Confidential,16 days ago
Senior Accounts Payable Accountant,Cairo Three A  Poultry  -,"Ismailia, Ismailia, Egypt ","Accounting, Accounts Payable, Finance, FMCG, Oracle, MS Office, Accounting Software, Financial Analysis",On-site,Full Time,Experienced,Confidential,16 days ago
Senior Account Receivable Accountant,Cairo Three A  Poultry  -,"Ismailia, Ismailia, Egypt ","accountant, AR, excel, Finance, Financial Accounting, General Ledger, Accounting, Accounts Receivable, ERP",On-site,Full Time,Experienced,Confidential,16 days ago
Assistant Restaurant Manager,Confidential -,"Cairo, Egypt ","Inventory Control, Cost Control, staff training, Food Safety Management, Customer Service, Upselling",On-site,Full Time,Experienced,Confidential,16 days ago
Supplier Onboarding Specialist,Autocycle -,"Dokki, Giza, Egypt ","Computer Literacy, Sales Field, Communication, •	Resilience, persistence, Automotive Spare Parts, Supply Management",Hybrid,Full Time,Entry Level,Confidential,16 days ago
Interior Design Team Leader,Confidential -,"Sheraton, Cairo, Egypt ","Interior Design, Design, Team Leadership",On-site,Full Time,Manager,Confidential,16 days ago
Senior Mechanical MEP Engineer,X-mission technology -,"Cairo, Egypt ","Mechanical, Mechanical Engineering, MEP, Engineering, Electrical Engineering, HVAC, AutoCAD, Revit",On-site,Full Time,Experienced,Confidential,16 days ago
Senior Marketing Specialist,Confidential -,"New Cairo, Cairo, Egypt ","Marketing, Digital Marketing, Branding, Event Organization, Social Media, Advertising, Online Marketing, Online Advertising",On-site,Full Time,Experienced,Confidential,16 days ago
Fleet Manager,Ice foods -,"Mansoura, Dakahlia, Egypt ","Fleet Management, Workshop Management, Planning, Supply Chain, Administration, Business Administration, Logistics",On-site,Full Time,Manager,Confidential,16 days ago
Procurement Manager,Trustcom -,"Cairo, Egypt ","Procurement, Contract Management, Tendering, Cost Control, Vendor Management, Supplier Management, Negotiation",On-site,Full Time,Manager,Confidential,16 days ago
Foreign Purchasing Supervisor,AUG Pharma -,"6th of October, Giza, Egypt ","Foreign Purchasing, Purchasing, Supply Chain",On-site,Full Time,Experienced,Confidential,16 days ago
Senior Sales Real Estate,Everest Mohammed and Mounir -,"New Cairo, Cairo, Egypt ","Real Estate, Sales, Sales Target, Communication, Customer Service, Negotiation, Projects, Real Estate Sales",On-site,Full Time,Experienced,Confidential,16 days ago
Online Business English Instructor - Project Based,SYE English Community -,"Nasr City, Cairo, Egypt ","Business English instruction, Adult education, Classroom management, Communication skills, Feedback and evaluation, Lesson planning, Interactive teaching, Professional English proficiency",Remote,Freelance / Project,Entry Level,Confidential,16 days ago
Credit & AR Accountant,Confidential -,"Alsadat City, Monufya, Egypt ","Accounts Receivable Management, Credit Control, Financial Analysis, Accounting Principles, Data Reconciliation, Customer Relationship Management, Attention to Detail, ERP Systems, Accounting Software",On-site,Full Time,Experienced,Confidential,16 days ago
Graphic Designer,KIG Konnice -,"Shorouk City, Cairo, Egypt ","3D Design, Graphic Design, Adobe Photoshop, Cinema 4D, 3ds Max, Design, Adobe illustrator, Creative, Graphic Design Software",On-site,Full Time,Experienced,Confidential,16 days ago
Pre-school French Teacher,Leap Development Hub -,"New Cairo, Cairo, Egypt ","Teaching, Education, Nursery, School, French",On-site,Full Time,Experienced,Confidential,16 days ago
E-commerce Operations Specialist,Mini 4WD Egypt -,"Zaytoun, Cairo, Egypt ","E-Commerce, Commerce, E-Marketing, SEO, AI, Analysis, Design, Management",Hybrid,Full Time,Entry Level,Confidential,16 days ago
Talent Acquisition Specialist,AL SALMANYA -,"Cairo, Egypt ","Applicant Tracking Systems, Recruitment, Talent acquisition, HR, Human Resources (HR), Talent Acquisition, Interviewing",On-site,Full Time,Experienced,Confidential,16 days ago
US Telesales Specialist,Cultiv -,"Maadi, Cairo, Egypt ","Customer Service, Telesales, Sales",On-site,Full Time,Entry Level,Confidential,16 days ago
Chief Accountant.,Arab Food  -,"Giza, Egypt ","Accounting, Finance, analytical",On-site,Full Time,Manager,Confidential,16 days ago
Development Manager,Cred Developments -,"Cairo, Egypt ","Business Development, Development, Information Technology (IT), Construction, Management, Project Management, Real Estate, Sales, Project",On-site,Full Time,Manager,Confidential,16 days ago
Automation Test Engineer,Etisalat Egypt -,"Mohandessin, Giza, Egypt ","Automation, Computer Science, Information Technology (IT), Software Testing, Testing, Katalon, Selenium, Java",Hybrid,Full Time,Entry Level,Confidential,16 days ago
Customer Service Manager,EBSS - Elite Business Solution Service -,"Tanta, Gharbia, Egypt ","Customer Service, Customer Care, Customer Support, Team Leadership, Conflict Resolution, Process Improvement, Performance Management, Communication Skills, Problem-Solving",On-site,Full Time,Manager,Confidential,16 days ago
Project Operations Coordinator,Namaa IT -,"Heliopolis, Cairo, Egypt ","Project Management, Microsoft Office, Administration, Project",On-site,Full Time,Experienced,Confidential,16 days ago
Human Resources Executive,ElTarek Group -,"6th of October, Giza, Egypt ","Human Resources (HR), Administration, Recruitment, Accounting, Business Administration, HRIS, Human Resources, Microsoft Office",On-site,Full Time,Experienced,Confidential,16 days ago
Accounts Receivable Accountant,Confidential -,"Sheraton, Cairo, Egypt ","Accounting, Accounts Receivable, Finance",Remote,Full Time,Experienced,Confidential,16 days ago
QA Supervisor,etisal for advanced industries  -,"6th of October, Giza, Egypt ","QA, Quality Assurance, Quality Control, QC",On-site,Full Time,Experienced,Confidential,16 days ago
Senior React Front-End Developer,Exsys Solutions -,"Nasr City, Cairo, Egypt ","Computer Science, Information Technology (IT), React, JavaScript, Software Development",On-site,Full Time,Experienced,Confidential,16 days ago
Planning Engineer,Family Corporation -,"Heliopolis, Cairo, Egypt ","Analysis, Communication, Engineering, Maintenance, Management, Project, Planning",On-site,Full Time,Experienced,Confidential,16 days ago
Insurance Officer,Exsys Solutions -,"Cairo, Egypt ","Administration, Medical Terminology, Microsoft Office Suite, Insurance Claims Processing, Customer Service, Data Entry, Record Keeping, Communication Skills",On-site,Full Time,Experienced,Confidential,16 days ago
Accountant,Exsys Solutions -,"Cairo, Egypt ","Accounting, Finance, Financial Analysis, Financial Management, Budgeting, Financial Reporting, Auditing, Taxation, Microsoft Excel",On-site,Full Time,Experienced,Confidential,16 days ago
Senior Accountant,Flex Asepto -,"6th of October, Giza, Egypt ","Financial Reporting, General Ledger Management, Budgeting and Forecasting, Account Reconciliation, Audit Coordination, Tax Compliance, Analytical Thinking, Attention to Detail, ERP Systems",On-site,Full Time,Experienced,Confidential,16 days ago
Production Engineer Intern (Agriculture Background),Olam SVI -,"6th of October, Giza, Egypt ","Food Science, Food Production, Food Processing, Food Manufacturing, Food Safety Management, Mechanical Engineering, Food Hygiene, International Food Safety Management Systems Standard",On-site,Internship,Entry Level,Confidential,16 days ago
Junior accountant,DE.CI -,"Maadi, Cairo, Egypt ","Accounting, Finance, Microsoft Office",On-site,Full Time,Experienced,Confidential,16 days ago
Odoo Full-Stack Developer (Remote),"Elevanta Services Co., Ltd. -","Cairo, Egypt ","Odoo, Python, ORM, QWeb, Studio, REST APIs, Git, GitHub",Remote,Full Time,Experienced,Confidential,16 days ago
Production Engineer,Sadko Plast -,"10th of Ramadan City, Sharqia, Egypt ","Engineering, Mechanical Engineering, Production, Manufacturing, Mechanical, Microsoft Office, Planning",On-site,Full Time,Entry Level,Confidential,16 days ago
Executive Director – Software Operations & Projects,Confidential -,"Cairo, Egypt ","Management, Project Management, Administration, Computer Science, Engineering, Information Technology (IT), ERP, Software Development, Software Engineering",On-site,Full Time,Experienced,Confidential,16 days ago
Merchandiser,Swiss Garment Company -,"10th of Ramadan City, Sharqia, Egypt ","Merchandising, Retail, Sales, ERP, Garments, Textile, fabric",On-site,Full Time,Experienced,Confidential,16 days ago
Sr. Electrical Sales Engineer,Al Andalus Electrical Solutions -,"New Cairo, Cairo, Egypt ","Electrical, Lighting, Sales, Electrical Engineering, Sales Target, Engineering, sales skills",On-site,Full Time,Experienced,Confidential,16 days ago
QS & Payment Engineer,Confidential -,"Cairo, Egypt ","Architecture, Civil Engineering, Engineering, Information Technology (IT), Quantity Surveying, AutoCAD, Computer Science",On-site,Full Time,Experienced,Confidential,16 days ago
Senior HR Specialist,Inertia -,"Mokattam, Cairo, Egypt ","Human Resources, Recruitment, Personnel, Management, Microsoft Office, Administration, Business Administration, Communication, Human Resources (HR)",On-site,Full Time,Experienced,Confidential,16 days ago
HR Trainee,SAVOLA -,"New Cairo, Cairo, Egypt ","Human Resources (HR), Recruitment, Microsoft Office, Interviewing, Administration, HR, HR Systems, HR Policies",On-site,Internship,Entry Level,Confidential,16 days ago
Technical Support Specialist,Talaat Moustafa Group -,"New Cairo, Cairo, Egypt ","Technical Support, HelpDesk, Hardware Maintenance, Communication, Computer Science, Customer Care, Customer Service, Customer Support",On-site,Full Time,Entry Level,Confidential,16 days ago
Material Requirements Planning (MRP) Supervisor,Tank -,"10th of Ramadan City, Cairo, Egypt ","Supply Chain, Planning, MRP, Logistics, Engineering, ERP, Inventory Management",On-site,Full Time,Manager,Confidential,16 days ago
Call Center Agent,Talaat Moustafa Group -,"New Capital, Cairo, Egypt ","Call Center, Customer Care, Customer Service, Customer Support, Communication, CRM, CS, Outbound Calls, Inbound Calls",On-site,Full Time,Entry Level,Confidential,16 days ago
Sales Account Manager (Remote),AMF SYSTEM -,"Cairo, Egypt ","Marketing, Sales, Business Development, Market Research, Client Relationship Management, Digital Marketing, Lead Generation, Negotiation",Remote,Full Time,Experienced,Confidential,16 days ago
Quality Assurance Section Head,Musandah FM  -,"Cairo, Egypt ","Quality Assurance, Quality Control",On-site,Full Time,Experienced,Confidential,16 days ago
Electrical Technical Office Engineer (BMS),Protection -,"Sheikh Zayed, Giza, Egypt ","BMS, Electrical Engineering, Engineering, Technical Office, Revit, Revit MEP, AutoCAD, Microsoft Office, Automation Engineering",On-site,Full Time,Experienced,Confidential,16 days ago
Bridge Engineer,CDG - Dr. Gamal Helmy -,"New Cairo, Cairo, Egypt ","Civil Engineering, Construction, Engineering, Bridges, AutoCAD, Engineering Services",On-site,Full Time,Experienced,Confidential,16 days ago
Senior Landscape Architect Engineer,TRAVCO GROUP -,"Sheikh Zayed, Giza, Egypt ","Landscape, Engineering, Regional Planning, Urban, Architecture Engineering, Hotels, Construction, Landscape Engineering",On-site,Full Time,Experienced,Confidential,16 days ago
Operations & Product Development Manager (Remote - Egypt),Texas Carma  -,"Cairo, Egypt ","Product Management, Operations",Remote,Full Time,Manager,Confidential,16 days ago
SEO Specialist,Deutschland Technology Limited -,"Obour City, Cairo, Egypt ","Social Media, SEO, Marketing, E-Marketing, Keyword Research, Google Analytics, Link Building, B2B",On-site,Full Time,Experienced,Confidential,16 days ago
Accountant / US Tax Specialist,Gahbiz.com -,"Alibrahimiyyah, Alexandria, Egypt ","Accounting, Bookkeeping, QuickBooks",On-site,Full Time,Entry Level,Confidential,16 days ago
Business Development Specialist,EpsilonAI -,"Nasr City, Cairo, Egypt ","B2B, business, Business Development, Development, Business Administration, Sales, sales skills",Hybrid,Full Time,Experienced,Confidential,17 days ago
Full Stack Developer (PHP Laravel + NextJS),Namaa IT -,"Heliopolis, Cairo, Egypt ","Computer Science, Information Technology (IT), PHP, Laravel, Software Development, JavaScript, Next JS",On-site,Full Time,Experienced,Confidential,17 days ago
Fleet Coordinator,Partner & More -,"6th of October, Giza, Egypt ","MS Office, Logistics, Coordination, Fleet Management, Fleet Maintenance, Administration",On-site,Full Time,Experienced,Confidential,17 days ago
.NET Developer (Mid-Level),Ayady4040 -,"Moharam Bek, Alexandria, Egypt ",".Net, Angular, Database, Design, VB.net, SQL, Programming Language",On-site,Full Time,Experienced,Confidential,17 days ago
Network & Systems Engineer,Ayady4040 -,"Moharam Bek, Alexandria, Egypt ","Computer Engineering, Engineering, Information Technology (IT), Network, Systems, Computer Science, Vmware",On-site,Full Time,Experienced,Confidential,17 days ago
Senior textile engineer,Tie House -,"New Cairo, Cairo, Egypt ","Textile, Engineering, Fashion",On-site,Full Time,Experienced,Confidential,17 days ago
Senior mechanical site engineer,BARRIER21 -,"New Cairo, Cairo, Egypt ","HVAC, Engineering, Mechanical Engineering, Electrical Engineering, Project Management, Site Supervision, Quality Control, Technical Drawing, Problem-solving",On-site,Full Time,Experienced,Confidential,17 days ago
Technical Office Engineer Civil Electrical -Mechanical,Tabarak -,"Mohandessin, Giza, Egypt ","Electrical Engineering, Engineering, Mechanical Engineering, Technical Office, Mechanical, AutoCAD, Projects, Water Treatment",On-site,Full Time,Experienced,Confidential,17 days ago
Senior Talent Acquisition & OD Specialist,ALJAR Development -,"Sheraton, Cairo, Egypt ","Talent Acquisition, Organizational Development, HR, HR Policies, HR Systems, HR Admin, HR Specialist, HRMS, HRMIS",On-site,Full Time,Experienced,Confidential,17 days ago
(Performance Media Buyer (Pure Affiliate / High-Commission,EvallSuccess -,"Cairo, Egypt ","Affiliate Marketing, Digital Marketing, Marketing, E-Marketing, Marketing Campaigns, Advertising, Sales",Remote,Freelance / Project,Experienced,Confidential,17 days ago
HR & Administration Director,Confidential -,"Sheraton, Cairo, Egypt ","Administration, Business Administration, Human Resources (HR), Talent acquisition, Talent management, Personnel Management, Training Management, Performance Management System",On-site,Full Time,Senior Management,Confidential,17 days ago
HVAC Manufacturing Summer Training Program,Badr And Asfour  -,"Menia, Minya, Egypt ","HVAC Systems, Manufacturing Industry",On-site,Internship,Student,Confidential,17 days ago
ERP Technical Support,TAB ERP Solutions -,"New Cairo, Cairo, Egypt ","Accounting, SQL, Technical Support, Customer, ERP, Customer Service, Analysis, Computer Science",Remote,Full Time,Experienced,Confidential,18 days ago
English Fluent Scheduler & Dispatcher,Stem Technology -,"Cairo, Egypt ","Customer Relations, Customer Service, Dispatching, Scheduling, Logistics Coordination, Communication Skills, Problem-Solving, Time Management, Conflict Resolution",Remote,Full Time,Experienced,Confidential,18 days ago
Purchasing / Procurement Manager,GT World OF Beauty -,"Maadi, Cairo, Egypt ","Procurement, Purchasing, SAP, Supply Chain, ERP, Logistics, Negotiation, Operations",Hybrid,Full Time,Experienced,Confidential,18 days ago
FP&A Analyst,Guillam -,"San Stefano, Alexandria, Egypt ","Accounting, Finance, excel, General Ledger, Financial Analysis, Financial Management, Accounting Software, Financial Planning, Budgeting",On-site,Full Time,Experienced,Confidential,18 days ago
"Technical Installation, Commissioning & Repair Engineer",K Line Europe -,"Nasr City, Cairo, Egypt ","Commissioning, Maintenance, Repair, Industrial Automation / Controls Engineering, Manufacturing Industry, Industrial Engineering, Manufacturing",On-site,Full Time,Experienced,Confidential,18 days ago
Junior Tax Accountant,MMA accounting office -,"Heliopolis, Cairo, Egypt ","Accounting, Finance, Financial Management, Financial Analysis, Tax Accounting, CMA, CPA, Tax Analysis, Tax Preparer",On-site,Full Time,Entry Level,Confidential,18 days ago
Enterprise Account Executive,Bright Creations -,"Smart Village, Giza, Egypt ","Sales, Selling, B2B, B2B Sales, Business Development",Hybrid,Full Time,Experienced,Confidential,18 days ago
Account Executive – DAZU Business (SME),Bright Creations -,"Smart Village, Giza, Egypt ","Sales, Selling, B2B, B2B Sales, Business Development",On-site,Full Time,Experienced,Confidential,18 days ago
Account Executive – Realty,Bright Creations -,"Smart Village, Giza, Egypt ","Sales, Selling, Real Estate, B2B, B2B Sales, CRM, Communication",On-site,Full Time,Experienced,Confidential,18 days ago
Growth Manager,Bright Creations -,"Smart Village, Giza, Egypt ","Growth Hacking, Marketing, Digital Advertising, Customer Acquisition",On-site,Full Time,Experienced,Confidential,18 days ago
Head of Engineering (FinTech),Bright Creations -,"Smart Village, Giza, Egypt ","Agile, back-end, Engineering, Computer Science, front-end, Management, Project Management, Cloud",On-site,Full Time,Senior Management,Confidential,18 days ago
Customer Success Manager,Bright Creations -,"Smart Village, Giza, Egypt ","Onboarding and Training, Customer Relationship Management, Communication, Account Management, Problem Solving, CRM, Customer Care, Customer Service",On-site,Full Time,Experienced,Confidential,18 days ago
Junior Tax Accountant,MMA accounting office -,"Heliopolis, Cairo, Egypt ","Accounting, Finance, Financial Management, Financial Analysis, Tax Accounting, CMA, CPA, Tax Analysis, Tax Preparer",On-site,Full Time,Entry Level,Confidential,18 days ago
Enterprise Account Executive,Bright Creations -,"Smart Village, Giza, Egypt ","Sales, Selling, B2B, B2B Sales, Business Development",Hybrid,Full Time,Experienced,Confidential,18 days ago
Account Executive – DAZU Business (SME),Bright Creations -,"Smart Village, Giza, Egypt ","Sales, Selling, B2B, B2B Sales, Business Development",On-site,Full Time,Experienced,Confidential,18 days ago
Account Executive – Realty,Bright Creations -,"Smart Village, Giza, Egypt ","Sales, Selling, Real Estate, B2B, B2B Sales, CRM, Communication",On-site,Full Time,Experienced,Confidential,18 days ago
Growth Manager,Bright Creations -,"Smart Village, Giza, Egypt ","Growth Hacking, Marketing, Digital Advertising, Customer Acquisition",On-site,Full Time,Experienced,Confidential,18 days ago
Head of Engineering (FinTech),Bright Creations -,"Smart Village, Giza, Egypt ","Agile, back-end, Engineering, Computer Science, front-end, Management, Project Management, Cloud",On-site,Full Time,Senior Management,Confidential,18 days ago
Customer Success Manager,Bright Creations -,"Smart Village, Giza, Egypt ","Onboarding and Training, Customer Relationship Management, Communication, Account Management, Problem Solving, CRM, Customer Care, Customer Service",On-site,Full Time,Experienced,Confidential,18 days ago
Civil Site Engineer,Bakir Construction Company   -,"Cairo, Egypt ","AutoCAD, Civil Engineering, Site, Primavera, Schedule, Construction, engineer, Engineering, Reliability Engineer",On-site,Full Time,Entry Level,Confidential,18 days ago
Fitout Engineer,Bakir Construction Company   -,"Cairo, Egypt ","Civil Engineering, Architectural Engineering, Interior Finishing",On-site,Full Time,Experienced,Confidential,18 days ago
Real Estate Sales Consultant B2B,Partner & More -,"Heliopolis, Cairo, Egypt ","Sales, Real Estate, Sales Skills, Sales Target, Communication, Microsoft Office, Negotiation",On-site,Full Time,Entry Level,Confidential,18 days ago
Sales Admin (Real Estate Developer),Confidential -,"New Cairo, Cairo, Egypt ","Sales, Sales Target, Sales Field, Outdoor Sales, Indoor Sales, Property Sales, Real Estate Sales",On-site,Full Time,Experienced,Confidential,18 days ago
Infrastructure Project Manager,Infracon -,"6th of October, Giza, Egypt ","Civil Engineering, Engineering, Project Management, Construction, MEP, Infrastructure, Water Drainage, Lift Station, Underground Tanks",On-site,Full Time,Manager,Confidential,18 days ago
Senior Planning Engineer,Infracon -,"Heliopolis, Cairo, Egypt ","Construction Engineering, Construction Field, Construction Management, Construction Project Management, Planning, Analysis, Civil Engineering, Communication, Construction",On-site,Full Time,Experienced,Confidential,18 days ago
Recruiter – Infrastructure & Construction,Infracon -,"Heliopolis, Cairo, Egypt ","Human Resources (HR), Recruitment, Sourcing, Interviewing",On-site,Full Time,Experienced,Confidential,18 days ago
Medical Sales Representative - Clear Aligner,Aligna -,"Sheikh Zayed, Giza, Egypt ","Sales Target, Medical Sales, Sales, Customer Service, Medical, Business Development, Relationship Building, Outdoor Sales",On-site,Full Time,Experienced,Confidential,19 days ago
Growth & Operations Manager,Future Egypt Integrated Digital Solutions  -,"Zamalek, Cairo, Egypt ","Management, Sales",On-site,Full Time,Experienced,Confidential,19 days ago
Accounts Payable Specialist,Yodawy -,"Abu Rawash, Giza, Egypt ","Accounting, Finance, Accounts Payable, AP, Financial Analysis, ERP, Management, Microsoft Excel",On-site,Full Time,Experienced,Confidential,19 days ago
Customer Service Specialist,Etisalat Egypt -,"Cairo, Egypt ","Customer Service, Customer Care, Customer Support",On-site,Full Time,Entry Level,Confidential,19 days ago
Telesales Agent,Etisalat Egypt -,"Cairo, Egypt ","Customer Care, Customer Support, Customer Service",On-site,Full Time,Entry Level,Confidential,19 days ago
Product Owner Intern,3D Diagnostix -,"Cairo, Egypt ","Agile, Computer Science, Information Technology (IT), Product, Software Development, Analysis, Business Analysis, Computer Engineering",Remote,Internship,Student,Confidential,19 days ago
Marketing Specialists,Growxcel -,"Dokki, Giza, Egypt ","E-Marketing, Social Media, Marketing, Facebook Marketing, Online Marketing, Digital Marketing, Marketing Research",On-site,Full Time,Entry Level,Confidential,19 days ago
UIUX Intern,3D Diagnostix -,"Cairo, Egypt ","Design, Information Technology (IT), UX, UI, Computer Engineering, Computer Science, Engineering, Prototyping, UI Design",Remote,Internship,Student,Confidential,19 days ago
CNC Lathe Machinist (Petroleum Services),Confidential -,"Alexandria, Egypt ","CNC Machining, CNC lathe, precision measurement, Weiler CNC, API standard, oil & Gas, CNC, Engineering, Manufacturing",On-site,Full Time,Experienced,Confidential,19 days ago
Cost Accountant,Growxcel -,"Cairo, Egypt ","Accounting, Cost Accounting, Finance, Financial Analysis, Budgeting, Tracking Budget Expenses",On-site,Full Time,Entry Level,Confidential,19 days ago
Office Coordination Head,Confidential -,"New Cairo, Cairo, Egypt ","Administration, Coordination, Office management, Business Administration, Construction, Customer Service, Engineering, Management",On-site,Full Time,Manager,Confidential,19 days ago
Business Development Assistant,[email protected]-,"Cairo, Egypt ","Business Development, Sales, Development, Sales Target, Client Relationship Management, Market Research, Negotiation, Communication",On-site,Full Time,Entry Level,Confidential,19 days ago
Sales B2B,ECRAL -,"Nasr City, Cairo, Egypt ","COMMUNICATIONS SKILLS, NEGOTATION SKILLS",On-site,Full Time,Experienced,Confidential,19 days ago
Maintenance Engineer (Oilfield Workshop Equipment),Confidential -,"Alexandria, Egypt ","Mechanical Engineering, CNC Machines, Hydraulic Systems, Siemens PLC, Mechanical Maintenance, corrective maintenance, Preventive Maintenance Schedule (PMS), Electrical Maintenance",On-site,Full Time,Experienced,Confidential,19 days ago
Mechanical Engineer (Technical Office),House of Construction(HOC) -,"Sheraton, Cairo, Egypt ","Mechanical Engineering, Technical Office, Communication, Electrical Engineering, AutoCAD, Engineering, Fire Fighting, Maintenance",On-site,Full Time,Entry Level,Confidential,19 days ago
HSE Officer (Petroleum Services),Confidential -,"Matruh, Egypt ","Safety, HSE, HSE Management, Occupational Safety and Health Administration (OSHA), Risk Assessment, HSE Audit, Incident Investigation, NEBOSH",On-site,Full Time,Experienced,Confidential,19 days ago
HR Executive,المقاولون المتحدون للخدمات المتكاملة - UCIS -,"Hadayek Alkobba, Cairo, Egypt ","HR, Administration, Recruitment, Human Resources (HR), Personnel, Interviewing, Payroll, Business Administration, Microsoft Office",On-site,Full Time,Experienced,Confidential,19 days ago
Finance Manager.,Chema Foam -,"10th of Ramadan City, Cairo, Egypt ","Cost Control, Cost Management, Financial Analysis, Financial Management, Budgeting, Budget Control, Budget Monitoring, Budget Management, Cost Analysis",On-site,Full Time,Manager,Confidential,19 days ago
"Mechanical Engineer, Technical Office",AL SALMANYA -,"Cairo, Egypt ","AutoCAD, Mechanical Engineering, Engineering Design, Technical Office Operations, Microsoft Office Suite, HVAC Systems, Plumbing Systems, Fire Fighting Systems, Project Coordination",On-site,Full Time,Experienced,Confidential,19 days ago
Civil Technical Office Engineer,AL SALMANYA -,"Cairo, Egypt ","AutoCAD, Civil Engineering, Engineering, Microsoft Office, Revit BIM, Construction Management, Project Coordination, Technical Documentation, Quantity Surveying",On-site,Full Time,Experienced,Confidential,19 days ago
Human Resources Specialist,Guillam -,"Alexandria, Egypt ","English Translation, Human Resources (HR), Human Resources, Human Resource Management (HRM), Human Resource Information System, Human Capital Management, Communication skills",On-site,Full Time,Entry Level,Confidential,19 days ago
Planning Manager,EGMED -,"Cairo, Egypt ","Planning, Management",On-site,Full Time,Manager,Confidential,19 days ago
EV Service Engineer,MCV - Obour -,"Obour City, Cairo, Egypt ","Engineering, Automotive Maintenance, automotive, Communication, Computer Science, Customer Service, Information Technology (IT), Mechanical, Repair",On-site,Full Time,Entry Level,Confidential,19 days ago
Technical Support Specialist,Elsewedy Electric -,"6th of October, Giza, Egypt ","Technical Support, Customer Support, Administration, Computer Science, Customer Care, Customer Service, Microsoft Office, Networking",On-site,Full Time,Entry Level,Confidential,19 days ago
Lifestyle Manager,Confidential -,"Mohandessin, Giza, Egypt ","Travel, Customer Support, Tourism, CRM",On-site,Full Time,Entry Level,Confidential,19 days ago
Cost Manager,Growxcel -,"Dokki, Giza, Egypt ","Accounting, Budgeting, Cost Management, ERP, Management, Financial, Finance, Communication",On-site,Full Time,Experienced,Confidential,19 days ago
General Manager (Petroleum Services),Confidential -,"Cairo, Egypt ","Genral Management, Strategic Planning, operation management, Key Opinion Leadership, Business Development, Budgeting, Financial Management, Contracts Management",On-site,Full Time,Senior Management,Confidential,19 days ago
Construction Accountant,Maalem-Group -,"New Cairo, Cairo, Egypt ","Accounting, Finance, Construction Accounting, Financial Analysis, Project Costing, Budget Management, Financial Reporting, Auditing, Microsoft Excel",On-site,Full Time,Experienced,Confidential,19 days ago
Videographer & Photographer,OPPO Egypt  -,"Nasr City, Cairo, Egypt ","Video Editing, Videography, Adobe Premiere, Premiere, Social Media, short films, Video Production",On-site,Full Time,Experienced,Confidential,19 days ago
Credit Risk Manager,Confidential -,"Maadi, Cairo, Egypt ","Credit Risk, Risk Management, Financial Analysis, Finance, Accounting, Risk Assessment, Analysis",On-site,Full Time,Manager,Confidential,19 days ago
Quality Control Manager (Petroleum Services),Confidential -,"Cairo, Egypt ","QC, API Standard, ISO 9001, Dimensional inspection, NDT Testing, NCR, Root Cause Analysis, Calibration",On-site,Full Time,Manager,Confidential,19 days ago
MEP Site Manager,New Plan  -,"New Capital, Cairo, Egypt ","Electrical Engineering, Mechanical Engineering, MEP, Engineering, Mechanical, Management, PMP, Primavera",On-site,Full Time,Manager,Confidential,19 days ago
Planning Engineer,RAQMU for Building and Construction  -,"Cairo, Egypt ","Primavera, Microsoft Office, Engineering, Planning, Project Management, Civil Engineering",On-site,Full Time,Experienced,Confidential,19 days ago
Electrical Tender Engineer,CSI -,"Heliopolis, Cairo, Egypt ","Electrical Engineering, Engineering, Project Drawings, Testing & Commissioning, Techno-commercial Proposals, Cost Estimation, MEP, BOQ, Tendering",On-site,Full Time,Entry Level,Confidential,19 days ago
Deputy Swimming Pool Manager,Wadi Degla Clubs  -,"Maadi, Cairo, Egypt ","Communication, Problem Solving, Team Coaching, Career Coaching, Swimming Pools, Training of Trainers, lifeguard, Time Management, Team Leadership",On-site,Full Time,Manager,Confidential,19 days ago
AV Presales Engineer,Tatas -,"Abdeen, Cairo, Egypt ","Presales, Sales, AV, Engineering, Communication",Remote,Full Time,Experienced,Confidential,19 days ago
Senior Contracts and Claims Engineer,Abu Gemeaa -,"New Cairo, Cairo, Egypt ","Construction, Engineering, Contracting, Civil Engineering, FIDIC, Management, Mechanical Engineering, MEP, Microsoft Office",On-site,Full Time,Experienced,Confidential,19 days ago
Senior Marketing Executive,Confidential -,"Heliopolis, Cairo, Egypt ","Communication, Executive, Research, Marketing, Sales, senior, Skills",On-site,Full Time,Experienced,Confidential,19 days ago
QA/QC Manager (Petroleum Services),Confidential -,"Cairo, Egypt ","Quality Assurance, Quality Control, ISO 9001, API standard, internal auditing, Team Leadership, oil & Gas, Root Cause Analysis",On-site,Full Time,Manager,Confidential,19 days ago
Head Of Accounting,BF Sportswear -,"Obour City, Cairo, Egypt ","Accounting, Finance, Financial Analysis, Financial Management, Administration, Odoo, Odoo ERP, ERP Implementation",On-site,Full Time,Senior Management,Confidential,19 days ago
"T24 Functional Developer (TPH, Securities, AA)",Egabi FSI  -,"Sheraton, Cairo, Egypt ","Banking, Computer Science, Engineering, Temenos T24",On-site,Full Time,Experienced,Confidential,19 days ago
Executive Business Support,Brand Connection -,"Cairo, Egypt ","Administration, Operations Management",On-site,Full Time,Experienced,Confidential,19 days ago
KG English teacher - Alexandria,Egyptian English Language schools -,"Alexandria, Egypt ","English Education, English Teaching, preschool, kindergarten, Early Childhood Education, English Language Teaching",On-site,Full Time,Entry Level,Confidential,19 days ago
Accounting Manager,Bakkah -,"Giza, Giza, Egypt ","Accounting, Finance, Financial Analysis, Financial Management",On-site,Full Time,Experienced,Confidential,19 days ago
Export Sales Manager,Confidential -,"Badr City, Cairo, Egypt ","Export, Export Sales, Sales, Sales Target",On-site,Full Time,Manager,Confidential,19 days ago
Accountant,Bakkah -,"Hadayek Alahram, Giza, Egypt ","Accounting, Finance, Financial Analysis, Financial Management",On-site,Full Time,Entry Level,Confidential,19 days ago
Site Engineer,green river for urban development -,"New Capital, Cairo, Egypt ","Civil Engineering, AutoCAD, Communication, Construction, Engineering, Quality Control, Safety",On-site,Full Time,Entry Level,Confidential,19 days ago
B2B Sales Team Leader,Bakkah -,"Giza, Giza, Egypt ","B2B, B2B Sales, Sales, Sales Target",On-site,Full Time,Experienced,Confidential,19 days ago
Sales Support Engineer,Mymsa -,"Cairo, Egypt ","Customer Support, Sales Support, Sales, Customer Service, Technical Support, Communication Skills, Problem-Solving",On-site,Full Time,Entry Level,Confidential,19 days ago
Construction Director,New Plan  -,"New Capital, Cairo, Egypt ","Civil Engineering, Project Management, Construction, Project, Projects, Planning, Engineering, Management",On-site,Full Time,Senior Management,Confidential,19 days ago
IoT Platform & Product Development Engineer,Mobi Egypt -,"Cairo, Egypt ","IOT, Internet of Things, IoT Platform, IoT Solutions, Embedded Systems, Cloud Computing, Microsoft Azure, AWS",On-site,Full Time,Experienced,Confidential,19 days ago
Lead Generation Officer,Fixed Solutions -,"Cairo, Egypt ","Business Development, Lead Generation, Sales",Hybrid,Full Time,Experienced,Confidential,19 days ago
Operations Manager (Petroleum Services),Confidential -,"Cairo, Egypt ","manufacturing operations, Operations Management, Team Leadership, Process Improvement, Enterprise Resource Planning, HSE compliance, Mechanical Engineering, Communication",On-site,Full Time,Manager,Confidential,19 days ago
Business Developer,Confidential -,"Alghanayem, Assiut, Egypt ","Information Technology (IT), Business Intelligence Development",Remote,Part Time,Experienced,Confidential,19 days ago
Collection Specialist,IGI-Group -,"Sheikh Zayed, Giza, Egypt ","Collection, Accounting, Accounts Receivable, Administration, Business Administration, Finance, Microsoft Office, Real Estate",On-site,Full Time,Experienced,Confidential,19 days ago
QA/QC Supervisor (Petroleum Services),Confidential -,"Matruh, Egypt ","Quality Assurance, Quality Management System, API standards, oil & gas, ISO 9001, Internal Audit, team supervision, Auditing",On-site,Full Time,Experienced,Confidential,19 days ago
B 2 B Sales specialist,iqibla -,"Cairo, Egypt ","E-Commerce, Communication, B2B Sales, B2B, Sales Target, Business Development, CRM, Management",Remote,Full Time,Experienced,Confidential,19 days ago
Site Accountant,Complete Energy Solutions -,"Heliopolis, Cairo, Egypt ","Accounting, Construction, Finance",On-site,Full Time,Experienced,Confidential,19 days ago
Brand Marketing Manager,Confidential -,"Dokki, Giza, Egypt ","Brand Marketing, Market Research, Sales, Marketing, Social Media, Agriculture, PESTICIDES",On-site,Full Time,Manager,Confidential,19 days ago
Logistics Specialist,Chloride -,"Abu Rawash, Giza, Egypt ","Sales, Export, Sales Skills, Logistics, English, Analysis, COO",On-site,Full Time,Entry Level,Confidential,19 days ago
Construction Manager,Confidential -,"Alexandria, Egypt ","Civil Engineering, Construction, Engineering, Project Management, Risk Management, Budget Management, Site Supervision, Quality Control",On-site,Full Time,Manager,Confidential,19 days ago
Administrative Manager (Male Only),Complete Energy Solutions -,"Heliopolis, Cairo, Egypt ","Administration, Construction, Management",On-site,Full Time,Manager,Confidential,19 days ago
Product Designer,BasharSoft -,"Cairo, Egypt ","product, product design, SAAS, FIGMA, UX/UI",Hybrid,Full Time,Experienced,Confidential,19 days ago
Social Media Manager,Arts -,"Abu Alnumros, Giza, Egypt ","Social Media, Marketing, Creative, Time Management, Communication, E-Marketing, Management",Hybrid,Part Time,Entry Level,Confidential,19 days ago
Sales Engineer/Senior Sales Engineer/Area Sales Manager,Egybrit -,"Heliopolis, Cairo, Egypt ","Negotiation, Sales Skills, Sales, Sales Target, English, Negotiation Skills, Business",On-site,Full Time,Experienced,Confidential,19 days ago
Security Engineer,Misr International Systems  -,"Sheikh Zayed, Giza, Egypt ","data encryption, Thales, Cybersecurity, Data Security, Computer Science, Engineering, Information Technology (IT)",On-site,Full Time,Experienced,Confidential,19 days ago
HSE Officer,Logistica -,"6th of October, Giza, Egypt ","HSE, ISO, Safety Management, ISO 45001, ISO 14001, HSE Specialist Certificate, First Aid Certificate, Firefighting Certificate",On-site,Full Time,Entry Level,Confidential,19 days ago
Mortqa Platform Coordinator,Vertex Educational Solutions -,"Cairo, Egypt ","Microsoft Office, Google Workspace, CRM Systems, Learning Management Systems (LMS), Project Management Tools (Trello, ClickUp, Asana, Monday.com), Excellent Communication Skills, Leadership",On-site,Full Time,Experienced,Confidential,19 days ago
Sr. Media Buyer,Alarabia Group -,"10th of Ramadan City, Cairo, Egypt ","Advertising, Buyer, Communication, Digital Marketing, Digital, Marketing, digital marketing, digital media",On-site,Full Time,Experienced,Confidential,19 days ago
SEO Specialist,EBSS - Elite Business Solution Service -,"Cairo, Egypt ","SEO, Marketing, Google Analytics, E-Marketing, Research, Analytics, Search Engine, Social Media",Remote,Full Time,Experienced,Confidential,19 days ago
Office & Operation Director,Vertex Educational Solutions -,"Cairo, Egypt ","Administration, Management, Microsoft Office, Operations Management, Project Coordination, Team Leadership, Budget Management, Vendor Relations",On-site,Full Time,Experienced,Confidential,19 days ago
Sales Executive - Pharma,Al Massat Life Sciences Egypt -,"Cairo, Egypt ","Pharma, Sales Target, Sales, Communication, Customer Service, Microsoft Office, Negotiation, Pharmacy",On-site,Full Time,Entry Level,Confidential,19 days ago
Sales Executive - Food Department,Al Massat Life Sciences Egypt -,"Cairo, Egypt ","Sales, Sales Target, B2B, B2B Sales, Communication, Customer Service, Engineering, Microsoft Office, Negotiation",On-site,Full Time,Senior Management,Confidential,19 days ago
AI-Native Software Engineer (Full-Stack),Vertex Technologies  -,"Cairo, Egypt ","Golang, Backend Development, Git, SQL, Web Development, Unit Testing, Cloud Technologies, Microservices, Go",On-site,Full Time,Experienced,Confidential,19 days ago
Marketing Executive,Dancing Bean   -,"Heliopolis, Cairo, Egypt ","Marketing, Market Research, Social Media, Public Relations (PR), Writing, Design, Client Relationships",On-site,Full Time,Experienced,Confidential,19 days ago
Civil Site Engineer,AZ Developments -,"Sheikh Zayed, Giza, Egypt ","Civil Engineering, CAD",On-site,Full Time,Experienced,Confidential,19 days ago
Sales Supervisor Alex - Delta,Unioil -,"Alexandria, Egypt ","B2B Sales, Food & Beverage, Key Account Management, Team Leadership, Management, Food Production, Business Planning, Sales Planning",Hybrid,Full Time,Experienced,Confidential,19 days ago
Mechanical Procurement Engineer,Concrete Plus -,"New Cairo, Cairo, Egypt ","Mechanical Engineering, Procurement, Supply Chain Management, Vendor Management, Negotiation, Technical Specifications, Cost Analysis, Project Management",On-site,Full Time,Experienced,Confidential,19 days ago
HVAC Sales Engineer,Heliopolis Engineering and Trading HETO -,"Heliopolis, Cairo, Egypt ","Engineering, HVAC, Sales, Sales Target, Mechanical Engineering, Electromechanical Engineering, VRF",Remote,Internship,Entry Level,Confidential,19 days ago
Planning Manager - Site Based,Concrete Plus -,"New Cairo, Cairo, Egypt ","Planning, Project Management, Stakeholder Management, Risk Management, Schedule Management, Budget Management, Resource Allocation, Critical Path Analysis",On-site,Full Time,Manager,Confidential,19 days ago
Procurement Engineer,Concrete Plus -,"New Cairo, Cairo, Egypt ","Engineering, Purchasing, Supply Chain Management, Vendor Management, Negotiation, Cost Analysis, Contract Management, Logistics",On-site,Full Time,Experienced,Confidential,19 days ago
Medical Device Sales Engineer,Confidential -,"Tanta, Gharbia, Egypt ","Sales, Medical, Biomedical Engineering, Medical Devices Sales, Technical Presentations, Ultrasound",Hybrid,Full Time,Entry Level,Confidential,19 days ago
Senior Mechanical Tender Engineer,Concrete Plus -,"New Cairo, Cairo, Egypt ","Mechanical Engineering, Tendering, HVAC Systems, Plumbing Systems, Fire Fighting Systems, Cost Estimation, Bidding Documentation, Project Management Principles, AutoCAD",On-site,Full Time,Experienced,Confidential,19 days ago
Regulatory Affairs Senior Specialist (Medical Device),El-Ahlyia Health Care For Medical Supplies -,"Sheraton, Cairo, Egypt ","Medical, regulatory, Regulatory Affairs, Science, medical, renewals, Social Sciences",On-site,Full Time,Experienced,Confidential,19 days ago
Sales Supervisor,Sadko Plast -,"10th of Ramadan City, Sharqia, Egypt ","Sales, Sales Target, Business Administration, Commerce, Customer Service, Management, Leadership, Marketing, Microsoft Office",On-site,Full Time,Experienced,Confidential,19 days ago
Senior Contracts And Claims Engineer,Concrete Plus -,"New Cairo, Cairo, Egypt ","Construction, Contracts Management, Drafting Contracts, Claims Management, Negotiation, Risk Assessment, Project Management, Legal Compliance, Communication",On-site,Full Time,Experienced,Confidential,19 days ago
Sales Representative - Alexandria,Orthomedics -,"Alexandria, Egypt ","Customer Service, Sales Target, Sales, Outdoor Sales, Sales Field, Sales Plans, Sales Plan",On-site,Full Time,Entry Level,Confidential,19 days ago
Sales Key Account Manager - Greater Cairo ( Non Managerial Level ),Unioil -,"Cairo, Egypt ","B2B Sales, FMCG, Sales, B2B, Business Administration, Customer Service, English",On-site,Full Time,Entry Level,Confidential,19 days ago
Sales Account Manager,Misr International Systems  -,"Sheikh Zayed, Giza, Egypt ","Sales Engineering, Marketing, Selling, IT solutions, Thales, Cybersecurity, System Integration",On-site,Full Time,Experienced,Confidential,19 days ago
Operation Specialist,EBSS - Elite Business Solution Service -,"Tanta, Gharbia, Egypt ","Customer Care, Customer Service, Communication Skills, Problem-Solving, Time Management, Attention to Detail, Team Collaboration, Data Entry",On-site,Full Time,Entry Level,Confidential,19 days ago
Telesales Representative,Chemi Pharm LTD -,"Mohandessin, Giza, Egypt ","Pharmaceutical, Telesales, Sales, Customer Service, Communication Skills, Active Listening, Negotiation, CRM Software, Persuasion",On-site,Full Time,Entry Level,Confidential,19 days ago
Customer Service & Public Relation Specialist,Shiny White Dental Center  -,"Sheikh Zayed, Giza, Egypt ","Public Relations (PR), Customer Satisfaction, Customer Service, Customer Support, Customer Care, Customer Retention, Customer Relations",On-site,Full Time,Experienced,Confidential,19 days ago
Medical Sales Representative,Chemi Pharm LTD -,"Cairo, Egypt ","Communication, Customer Service, Management, Medical, Pharmaceutical, Sales, Sales Target",On-site,Full Time,Entry Level,Confidential,19 days ago
Wet Utilities Technical Office Engineer,Confidential -,"Alexandria, Egypt ","Civil Engineering, Technical Office Engineering, wet utilities, Infrastructure Engineering",On-site,Full Time,Experienced,Confidential,19 days ago
Logistic Coordinator,Blue Bell Egypt  -,"Bourj Alarab, Alexandria, Egypt ","Logistics, Supply Chain Management, Inventory Management, Transportation Management, Customs Regulations, Data Entry, Microsoft Office, Communication Skills, Problem-Solving",On-site,Full Time,Entry Level,Confidential,19 days ago
Sales Marketing,Reservya -,"Cairo, Egypt ","Marketing, Sales Target, Sales, Business Development, Digital Marketing, Market Research, Communication",Remote,Internship,Student,Confidential,19 days ago
Branch Manager ( Mansoura Branch ),Akhnaton Trading and distribution - EVA Group Limted -,"Mansoura, Dakahlia, Egypt ","Accounting, Oracle, Operations, Team Leadership, Branch Management, Problem Solving",On-site,Full Time,Manager,Confidential,19 days ago
Procurement Specialist,Gazala Steel Fabrication GSF -,"New Cairo, Cairo, Egypt ","Steel Fabrication, Steel Industry",On-site,Full Time,Experienced,Confidential,19 days ago
Draftsman,ecoSAS International -,"Giza, Egypt ","AutoCAD, Revit, Engineering, Design, Architecture, Construction, Drafting, Drawing, MEP",On-site,Full Time,Experienced,Confidential,19 days ago
R&D Methodology &Validation Section Head,Al Andalous Pharmaceutical Industries -,"6th of October, Giza, Egypt ","R&D, Methodology, Validation",On-site,Full Time,Experienced,Confidential,19 days ago
Finance Manager,Ragab Group  -,"Ameria, Alexandria, Egypt ","Accounting, Finance, Financial Analysis, Financial Management, Financial Accounting, Odoo ERP, Account Management, Financial Reporting",On-site,Full Time,Manager,Confidential,19 days ago
Assistant to Program Director - School of Engineering & Applied Sciences,Nile University -,"Sheikh Zayed, Giza, Egypt ","Administration, Office management, Microsoft Office, Program Administration, Filing Systems, Official Letters, Student Activities, Student Services, Committee Support",On-site,Full Time,Experienced,Confidential,19 days ago
Accountant,ForeFront Trading and Export  -,"Nasr City, Cairo, Egypt ","Accounting, Financing, General Accounting, Reporting",On-site,Full Time,Experienced,Confidential,19 days ago
Export logistics specialist,Kandil Glass -,"10th of Ramadan City, Sharqia, Egypt ","Logistics, Export, Supply Chain, Purchasing, Administration, Business Administration, Customs Clearance",On-site,Full Time,Experienced,Confidential,19 days ago
Electrical Team Leader,Afniah Consulting Engineering  -,"Heliopolis, Cairo, Egypt ","Engineering, Design, Leadership Management, Electrical Engineering, Development, Information Technology (IT), Sales, Sales Target",On-site,Full Time,Experienced,Confidential,19 days ago
Branch Manager (Pharmacist),Chemi Pharm LTD -,"Cairo, Egypt ","Branch Management, Communication, Customer Service, Management, Pharmaceutical, Sales, Retail",On-site,Full Time,Manager,Confidential,19 days ago
ETL & BI Developer (Alteryx & Tableau),ISFP -,"Smouha, Alexandria, Egypt ","BI, ETL, Tableau",Remote,Part Time,Experienced,Confidential,19 days ago
Junior Mechanical Design Engineer,Confidential -,"6th of October, Giza, Egypt ","AutoCAD, Design, Mechanical, Mechanical Design, Mechanical Engineering, SolidWorks, CNC, Sheet Metal",On-site,Full Time,Entry Level,Confidential,19 days ago
Purchasing / Procurement Specialist (IT),eService  -,"Glim, Alexandria, Egypt ","Procurement, Purchasing, Supply Chain Management, Negotiation, Vendor Management, Inventory Control, Cost Analysis, Contract Management",On-site,Full Time,Experienced,Confidential,19 days ago
Educational Designer for Kindergarten Required,Dar Al-Jeel Al-Jadeed Publishing and Distribution -,"Nasr City, Cairo, Egypt ","Educational Technology, Educatio, kindergartt, Teaching, gam, vedio",Remote,Full Time,Experienced,Confidential,19 days ago
International Sales Specialist,Petrogina Trading -,"Warraq, Giza, Egypt ","Export Sales, International Business Development, Odoo ERP, AI-driven Sales Strategies, International Sales, Logistics Management, Supply Chain Optimization, Client Relationship Management",Hybrid,Full Time,Experienced,Confidential,19 days ago
Telesales Agent| Customer Experience Specialist,EpsilonAI -,"Nasr City, Cairo, Egypt ","Communication, Customer, Customer Care, Customer Service, Customer Support, Negotiation, Sales",On-site,Full Time,Experienced,Confidential,19 days ago
Design Manager,ARX Developments  -,"Cairo, Egypt ","Design, Engineering, Project Management, Microsoft Office, PMP, Architecture, Civil Engineering, AutoCAD",On-site,Full Time,Manager,Confidential,19 days ago
IoT Networks & Protocols Engineer,Mobi Egypt -,"Cairo, Egypt ","Cisco, IOT, Linux, TCP, Networking, AWS, Azure, TCP/IP",On-site,Full Time,Experienced,Confidential,20 days ago
Public Relation Representative,Reservya -,"Cairo, Egypt ","Marketing, Public Relations (PR), Social Media, Content Creation, Communication Skills, Media Relations, Event Planning",Remote,Internship,Entry Level,Confidential,20 days ago
Financial Accountant | Saudi Arabia,Confidential -,"Cairo, Egypt ","Accounting, Analysis, ERP, Finance, Financial Analysis, Microsoft Excel",On-site,Full Time,Experienced,Confidential,20 days ago
Sales Representative,Reservya -,"Cairo, Egypt ","Sales, Sales Target, Customer Service, Communication Skills, Negotiation, Lead Generation, CRM Software, Time Management, Problem-Solving",Remote,Internship,Student,Confidential,20 days ago
Online English Instructor - DEPI,OTO Courses -,"Maadi, Cairo, Egypt ","English Education, English Teaching, Communication, TEFL, CELTA, English, Instructor, Writing",Remote,Freelance / Project,Experienced,Confidential,20 days ago
Accounts Receivable Supervisor,Alarabia Group -,"10th of Ramadan City, Sharqia, Egypt ","Accounting, Accounts Receivable, Finance, Financial Management, Business Administration, ERP, Financial Analysis, Microsoft Excel",Hybrid,Full Time,Manager,Confidential,20 days ago
Certification and Benchmarking Engineer,Confidential -,"10th of Ramadan City, Cairo, Egypt ","Research Analysis, R&D, Engineering, Information Technology (IT), Software Development, Computer Science",On-site,Full Time,Experienced,Confidential,20 days ago
Project/Product Manager,Bright Creations -,"Smart Village, Giza, Egypt ","JIRA, Project, Project Coordination, Product Management, Project Management, Administration, business, Business Administration, Computer Science",On-site,Full Time,Manager,Confidential,20 days ago
Project Manager,Millensys -,"New Cairo, Cairo, Egypt ","Project Management | Leadership | Stakeholder Management | Risk Management | Communication | Customer Relationship Management | Healthcare Systems | HL7 | FHIR, Healthcare Solutions",On-site,Full Time,Manager,Confidential,20 days ago
DevOps Engineer,Bright Creations -,"Smart Village, Giza, Egypt ","Software Development, React, Computer Science, Information Technology (IT), DevOps, Jenkins",Hybrid,Full Time,Experienced,Confidential,20 days ago
IT Technical Support,Premium Card -,"Dokki, Giza, Egypt ","Computer Science, Information Technology (IT), Technical Support, Customer Support",On-site,Full Time,Entry Level,Confidential,20 days ago
Senior Architecture Site Engineer,New Plan  -,"New Capital, Cairo, Egypt ","Architectural Design, AutoCAD Architecture, Architectural Engineering, Real Estate, Architecture, Architecture Design, Revit Architecture",On-site,Full Time,Experienced,Confidential,20 days ago
Summer Internship Program 2026,International co for Electrical & Electronic Industries Electro George -,"Abu Rawash, Giza, Egypt ","Engineering, Electrical Engineering, Mechanical Engineering, Automation Engineering",On-site,Internship,Student,Confidential,20 days ago
Certification and Benchmarking Engineer,Confidential -,"10th of Ramadan City, Cairo, Egypt ","Research Analysis, R&D, Engineering, Information Technology (IT), Software Development, Computer Science",On-site,Full Time,Experienced,Confidential,20 days ago
Project/Product Manager,Bright Creations -,"Smart Village, Giza, Egypt ","JIRA, Project, Project Coordination, Product Management, Project Management, Administration, business, Business Administration, Computer Science",On-site,Full Time,Manager,Confidential,20 days ago
Project Manager,Millensys -,"New Cairo, Cairo, Egypt ","Project Management | Leadership | Stakeholder Management | Risk Management | Communication | Customer Relationship Management | Healthcare Systems | HL7 | FHIR, Healthcare Solutions",On-site,Full Time,Manager,Confidential,20 days ago
DevOps Engineer,Bright Creations -,"Smart Village, Giza, Egypt ","Software Development, React, Computer Science, Information Technology (IT), DevOps, Jenkins",Hybrid,Full Time,Experienced,Confidential,20 days ago
IT Technical Support,Premium Card -,"Dokki, Giza, Egypt ","Computer Science, Information Technology (IT), Technical Support, Customer Support",On-site,Full Time,Entry Level,Confidential,20 days ago
Senior Architecture Site Engineer,New Plan  -,"New Capital, Cairo, Egypt ","Architectural Design, AutoCAD Architecture, Architectural Engineering, Real Estate, Architecture, Architecture Design, Revit Architecture",On-site,Full Time,Experienced,Confidential,20 days ago
Summer Internship Program 2026,International co for Electrical & Electronic Industries Electro George -,"Abu Rawash, Giza, Egypt ","Engineering, Electrical Engineering, Mechanical Engineering, Automation Engineering",On-site,Internship,Student,Confidential,20 days ago
Export Sales Manager,Nature's Rule Egypt LLC  -,"New Cairo, Cairo, Egypt ","Customer Service, Export Sales, Sales, Sales Target, Export, International Business Development, Negotiation",On-site,Full Time,Manager,Confidential,20 days ago
German Sales Team Leader (Call Center Industry),RISEUP (Endemag for Administrative Skills Development) -,"Maadi, Cairo, Egypt ","Sales, customer service",On-site,Full Time,Experienced,Confidential,20 days ago
HR Administrator & Receptionist,DAOUD Construction -,"Downtown, Cairo, Egypt ","Administration, Microsoft Office, Office management, Human Resources (HR)",On-site,Full Time,Entry Level,Confidential,20 days ago
Technical Office Engineer (Construction),AZ Developments -,"Sheikh Zayed, Giza, Egypt ","SAP, ETAP, Modeling, Safety, Civil Engineering, Communication, Computer Science, AutoCAD, Construction",On-site,Full Time,Experienced,Confidential,20 days ago
Digital Marketing Specialist,TTC Technologies -,"Heliopolis, Cairo, Egypt ","Digital, Digital Marketing, Business Administration, E-Marketing, English, Google Adwords, Market Research, Marketing",On-site,Full Time,Experienced,Confidential,20 days ago
Stock Keeper,Mayorca Ceramica -,"Beni Suef, Egypt ","Stock, Warehousing, Supply Chain, Logistics, Inventory Control, Computer Skills, Management, Microsoft Excel",On-site,Full Time,Experienced,Confidential,20 days ago
Junior Mechanical Business Development Engineer,ZAD MEP -,"Cairo, Egypt ","Business Development, Mechanical, MEP Engineering, Technical Sales, Market Research, Sales Engineering, MEP Basics, Communication, Computer Science",On-site,Full Time,Entry Level,Confidential,20 days ago
Accounting Supervisor,Flex Asepto -,"6th of October, Giza, Egypt ","Accounting, Auditing, Budgeting, Compliance, Finance, Financial Management, Management, Microsoft Excel, Financial Reporting",On-site,Full Time,Manager,Confidential,20 days ago
Accounting Manager,Alunaut -,"Nasr City, Cairo, Egypt ","Accounting, Finance, Financial Analysis, Financial Management",On-site,Full Time,Experienced,Confidential,20 days ago
Site Accountant,Sinoma-cdi -,"Port Said, Egypt ","Accounting, Accounting Software, Construction, Financial Analysis, Finance, Microsoft Excel, English",On-site,Full Time,Experienced,Confidential,20 days ago
Installation Engineer,Professional Service - Proserv -,"Maadi, Cairo, Egypt ","Engineering, Management, Communication, Computer Science, Information Technology (IT), Quality Control, Safety, Site Management",On-site,Full Time,Experienced,Confidential,20 days ago
Security Supervisor,Arab Otsuka Nutraceuticals -,"10th of Ramadan City, Sharqia, Egypt ","Security, Administration, Operations Management, Business Administration, Administrative Affairs, Security Management",On-site,Full Time,Experienced,Confidential,20 days ago
Store Keeper,GROOVY Medical Spa -,"Heliopolis, Cairo, Egypt ","Logistics, Supply Chain Management, Warehousing, Inventory Management, Stock Control, Forklift Operation, Data Entry, Microsoft Office Suite, Teamwork",On-site,Full Time,Experienced,Confidential,20 days ago
Tour Operator,NTS Group -,"Downtown, Cairo, Egypt ","Tourism, Travel, Customer Service, Logistics Management, Communication Skills, Problem-Solving, Cultural Awareness, Sales, Booking Systems",On-site,Full Time,Experienced,Confidential,20 days ago
Accounting Supervisor - General Ledger,Beyti - an Almarai Subsidiary  -,"New Cairo, Cairo, Egypt ","Accounting, Finance, Financial Management",On-site,Full Time,Experienced,Confidential,20 days ago
Cost Section Head,Orient Group   -,"Mansheya, Alexandria, Egypt ","Accounting, Financial Accounting, Cost Control, Cost Reduction, Cost Accounting, Cost Analysis, Cost Management, Pricing, Budgeting",On-site,Full Time,Experienced,Confidential,20 days ago
Warehouse Manager,Orient -,"Shubra, Cairo, Egypt ","Logistics, Supply Chain, Warehousing",On-site,Full Time,Manager,Confidential,20 days ago
Electrical Equipment Maintenance Manager,Confidential -,"Nozha, Cairo, Egypt ","Electrical Engineering, Equipment Maintenance, Engineering, Maintenance, Mechanical Engineering, Electrical Maintenance, Electrical Systems",On-site,Full Time,Manager,Confidential,20 days ago
Quality Manager,TEPCO S.A.E. -,"Obour City, Cairo, Egypt ","Quality Control, Testing, Quality Assurance, Quality Management System, Quality Auditing, Analysis, Engineering",On-site,Full Time,Manager,Confidential,20 days ago
MEP Technical office Engineer,Confidential -,"Cairo, Egypt ","MEP, HVAC Systems, vrf, Firefighting, Ventilation, Plumbing, Technical Office Engineering",On-site,Full Time,Experienced,Confidential,20 days ago
Purchasing Specialist,Azza Fahmy Jewellery -,"6th of October, Giza, Egypt ","Procurement, Purchasing",On-site,Full Time,Experienced,Confidential,20 days ago
Service Engineer,Confidential -,"New Capital, Cairo, Egypt ","Sales Support, Communication, Customer Support, Engineering, Microsoft Office, Mechanical, Customer Service, Sales, Biomedical",On-site,Full Time,Senior Management,Confidential,20 days ago
Mechanical Maintenance Engineer Internship_Alex,Egyptian Abrasives Co. -,"Bourj Alarab, Alexandria, Egypt ","Engineering, Maintenance, Mechanical Engineering, Electromechanical Engineering, AutoCAD, Electrical Engineering, Manufacturing, Mechatronics",On-site,Internship,Entry Level,Confidential,20 days ago
Accountant & Auditor,Elkassir for Accounting services -,"Dokki, Giza, Egypt ","Accounting, Auditing, Finance, Financial Analysis, Financial Reporting, Financial Statements, taxation, VAT, income tax",On-site,Full Time,Experienced,Confidential,20 days ago
Factory Manager,Omega Refrigeration Supplies -,"Alsadat City, Monufya, Egypt ","Factory Management, Plant Management, Manufacturing, commercial refrigeration, HVAC, Production Planning, Quality Control",On-site,Full Time,Manager,Confidential,20 days ago
Senior Architect - Lumion & Video Production,Platoon Designs Company - PDG   -,"6th of October, Giza, Egypt ","3ds Max, Lumion, Video Production, Revit, Visualization, Architectural Design, Interior Design, AutoCAD",On-site,Full Time,Experienced,Confidential,20 days ago
BIM Architect,Platoon Designs Company - PDG   -,"6th of October, Giza, Egypt ","BIM Modeling, Autodesk Revit, Navisworks, Clash Detection, Architectural Design, Project Coordination",On-site,Full Time,Experienced,Confidential,20 days ago
Human Resources Supervisor,Ferrometalco steel construction -,"Bourj Alarab, Alexandria, Egypt ","Human Resources, Recruitment, Personnel Management, Microsoft Office, Employee Relations, Performance Management, HR Policies",On-site,Full Time,Senior Management,Confidential,20 days ago
Administrative Assistant,British University of Egypt -,"Shorouk City, Cairo, Egypt ","Administration, Secretary",On-site,Full Time,Entry Level,Confidential,20 days ago
Senior Tax accountant,AM Group -,"Cairo, Egypt ","Accounting, Finance, Financial Management, Tax, Financial Analysis, CMA, ERP",On-site,Full Time,Experienced,Confidential,20 days ago
Senior Talent Acquisition Specialist,AM Group -,"Obour City, Cairo, Egypt ","Interviewing, Communication, Sourcing, Hiring, Recruitment, Talent acquisition, Administration, Human Resources, Human Resources (HR)",On-site,Full Time,Experienced,Confidential,20 days ago
Procurement Specialist,Ferrometalco steel construction -,"Bourj Alarab, Alexandria, Egypt ","Procurement, Purchasing, Supply Chain, Logistics, Vendor Management, Negotiation, Inventory Management",On-site,Full Time,Entry Level,Confidential,20 days ago
Welding Engineer (Production),Ferrometalco steel construction -,"Belbes, Sharqia, Egypt ","Engineering, Steel Industry, Steel, Welding, Mechanical Engineering, Production, IWE, CWI",On-site,Full Time,Experienced,Confidential,20 days ago
BIM Architect,Platoon Designs Company - PDG   -,"6th of October, Giza, Egypt ","BIM Modeling, Autodesk Revit, Navisworks, Clash Detection, Architectural Design, Project Coordination",On-site,Full Time,Experienced,Confidential,20 days ago
Human Resources Supervisor,Ferrometalco steel construction -,"Bourj Alarab, Alexandria, Egypt ","Human Resources, Recruitment, Personnel Management, Microsoft Office, Employee Relations, Performance Management, HR Policies",On-site,Full Time,Senior Management,Confidential,20 days ago
Administrative Assistant,British University of Egypt -,"Shorouk City, Cairo, Egypt ","Administration, Secretary",On-site,Full Time,Entry Level,Confidential,20 days ago
Senior Tax accountant,AM Group -,"Cairo, Egypt ","Accounting, Finance, Financial Management, Tax, Financial Analysis, CMA, ERP",On-site,Full Time,Experienced,Confidential,20 days ago
Senior Talent Acquisition Specialist,AM Group -,"Obour City, Cairo, Egypt ","Interviewing, Communication, Sourcing, Hiring, Recruitment, Talent acquisition, Administration, Human Resources, Human Resources (HR)",On-site,Full Time,Experienced,Confidential,20 days ago
Procurement Specialist,Ferrometalco steel construction -,"Bourj Alarab, Alexandria, Egypt ","Procurement, Purchasing, Supply Chain, Logistics, Vendor Management, Negotiation, Inventory Management",On-site,Full Time,Entry Level,Confidential,20 days ago
Welding Engineer (Production),Ferrometalco steel construction -,"Belbes, Sharqia, Egypt ","Engineering, Steel Industry, Steel, Welding, Mechanical Engineering, Production, IWE, CWI",On-site,Full Time,Experienced,Confidential,20 days ago
Team Leader MEP Site Engineer,ZAD MEP -,"Nasr City, Cairo, Egypt ","Engineering, MEP, AutoCAD, Revit, Mechanical Engineering, Electrical Engineering, Site Supervision, Project Management, Leadership",On-site,Full Time,Manager,Confidential,20 days ago
Production Planning Officer,El Mayhop for Food Industries الميهوب للصناعات الغذائية -,"Alsadat City, Monufya, Egypt ","Logistics/Supply Chain, Quality Control/Food Industry, Engineering – Industrial/Production, Manufacturing, Production, Planning, Production Planning",On-site,Full Time,Experienced,Confidential,20 days ago
Assistant General Manager (Technical)-Petroleum Services,Confidential -,"Cairo, Egypt ","technical management, Operations Management, Engineering Management, Strategic Planning, Project Management, Team Leadership, Budget Management, Contract Management",On-site,Full Time,Senior Management,Confidential,20 days ago
HR Specialist - Freelancer,TAJ Electric -,"Cairo, Egypt ","HR, HR Specialist, Human Resources (HR), Microsoft Office, Personnel Management, Recruitment, Onboarding, Employee Relations",On-site,Full Time,Experienced,Confidential,20 days ago
Head of Marketing,Arabiat -,"Mohandessin, Giza, Egypt ","Advertising, Market Research, Marketing, Marketing Strategy, Marketing Budget Management, Advertising Campaigns, Company Branding, Digital Branding",On-site,Full Time,Manager,Confidential,20 days ago
Field Sales Representative,TAJ Electric -,"Cairo, Egypt ","Customer Service, Sales, Sales Target, Communication, Negotiation, CRM Software, Product Knowledge, Problem Solving",On-site,Full Time,Entry Level,Confidential,20 days ago
Senior Corporate Lawyer,Wadi Group -,"Sheikh Zayed, Giza, Egypt ","Corporate Law, Contract Drafting, Legal Research, Regulatory Compliance, Negotiation, Litigation Management, Risk Assessment, Communication",On-site,Full Time,Experienced,Confidential,20 days ago
Jr. Electrical Maintenance Engineer,National Pipe Company -,"10th of Ramadan City, Cairo, Egypt ","Electrical, Electrical Engineering, Engineering, Maintenance, plaster mixers, steam boilers, welding machines",On-site,Full Time,Experienced,Confidential,20 days ago
Procurement Buyer,Beverlyhills -,"Shorouk City, Cairo, Egypt ","Purchasing, Procurement, Logistics, Supply Chain Management, Vendor Management, Negotiation, Cost Analysis",On-site,Full Time,Experienced,Confidential,20 days ago
Site Admin,Core Construction and Finishing  Egypt -,"North Coast, Matruh, Egypt ","Administration, Microsoft Office, Communication, Time Management",On-site,Full Time,Experienced,Confidential,20 days ago
Patient Family Educator,Cleopatra Hospitals Group -,"Mohandessin, Giza, Egypt ","Medical, Nursing, Healthcare, Patient Educator, Clinical Instrcutor, Presentations, Patient Education, Family Education",On-site,Full Time,Experienced,Confidential,20 days ago
Senior Software Sales Executive,BI-Technologies -,"New Cairo, Cairo, Egypt ","Sales, IT, Software Sales, Sales Skills, Sales Target, Computer Science, Software",On-site,Full Time,Experienced,Confidential,20 days ago
Partner Sales Manager (SaaS) - Remote,WUZZUF -,"Cairo, Egypt ","sales, partnership, KSA and UAE markets, business development",Remote,Full Time,Experienced,Confidential,20 days ago
Workshop Maintenance Manager,Family Corporation -,"Abu Rawash, Giza, Egypt ","Mechanical Engineering, Troubleshooting, Maintenance, Engineering, Management, Mechanical, Planning, Preventive Maintenance",On-site,Full Time,Experienced,Confidential,20 days ago
Training and Capacity Building Senior Officer,Expolink -,"Maadi, Cairo, Egypt ","Training, Business, Administration, Microsoft Office, English, Capacity Building, Training Programs",On-site,Full Time,Experienced,Confidential,20 days ago
Partnership Manager (SaaS) - Remote,Digital Cubic Smart Solution  -,"Cairo, Egypt ","Business Development, SaaS, Partnerships, Sales",Remote,Full Time,Experienced,Confidential,20 days ago
Export Sales Engineer,Professional Service - Proserv -,"Cairo, Egypt ","Export Sales, Engineering, International Sales, Business Development, Export Procedures, Sheet Metal, Automotive Industry",On-site,Full Time,Experienced,Confidential,20 days ago
Customer Care Coordinator,SAS For Electrical Industries Company   -,"10th of Ramadan City, Sharqia, Egypt ","Customer Care, Customer Service, Customer Support, Sales, Communication, Problem-Solving, Active Listening",On-site,Internship,Entry Level,Confidential,20 days ago
Sales Specialist,SAS For Electrical Industries Company   -,"Cairo, Egypt ","Sales Target Achievement, Sales Strategy, Customer Service Excellence, Business Development, Client Relationship Management, Product Knowledge, Communication Skills",Hybrid,Internship,Entry Level,Confidential,20 days ago
HSE Section Head,Marbella For Food Industry  -,"6th of October, Giza, Egypt ","Engineering, HSE, ISO, Management, quality, Science, Microsoft Office, HACCP",On-site,Full Time,Experienced,Confidential,20 days ago
IT Support Specialist,Nile University -,"Sheikh Zayed, Giza, Egypt ","Computer Science, Information Technology (IT), Technical Support, IT Services, Operating Systems, Computer Applications, Troubleshooting",On-site,Full Time,Experienced,Confidential,20 days ago
Technical Office Manager,EL EZZ for construction and trading  -,"New Cairo, Cairo, Egypt ","Technical Office Management, Office Management, Microsoft Office Suite, Project Management, Construction Documentation, Engineering Drawings, Contract Administration, Resource Allocation",On-site,Full Time,Manager,Confidential,20 days ago
Senior Supply chain,TyrePro Egypt Co. - Continental Tyres -,"New Cairo, Cairo, Egypt ","Logistics, Procurement, Purchasing, Supply, Supply Chain",On-site,Full Time,Experienced,Confidential,20 days ago
Senior Accountant,FlexFilms Egypt -,"6th of October, Giza, Egypt ","ERP, Accounting, Financial Management, Finance, Financial Reporting, Auditing, Taxation, Budgeting, Microsoft Excel",On-site,Full Time,Experienced,Confidential,20 days ago
Junior lawyer,SAS For Electrical Industries Company   -,"10th of Ramadan City, Sharqia, Egypt ","Corporate Law, Legal Affairs, Legal Research, Contract Review, Legal Writing, Communication Skills, Problem-Solving, Attention to Detail",Hybrid,Internship,Entry Level,Confidential,20 days ago
Senior Export Specialist - MENA Region,SAS For Electrical Industries Company   -,"Cairo, Egypt ","Export Documentation, Logistics Management, International Trade Compliance, Marketing Strategy, Social Media Marketing, Market Analysis, Business Development",Hybrid,Full Time,Experienced,Confidential,20 days ago
female Logistics Import Supervisor,Confidential -,"Mohandessin, Giza, Egypt ","Negotiation, Computer Skills, Customer Service, Import / Export",On-site,Full Time,Experienced,Confidential,20 days ago
R&D Design Engineer,Groupe- Atlantic -,"10th of Ramadan City, Cairo, Egypt ","R&D, Mechanical Engineering, ERP, Manufacturing, SolidWorks, ProE, CREO",On-site,Full Time,Experienced,Confidential,20 days ago
Deputy IT Manager For Applications.,Nile University -,"Sheikh Zayed, Giza, Egypt ","Applications, Information Technology (IT), ERP, ITIL, Project Management, Dynamics, Software Engineering",On-site,Full Time,Manager,Confidential,20 days ago
Senior – Helpdesk Support,Pharco Corporation -,"Ameria, Alexandria, Egypt ","HelpDesk, Customer Support, Customer Service",On-site,Full Time,Entry Level,Confidential,20 days ago
AI Engineering Lead,Link Development -,"Maadi, Cairo, Egypt ","AI, Computer Science, Engineering, Software Development, Information Technology (IT), Algorithms, Azure, Cloud, Machine Learning",Hybrid,Full Time,Experienced,Confidential,20 days ago
ERP Application Support,Ibn Sina Pharma -,"New Cairo, Cairo, Egypt ","Application Support, Computer Science, Customer Support, ERP Application, Information Technology (IT), ERP, Troubleshooting",Hybrid,Full Time,Entry Level,Confidential,20 days ago
Architecture Tendering Estimation Engineer,Construction Management Systems -,"Maadi, Cairo, Egypt ","Architectural Engineering, Architecture, AutoCAD, Tendering, Construction, Engineering",On-site,Full Time,Experienced,Confidential,20 days ago
Sales Coordinator,TTC Technologies -,"Heliopolis, Cairo, Egypt ","Business Administration, Customer Service, CRM, English, Sales, sales skills, Sales Target",On-site,Full Time,Experienced,Confidential,21 days ago
Sales Manager,AZ Developments -,"Sheikh Zayed, Giza, Egypt ","Leadership Management, Marketing Communications, Real Estate Sales",On-site,Full Time,Manager,Confidential,21 days ago
Internal Audit Officer,Tawfeer -,"Maadi, Cairo, Egypt ","Reporting, Auditing, Risk Management, Compliance, Internal Controls, Data Analysis, Problem-Solving, Attention to Detail",On-site,Full Time,Experienced,Confidential,21 days ago
Senior Travel counselor,BCD-EWT   -,"Heliopolis, Cairo, Egypt ","Travel, Tourism, Amadeus",On-site,Full Time,Experienced,Confidential,21 days ago
SAP FICO Consultant,MK Enterprise -,"Downtown, Cairo, Egypt ","SAP Fi, SAP, Information Technology (IT), Computer Science, Accounting, SAP FICO, SAP Implementation, ABAP, Configuration",On-site,Full Time,Experienced,Confidential,21 days ago
Production Engineer,idaco -,"6th of October, Giza, Egypt ","Engineering, Manufacturing, Production",On-site,Full Time,Experienced,Confidential,21 days ago
Administration manager,GB Corp -,"Obour City, Cairo, Egypt ","Administration, Office Management, Team Leadership, Budget Management, Vendor Management, Facilities Management, Communication Skills, Problem-Solving, negotianting",On-site,Full Time,Manager,Confidential,21 days ago
IT Manager,Elkamash Group  -,"Cairo, Egypt ","Computer Engineering, Computer Science, Information Technology (IT)",On-site,Full Time,Manager,Confidential,21 days ago
Marketing Team Leader,Elkamash Group  -,"Cairo, Egypt ","Marketing, Leadership",On-site,Full Time,Experienced,Confidential,21 days ago
Customer Care Representative,Raya Distribution -,"Haram, Giza, Egypt ","Customer Service, Communication, Problem Solving, Teamwork, Time Management, Customer Support, Customer Satisfaction, Customer Care, Sales",On-site,Full Time,Entry Level,Confidential,21 days ago
Maintenance Engineer - Mobile,Raya Distribution -,"Suez, Suez, Egypt ","Hardware repair, Problem-solving, Time management, Customer service, Presentation, repairs, Maintanance",On-site,Full Time,Entry Level,Confidential,21 days ago
Senior Accountant,Zewail City -,"6th of October, Giza, Egypt ","Accounting, Finance, Financial Analysis, Financial Management",On-site,Full Time,Experienced,Confidential,21 days ago
Architect Lighting Design Engineer,ElNassera Group  -,"Obour City, Cairo, Egypt ","3d max, Architect, Lighting, photoshop, Lumion, Engineering, Design, AutoCAD",On-site,Full Time,Experienced,Confidential,21 days ago
Social Compliance Specialist,Rubyred Garment -,"Bourj Alarab, Alexandria, Egypt ","Compliance, socail, Operations Management, Management",On-site,Full Time,Experienced,Confidential,21 days ago
Logistics Manager,Confidential -,"Bourj Alarab, Alexandria, Egypt ","Logistics, Supply Chain, Shipping, Export",On-site,Full Time,Manager,Confidential,21 days ago
B 2 B Sales Manager,ABCO Group  -,"Bourj Alarab, Alexandria, Egypt ","B2B, Sales, Sales Target",On-site,Full Time,Manager,Confidential,21 days ago
Recruitment Specialist,Cubic Information Systems -,"Maadi, Cairo, Egypt ","Human Resources (HR), Microsoft Office, HR, Recruitment, Hiring, Talent acquisition, Sourcing, Interviewing",On-site,Full Time,Entry Level,Confidential,21 days ago
Sales Associate,Innovera for Education Technology -,"Cairo, Egypt ","Outdoor Sales, Customer Service, Communication, Sales Target, Sales",On-site,Full Time,Experienced,Confidential,21 days ago
System Administrator (Microsoft Exchange),Roaya -,"Maadi, Cairo, Egypt ","Computer Science, Engineering, Exchange, Information Technology (IT), Microsoft Exchange, System Administration",On-site,Full Time,Entry Level,Confidential,21 days ago
Property Consultant,Confidential -,"New Cairo, Cairo, Egypt ","Sales, Real Estate Sales, Real Estate, Human Resources (HR), Negotiation, Customer Satisfaction",On-site,Full Time,Entry Level,Confidential,21 days ago
System Administrator,Topline Safety Systems -,"Cairo, Egypt ","Engineering, System Administration, Information Technology (IT), Administration, Computer Science, DNS, Maintenance, Networking",On-site,Full Time,Experienced,Confidential,21 days ago
Office Manager,Impacts Solutions -,"New Cairo, Cairo, Egypt ","Administration, Office management, Microsoft Office, Communication Skills, Organizational Skills, Time Management, Problem Solving, Record Keeping, Budget Management",On-site,Full Time,Experienced,Confidential,21 days ago
"Senior Tendering and Cost Estimation Engineer ""Mep""",Abu Gemeaa -,"New Cairo, Cairo, Egypt ","Cost Estimation, MEP, Tendering, Engineering, AutoCAD, Civil Engineering, Construction, Electrical Engineering",On-site,Full Time,Experienced,Confidential,21 days ago
MEP Site Engineer,Heliopolis Engineering and Trading HETO -,"Heliopolis, Cairo, Egypt ","AutoCAD, MEP, Engineering, Heating, Ventilation, and Air Conditioning (HVAC)",Remote,Internship,Entry Level,Confidential,21 days ago
General Accountant,Masar Architects   -,"New Cairo, Cairo, Egypt ","Financial Reporting, Accounts Payable, Accounts Receivable, Bank Reconciliation, Microsoft Excel, Attention to Detail, Time Management, Communication",On-site,Full Time,Entry Level,Confidential,21 days ago
MEP- Technical office Engineer,Heliopolis Engineering and Trading HETO -,"Heliopolis, Cairo, Egypt ","HVAC, Mechanical Engineering, Technical Office, Central Air Conditioning",On-site,Internship,Entry Level,Confidential,21 days ago
HVAC Sales Engineer,Heliopolis Engineering and Trading HETO -,"Heliopolis, Cairo, Egypt ","Engineering, HVAC, Sales, Sales Target, Heating, Ventilation, and Air Conditioning (HVAC), vrf",Remote,Full Time,Experienced,Confidential,21 days ago
Alumni Relations Specialist,NASS Academy -,"Mokattam, Cairo, Egypt ","Microsoft Office, Public Relations (PR), Administration, Business Administration, Communication, Customer Care, Human Resources",On-site,Full Time,Entry Level,Confidential,21 days ago
Architecture Technical Office Engineer,Confidential -,"Heliopolis, Cairo, Egypt ","Technical Office, Architecture, Autodesk Revit, BIM, Construction Documentation, AutoCAD, Clash Detection, Quantity Surveying, Building Codes",On-site,Full Time,Entry Level,Confidential,21 days ago
Senior Technical Office Mechanical Engineer,Abu Gemeaa -,"New Cairo, Cairo, Egypt ","Mechanical, Mechanical Engineering, AutoCAD, Revit MEP, Construction, Design, Engineering, HVAC",On-site,Full Time,Experienced,Confidential,21 days ago
Mold Design Engineer,Gest For Metals  -,"Sharqia, Egypt ","mold design, Engineering, Computer Science, CAD Drawing",On-site,Full Time,Experienced,Confidential,21 days ago
Social Media Manager,Blue Nile -,"Zamalek, Cairo, Egypt ","Marketing, E-Marketing, Social Media, SEO, Hospitality",On-site,Full Time,Manager,Confidential,21 days ago
Mechanical Maintenance Manger - Tissue Mill,Zeina Group -,"10th of Ramadan City, Sharqia, Egypt ","vibration analysis, Mechanical Maintenance, Problem Solving, Troubleshooting, Mechanical Systems, alignment, infrared thermography",On-site,Full Time,Manager,Confidential,21 days ago
AR & Banking Accountant,Amreyah Cement -,"Cairo, Egypt ","Accounting, Banking, AR, Finance, Financial Analysis, Financial Management, Accounts Receivable, ERP",On-site,Full Time,Entry Level,Confidential,21 days ago
Talent Acquisition Specialist,Mersal  -,"Maadi, Cairo, Egypt ","Human Resources, Human Resources (HR), Recruitment, Talent acquisition, Communication skills, Sourcing, Interviewing, Business Administration, HR",On-site,Full Time,Experienced,Confidential,21 days ago
Technical Office Engineer,MENA For Contracting & Trading -,"San Stefano, Alexandria, Egypt ","Engineering, Technical Office, Microsoft Office, AutoCAD, Construction, Information Technology (IT), Primavera, Project",On-site,Full Time,Experienced,Confidential,21 days ago
Pest Control Associate Manager,STM -,"New Cairo, Cairo, Egypt ","Architecture, Pest Control, Quality Control, Engineering, Management, CPD, associate",On-site,Full Time,Manager,Confidential,21 days ago
Project Manager,Fixed Solutions -,"Cairo, Egypt ","Computer Science, Information Technology (IT), Project Management, Project, Engineering",Hybrid,Full Time,Experienced,Confidential,21 days ago
Promoter - IT - Zagazig,B.TECH -,"Zagazig, Sharqia, Egypt ","Sales, Sales Target, Marketing, Stock Accuracy, Products Safety, Stock Control, Maintenance, Invoicing",On-site,Full Time,Entry Level,Confidential,21 days ago
Data Protection Officer,Linrco Egypt -,"Nasr City, Cairo, Egypt ","Data Analysis, Information Technology (IT), Administration, Business Administration, Communication, Compliance, Data Entry, Finance, Management",On-site,Full Time,Experienced,Confidential,21 days ago
AR & Banking Accountant,Amreyah Cement -,"Cairo, Egypt ","Accounting, Banking, AR, Finance, Financial Analysis, Financial Management, Accounts Receivable, ERP",On-site,Full Time,Entry Level,Confidential,21 days ago
Talent Acquisition Specialist,Mersal  -,"Maadi, Cairo, Egypt ","Human Resources, Human Resources (HR), Recruitment, Talent acquisition, Communication skills, Sourcing, Interviewing, Business Administration, HR",On-site,Full Time,Experienced,Confidential,21 days ago
Technical Office Engineer,MENA For Contracting & Trading -,"San Stefano, Alexandria, Egypt ","Engineering, Technical Office, Microsoft Office, AutoCAD, Construction, Information Technology (IT), Primavera, Project",On-site,Full Time,Experienced,Confidential,21 days ago
Pest Control Associate Manager,STM -,"New Cairo, Cairo, Egypt ","Architecture, Pest Control, Quality Control, Engineering, Management, CPD, associate",On-site,Full Time,Manager,Confidential,21 days ago
Project Manager,Fixed Solutions -,"Cairo, Egypt ","Computer Science, Information Technology (IT), Project Management, Project, Engineering",Hybrid,Full Time,Experienced,Confidential,21 days ago
Promoter - IT - Zagazig,B.TECH -,"Zagazig, Sharqia, Egypt ","Sales, Sales Target, Marketing, Stock Accuracy, Products Safety, Stock Control, Maintenance, Invoicing",On-site,Full Time,Entry Level,Confidential,21 days ago
Data Protection Officer,Linrco Egypt -,"Nasr City, Cairo, Egypt ","Data Analysis, Information Technology (IT), Administration, Business Administration, Communication, Compliance, Data Entry, Finance, Management",On-site,Full Time,Experienced,Confidential,21 days ago
Promoter - IT - Suez,B.TECH -,"Cairo, Egypt ","Sales, Sales Target, Stock Accuracy, Marketing, Products Safety, Stock Control, Maintenance, Invoicing",On-site,Full Time,Entry Level,Confidential,21 days ago
Promoter - IT - Tanta,B.TECH -,"Tanta, Gharbia, Egypt ","Sales, Sales Target, Stock Accuracy, Products Safety, Stock Control, Maintenance, Invoicing, Marketing",On-site,Full Time,Entry Level,Confidential,21 days ago
Grants Accountant,Zewail City -,"6th of October, Giza, Egypt ","Accounting, Budgeting, Auditing",On-site,Full Time,Experienced,Confidential,21 days ago
Promoter - IT - Alexandria,B.TECH -,"Alexandria, Egypt ","Sales, Sales Target, Stock Accuracy, Products Safety, Stock Control, Maintenance, Invoicing, Sales Tracking",On-site,Full Time,Entry Level,Confidential,21 days ago
Senior Procurement Specialist,GlassRock Insulation Co. -,"Alsadat City, Monufya, Egypt ","Procurement, Purchasing, Logistics, Supply Chain, Administration, Business Administration, Communication, ERP, Finance",On-site,Full Time,Experienced,Confidential,21 days ago
Office Administrator,KH Group -,"Sharqia, Egypt ","Microsoft Excel, Microsoft Office, Lead Generation, AI, Administrative Support, Data Entry, Bookkeeping, Financial Reporting",On-site,Full Time,Experienced,Confidential,21 days ago
Merchandising Specialist,B.TECH -,"Cairo, Egypt ","Merchandising, Retail, Sales, Category Management, Product Management, Market Trends, Negotiation",On-site,Full Time,Experienced,Confidential,21 days ago
Wearhouse Supervisor,Ninos Kids Wear  -,"Maadi, Cairo, Egypt ","Strong knowledge of inbound receiving operations., Good understanding of warehouse management and put-away processes., Solid knowledge of inventory management and FIFO principles., Proficiency in ERP systems, preferably Odoo., Ability to lead, supervise, and allocate daily tasks to warehouse staff., Strong problem-solving and decision-making skills., Ability to analyze operational data and prepare performance reports., High attention to detail when verifying quantities, documentation, and product quality.",On-site,Full Time,Manager,Confidential,21 days ago
Sales Executive,Sky Global Freight&Logistics -,"Sheraton, Cairo, Egypt ","Client Relationships, Customer Service, Sales, Communication, Negotiation, Sales Target",On-site,Full Time,Entry Level,Confidential,21 days ago
Applications Development Lead,Kgroup -,"Obour City, Cairo, Egypt ","Applications, Applications Development, Information Technology (IT), Software Development, ERP Applications, ERP Software, ERP Solutions",On-site,Full Time,Experienced,Confidential,21 days ago
Manufacturing Manager (Concentrates),UNITED FOOD INDUSTRY Group -,"Badr City, Cairo, Egypt ","(Concentrates), Production, Manufacturing, Planning, Management, Safety, Engineering, Communication",On-site,Full Time,Manager,Confidential,21 days ago
Sales Operations Specialist,Kgroup -,"Katameya, Cairo, Egypt ","Sales Operations, ERP Sales",On-site,Full Time,Entry Level,Confidential,21 days ago
Maintenance Engineer - Assuit,Alfa Laboratories -,"Assuit, Assiut, Egypt ","Engineering, Maintenance, Mechanical Engineering, Electrical Engineering, HVAC, Information Technology (IT), Mechanical, Safety",On-site,Full Time,Experienced,Confidential,21 days ago
Treasury Analyst,Confidential -,"New Capital, Cairo, Egypt ","Accounting, Finance, Financial Analysis, Treasury",On-site,Full Time,Experienced,Confidential,21 days ago
Training & Technical Support Specialist,Education For Life -,"Tanta, Gharbia, Egypt ","Computer Science, Customer Support, Technical Support, Training, Information Technology (IT), Communication, Computer Systems, Engineering",On-site,Full Time,Entry Level,Confidential,21 days ago
Quality Control Engineer,Frank Noe Egypt  -,"6th of October, Giza, Egypt ","Quality Control, Quality, Engineering, Mechanical Engineering, Production, Quality Assurance, Industrial",On-site,Full Time,Entry Level,Confidential,21 days ago
Sales Advisor,Joba -,"Cairo, Egypt ","Customer Service, Sales, Sales Target, Microsoft Office, Negotiation, Communication, Computer Skills",On-site,Full Time,Entry Level,Confidential,21 days ago
Operation Specialist,Elsafa Trading ( Elgendy )   -,"Nasr City, Cairo, Egypt ","business, Business Administration, Communication skills, Management, Operations, Shipping, Administration",On-site,Full Time,Entry Level,Confidential,21 days ago
Production Planning Engineer,Frank Noe Egypt  -,"6th of October, Giza, Egypt ","Mechanical Engineering, Production, Logistics, Supply Chain, Purchasing, Supply, Planning",On-site,Full Time,Entry Level,Confidential,21 days ago
Senior Graphic Designer,AD VALUE -,"Maadi, Cairo, Egypt ","Adobe Photoshop, Graphic Design, Design, Adobe illustrator, AI, Art Direction, Creative Thinking, Creative Design",On-site,Full Time,Experienced,Confidential,21 days ago
Marketing Intern,AD VALUE -,"Maadi, Cairo, Egypt ","Digital Marketing, Social Media, Marketing, Market Research, Social Media Strategy",On-site,Internship,Entry Level,Confidential,21 days ago
Localization Business Development Executive,TransPioneers -,"Dokki, Giza, Egypt ","Business Development, Sales, Sales Target, Development, Sales & Negotiation Skills, Communication & Presentation, Market & Industry Knowledge, Relationship Building, Strategic Thinking",On-site,Full Time,Experienced,Confidential,21 days ago
Quality Control Engineer,Elsewedy Electric -,"10th of Ramadan City, Cairo, Egypt ","Quality Control, Inspection and Testing, Root Cause Analysis, Testing, inspection, Electrical Engineering, Equipment Measurement, Technical Drawing",On-site,Full Time,Entry Level,Confidential,21 days ago
Distribution Representative,Nexo -,"New Cairo, Cairo, Egypt ","Distribution, Delivery Management, Logistics, Warehouse Operations, Customer Service, order management, Inventory Management",On-site,Full Time,Entry Level,Confidential,22 days ago
Monitor-CS,Mico World Limited -,"Maadi, Cairo, Egypt ","Customer Service, Surveying, Media Monitoring, Data Analysis, Quality Assurance, Troubleshooting, Communication Skills",On-site,Full Time,Experienced,Confidential,22 days ago
Bilingual Dutch and English Senior Sales Advisor,TTEC -,"Cairo, Egypt ","Customer Care, Customer Service, Sales, Outbound, Outbound Calls, B2B, B2B Sales",On-site,Full Time,Entry Level,Confidential,22 days ago
Bilingual German and English Senior Sales Advisor,TTEC -,"Cairo, Egypt ","Customer Care, Customer Service, Sales, Outbound, Outbound Calls, Sales Target, Telesales",On-site,Full Time,Entry Level,Confidential,22 days ago
Bilingual Italian and English Senior Sales Advisor,TTEC -,"Cairo, Egypt ","Customer Care, Customer Service, Sales, Outbound, Outbound Calls, Sales Target, Sales Plan",On-site,Full Time,Entry Level,Confidential,22 days ago
Site Engineer,Elsewedy Electric -,"Cairo, Egypt ","Construction, AutoCAD, Engineering, Electrical Engineering, EV Charging Stations, Electrical Substations, Electrical Diagrams",On-site,Full Time,Experienced,Confidential,22 days ago
R&D Specialist,El Mayhop for Food Industries الميهوب للصناعات الغذائية -,"Wadi Alnatrun, Beheira, Egypt ","Research & Development (R&D), Product Development, Food Formulation, Recipe Development, Food Technology, R&D",On-site,Full Time,Manager,Confidential,22 days ago
Sales Representative,Superfine International -,"Cairo, Egypt ","Sales, Sales Target Achievement, Business Development, Client Relationship Management, Negotiation, Market Analysis, Strategic Planning, Presentation Skills",On-site,Full Time,Manager,Confidential,22 days ago
Lifestyle Manager - Junior,Quintessentially Egypt [Global Lifestyles SAE] -,"Maadi, Cairo, Egypt ","Customer service, CRM, Customer Support, Internet Research, Planning, Communication Skills, Tourism, Client Relations",On-site,Full Time,Entry Level,Confidential,22 days ago
Senior Technical Office Engineer,SAH Company  -,"New Nozha, Cairo, Egypt ","AutoCAD, Engineering, Design, Primavera, Project Management, Technical Office",On-site,Full Time,Experienced,Confidential,22 days ago
Warehouse Keeper,Joy Glass -,"Giza, Egypt ","Inventory Control, Management, Logistics, Supply Chain, Warehousing, Supply, Supply Chain Management",On-site,Full Time,Experienced,Confidential,22 days ago
Site Supervisor,Dubai Misr -,"New Capital, Cairo, Egypt ","Site Work, Follow up site work, Site Supervision, Construction Management, Quality Assurance, Project Coordination, Risk Management, Budget Management",On-site,Full Time,Manager,Confidential,22 days ago
Senior Warehouse Keeper,Joy Glass -,"Giza, Egypt ","Supply Chain, Warehousing, Procurement, Warehouse Management, Warehouse Management System, ERP, ERP System",On-site,Full Time,Experienced,Confidential,22 days ago
Accountant (General Accountant & Tax Specialist),Autovroom -,"Obour City, Cairo, Egypt ","Accounting, Finance, Financial Analysis, Financial Management, Tax, General Ledger (GL), Financial Services, Financial Reporting",On-site,Full Time,Experienced,Confidential,22 days ago
Finance Manager,ForeFront Trading and Export  -,"Nasr City, Cairo, Egypt ","Finance, Financial Analysis, Financial Management, Accounting, Budgeting, Forecasting, Financial Reporting",On-site,Full Time,Manager,Confidential,22 days ago
Site Engineer,Dubai Misr -,"New Capital, Cairo, Egypt ","Site Engineering, Civil Engineering, Architectural Engineering, Project Management, Construction Supervision, Quality Control, Safety Regulations, AutoCAD, Structural Analysis",On-site,Full Time,Experienced,Confidential,22 days ago
Sales Engineer,Manzzeli.com  -,"Nasr City, Cairo, Egypt ","Sales, Sales Target, Engineering, Microsoft Office, CRM",On-site,Full Time,Entry Level,Confidential,22 days ago
Sales & Marketing Executive,demy -,"Downtown, Cairo, Egypt ","Communication, CRM, Marketing, Microsoft Office, Sales, Sales Management, Management, Negotiation, Sales Target",On-site,Full Time,Manager,Confidential,22 days ago
Program Manager – MHE Submetering (Sustainability),RISEUP (Endemag for Administrative Skills Development) -,"Maadi, Cairo, Egypt ","Logistics, Logistics Management, Sustainability, Project Management, Fulfilment, Manufacturing, Industrial",Remote,Full Time,Experienced,Confidential,22 days ago
Under Writer,Bokra -,"Maadi, Cairo, Egypt ","Management, Market Research, Marketing, Planning, Promotion, Relationship Management, Strategic Planning",On-site,Full Time,Experienced,Confidential,22 days ago
Part-Time Cold Caller,TAMHEEN LLC -,"Cairo, Egypt ","Sales, Cold Calling, Business Development, Customer Service, Customer Support, Customer Care",Remote,Part Time,Entry Level,Confidential,22 days ago
Senior Treasury Accountant,Alestesmaria Holding Company  -,"New Cairo, Cairo, Egypt ","Accounting, Finance, Financial Management, Financial Analysis, Treasury Accounting",On-site,Full Time,Experienced,Confidential,22 days ago
HSE Specialist,Alfa Laboratories -,"Cairo, Egypt ","HSE, Health, Safety and Environment, Quality Assurance, Quality Control, Safety, Environmental, Medical",On-site,Full Time,Entry Level,Confidential,22 days ago
Civil & Architecture Procurement Department Manager,Confidential -,"Madinaty, Cairo, Egypt ","Architecture, Civil Engineering, Engineering, Procurement, Construction, Management, Microsoft Office",On-site,Full Time,Manager,Confidential,22 days ago
Sales Specialist.,B.TECH -,"Downtown, Cairo, Egypt ","Customer Satisfaction, Indoor Sales, Sales, Sales Target",On-site,Full Time,Entry Level,Confidential,22 days ago
Recruitment Specialist,Confidential -,"Mohandessin, Giza, Egypt ","Human Resources (HR), Recruitment, Hiring, Interviewing, CVS",On-site,Full Time,Entry Level,Confidential,22 days ago
Senior Cost Accountant,EBSS - Elite Business Solution Service -,"Cairo, Egypt ","Cost Accounting, Finance Analysis, Accounting, Financial Accounting, Treasury Accounting, Cost Control, Cost Analysis, Budgeting, Variance Analysis",Remote,Full Time,Entry Level,Confidential,22 days ago
Bilingual Customer Service Representative – Portuguese and English,TTEC -,"Cairo, Egypt ","Customer Care, Customer Service, Customer Support, Communication, Portuguese, English, Computer",On-site,Full Time,Entry Level,Confidential,22 days ago
International Business Development Manager,Axiom Egypt -,"Cairo, Egypt ","International Business Development Manager, Business Development, Sales, Marketing, Development, CRM, Management, Market Research, Microsoft Office",On-site,Full Time,Manager,Confidential,22 days ago
Civil Project Manager,RITZY Developments -,"Sheikh Zayed, Giza, Egypt ","Civil Engineering, Engineering, Information Technology (IT), Project Management, Project",On-site,Full Time,Manager,Confidential,22 days ago
Civil & Architecture Procurement Department Manager,Confidential -,"Madinaty, Cairo, Egypt ","Architecture, Civil Engineering, Engineering, Procurement, Construction, Management, Microsoft Office",On-site,Full Time,Manager,Confidential,22 days ago
Sales Specialist.,B.TECH -,"Downtown, Cairo, Egypt ","Customer Satisfaction, Indoor Sales, Sales, Sales Target",On-site,Full Time,Entry Level,Confidential,22 days ago
Recruitment Specialist,Confidential -,"Mohandessin, Giza, Egypt ","Human Resources (HR), Recruitment, Hiring, Interviewing, CVS",On-site,Full Time,Entry Level,Confidential,22 days ago
Senior Cost Accountant,EBSS - Elite Business Solution Service -,"Cairo, Egypt ","Cost Accounting, Finance Analysis, Accounting, Financial Accounting, Treasury Accounting, Cost Control, Cost Analysis, Budgeting, Variance Analysis",Remote,Full Time,Entry Level,Confidential,22 days ago
Bilingual Customer Service Representative – Portuguese and English,TTEC -,"Cairo, Egypt ","Customer Care, Customer Service, Customer Support, Communication, Portuguese, English, Computer",On-site,Full Time,Entry Level,Confidential,22 days ago
International Business Development Manager,Axiom Egypt -,"Cairo, Egypt ","International Business Development Manager, Business Development, Sales, Marketing, Development, CRM, Management, Market Research, Microsoft Office",On-site,Full Time,Manager,Confidential,22 days ago
Civil Project Manager,RITZY Developments -,"Sheikh Zayed, Giza, Egypt ","Civil Engineering, Engineering, Information Technology (IT), Project Management, Project",On-site,Full Time,Manager,Confidential,22 days ago
Online English Teacher (Experienced),51Talk Headquaters -,"Cairo, Egypt ","English Teaching, Teaching English as a Foreign  Language, Teaching, Public Speaking, Online Education, Children Teaching, Child Development, Training",Remote,Freelance / Project,Experienced,Confidential,22 days ago
Corporate Account Executive (B2B),engineering tracks -,"Nasr City, Cairo, Egypt ","B2B, Sales, Corporate Sales, Business Development, Account Management, Communication Skills, Contract Negotiation",On-site,Full Time,Entry Level,Confidential,22 days ago
English Speaking Senior Sales Advisor,TTEC -,"Cairo, Egypt ","Sales, Sales Target, Customer Service, Customer Support, Outbound Calls, B2B, Communication, Negotiation",On-site,Full Time,Entry Level,Confidential,22 days ago
Sales Marketing Executive,alexandria cables -,"Alexandria, Egypt ","Marketing, Sales, Sales Target, B2B Sales, B2B Marketing, B2B, CRM",Remote,Full Time,Experienced,Confidential,22 days ago
Product Specialist (Laboratory),BM-Egypt -,"Cairo, Egypt ","Medical, Product, Sales, Pharmacy, Sales Field, Medical Devices, Microsoft Office",On-site,Full Time,Entry Level,Confidential,22 days ago
Vodafone (VOIS) UK / Ireland - Call Center Agent,VOIS Egypt -,"Cairo, Egypt ","Customer Care, Customer Support, Sales, Call Center, Contact Center, work from home, Fluent in English, English, WFH",Hybrid,Full Time,Entry Level,Confidential,22 days ago
Maintenance Engineer - Medical imaging,BM-Egypt -,"Assiut, Egypt ","Engineering, Maintenance, Mechanical Engineering, Medical",On-site,Full Time,Experienced,Confidential,22 days ago
Junior Accountant.,Powergreen -,"6th of October, Giza, Egypt ","Accounting, Finance, Financial Analysis, Microsoft Office",On-site,Full Time,Entry Level,Confidential,22 days ago
Product specialist - Medical imaging,BM-Egypt -,"Assiut, Egypt ","Medical, Product, Sales, Product knowledge, Communication",On-site,Full Time,Experienced,Confidential,22 days ago
HR Recruiter,"My Truck Logistics, LLC   -","Cairo, Egypt ","HR, Human Resources (HR), Personnel, Recruitment, Microsoft Office",Remote,Full Time,Experienced,Confidential,22 days ago
Product Specialist - Sport Medicine,BM-Egypt -,"Cairo, Egypt ","Sales Field, Technical Support, Pharmacy, Medical, Product, Sales, Medical Devices",On-site,Full Time,Experienced,Confidential,22 days ago
Civil Site Engineer,Iskefe Nile For Leather Manufacturing and Trade -,"10th of Ramadan City, Cairo, Egypt ","Site supervision, Project management, Construction safety, Technical drawing interpretation, Team leadership, Problem-solving, Communication, Time management, AutoCAD proficiency",On-site,Full Time,Experienced,Confidential,22 days ago
Production Officer /rotational shifts,Dabur -,"10th of Ramadan City, Cairo, Egypt ","FMCG, Engineering, Production",On-site,Full Time,Experienced,Confidential,22 days ago
product Sales specialist - Disposable line,BM-Egypt -,"Cairo, Egypt ","Product, Sales Target, Sales",On-site,Full Time,Entry Level,Confidential,22 days ago
Field Sales Representative,Qr -,"Cairo, Egypt ","Field Sales, Sales, Communication Skills, Negotiation, Customer Acquisition, Business Development, Communication",On-site,Full Time,Entry Level,Confidential,22 days ago
Mechanical Maintenance Engineer (FMCGs ),Holw El Sham  -,"6th of October, Giza, Egypt ","Engineering, Maintenance, Mechanical, Mechanical Engineering, Mechanical Maintenance",On-site,Full Time,Experienced,Confidential,22 days ago
FMCGs Project Manager,Holw El Sham  -,"6th of October, Giza, Egypt ","Project Management, Operations Management",On-site,Full Time,Experienced,Confidential,22 days ago
Sales Manager,Comtec -,"Heliopolis, Cairo, Egypt ","Sales, Sales Target",On-site,Full Time,Manager,Confidential,22 days ago
"Call Center Agent, And ,Moderator",Qpol fawry -,"Dokki, Giza, Egypt ","Agent, Call center agent, Customer Service, Call Center, Communication, Customer, CRM, Customer Care",On-site,Full Time,Experienced,Confidential,22 days ago
Senior Product Specialist,BM-Egypt -,"Cairo, Egypt ","Medical, Communication, Engineering, Marketing, Microsoft Office, Pharmacy, Purchasing",On-site,Full Time,Experienced,Confidential,22 days ago
Senior Mechanical Design Engineer,Confidential -,"6th of October, Giza, Egypt ","HVAC, Mechanical, Mechanical Engineering, CFD, SolidWorks, Ansys, Design, Sheet Metal",On-site,Full Time,Experienced,Confidential,22 days ago
Technical Office Engineer MEP,Pronet Engineering for Trade & Contracting -,"Nasr City, Cairo, Egypt ","MEP, Technical Office, Mechanical Engineering, Electrical Engineering, Tendering, Procurement, AutoCAD, Microsoft Office, Revit MEP",On-site,Full Time,Experienced,Confidential,22 days ago
Maintenance Senior Engineer,Modupay -,"10th of Ramadan City, Sharqia, Egypt ","Mechatronics, Maintenance, Troubleshooting, Engineering, Mechanical, Mechatronics Engineering, Preventive Maintenance, Electrical Systems",On-site,Full Time,Experienced,Confidential,22 days ago
Junior Data Analyst,Carina Wear -,"Cairo, Egypt ","Analysis, Computer Science, SQL, Microsoft Excel",On-site,Full Time,Entry Level,Confidential,22 days ago
Applied Scientist / ML Engineer,RISEUP (Endemag for Administrative Skills Development) -,"Maadi, Cairo, Egypt ","Computer Science, Data Science, Engineering, Information Technology (IT), Machine Learning, Python",Hybrid,Full Time,Experienced,Confidential,22 days ago
Maintenance Engineer Team Leader,Modupay -,"10th of Ramadan City, Sharqia, Egypt ","Engineering, Maintenance, Mechanical Engineering, Electrical Engineering, Troubleshooting, Preventive Maintenance, Supervision",On-site,Full Time,Experienced,Confidential,22 days ago
Tax Accountant,Amreyah Cement -,"Cairo, Egypt ","Accounting, Finance, Financial Analysis, Tax, Banking, Tax Accounting, ERP, Microsoft Excel",On-site,Full Time,Entry Level,Confidential,22 days ago
Data Entry Clerk,Pyramids Transport -,"Katameya, Cairo, Egypt ","Communication, Data Entry, Logistics, Microsoft Office, Administration, Attention to Detail, Time Management, Organizational Skills",On-site,Full Time,Entry Level,Confidential,22 days ago
Hospital Warehouse Manager,Mersal  -,"Maadi, Cairo, Egypt ","Commercial, Logistics, Management, MS Office, Supply Chain, Warehouse, Warehouse software, Warehousing",On-site,Full Time,Manager,Confidential,22 days ago
Accounts Payable Accountant,Amreyah Cement -,"Cairo, Egypt ","Accounting, Accounts Payable, Finance, Financial Analysis, SAP, IFRS, ERP, Microsoft Excel",On-site,Full Time,Entry Level,Confidential,22 days ago
Agricultural Sales Specialist,Hyma Plastic -,"Cairo, Egypt ","Sales, Customer Service, Sales Target, Business Development, Selling, Development",On-site,Full Time,Entry Level,Confidential,22 days ago
Real Estate Sales Specialist,Bright City Developments -,"Maadi, Cairo, Egypt ","Real Estate Sales, Real Estate, Sales, Sales Target",On-site,Full Time,Entry Level,Confidential,22 days ago
Export Specialist,Dakahlia Group -,"Nasr City, Cairo, Egypt ","Export, Logistics, Sales, Shipping, Supply Chain Management, International Trade, Customs Regulations, Documentation",On-site,Full Time,Entry Level,Confidential,22 days ago
Tax Accountant,Amreyah Cement -,"Cairo, Egypt ","Accounting, Finance, Financial Analysis, Tax, Banking, Tax Accounting, ERP, Microsoft Excel",On-site,Full Time,Entry Level,Confidential,22 days ago
Data Entry Clerk,Pyramids Transport -,"Katameya, Cairo, Egypt ","Communication, Data Entry, Logistics, Microsoft Office, Administration, Attention to Detail, Time Management, Organizational Skills",On-site,Full Time,Entry Level,Confidential,22 days ago
Hospital Warehouse Manager,Mersal  -,"Maadi, Cairo, Egypt ","Commercial, Logistics, Management, MS Office, Supply Chain, Warehouse, Warehouse software, Warehousing",On-site,Full Time,Manager,Confidential,22 days ago
Accounts Payable Accountant,Amreyah Cement -,"Cairo, Egypt ","Accounting, Accounts Payable, Finance, Financial Analysis, SAP, IFRS, ERP, Microsoft Excel",On-site,Full Time,Entry Level,Confidential,22 days ago
Agricultural Sales Specialist,Hyma Plastic -,"Cairo, Egypt ","Sales, Customer Service, Sales Target, Business Development, Selling, Development",On-site,Full Time,Entry Level,Confidential,22 days ago
Real Estate Sales Specialist,Bright City Developments -,"Maadi, Cairo, Egypt ","Real Estate Sales, Real Estate, Sales, Sales Target",On-site,Full Time,Entry Level,Confidential,22 days ago
Export Specialist,Dakahlia Group -,"Nasr City, Cairo, Egypt ","Export, Logistics, Sales, Shipping, Supply Chain Management, International Trade, Customs Regulations, Documentation",On-site,Full Time,Entry Level,Confidential,22 days ago
Automotive Sales Supervisor,Confidential -,"Akhmim, Sohag, Egypt ","Customer Service, Sales Target Achievement, Sales Strategy, Team Leadership, Retail Operations, Communication Skills, Problem-Solving, Performance Management",On-site,Full Time,Experienced,Confidential,22 days ago
Treasury Section Head,LEEDS FIT-OUT    -,"Sheikh Zayed, Giza, Egypt ","Cash Flow Analysis, Bank Relationship Management, Financial Reporting, Team Leadership, Attention to Detail, Regulatory Compliance, Problem Solving, Microsoft Excel",On-site,Full Time,Experienced,Confidential,22 days ago
"Talent Acquisition Specialist (Wuzzuf, International Team)",BasharSoft -,"Cairo, Egypt ","talent acquisition, hiring, recruitment, gcc, international, saudi arabia, ksa",Hybrid,Full Time,Entry Level,Confidential,22 days ago
Quality Assurance Specialist,Tank -,"10th of Ramadan City, Cairo, Egypt ","QA, Quality Assurance, Quality Control, Analysis, Communication, Engineering, ISO 9001, Training",On-site,Full Time,Entry Level,Confidential,22 days ago
Purchasing Specialist,Dakahlia Group -,"Nasr City, Cairo, Egypt ","Purchasing, Sourcing, Procurement, Commerce, Business Administration, Vendor Management, Negotiation, Supply Chain Management",On-site,Full Time,Experienced,Confidential,22 days ago
Compensation & Benefits Manager,Concrete Plus -,"New Cairo, Cairo, Egypt ","Compensation, Human Resources (HR), Payroll, Salary Benchmarking, Labour Law, Taxation, ERP, Oodo, Construction",On-site,Full Time,Manager,Confidential,22 days ago
E-commerce Warehouse Operations Specialist,OPPO Egypt  -,"Nasr City, Cairo, Egypt ","Ecommerce, Logistics, Warehousing, E-Commerce",On-site,Full Time,Entry Level,Confidential,22 days ago
Assistant General Manager,Linrco Egypt -,"Nasr City, Cairo, Egypt ","Administration, Microsoft Office, Office management",On-site,Full Time,Entry Level,Confidential,22 days ago
Human Resources Generalist,SYE English Community -,"Dokki, Giza, Egypt ","Human Resources (HR), HR Diploma, Performance Management, Human Resources, Personnel, Payroll, OD, Organization Development, Compensation",On-site,Full Time,Experienced,Confidential,22 days ago
Accountant,jellies -,"Alibrahimiyyah, Alexandria, Egypt ","Accounting, Microsoft Excel, ERP System, Accounting Software, Financial Reporting, Commerce, ERP, Finance, Financial",On-site,Full Time,Experienced,Confidential,22 days ago
Accountant,X-Mart -,"New Cairo, Cairo, Egypt ","Accounting, Finance, Financial Reporting, Auditing, Tax Preparation, Budgeting, Microsoft Excel, ERP Systems, General Ledger Management",On-site,Full Time,Experienced,Confidential,22 days ago
Accountant ERP Technical Support - Daftra,"Izam, inc. -","Smart Village, Giza, Egypt ","ERP, Accounting, Application, Customer Support, English, Excel, Communication skills, Technical Support",On-site,Full Time,Entry Level,Confidential,22 days ago
French Teacher,Gamma International College -,"Hadayek October, Giza, Egypt ","French Teaching, Teaching, Team management, Language Teaching, Instruction, Management",On-site,Full Time,Experienced,Confidential,22 days ago
Performance Specialist,Aktan Misr -,"Mahalla Kubra, Gharbia, Egypt ","Problem Solving, Communication, Excel Proficiency, HR, Human Resources (HR), HR Systems, Performance Management",On-site,Full Time,Experienced,Confidential,22 days ago
IT Help Desk,مجموعة شركات النماء لحلول الاعمال التنفيذية وتنمية دخول الافراد -,"6th of October, Giza, Egypt ","Computer Science, Information Technology (IT), Microsoft Office, Technical Support, Networking",On-site,Full Time,Entry Level,Confidential,22 days ago
HR Recruitment Specialist,El Shorbagy -,"Qalyub, Qalubia, Egypt ","Human Resources (HR), Interviewing, Recruitment, Talent acquisition, Mass Hiring, Communication",On-site,Full Time,Entry Level,Confidential,22 days ago
Architectural Team Leader,Afniah Consulting Engineering  -,"Heliopolis, Cairo, Egypt ","Engineering, Architectural Design, Revit Architecture, Architecture, AutoCAD, Design, Leadership, Management, Communication",On-site,Full Time,Manager,Confidential,22 days ago
"Senior Bids, Proposals & Tendering Specialist",Professional Service - Proserv -,"Heliopolis, Cairo, Egypt ","Bids & Tendering, Proposal Writing, Contract Management, Contract Negotiation, Attention to Detail",On-site,Full Time,Experienced,Confidential,22 days ago
R&D Specialist,Zeta Pharma -,"Alsadat City, Monufya, Egypt ","GMP Knowledge, Microsoft Office, Development, Engineering, Pharmaceutical, Pharmacy, Research, GMP",On-site,Full Time,Experienced,Confidential,22 days ago
Quality Assurance & Food Safety Manager (Ain Sokhna),SAVOLA -,"Ain Sokhna, Suez, Egypt ","Quality Assurance, Food Safety Management, Quality Control, Supplier Quality Management",On-site,Full Time,Manager,Confidential,22 days ago
Trade Marketing Manager,SAVOLA -,"New Cairo, Cairo, Egypt ","Trade marketing, Sales, Commerce, Market Research, Marketing, Retail, Trade, Analysis",On-site,Full Time,Manager,Confidential,22 days ago
Ops Coordinator,Engineered Alchemy -,"Cairo, Egypt ","Operations Coordination, Office management, Administration, HR Support, Executive Assistance, Vendor Management, Logistics Coordination",On-site,Full Time,Experienced,Confidential,22 days ago
Human Resources Director,ARX Developments  -,"Cairo, Egypt ","HR, Human Resources (HR), Recruitment, Management, Business Administration, Administration, HR Systems",On-site,Full Time,Senior Management,Confidential,22 days ago
Financial Director- Real Estate,ARX Developments  -,"Cairo, Egypt ","Accounting, Finance, Financial, Financial Analysis, Financial Management, Real Estate, Financial Accounting, Finance Management, Financial Data Analysis",On-site,Full Time,Senior Management,Confidential,22 days ago
Technical Sales Support Engineer,EgyptianEuropean -,"6th of October, Giza, Egypt ","Technical Sales, Sales, Mechatronics, Engineering",On-site,Full Time,Experienced,Confidential,23 days ago
DevOps / Release Intern,3D Diagnostix -,"Cairo, Egypt ","Computer Engineering, Computer Science, DevOps, Engineering, Linux",Remote,Internship,Student,Confidential,23 days ago
Logistics Coordinator,Confidential -,"New Cairo, Cairo, Egypt ","Logistics, Import / Export, Logistics Coordination, Supply Chain Management",On-site,Full Time,Entry Level,Confidential,23 days ago
Accounts Receivable Accountant,Cleopatra Hospitals Group -,"Maadi, Cairo, Egypt ","Accounting, Accounts Receivable, Finance, Accounting Software, ERP, SAP, Oracle, QuickBooks, Microsoft Excel",On-site,Full Time,Entry Level,Confidential,23 days ago
Senior Planning Engineer,New Plan  -,"Heliopolis, Cairo, Egypt ","Architecture, Civil Engineering, Engineering, Planning, PMP, Project Management, Civil, Construction, inventory",On-site,Full Time,Experienced,Confidential,23 days ago
Junior HR Generalist,Procrew -,"San Stefano, Alexandria, Egypt ","HR, Human Resources (HR), Microsoft Office, Personnel, Recruitment, Administration, Business Administration, HRIS",On-site,Full Time,Entry Level,Confidential,23 days ago
Online Hub Section Head,Elabd Foods -,"Cairo, Egypt ","Sales, Indoor Sales, Sales Target, Online Sales",On-site,Full Time,Experienced,Confidential,23 days ago
Warehouse Manager - Manufacturing Sector,MATGR For Engineering And Trading -,"New Cairo, Cairo, Egypt ","Warehouse Management, Inventory Control, Problem Solving, Team Leadership, Process Optimization, ERP & WMS Proficiency, Logistics Coordination",On-site,Full Time,Manager,Confidential,23 days ago
Senior Collection Specialist - Real Estate,New Plan  -,"Nozha, Cairo, Egypt ","Experience, Collection, Sales, Sales Target, Real Estate, Communication, Development, Human Resources (HR)",On-site,Full Time,Experienced,Confidential,23 days ago
Internal Audit Supervisor,Talaat Moustafa Group -,"Dokki, Giza, Egypt ","Auditing, Financial Analysis, Real Estate, Construction, Risk Management, Finance, CIA, Internal Controls",On-site,Full Time,Manager,Confidential,23 days ago
Odoo Developer,Kandil Glass -,"10th of Ramadan City, Cairo, Egypt ","Computer Science, Odoo, Information Technology (IT), Python, Engineering, Git, JavaScript, ERP",On-site,Full Time,Experienced,Confidential,23 days ago
Approval Doctor,Al Ahly Medical Company -,"Giza, Giza, Egypt ","Medical, Pharmaceutical, Pharmacy, Medical Terminology, Pharmaceutical Knowledge, Regulatory Compliance, Attention to Detail, Critical Thinking",Hybrid,Full Time,Entry Level,Confidential,23 days ago
Odoo Implementer,Kandil Glass -,"10th of Ramadan City, Cairo, Egypt ","Computer Science, Odoo, Information Technology (IT), Business Administration, Configuration, ERP, ERP Implementation, Odoo ERP",On-site,Full Time,Experienced,Confidential,23 days ago
Accountant,Erpplus5 -,"Maadi, Cairo, Egypt ","analytical, ERP, Finance, Accounting, General Ledger, Tax, ERP System",On-site,Full Time,Experienced,Confidential,23 days ago
Digital Marketing Specialist,Nourline -,"Smouha, Alexandria, Egypt ","Digital Marketing, Google Ads, Meta Ads, Lead Generation, LinkedIn Ads, TikTok Ads, Snapchat Ads, Marketing Strategy, Facebook ads",Remote,Part Time,Entry Level,Confidential,23 days ago
BIM Mechanical,IDC Group -,"Cairo, Egypt ","BIM, Engineering, Mechanical Engineering, Revit",On-site,Full Time,Experienced,Confidential,23 days ago
Sr. Organization Development Executive,Arabiat -,"Mohandessin, Giza, Egypt ","Organization Culture, Organization Structure, Job Descriptions (JDs), Key Performance Indicators (KPIs), Workflows, Performance Management Systems (PMS), Talent Management, Change Management, HR Strategy",On-site,Full Time,Experienced,Confidential,23 days ago
Talent Acquisition Specialist,Mico World Limited -,"Maadi, Cairo, Egypt ","Human Resources, Applicant Tracking Systems, Business Development, Communication, Human Resources (HR), Interviewing, HR, Recruitment, Sales",On-site,Full Time,Experienced,Confidential,23 days ago
Quality Control Specialist,Spinneys Egypt -,"6th of October, Giza, Egypt ","Quality Assurance, Quality Control, Food & Beverage, Food Hygiene, Food Safety Management, Food quality, Retail",On-site,Full Time,Experienced,Confidential,23 days ago
Sr. Talent Acquisition Specialist,Arabiat -,"Mohandessin, Giza, Egypt ","Human Resources (HR), Interviewing, Recruitment, Talent Acquisition, Candidate Sourcing, Applicant Tracking Systems (ATS), Onboarding, Stakeholder Management, Communication Skills",On-site,Full Time,Experienced,Confidential,23 days ago
External Auditor Manager,Confidential -,"Nasr City, Cairo, Egypt ","Auditing, Accounting, Financial Analysis, Finance, Risk Management, Compliance, GAAP/IFRS, Internal Controls",On-site,Full Time,Manager,Confidential,23 days ago
Quality Assurance Specialist - Shifts,IFT Corporation -,"New Cairo, Cairo, Egypt ","Quality, QA, Pharmaceutical, Quality Assurance, Veterinary, English, QC, Microsoft Office",On-site,Full Time,Experienced,Confidential,23 days ago
Electrical QS Engineer (Electrical Quantity Surveyor) Engineer),New Plan  -,"New Capital, Cairo, Egypt ","Electrical Quantity Surveying, Attention to Detail, AutoCAD (Basic), Analytical Thinking, Construction Documentation, Quantity Surveying",On-site,Full Time,Experienced,Confidential,23 days ago
Femal Executive Secretary,MEDIC -,"Abdeen, Cairo, Egypt ","Administration, Office Management, Calendar Management, Communication Skills, Organizational Skills, Microsoft Office Suite, Travel Coordination, Meeting Coordination, Confidentiality",On-site,Full Time,Experienced,Confidential,23 days ago
Accounting Manager,Confidential -,"New Cairo, Cairo, Egypt ","Accounting, Finance, Financial Analysis, Financial Management",On-site,Full Time,Manager,Confidential,23 days ago
Financial Manager,Confidential -,"New Cairo, Cairo, Egypt ","Accounting, CPA, Finance, Financial Analysis, Management, Financial Management, Budgeting, Construction",On-site,Full Time,Manager,Confidential,23 days ago
Senior Oracle Consultant (SCM - Manfacturing),GB Corp -,"Abu Rawash, Giza, Egypt ","Logistics, Oracle, Management, Supply Chain, Computer Science, ERP, Business Administration, Administration",On-site,Full Time,Experienced,Confidential,23 days ago
Artificial Intelligence & Programming Instructor (High School),Smart IT -,"Nasr City, Cairo, Egypt ","Computer Engineering, Data Science, Machine Learning, Programming, Software Development, Artificial Intelligence (AI), Educational Content Development",Hybrid,Full Time,Experienced,Confidential,23 days ago
Real Estate Sales Team Leader,CAPSTONE -,"New Cairo, Cairo, Egypt ","Leadership, Real Estate Sales, Sales Target Achievement, Sales Strategy, Team Leadership, Client Relationship Management, Negotiation, Market Analysis, Communication",On-site,Full Time,Manager,Confidential,23 days ago
Sales Manager - Food Additives,Samoral -,"Mohandessin, Giza, Egypt ","Customer Service, Food Additives, Sales, Sales Target, MS Office, Sales Field, Outdoor Sales, Indoor Sales",Hybrid,Full Time,Experienced,Confidential,23 days ago
Digital / Affiliate Marketer (Performance-Based Partnership),EvallSuccess -,"Cairo, Egypt ","Affiliate Marketing, Digital Marketing, Marketing, E-Marketing, Marketing Campaigns, Advertising, Sales",Remote,Freelance / Project,Experienced,Confidential,23 days ago
Content Creator,iVein Clinic -,"Cairo, Egypt ","Marketing, Social Media, Writing, Content Creation, Content Management, Digital Marketing, SEO",Hybrid,Full Time,Experienced,Confidential,23 days ago
HR Manager,Confidential -,"10th of Ramadan City, Cairo, Egypt ","HR, Human Resources (HR), Recruitment, TalentAcquisition, LearningAndDevelopment, PerformanceManagement",On-site,Full Time,Manager,Confidential,23 days ago
Warehouse Manager,Confidential -,"Alsadat City, Monufya, Egypt ","Warehouse, Warehouse Management, Warehouse manager, Warehousing, Supply Chain, Leadership, Logistics, Management",On-site,Full Time,Manager,Confidential,23 days ago
Sales Account Executive - Full time,IBS -,"Cairo, Egypt ","Customer Service, Sales Target Achievement, Sales Strategy, SaaS Sales, ERP Systems, Software Sales, B2B Sales, Account Management",On-site,Full Time,Entry Level,Confidential,23 days ago
Finalizer,AUG Pharma -,"6th of October, Giza, Egypt ","Design, Graphic Design, Adobe Photoshop, Adobe illustrator",On-site,Full Time,Experienced,Confidential,23 days ago
HR Specialist,Confidential -,"Heliopolis, Cairo, Egypt ","Recruitment, Personnel, Microsoft Office, Business Administration, Human Resources, Human Resources (HR), HR",On-site,Full Time,Entry Level,Confidential,23 days ago
Mass Hiring Recruiter,RISEUP (Endemag for Administrative Skills Development) -,"Sheikh Zayed, Giza, Egypt ","Hiring, Mass Hiring, Recruitment, Sourcing, Human Resources (HR), Talent Acquisition, Candidate Sourcing, Interviewing Techniques, Applicant Tracking Systems (ATS)",Hybrid,Full Time,Experienced,Confidential,23 days ago
Management Consultant,IBS -,"Nasr City, Cairo, Egypt ","Management, Business Planning, Strategy, Policy Development, Business Development",Hybrid,Full Time,Experienced,Confidential,23 days ago
Infrastructure Draftsman (Revit / AutoCAD / Civil 3D),EGEC -,"Giza, Egypt ","Design, Autodesk Revit, AutoCAD Design, AutoCAD, CAD, Civil 3D, Revit, BIM Modeling, BIM",On-site,Full Time,Experienced,Confidential,23 days ago
Process Engineer,etisal for advanced industries  -,"6th of October, Giza, Egypt ","Engineering, Mechanical Engineering",On-site,Full Time,Experienced,Confidential,23 days ago
Production Engineer,Confidential -,"6th of October, Giza, Egypt ","Science, Chemistry, R&D, Laboratory Tests, Computer Skills, Production, Raw Materials",On-site,Full Time,Experienced,Confidential,23 days ago
Payroll & Personnel Specialist,GPS -,"Heliopolis, Cairo, Egypt ","Payroll, Payroll Specialist, Personnel, Communication, Communication skills, MS Office, Management, Human Resources (HR), HR",On-site,Full Time,Experienced,Confidential,23 days ago
Sales Specialist,Cairo Freight Systems -,"Sheraton, Cairo, Egypt ","Sales, Logistics, Import / Export, Customer Service, Freight Forwarding, Communication, Sales Target, Shipping",On-site,Full Time,Student,Confidential,23 days ago
Business Analytics Head,Confidential -,"Shorouk City, Cairo, Egypt ","Analytics, Business Analytics, Business Intelligence, Data Management, Business Development, Business Administration, Computer Science, Management, Marketing",On-site,Full Time,Manager,Confidential,23 days ago
Application Admin,Confidential -,"New Cairo, Cairo, Egypt ","Information Technology (IT), ERP System, ERP Applications",On-site,Full Time,Experienced,Confidential,23 days ago
Investment Manager,Bokra -,"Maadi, Cairo, Egypt ","Accounting, Finance, Financial Analysis, Investment, Budgeting, Communication, Data Analysis",On-site,Full Time,Manager,Confidential,23 days ago
Planning Section Head (Agriculture Background),Confidential -,"New Cairo, Cairo, Egypt ","Agriculture, Management, Engineering, Microsoft Office, Planning, Supply Chain, MRP",On-site,Full Time,Manager,Confidential,23 days ago
Junior Mechanical Quality Control Engineer,TEPCO S.A.E. -,"6th of October, Giza, Egypt ","Engineering, Mechanical, Quality Control, Mechanical Engineering, Project Management, CAD, SolidWorks, Fusion 360",On-site,Full Time,Entry Level,Confidential,23 days ago
Human Resources Supervisor,Al Watania Poultry  -,"Wadi Alnatrun, Beheira, Egypt ","HR Specialist, Human Resources (HR), Recruitment, Personnel, HR Policies, Employee Relations, Performance Management, Compensation & Benefits, Onboarding",On-site,Full Time,Experienced,Confidential,23 days ago
Data Analyst,Bokra -,"Maadi, Cairo, Egypt ","Analysis, Business Intelligence, Computer Science, Data Analysis, Information Technology (IT), Python, SQL, Data Visualization, Statistical Modeling",On-site,Full Time,Experienced,Confidential,23 days ago
Senior Civil Procurement Engineer,Reliance Egypt -,"Downtown, Cairo, Egypt ","Civil Engineering, Procurement, Engineering",On-site,Full Time,Experienced,Confidential,23 days ago
Customer Care Coordinator,Axios International    -,"Dokki, Giza, Egypt ","Pharmaceutical, Customer Support, Communication, Multitasking, Problem Solving, Customer Care, Customer Service, Logistics",On-site,Full Time,Entry Level,Confidential,23 days ago
Business Excellence & Engagement Coordinator,Axios International    -,"Dokki, Giza, Egypt ","Stakeholder engagement, Business process improvement, Communication, Presentation skills, Organizational skills, Supply Chain, Administration, Business Administration",On-site,Full Time,Experienced,Confidential,23 days ago
Patient Care Specialist,Axios International    -,"Giza, Egypt ","Healthcare, Medical, Patientcare, Customer Service, Monitoring, Sales, Supply Chain, Customer Care",On-site,Full Time,Experienced,Confidential,23 days ago
Patient Care,Axios International    -,"Giza, Egypt ","Healthcare, Medical, Patientcare, Customer Service, Customer Support, Customer Care, Communication",On-site,Full Time,Entry Level,Confidential,23 days ago
Product Manager,Bokra -,"Maadi, Cairo, Egypt ","Information Technology (IT), Management, Market Research, Product, Product Development, Product Management, Project Management, Software Development, Marketing",On-site,Full Time,Experienced,Confidential,23 days ago
Strategic Planning Analyst,Reliance Egypt -,"Downtown, Cairo, Egypt ","Analysis, Strategic Planning, Planning, Budgeting",On-site,Full Time,Entry Level,Confidential,23 days ago
Business Development Executive – Interior Woodwork,Egypt Gold  -,"Obour City, Cairo, Egypt ","Business Development, Sales, Sales Target, B2B, B2B Sales, Communication, Design",On-site,Full Time,Entry Level,Confidential,23 days ago
Accounting Section Head,Bokra -,"Maadi, Cairo, Egypt ","Accounting, CMA, Engineering, ERP, Finance, Leadership, Management, Microsoft Office",On-site,Full Time,Senior Management,Confidential,23 days ago
Senior Graphic Designer,Catalyst For Leather Products and Advertising  -,"Cairo, Egypt ","Adobe illustrator, Design, Graphic Design, Adobe Photoshop, illustrator, Creativity, Advertising, Management",On-site,Full Time,Experienced,Confidential,23 days ago
Senior Property Consultant,Units for Real Estate -,"Sheikh Zayed, Giza, Egypt ","Property, Real Estate, Sales Target, Sales, CRM Software, Property Sales, CRM",On-site,Full Time,Experienced,Confidential,23 days ago
Sales Account Manager,Units for Real Estate -,"Sheikh Zayed, Giza, Egypt ","Sales, Sales Target",On-site,Full Time,Experienced,Confidential,23 days ago
Sales Account Manager.,Units for Real Estate -,"Sheikh Zayed, Giza, Egypt ","Sales, Sales Target",Hybrid,Full Time,Experienced,Confidential,23 days ago
Senior Sales (Commercial),Units for Real Estate -,"Sheikh Zayed, Giza, Egypt ","Sales, Sales Target, Customer Service",Hybrid,Full Time,Experienced,Confidential,23 days ago
Good Experience in (( North Coast )) Real estate,Units for Real Estate -,"Sheikh Zayed, Giza, Egypt ","Sales, Sales Target, Customer Service, Property Sales, CRM, Property, Real Estate, Training",On-site,Full Time,Experienced,Confidential,23 days ago
Senior Sales ( New Cairo),Units for Real Estate -,"Sheikh Zayed, Giza, Egypt ","Sales, Sales Target, Customer Service, Property, Property Sales, Real Estate, CRM",Hybrid,Full Time,Experienced,Confidential,23 days ago
Secretary,JFC GLORY -,"New Cairo, Cairo, Egypt ","Microsoft Office, Office management, Administration",On-site,Full Time,Senior Management,Confidential,23 days ago
Mechanical Site Engineer,Egyptian Engineering Company -,"6th of October, Giza, Egypt ","Engineering, Mechanical, Mechanical Engineering, Manufacturing, Maintenance, Mechanical engineering, Project management",On-site,Full Time,Experienced,Confidential,23 days ago
Senior Property Consultant,Units for Real Estate -,"Sheikh Zayed, Giza, Egypt ","Property, Real Estate, Sales Target, Sales, CRM Software, Property Sales, CRM",On-site,Full Time,Experienced,Confidential,23 days ago
Sales Account Manager,Units for Real Estate -,"Sheikh Zayed, Giza, Egypt ","Sales, Sales Target",On-site,Full Time,Experienced,Confidential,23 days ago
Sales Account Manager.,Units for Real Estate -,"Sheikh Zayed, Giza, Egypt ","Sales, Sales Target",Hybrid,Full Time,Experienced,Confidential,23 days ago
Senior Sales (Commercial),Units for Real Estate -,"Sheikh Zayed, Giza, Egypt ","Sales, Sales Target, Customer Service",Hybrid,Full Time,Experienced,Confidential,23 days ago
Good Experience in (( North Coast )) Real estate,Units for Real Estate -,"Sheikh Zayed, Giza, Egypt ","Sales, Sales Target, Customer Service, Property Sales, CRM, Property, Real Estate, Training",On-site,Full Time,Experienced,Confidential,23 days ago
Senior Sales ( New Cairo),Units for Real Estate -,"Sheikh Zayed, Giza, Egypt ","Sales, Sales Target, Customer Service, Property, Property Sales, Real Estate, CRM",Hybrid,Full Time,Experienced,Confidential,23 days ago
Secretary,JFC GLORY -,"New Cairo, Cairo, Egypt ","Microsoft Office, Office management, Administration",On-site,Full Time,Senior Management,Confidential,23 days ago
Mechanical Site Engineer,Egyptian Engineering Company -,"6th of October, Giza, Egypt ","Engineering, Mechanical, Mechanical Engineering, Manufacturing, Maintenance, Mechanical engineering, Project management",On-site,Full Time,Experienced,Confidential,23 days ago
Mechanical Design Engineer,GIECO -,"Alexandria, Egypt ","Design, Engineering, Mechanical Engineering, Mechanical Design, Mechanical",On-site,Full Time,Experienced,Confidential,23 days ago
Admission Executive - KidzGround Assiut,Innovvette for Education -,"Assuit, Assiut, Egypt ","Preschool, Education, Nursery, Admin Assistant, Administration, Office management, Admin",On-site,Full Time,Experienced,Confidential,23 days ago
HR Specialist,EGIC -,"6th of October, Giza, Egypt ","HR Specialist, HR, Personnel, Recruitment, Microsoft Office, Communication, Human Resources (HR)",On-site,Full Time,Entry Level,Confidential,23 days ago
Office Operations Manager,FAID ALNAAM   -,"New Cairo, Cairo, Egypt ","Administration, Microsoft Office, Office management, Financial administration, Budget management, Vendor management, Event coordination",On-site,Full Time,Manager,Confidential,23 days ago
Coding & Programming instructor (Kids & Teens),Confidential -,"6th of October, Giza, Egypt ","Programming, Training, Teaching, kids friendly, Document Coding, instructor, Software Development",On-site,Part Time,Student,Confidential,23 days ago
Facility Management Coordinator,Innovvette for Education -,"Assuit, Assiut, Egypt ","Administration, Facility Management, Facility, operation",On-site,Full Time,Experienced,Confidential,23 days ago
Preschool English Teacher - KidzGround Assiut,Innovvette for Education -,"Assuit, Assiut, Egypt ","Early Childhood, English, children, Teaching, Communication, Time Management, Education, Nursery",On-site,Full Time,Entry Level,Confidential,23 days ago
General Accountant,Eid Steel -,"6th of October, Giza, Egypt ","Accounting, Financial Analysis, Financial Management, Finance, General Ledger, Bookkeeping, Financial Reporting, Tax Preparation, Audit",On-site,Full Time,Experienced,Confidential,23 days ago
Real Estate Sales Consultant,Juliana Group Development -,"Mohandessin, Giza, Egypt ","Real Estate, Real Estate Sales, Sales, Sales Target, Computer Skills, Communication, CRM",On-site,Full Time,Experienced,Confidential,23 days ago
Structural Designer Engineer,Sinoma-cdi -,"New Cairo, Cairo, Egypt ","AutoCAD, structural, Structural Engineering, Civil Engineering, Construction, Design, Engineering, structural engineer",On-site,Full Time,Experienced,Confidential,23 days ago
HSE Specialist,FlexFilms Egypt -,"6th of October, Giza, Egypt ","Environmental, HSE, Nebosh, Safety, ISO 14001, EHS Management, HSE Management, Safety Regulations",On-site,Full Time,Entry Level,Confidential,23 days ago
Center Manager - KidzGround Assiut,Innovvette for Education -,"Assuit, Assiut, Egypt ","Early Childhood, Preschool, Education, children, Teaching, Nursery, Management",On-site,Full Time,Manager,Confidential,23 days ago
Senior Business Developer,Procrew -,"Alexandria, Egypt ","Business Development, Development, Information Technology (IT), Sales, Computer Science, Engineering, Marketing",On-site,Full Time,Experienced,Confidential,23 days ago
General Accountant,Kirmena Jewellery -,"Obour City, Cairo, Egypt ","Accounting, Finance, Financial Analysis, Microsoft Excel, ERP, Reporting",On-site,Full Time,Experienced,Confidential,23 days ago
Senior Talent Acquisition Specialist,Royal Herbs  -,"Giza, Giza, Egypt ","Interviewing, Recruitment, Talent acquisition, Human Resources (HR), HR, Human Resources, Management",On-site,Full Time,Experienced,Confidential,23 days ago
ERP Project Manager,OdooTec -,"New Cairo, Cairo, Egypt ","Project Management, Information Technology (IT), Software Development, Odoo ERP, ERP Implementation, Team Leadership, Business Analysis, Problem Solving",Hybrid,Full Time,Manager,Confidential,23 days ago
Sales Engineer (Cairo or Alex),ATEC -,"Alexandria, Egypt ","Sales, Engineering",On-site,Full Time,Experienced,Confidential,23 days ago
Technical Support Engineer,Allamna Integrated Solutions -,"Cairo, Egypt ","Technical Support, Information Technology (IT), CCNA, MCSA",On-site,Full Time,Entry Level,Confidential,23 days ago
Biomedical Maintenance Engineer,Cairoscan -,"Mohandessin, Giza, Egypt ","Biomedical, Engineering, Maintenance, Information Technology (IT), Mechanical Engineering, Biomedical Engineering, Communication",On-site,Full Time,Experienced,Confidential,23 days ago
Dynamics AX / D365 Finance & Operations Developer,Allamna Integrated Solutions -,"Cairo, Egypt ","Dynamics 365, SQL Server, D365 Finance and Operation, MS Dynamics AX, X++ programming",On-site,Full Time,Entry Level,Confidential,23 days ago
Technical Office Engineer,TSY production -,"Mokattam, Cairo, Egypt ","Engineering, Primavera P6, Shop Drawings, BOQ, Technical Office, AutoCAD, advanced office, AutoCAD 2D, 2d drafting",On-site,Full Time,Experienced,Confidential,23 days ago
Mechatronic Trainer,GB Corp -,"15th May City, Cairo, Egypt ","Mechatronics, Training, Technical Training, Instructional Design, Automotive Maintenance, Presentation Skills, Assessment and Evaluation, Team Collaboration",On-site,Full Time,Entry Level,Confidential,23 days ago
Senior Sales Engineer – HVAC,Professional Service - Proserv -,"New Cairo, Cairo, Egypt ","Engineering, HVAC, Sales, Sales Target, AutoCAD, Communication, Mechanical",On-site,Full Time,Experienced,Confidential,23 days ago
CFO,ABCO Group  -,"Bourj Alarab, Alexandria, Egypt ","Accounting, Finance, Financial Services",On-site,Full Time,Senior Management,Confidential,23 days ago
HSE Manager,El Banna Group Company -,"Alsadat City, Monufya, Egypt ","Engineering, Safety, HSE",On-site,Full Time,Manager,Confidential,23 days ago
AI in Healthcare & Pharma (Theory & Discovery),ExceliTi -,"New Cairo, Cairo, Egypt ","AI, BI, Research",Hybrid,Internship,Student,Confidential,23 days ago
Production Engineer,Hayat -,"Ain Sokhna, Suez, Egypt ","Problem Solving, Production Process Optimization, Data Analysis, Process Improvement, Team Collaboration, Technical Troubleshooting, Quality Assurance, Safety Compliance",On-site,Full Time,Entry Level,Confidential,23 days ago
Senior Accountant,Under 5 International Preschool -,"Maadi, Cairo, Egypt ","Accounting, Finance, Financial Analysis, Financial Management",On-site,Full Time,Experienced,Confidential,23 days ago
Production Engineer ( Background Foods ),Marbella For Food Industry  -,"6th of October, Giza, Egypt ","Engineering, Production, Manufacturing, FMCG, Foods, Process Optimization, Lean Manufacturing, Safety Regulations, Problem Solving",On-site,Full Time,Experienced,Confidential,23 days ago
"Technical Office Engineer – Wood, Metal & Marble Works",El Alfy Group  -,"Cairo, Egypt ","Architecture, Engineering, Autodesk 3ds Max, Interior Design, WoodWorks, Aluminum, Technical Office",On-site,Full Time,Experienced,Confidential,23 days ago
Accounting Manager,El Alfy Group  -,"Maadi, Cairo, Egypt ","Accounting, Finance, Financial Analysis, Financial Management",On-site,Full Time,Experienced,Confidential,23 days ago
General Manager – Fit-Out & Industrial Operations,El Alfy Group  -,"Badr City, Cairo, Egypt ","Business Administration, Business Management, Construction, Architectural Engineering, Architecture Design, Wood Works, Project Management, Production Engineering, Factory Management",On-site,Full Time,Manager,Confidential,23 days ago
HSE Manager,El Banna Group Company -,"Alsadat City, Monufya, Egypt ","Engineering, Safety, HSE",On-site,Full Time,Manager,Confidential,23 days ago
AI in Healthcare & Pharma (Theory & Discovery),ExceliTi -,"New Cairo, Cairo, Egypt ","AI, BI, Research",Hybrid,Internship,Student,Confidential,23 days ago
Production Engineer,Hayat -,"Ain Sokhna, Suez, Egypt ","Problem Solving, Production Process Optimization, Data Analysis, Process Improvement, Team Collaboration, Technical Troubleshooting, Quality Assurance, Safety Compliance",On-site,Full Time,Entry Level,Confidential,23 days ago
Senior Accountant,Under 5 International Preschool -,"Maadi, Cairo, Egypt ","Accounting, Finance, Financial Analysis, Financial Management",On-site,Full Time,Experienced,Confidential,23 days ago
Production Engineer ( Background Foods ),Marbella For Food Industry  -,"6th of October, Giza, Egypt ","Engineering, Production, Manufacturing, FMCG, Foods, Process Optimization, Lean Manufacturing, Safety Regulations, Problem Solving",On-site,Full Time,Experienced,Confidential,23 days ago
"Technical Office Engineer – Wood, Metal & Marble Works",El Alfy Group  -,"Cairo, Egypt ","Architecture, Engineering, Autodesk 3ds Max, Interior Design, WoodWorks, Aluminum, Technical Office",On-site,Full Time,Experienced,Confidential,24 days ago
Accounting Manager,El Alfy Group  -,"Maadi, Cairo, Egypt ","Accounting, Finance, Financial Analysis, Financial Management",On-site,Full Time,Experienced,Confidential,24 days ago
General Manager – Fit-Out & Industrial Operations,El Alfy Group  -,"Badr City, Cairo, Egypt ","Business Administration, Business Management, Construction, Architectural Engineering, Architecture Design, Wood Works, Project Management, Production Engineering, Factory Management",On-site,Full Time,Manager,Confidential,24 days ago
Financial Analyst,Cleopatra Hospitals Group -,"6th of October, Giza, Egypt ","Accounting, Finance, Financial, Financial Analysis, Commerce",On-site,Full Time,Experienced,Confidential,24 days ago
Accounting Intern,Cleopatra Hospitals Group -,"6th of October, Giza, Egypt ","Accounting, Finance",On-site,Internship,Student,Confidential,24 days ago
Sales Associate (Fashion & Perfumes),Black and white -,"Nasr City, Cairo, Egypt ","Customer Service, Fashion, Sales Target, Sales, perfume sales, team work, Upselling, Fashion Retail, sales skill",On-site,Full Time,Entry Level,Confidential,24 days ago
Electrical Engineer - Ain Sokhna,Hayat -,"Ain Sokhna, Suez, Egypt ","Electrical, Electrical Engineering, PLC, SAP, Microsoft Office, Engineering, Management, MS Office",On-site,Full Time,Experienced,Confidential,24 days ago
Office Manager,Refaat Construction / Baxter  -,"Cairo, Egypt ","Administration, Office management, Communication skills, Organizational skills, Time management, Problem-solving, Microsoft office suite, Budget management, Vendor management",On-site,Full Time,Experienced,Confidential,24 days ago
Recruitment Section Head,El Teriak Industrial Group -,"Giza, Egypt ","Human Resources (HR), Recruitment, Talent Acquisition, Candidate Sourcing, Interviewing, Onboarding, Performance Management, Employee Relations, HR Policies",On-site,Full Time,Manager,Confidential,24 days ago
Marketing Manager,Hans  -,"Sidi Gaber, Alexandria, Egypt ","Marketing, Social Media",On-site,Full Time,Manager,Confidential,24 days ago
Warehouse Manager Assistant,Farm Fresh -,"Alexandria, Egypt ","Inventory Control, Inventory Management, Stock Control, Stock Management, Warehouse Operations, Logistics Coordination, Supply Chain Management",On-site,Full Time,Experienced,Confidential,24 days ago
Electrical Maintenance Engineer,Farm Fresh -,"Alexandria, Egypt ","Electrical Engineering, Electrical Maintenance, Engineering, Maintenance, Troubleshooting, Preventative Maintenance, Power Systems, Control Systems, PLC Programming",On-site,Full Time,Experienced,Confidential,24 days ago
Financial & Planning and Analysis Section Head,NILEWOOD  -,"Alsadat City, Monufya, Egypt ","Accounting, Financial Analysis, Planning, Reporting",On-site,Full Time,Manager,Confidential,25 days ago
Marketing Manager,Chema Foam -,"10th of Ramadan City, Cairo, Egypt ","SEO, Market Research, Marketing, Social Media",On-site,Full Time,Manager,Confidential,25 days ago
5/6 Axis CNC Milling Machinist,Hazem Shoukry Designs -,"Nasr City, Cairo, Egypt ","CAD/CAM, CNC Simulation, 3D CAD Software, 3D CAM Software, 5-Axis Machining, 6-Axis Machining, Precision Machining, Manufacturing Processes, Tool Path Generation",On-site,Full Time,Experienced,Confidential,25 days ago
Junior Interior Designer,Takweenat -,"New Cairo, Cairo, Egypt ","3ds Max, AutoCAD, Revit, Interior Design, Design Principles, Problem Solving, Team Collaboration, Attention to Detail",On-site,Full Time,Entry Level,Confidential,26 days ago
Sales & Marketing Executive,Advantage Shield Coverage Solutions LLC -,"New Cairo, Cairo, Egypt ","Sales, Marketing, Sales Target, B2B, B2B Sales, Call Center, Logistics",Hybrid,Full Time,Student,Confidential,26 days ago
Senior Full Stack Developer (.NET Core & Angular),فلوروز -,"Maadi, Cairo, Egypt ","Senior Full Stack Developer, .NET Core, Angular",On-site,Full Time,Experienced,Confidential,26 days ago
Operating Engineer,Confidential -,"Cairo, Egypt ","Engineering, Engineering Field, Operations Management, Construction Management, Preventive Maintenance, Troubleshooting, Safety Protocols, Blueprint Reading",On-site,Full Time,Experienced,Confidential,26 days ago
Senior Product Owner / Junior Product Manager,3D Diagnostix -,"Maadi, Cairo, Egypt ","Information Technology (IT), Software Development, Computer Science, Product Management, product owner, Agile, Product",Hybrid,Full Time,Experienced,Confidential,26 days ago
Content Creator - Social Media & Video,Everlast -,"Heliopolis, Cairo, Egypt ","Content Creation, Social Media Advertising, Social Media Management, Video Editing, Reels Production, TikTok Strategy, Instagram Marketing",On-site,Full Time,Entry Level,Confidential,26 days ago
Senior Accountant,MK Enterprise -,"Downtown, Cairo, Egypt ","Financial Reporting, General Ledger Management, Budgeting and Forecasting, Account Reconciliation, Analytical Thinking, Attention to Detail, Accounting Software Proficiency, Tax Compliance, Problem Solving",On-site,Full Time,Experienced,Confidential,26 days ago
Graphic Designer,Thaka International -,"Nasr City, Cairo, Egypt ","Adobe illustrator, Adobe Photoshop, Adobe Premiere, Adobe Indesign, Graphic Design, Creative, Design, Video Editing",On-site,Full Time,Experienced,Confidential,26 days ago
Warehouse Manager,ADCONS -,"Cairo, Egypt ","Logistics, Supply Chain, Warehousing, Administration, Business Administration, Management, ERP, Microsoft Office",On-site,Full Time,Manager,Confidential,26 days ago
Mechanical Technical Office Engineer - Aluminum Works,Metalo -,"Abu Rawash, Giza, Egypt ","AutoCAD, Mechanical Engineering",On-site,Full Time,Entry Level,Confidential,26 days ago
Business Development Manager,Confidential -,"Giza, Egypt ","Business Administration, Business Development, Communication, Construction, Development, Engineering, Marketing",On-site,Full Time,Manager,Confidential,26 days ago
Senior Technical Office Architect,asquared -,"New Cairo, Cairo, Egypt ","Architecture, Technical Office, Shop Drawings, Architectural Engineering, AutoCAD, Engineering",On-site,Full Time,Experienced,Confidential,26 days ago
Human Resources Intern,Musandah FM  -,"6th of October, Giza, Egypt ","Human Resources (HR), Recruitment, HR Administration, Onboarding, Talent Acquisition, HR Policies, Communication, Interpersonal Skills, Organizational Skills",On-site,Internship,Entry Level,Confidential,26 days ago
Ads Manager,AB STUDIOS -,"Sheikh Zayed, Giza, Egypt ","Market Research, Marketing, Social Media, Branding, Project Management, Ads, Digital Marketing, Google AdWords",Remote,Full Time,Manager,Confidential,26 days ago
Social Media Manager,AB STUDIOS -,"Sheikh Zayed, Giza, Egypt ","Social Media, Analysis, Competitive Analysis, Marketing, E-Marketing, Monitoring, Content Writing",Remote,Full Time,Manager,Confidential,26 days ago
Business Development Manager,AB STUDIOS -,"Sheikh Zayed, Giza, Egypt ","Business Development, Marketing, Sales, Public Relations (PR), Analysis, Client Acquisition, Relationship Management",Remote,Full Time,Manager,Confidential,26 days ago
Workshop Engineer - Automotive Maintenance Center,Sea Port for Trading and Engineering -,"Obour City, Cairo, Egypt ","Engineering, Maintenance, Mechanical Engineering, Workshop Management, Electrical Systems, Troubleshooting, Preventive Maintenance, Diagnostic Tools",On-site,Full Time,Experienced,Confidential,27 days ago
Sales Inbound - American Account,RISEUP (Endemag for Administrative Skills Development) -,"Sheraton, Cairo, Egypt ","Customer Care, Customer Support, Sales, Customer Service",On-site,Full Time,Entry Level,Confidential,27 days ago
Social Media Monitoring,AB STUDIOS -,"Sheikh Zayed, Giza, Egypt ","Social Media, Media Monitoring, Monitoring, Analysis, Strategic Planning, Brand Reputation Management, Crisis Communication, Data Interpretation",Remote,Full Time,Experienced,Confidential,27 days ago
Cost Accounting (Supervisor - Section Head)Exp 8-10,Aswaq -,"Shorouk City, Cairo, Egypt ","Accounting, Finance, Financial Analysis, ERP System, ERP, General Accounting, Financial, Consultation, Real Estate Sales",On-site,Full Time,Experienced,Confidential,27 days ago
Board Executive Assistant,Afaqy -,"Maadi, Cairo, Egypt ","Business Coordination, meeting mins, CEO assistant",On-site,Full Time,Experienced,Confidential,27 days ago
Inbound Senior Tour Operator,Vantage Travels -,"Nasr City, Cairo, Egypt ","Hotels, Communication skills, Tourism, Travel, Marketing, Tours, sales skills, Inbound, Inbound tourism",On-site,Full Time,Experienced,Confidential,27 days ago
Operations Manager,Vantage Travels -,"Nasr City, Cairo, Egypt ","inbound packages, Tourism, Travel Arrangements, Travel, travel itinerares, Logistics Operations, hotels, Nile cruises, travel agency",On-site,Full Time,Manager,Confidential,27 days ago
AI Lead,Makkook.AI -,"Maadi, Cairo, Egypt ","AI, Computer Science, Information Technology (IT), Agile, Computer Vision, ML/DL/RL, Optimization Algorithms",On-site,Full Time,Manager,Confidential,27 days ago
Cost Accountant,Seven Spices Company -,"10th of Ramadan City, Cairo, Egypt ","Food Production, Food Safety Management, Raw Materials Management, Accounting, Cost Accounting, Finance, Inventory Management, Budgeting, Financial Reporting",On-site,Full Time,Experienced,Confidential,27 days ago
Senior Interior Designer (Design Manager),EGY UNIFORM ARCHITECTS + DESIGNS -,"Nasr City, Cairo, Egypt ","Interior Design, 3dmax, vray, corona, Team management, Information Technology (IT), 3ds Max, Adobe Photoshop",On-site,Full Time,Manager,Confidential,27 days ago
Senior Social Media Coordinator,Rescounts -,"Cairo, Egypt ","E-Marketing, Social Media Strategy, Content Creation, Marketing Analytics, Community Management, SEO, SEM, Digital Advertising, Brand Management",Remote,Full Time,Experienced,Confidential,27 days ago
Construction Project & Planning Manager,EGY UNIFORM ARCHITECTS + DESIGNS -,"Nasr City, Cairo, Egypt ","Management, Planning, Project Management, Primavera, Microsoft Project, Engineering, Construction",On-site,Full Time,Manager,Confidential,27 days ago
IT Specialist,Arabian Construction Co. -,"New Cairo, Cairo, Egypt ","Computer Science, Information Technology (IT), ITIL, Technical Support",On-site,Full Time,Entry Level,Confidential,27 days ago
SAP Enterprise Asset Management (EAM) Consultant,Intrasoft ME -,"Cairo, Egypt ","SAP, EAM, Accounts Payable, Computer Science, Information Technology (IT), SAP PA",Hybrid,Freelance / Project,Experienced,Confidential,27 days ago
Administrative Assistant,MMA accounting office -,"Heliopolis, Cairo, Egypt ","Office Management, Secretary, Microsoft Office, Accounting, English, Administration, Arabic, Admin",On-site,Full Time,Experienced,Confidential,27 days ago
Club Owner Rep Manager,IGI-Group -,"6th of October, Giza, Egypt ","Business Administration, Hospitality Management, Facility Management, Engineering, Sports Management, Club Management, Sports Academies",On-site,Full Time,Manager,Confidential,27 days ago
System Administrator,Premium Card -,"Dokki, Giza, Egypt ","Information Technology (IT), System Administration, System administrator",On-site,Full Time,Entry Level,Confidential,27 days ago
Technical Office Engineer (Revit) (Interior scope),EGY UNIFORM ARCHITECTS + DESIGNS -,"Nasr City, Cairo, Egypt ","Revit, Revit BIM, BIM Modeling, Engineering, Architectural Engineering, Microsoft Office, Architecture, AutoCAD, Computer Science",On-site,Full Time,Experienced,Confidential,27 days ago
Customer Service (3+ yrs in construction industry),Aswaq -,"Shorouk City, Cairo, Egypt ","Construction, Customer Care, Customer Service, Customer Support, Real Estate, Development, Communication",On-site,Full Time,Experienced,Confidential,27 days ago
Export Sales Manager,Al Amal Co. for Trade & Agencies -,"6th of October, Giza, Egypt ","Export, Export Sales, Customer Service, Sales, Sales Target",On-site,Full Time,Manager,Confidential,27 days ago
Data Engineer,Osloop Development  -,"Fleming, Alexandria, Egypt ","Data Engineering, ETL, SQL, Python, Workflow Automation, Data Modeling, Database Management, Data Integration, Problem Solving",On-site,Full Time,Experienced,Confidential,27 days ago
Operator,3D Diagnostix -,"Maadi, Cairo, Egypt ","Production, Operations, Agriculture, Science, Engineering, Scan, 3D Printing, English",On-site,Full Time,Entry Level,Confidential,27 days ago
Sales & Business Developer,Ark for construction and engineering -,"New Nozha, Cairo, Egypt ","Business Development, Sales, Sales Target, Excellent communication, negotiation skills, Strong presentation, Microsoft Office suite, Familiarity with construction contracts and tendering processes is an advantage",On-site,Full Time,Experienced,Confidential,27 days ago
Call Center Quality Specialist (Medical Background),Saudi German Hospital  -,"Nozha, Cairo, Egypt ","Call Center, Customer Care, Customer Service, Customer Support, Medical, Quality Assurance",On-site,Full Time,Experienced,Confidential,27 days ago
Customer Service Specialist,EL EZZ for construction and trading  -,"Cairo, Egypt ","Customer Care, Customer Service, Customer Support, Sales, Communication Skills, Problem-Solving, Conflict Resolution, Data Entry",On-site,Full Time,Experienced,Confidential,27 days ago
Marketing Manager,Power Fast Eg  -,"Giza, Egypt ","Marketing, Social Media, Market Research, Technology, Sales, Projects, Online Marketing",On-site,Full Time,Manager,Confidential,27 days ago
Direct Materials & Procurement Supervisor,SAVOLA -,"New Cairo, Cairo, Egypt ","Supply Chain, Procurement, Purchasing, Logistics, Commerce, Contracting, Engineering",On-site,Full Time,Experienced,Confidential,27 days ago
Quality Control Manager,Confidential -,"Salam City, Cairo, Egypt ","Quality, Quality Control, Quality Assurance, Engineering, Production, English, ISO",On-site,Full Time,Manager,Confidential,27 days ago
Administrative Secretary,eco cycle -,"6th of October, Giza, Egypt ","Administration, Office management, Organizational skills, Communication skills, Time management, Microsoft Office Suite, Record keeping, Scheduling, Attention to detail",On-site,Full Time,Experienced,Confidential,27 days ago
Production Manager,Confidential -,"khanka, Qalubia, Egypt ","Engineering, Production, Manufacturing, Management, Communication Skills, Communication, TO",On-site,Full Time,Manager,Confidential,27 days ago
Team Leader Engineer (Procurement & Tendering ) Civil OR Arch,Aswaq -,"Shorouk City, Cairo, Egypt ","Tendering, Procurement, Shop Drawings, Civil Engineering, AutoCAD, Architecture, Revit, Construction, Engineering",On-site,Full Time,Experienced,Confidential,27 days ago
personal assistant,FAID ALNAAM   -,"New Cairo, Cairo, Egypt ","Administration, Microsoft Office, Office Management, Calendar Management, Travel Coordination, Communication, Problem Solving",On-site,Full Time,Manager,Confidential,27 days ago
Logistics Specialist,Rameda -,"6th of October, Giza, Egypt ","Logistics, Supply Chain, Purchasing, Procurement, Shipping",On-site,Full Time,Experienced,Confidential,27 days ago
Digital Marketer,Confidential -,"Cairo, Egypt ","Digital Marketing, Marketing, Social Media, E-Marketing, AI, Digital Advertising, Digital Sales, Online Marketing",Remote,Full Time,Experienced,Confidential,27 days ago
Outdoor Sales Executive,Catalyst For Leather Products and Advertising  -,"Maadi, Cairo, Egypt ","Customer Service, Sales Target, Advertising, Communication, Outdoor Sales, Sales",On-site,Full Time,Experienced,Confidential,27 days ago
Procurement Manager- Engineer,Confidential -,"Heliopolis, Cairo, Egypt ","Engineering, Procurement, Supply Chain, Construction Engineering, Civil Engineering, Architectural Engineering, Fit-Out",On-site,Full Time,Manager,Confidential,27 days ago
Telesales Agent,OdooTec -,"Cairo, Egypt ","Customer Service, Telesales, Sales, Odoo ERP",Hybrid,Full Time,Experienced,Confidential,27 days ago
Odoo Presales Consultant,OdooTec -,"New Cairo, Cairo, Egypt ","Computer Science, English, ERP, Software, Presales, Communication skills, Accounting, Software Development",Hybrid,Full Time,Experienced,Confidential,27 days ago
Technical Manager,asquared -,"New Cairo, Cairo, Egypt ","Engineering, Project Management, Construction, Civil Engineering, Technical Office, Leadership, Architectural Engineering, Technical Office Engineering, Technical Management",On-site,Full Time,Manager,Confidential,27 days ago
Digital Content Designer,EGEC -,"Haram, Giza, Egypt ","Digital Marketing, Marketing, E-Marketing, Social Media, Graphic Design, Adobe illustrator, Content Creation",On-site,Full Time,Experienced,Confidential,27 days ago
Odoo Developer,Confidential -,"Mokattam, Cairo, Egypt ","Information Technology (IT), Odoo, Computer Science, CSS, Engineering, HTML, JavaScript, PostgreSQL, Python",On-site,Full Time,Experienced,Confidential,27 days ago
Sales & BD Engineer,Professional Service - Proserv -,"New Cairo, Cairo, Egypt ","Engineering, Sales Target, Communication, Construction, Mechanical, Microsoft Office, Negotiation, Sales",On-site,Full Time,Experienced,Confidential,27 days ago
IT Technical Support Specialist,idaco -,"6th of October, Giza, Egypt ","techanical support, maintain computers",On-site,Full Time,Entry Level,Confidential,27 days ago
Regulatory Affairs Specialist ( Supplements ),Egyptian Company for Cosmetics -,"Nasr City, Cairo, Egypt ","Registration, Regulatory Affairs, Administration, Pharmacy, Customs Clearance, Clearances, Pharmaceutical Regulations",On-site,Full Time,Entry Level,Confidential,27 days ago
Presales Consultant,Link Development -,"Maadi, Cairo, Egypt ","Computer Science, Information Technology (IT), Presales, Business Analysis, Consulting, Management, Sales, RFP, Software Implementation",Hybrid,Full Time,Experienced,Confidential,27 days ago
Video Editor,FutureMoney -,"Cairo, Egypt ","Adobe Premiere, Video Editing, After Effects, CapCut, DaVinci Resolve, Canva, Figma, Motion Graphics",Remote,Full Time,Experienced,Confidential,27 days ago
HR Manager,Link Talent Support  -,"Dokki, Giza, Egypt ","HR, Human Resources (HR), Microsoft Office, Recruitment, Personnel, Administration, Business Administration, HR Systems",On-site,Full Time,Manager,Confidential,27 days ago
Quality Assurance Engineer (IT / Software),Confidential -,"New Cairo, Cairo, Egypt ","Quality Assurance, Software Testing, Agile Software Development, User Testing, User Acceptance Testing, Usability Testing, Mobile Testing, Mobile Application Testing, Automation Testing",On-site,Full Time,Experienced,Confidential,27 days ago
R&D Formulation Unit Head,Rameda -,"6th of October, Giza, Egypt ","Science, Pharmacy, Research, Pharmaceutical, Production, Preformulation, R&D",On-site,Full Time,Manager,Confidential,27 days ago
Medical Manager /Dentist,Shiny White Dental Center  -,"Cairo, Egypt ","Medical, Healthcare, Dentistry, Management, leadership, medical director, English, Communication",On-site,Full Time,Manager,Confidential,27 days ago
Personnel Officer,Confidential -,"6th of October, Giza, Egypt ","Human Resources (HR), Microsoft Office, Personnel Management, Recruitment, Employee Relations, Onboarding, HR Policies, Compliance",On-site,Full Time,Experienced,Confidential,27 days ago
Medical Representative - Giza,PRT Scientific Office -,"Haram, Giza, Egypt ","Pharmacy, Veterinary, Medicine, Sales, Pharmaceutical, Cosmetics, Science",On-site,Full Time,Entry Level,Confidential,27 days ago
R&D Engineer- Home Appliances,Mar Group Egypt  -,"Obour City, Cairo, Egypt ","Home Appliances, R&D, Research and Development, Engineering, Design, Mechanical, Mechanical Engineering",On-site,Full Time,Experienced,Confidential,27 days ago
Chairman Office Manager,S G D -,"Mohandessin, Giza, Egypt ","Administration, Office management, business, Management, Secretary, Assistant, personal assistant",On-site,Full Time,Manager,Confidential,27 days ago
Senior Procurement Civil Engineer,National Electricity Technology Co. -,"Agouza, Giza, Egypt ","Civil Engineering, Procurement, Engineering, Power Station, Supply Chain, Contracts",On-site,Full Time,Manager,Confidential,27 days ago
Electrical Technical Office Engineer,ASC for Construction and Engineering -,"Nasr City, Cairo, Egypt ","Electrical Design, AutoCAD, BOQ Preparation, Technical Reporting, Project Coordination, Technical Documentation, Revit, Construction Standards Compliance, Communication",On-site,Full Time,Experienced,Confidential,27 days ago
wholesale Manager,Dakahlia Group -,"Nasr City, Cairo, Egypt ","Sales, Wholesale, Distribution, Sales Target, B2B, Management, Negotiation, Retail",On-site,Full Time,Manager,Confidential,28 days ago
HR & Administration Senior Executive,3Dimension -,"Haram, Giza, Egypt ","Human Resources (HR), Administration, HR, Problem Solving, Contract Administration, Microsoft Office, Talent acquisition",On-site,Full Time,Experienced,Confidential,28 days ago
Sales Technical Interior Engineer,Confidential -,"New Cairo, Cairo, Egypt ","Sales, B2B Sales, Interior Design, Technical Sales, AutoCAD, Sketchup, Customer Relations",On-site,Full Time,Entry Level,Confidential,28 days ago
CEO Personal Assistant,LavaLoon -,"Nasr City, Cairo, Egypt ","Administration, Microsoft Office, Office management, excutive assistant, Time Management, Multitasking, Communication",On-site,Full Time,Experienced,Confidential,28 days ago
Business Development Head - B2B,Master Group -,"Cairo, Egypt ","Business Administration, Communication, Digital Marketing, Management, Market Research, Marketing Campaigns, Marketing, Sales",Remote,Full Time,Manager,Confidential,28 days ago
Key Account Executive - Big Farms,Imaxy -,"Cairo, Egypt ","Negotiation, Communication, Marketing, Strategy Planning, Market Research, Agriculture",Hybrid,Full Time,Experienced,Confidential,28 days ago
Call Center Audit,Yodawy -,"Giza, Egypt ","Customer Care, Call Center, Customer Service, Quality Assurance, Communication Skills, Attention to Detail, Data Analysis, Problem Solving",On-site,Full Time,Entry Level,Confidential,28 days ago
Receptionist & Admin Officer,OTIC -,"Cairo, Egypt ","Administration, Microsoft Office, Office management, Commerce, Customer Relations",On-site,Full Time,Entry Level,Confidential,28 days ago
Internal Audit Supervisor - E2E,Tank -,"10th of Ramadan City, Cairo, Egypt ","Internal Auditing, Problem Solving, Risk Assessment, Regulatory Compliance, Internal Controls, Audit Planning, Report Writing, Team Leadership, Analytical Thinking",On-site,Full Time,Manager,Confidential,28 days ago
Quality Control Lead,Tawfeer -,"Maadi, Cairo, Egypt ","Quality Assurance, Quality Control, Process Improvement, Root Cause Analysis, Lean Manufacturing, Six Sigma, Team Leadership, Data Analysis, Inspection Procedures",On-site,Full Time,Manager,Confidential,28 days ago
Head Of Human Resource,Confidential -,"Dokki, Giza, Egypt ","HR, HR Management, Microsoft Office, Human Resources, Communication, Management, Personnel Management",On-site,Full Time,Manager,Confidential,28 days ago
HSE Section Head,Confidential -,"6th of October, Giza, Egypt ","Health and Safety Management, Training and Development, Health, Safety and Environment, Safety, Fire Safety, Occupational Safety and Health Administration (OSHA), Environment, Health, and Safety (EHS)",On-site,Full Time,Experienced,Confidential,28 days ago
Senior Mechanical Site Engineer,Modern Controls  -,"Giza, Egypt ","Mechanical Engineering, Plumbing Systems, HVAC Systems",On-site,Full Time,Manager,Confidential,28 days ago
Full Stack Software Developer,Stradigimc -,"Cairo, Egypt ","Computer Science, ASP.Net",Remote,Full Time,Experienced,Confidential,28 days ago
Sales Manager,Flex Asepto -,"6th of October, Giza, Egypt ","Sales, Business Development, Sales Target Achievement, Team Leadership, Strategic Planning, Market Analysis, Customer Relationship Management, Negotiation",On-site,Full Time,Senior Management,Confidential,28 days ago
Maintenance Manager – Concentrates & IQF,El Banna Group Company -,"Alsadat City, Monufya, Egypt ","Maintenance, Preventive Maintenance, Electrical Maintenance, Maintenance Engineering, Business Planning, Management, Production",On-site,Full Time,Manager,Confidential,28 days ago
Business Development Engineer,Taqa Water -,"Maadi, Cairo, Egypt ","Business Development, Sales, Market Research, Client Relationship Management, Analytical Thinking, Communication, Project Management",On-site,Full Time,Entry Level,Confidential,28 days ago
Associate Production Manager,Dabur -,"10th of Ramadan City, Sharqia, Egypt ","Manufacturing, Mechanical, Cosmetic Dentistry, Engineering, Production, SAP, FMCG",On-site,Full Time,Experienced,Confidential,28 days ago
Maintenance Planner (Port Said),Sky ports -,"Sharq, Port Said, Egypt ","Electrical Engineering, Engineering, Maintenance, Mechanical Engineering",On-site,Full Time,Experienced,Confidential,28 days ago
Merchandiser Supervisor,Elabd Foods -,"Abu Rawash, Giza, Egypt ","Merchandising, Sales",On-site,Full Time,Experienced,Confidential,28 days ago
Junior Architect,Global Designs -,"Heliopolis, Cairo, Egypt ","Architecture, Information Technology (IT), Engineering, AutoCAD, Design, Revit, Adobe Photoshop, Rhino, Grasshopper",On-site,Full Time,Entry Level,Confidential,28 days ago
Growth Manager,Seven  -,"New Cairo, Cairo, Egypt ","Management, Strategic Thinking, Marketing, Customer Satisfaction",On-site,Full Time,Manager,Confidential,28 days ago
BIM Coordinator,Stradigimc -,"Cairo, Egypt ","BIM, Engineering, digital construction, Autodesk Revit, Autodesk Navisworks",Remote,Full Time,Experienced,Confidential,28 days ago
International Sales Assistant & Digital Marketing,Confidential -,"Cairo, Egypt ","E-commerce & Digital Marketing Specialist with Sales Support, Digital Marketing & Business Development Executive (E-commerce & Automation), Digital Marketing Assistant, Business Development, Communication, CRM, Digital Marketing",Remote,Full Time,Experienced,Confidential,28 days ago
Accountant – Accounts Receivable (AR),Tristar Cargo System -,"Sheraton, Cairo, Egypt ","Accounting, Accounts Receivable, AR",On-site,Full Time,Experienced,Confidential,28 days ago
Fleet Country Manager,Confidential -,"New Cairo, Cairo, Egypt ","Logistics, Management, Supply Chain",On-site,Full Time,Manager,Confidential,28 days ago
AI Technical Presales Consultant,Link Development -,"Maadi, Cairo, Egypt ","Computer Science, Engineering, Information Technology (IT), Science, technical, Technical Support, AI, Sales",Hybrid,Full Time,Experienced,Confidential,28 days ago
Accounts Payable Accountant,SAVOLA -,"New Cairo, Cairo, Egypt ","Accounts Payable, Account Reconciliation, Invoice Processing, Accounting, Finance, Accounting Software, Financial, Financial Analysis, Microsoft Office",On-site,Full Time,Entry Level,Confidential,28 days ago
IT Specialist,El-Ahlyia Health Care For Medical Supplies -,"Sheraton, Cairo, Egypt ","Computer Science, Information Technology (IT), Technical Support, IT Service Management, Engineering",On-site,Full Time,Entry Level,Confidential,28 days ago
IT Manager,etisal for advanced industries  -,"6th of October, Giza, Egypt ","Computer Science, Information Technology (IT), Computer Engineering",On-site,Full Time,Manager,Confidential,28 days ago
Sr.Procurement Engineer,Conserv -,"New Cairo, Cairo, Egypt ","Architecture Engineering, Architecture, Construction, Civil, Engineering, Fit Out, Finishing, Procurement",Hybrid,Full Time,Experienced,Confidential,28 days ago
Software Developer,HITS Solutions -,"Nasr City, Cairo, Egypt ","Information Technology (IT), Computer Science, Engineering, Computer Engineering, Integration, Software Development, Software Engineering, JSON",On-site,Full Time,Entry Level,Confidential,28 days ago
Architect,Confidential -,"Cairo, Egypt ","AutoCAD, Architecture, Engineering, Architectural Engineering, Computer Science, Construction, Information Technology (IT), Revit, Shop Drawings",On-site,Full Time,Entry Level,Confidential,28 days ago
HSE Supervisor,Egytrans -,"Agami, Alexandria, Egypt ","Engineering, HSE, Safety, Risk Assessment, Logistics, Microsoft Office",On-site,Full Time,Experienced,Confidential,28 days ago
Senior Site Engineer,ElSafwa for Construction and Touristic Development  -,"Katameya, Cairo, Egypt ","Site Engineering, Architectural Engineering, Civil Engineering, AutoCAD, Primavera, Architecture, Computer Science, Information Technology (IT), Engineering",On-site,Full Time,Experienced,Confidential,28 days ago
Head Of Operations,Pyramids Transport -,"Katameya, Cairo, Egypt ","Leadership, Communication, Management, Logistics, Supply Chain, Strategy, Logistics Management, Supply Chain Optimization, Operational Strategy",On-site,Full Time,Senior Management,Confidential,28 days ago
Senior Procurement Engineer,El Mohandess Print House -,"10th of Ramadan City, Sharqia, Egypt ","Procurement, Purchasing, Logistics, Supply Chain, Engineering, ERP, English",On-site,Full Time,Experienced,Confidential,28 days ago
Sales Engineer (ELV),Protech -,"Mokattam, Cairo, Egypt ","Sales, * Strong communication and negotiation skills., Pre-Sales, Communication, Engineering, Negotiation, Sales Target, Security",On-site,Full Time,Experienced,Confidential,28 days ago
Operations & Pricing Executive. Freight Forwarding,Confidential -,"Alexandria, Egypt ","Freight Forwarding, Logistics, Pricing, Supply Chain, Business Administration, Sea Freight, Land Freight, Multimodal Transportation",Hybrid,Full Time,Experienced,Confidential,28 days ago
IT Specialist,Statements Consulting -,"Cairo, Egypt ","Computer Science, Information Technology (IT), Technical Support, HelpDesk",On-site,Full Time,Experienced,Confidential,28 days ago
Administrative & Digital Marketing Officer,Elganaini  -,"Mokattam, Cairo, Egypt ","Business Administration, Human Resources (HR), Digital Marketing, Social Media",On-site,Full Time,Experienced,Confidential,28 days ago
B2B Sales Executive,Confidential -,"New Cairo, Cairo, Egypt ","B2B Sales, Business Development, Client Acquisition, Negotiation, Account Management, project sales, Microsoft Office, Outdoor Sales, Sales",On-site,Full Time,Experienced,Confidential,28 days ago
Media Senior Officer,Global Academic Foundation Hosting University of Hertfordshire UH -,"New Capital, Cairo, Egypt ","E-Marketing, Social Media, Marketing, Advertising Media, Media Relations",On-site,Full Time,Experienced,Confidential,28 days ago
Python Integration Engineer,Allendevaux Company -,"San Stefano, Alexandria, Egypt ","Python, API, CI/CD, JSON, AWS, Azure",Hybrid,Full Time,Experienced,Confidential,28 days ago
Technical Author,Allendevaux Company -,"San Stefano, Alexandria, Egypt ","RestAPI, JSON, YAML, Drawio, visio, Git, Information Gathering Skills, Software Development",Hybrid,Full Time,Experienced,Confidential,28 days ago
Talent Acquisition Specialist,Shiny White Dental Center  -,"Cairo, Egypt ","Human Resources, Human Resource Management (HRM), HR Policies, Payroll Administration, Payroll, Human Resource Management, Human Resource Information System, hr analyst, Oracle Human Resource Management System (HRMS)",On-site,Full Time,Experienced,Confidential,28 days ago
Medical Representative ( Commercial Excellence Executive ),Egyptian Company for Cosmetics -,"Giza, Egypt ","Pharmaceutical Sales, Medical Representative, Commercial Excellence, Business Development, Sales Strategy, Market Analysis, Client Relationship Management",Hybrid,Full Time,Experienced,Confidential,28 days ago
Freelance AI-Assisted Software QA Tester (Per Project),Roaya -,"Maadi, Cairo, Egypt ","Software Engineering, AI, Testing, QA",Remote,Freelance / Project,Experienced,Confidential,28 days ago
Administrative & Digital Marketing Officer,Elganaini  -,"Mokattam, Cairo, Egypt ","Business Administration, Human Resources (HR), Digital Marketing, Social Media",On-site,Full Time,Experienced,Confidential,28 days ago
B2B Sales Executive,Confidential -,"New Cairo, Cairo, Egypt ","B2B Sales, Business Development, Client Acquisition, Negotiation, Account Management, project sales, Microsoft Office, Outdoor Sales, Sales",On-site,Full Time,Experienced,Confidential,28 days ago
Media Performance Senior Officer,Global Academic Foundation Hosting University of Hertfordshire UH -,"New Capital, Cairo, Egypt ","E-Marketing, Social Media, Marketing, Advertising Media, Media Relations",On-site,Full Time,Experienced,Confidential,28 days ago
Python Integration Engineer,Allendevaux Company -,"San Stefano, Alexandria, Egypt ","Python, API, CI/CD, JSON, AWS, Azure",Hybrid,Full Time,Experienced,Confidential,28 days ago
Technical Author,Allendevaux Company -,"San Stefano, Alexandria, Egypt ","RestAPI, JSON, YAML, Drawio, visio, Git, Information Gathering Skills, Software Development",Hybrid,Full Time,Experienced,Confidential,28 days ago
Talent Acquisition Specialist,Shiny White Dental Center  -,"Cairo, Egypt ","Human Resources, Human Resource Management (HRM), HR Policies, Payroll Administration, Payroll, Human Resource Management, Human Resource Information System, hr analyst, Oracle Human Resource Management System (HRMS)",On-site,Full Time,Experienced,Confidential,28 days ago
Medical Representative ( Commercial Excellence Executive ),Egyptian Company for Cosmetics -,"Giza, Egypt ","Pharmaceutical Sales, Medical Representative, Commercial Excellence, Business Development, Sales Strategy, Market Analysis, Client Relationship Management",Hybrid,Full Time,Experienced,Confidential,28 days ago
Freelance AI-Assisted Software QA Tester (Per Project),Roaya -,"Maadi, Cairo, Egypt ","Software Engineering, AI, Testing, QA",Remote,Freelance / Project,Experienced,Confidential,28 days ago
Internal Audit Manager,Your Parts -,"Maadi, Cairo, Egypt ","Accounting, Auditing, Financial Analysis",On-site,Full Time,Manager,Confidential,28 days ago
Industrial Engineer (Work Study & Production Improvement),Swiss Garment Company -,"10th of Ramadan City, Sharqia, Egypt ","Industrial Engineering, Work Study, Time Study, Ready-Made Garments, Garment Manufacturing, Production Improvement, Process Optimization, Lean Manufacturing, Efficiency Analysis",On-site,Full Time,Experienced,Confidential,28 days ago
Inventory Accountant (Fresh Graduate),Confidential -,"Giza, Egypt ","Accounting, Finance, Financial Analysis, Inventory Management, Data Entry, Microsoft Excel, General Ledger, Reconciliation, Communication",On-site,Full Time,Entry Level,Confidential,28 days ago
QA/ Process Improvement Specialist (Not a software testing position),Fixed Solutions -,"Cairo, Egypt ","Quality Assurance, Process Engineering, CMMI, MS Office, QA, Computer Science, Analysis, Six Sigma",Hybrid,Full Time,Experienced,Confidential,28 days ago
Co-Teacher,Malvern College Egypt -,"Katameya, Cairo, Egypt ","Teaching, Education, British Education, English, Learning, Co-teacher",On-site,Full Time,Experienced,Confidential,28 days ago
Performance Marketing Specialist,Toy Time -,"Cairo, Egypt ","Marketing, E-Marketing, Social Media",Remote,Part Time,Experienced,Confidential,28 days ago
Media Operations Coordinator,crew media service -,"Cairo, Egypt ","Microsoft Office, Reporting, Time Management, Operations Management, Data Analysis, Communication Skills, Organizational Skills, Attention to Detail",On-site,Full Time,Entry Level,Confidential,28 days ago
Senior Accountant,Oils and grains LLC  -,"New Cairo, Cairo, Egypt ","Accounting, Finance, AP, AR, ERP, Financial Analysis, Financial Management, Financial Statements, Microsoft Excel",On-site,Full Time,Experienced,Confidential,28 days ago
Performance Management & KPI Office Manager,XAI Technology -,"New Cairo, Cairo, Egypt ","Administration, Microsoft Office, Office management, Management, Performance Management, Business Administration, Communication",On-site,Full Time,Manager,Confidential,28 days ago
Graphic Designer,Fixed Solutions -,"Cairo, Egypt ","Design, Graphic Design",Remote,Part Time,Experienced,Confidential,28 days ago
Sales Executive,ALA Academy -,"Cairo, Egypt ","Sales, Sales Target, Customer Service, Business Development, Communication, Customer Relations, CRM, Development",On-site,Full Time,Entry Level,Confidential,28 days ago
Air Freight Sales Manager,First Global Logistics   -,"Sheraton, Cairo, Egypt ","Air Freight, Freight Forwarding, Logistics, Sales, Sales Management, Business Development, Logistics Management, Logistics Operations",On-site,Full Time,Manager,Confidential,28 days ago
Electrical Maintenance Engineer,Gazala Steel Fabrication GSF -,"10th of Ramadan City, Cairo, Egypt ","Electrical Maintenance, Maintenance",On-site,Full Time,Entry Level,Confidential,28 days ago
"SEO, ASO & Growth Lifecycle Support Specialist",Sabika -,"Maadi, Cairo, Egypt ","Adobe Photoshop, Digital Marketing, Facebook ads, SEO, Google Analytics, Marketing",On-site,Full Time,Experienced,Confidential,28 days ago
Engineering Manager – Retail Company,Confidential -,"New Cairo, Cairo, Egypt ","Engineering, Retail",On-site,Full Time,Manager,Confidential,28 days ago
Accountant,New Marina Plast    -,"Bourj Alarab, Alexandria, Egypt ","Financial Reporting, Budgeting and Forecasting, General Ledger Management, Analytical Thinking, Attention to Detail, Accounting Software Proficiency, Internal Controls, Audit Coordination, Time Management",On-site,Full Time,Experienced,Confidential,28 days ago
Customer Success Specialist,BasharSoft -,"Cairo, Egypt ","Customer Care, Customer Service, Customer Success, Customer Support, Call Center, Communication, Recruitment",Hybrid,Full Time,Entry Level,Confidential,28 days ago
Senior Sales Account Manager (WUZZUF),BasharSoft -,"Maadi, Cairo, Egypt ","Sales, Sales Target",Hybrid,Full Time,Experienced,Confidential,28 days ago
Primary English Teacher,Confidential -,"Shorouk City, Cairo, Egypt ","Teaching, Education, School Teacher, PGCE, PGDE, International School, English Language Teaching, Primary Education, Curriculum Development",On-site,Full Time,Entry Level,Confidential,28 days ago
DIGITAL MARKETING STRATEGIST,Renewable Energy Pros -,"New Cairo, Cairo, Egypt ","Digital Marketing, B2B Marketing, E-Marketing, Social Media, Social Media Strategy, Content Strategy, Brand Marketing",On-site,Full Time,Manager,Confidential,28 days ago
Senior Media Buyer,Sabika -,"Cairo, Egypt ","Digital Marketing, Social Media, Marketing, Communication, Google Ads, Ads, Google Analytics, Media Buying",On-site,Full Time,Experienced,Confidential,28 days ago
Deputy Chief Officer Operation.,XAI Technology -,"Cairo, Egypt ","Management, Technology, Administration, Leadership Management, Business Development, Communication, Engineering, Planning",On-site,Full Time,Experienced,Confidential,28 days ago
Recruiter (For Blue Collars),Gazala Steel Fabrication GSF -,"New Cairo, Cairo, Egypt ","Human Resources (HR), Recruitment, Talent acquisition",On-site,Full Time,Experienced,Confidential,28 days ago
Sales Executive,Technopedia.io -,"Heliopolis, Cairo, Egypt ","B2B Sales, Business Development, Lead Generation, Closing Deals, Account Manager, Client Relationship Management, Negotiation, Sales Executive",On-site,Full Time,Entry Level,Confidential,28 days ago
Senior Laravel Developer,34ML -,"Heliopolis, Cairo, Egypt ","Computer Science, Software Development, Information Technology (IT), Software Engineering, MVC, Engineering, Git",Hybrid,Full Time,Experienced,Confidential,28 days ago
Business Development Manager- Egypt & GCC,Bluebell Pharmaceuticals  -,"Maadi, Cairo, Egypt ","Business Development, Sales, Online Marketing, Online Sales, E-Commerce, Business Unit Management, Cosmeceuticals",Hybrid,Full Time,Manager,Confidential,28 days ago
"Call Center Agent, And Moderator",Qpol fawry -,"Dokki, Giza, Egypt ","Agent, Call center agent, Customer Service, Call Center, Communication, Customer, CRM, Customer Care",On-site,Full Time,Experienced,Confidential,28 days ago
Site Planning Engineer,Taqa Water -,"Maadi, Cairo, Egypt ","Planning, Engineering, Civil Engineering, Construction, Mechanical, ERP, SAP",On-site,Full Time,Entry Level,Confidential,28 days ago
Accountant (Accounts Receivables),Zamil Steel Buildings Co -,"6th of October, Giza, Egypt ","Accounting, Finance, Treasury, Accountant, Commerce, Oracle, Microsoft Excel, Financial Analysis, Accounts Receivables",On-site,Full Time,Experienced,Confidential,28 days ago
Tendering Engineer,ADCONS -,"Cairo, Egypt ","Electrical Engineering, Engineering, Mechanical Engineering, Tendering, AutoCAD, Civil Engineering, Construction",On-site,Full Time,Experienced,Confidential,28 days ago
Technical Office Engineer,ADCONS -,"Cairo, Egypt ","Engineering, Microsoft Office, Technical Office, AutoCAD, Civil Engineering, Communication, Computer Science",On-site,Full Time,Experienced,Confidential,28 days ago
Procurement Section Head,EL EZZ for construction and trading  -,"Cairo, Egypt ","Engineering, Management, Civil Engineering, Procurement, Supply Chain Management, Vendor Management, Contract Negotiation",On-site,Full Time,Experienced,Confidential,28 days ago
Director Of Engineering – After Sales Service,Masria Group -,"Obour City, Cairo, Egypt ","Engineering, Mechanical, Electrical, or Production Engineering, Customer Service, Leadership, Mechanical, Communication, Production, Sales",On-site,Full Time,Senior Management,Confidential,28 days ago
Medical Network Coordinator,Confidential -,"Giza, Giza, Egypt ","Administration, Communication, Communication skills, English, Insurance, Medical, Microsoft Office",On-site,Full Time,Entry Level,Confidential,28 days ago
3D Architecture Animator,iMaker -,"New Cairo, Cairo, Egypt ","Autodesk 3ds Max, Architecture, Design, AutoCAD, Blender, Blender 3D, Cinema 4D",On-site,Full Time,Experienced,Confidential,28 days ago
Senior HR (Government Relation) Fashion Sector.,Confidential -,"Giza, Egypt ","Personnel Management, Human Resources (HR), Microsoft Office, Recruitment, Government Relations, Egyptian Labor Law, Employee Relations",On-site,Full Time,Manager,Confidential,28 days ago
Marketing and Client Relations Executive,Dancing Bean   -,"Heliopolis, Cairo, Egypt ","Marketing, Market Research, Social Media, Public Relations (PR), Writing, Design, Client Relationships",On-site,Full Time,Experienced,Confidential,28 days ago
Human Resources Recruiter,El Mansour Development  -,"Mokattam, Cairo, Egypt ","Human Resources (HR), Recruitment, Microsoft Office, Business Administration, Administration, Communication, Human Resources, Interviewing, Personnel",On-site,Full Time,Experienced,Confidential,29 days ago
ERP Consultant (Microsoft Dynamics AX 2012 / D365),Allamna Integrated Solutions -,"Cairo, Egypt ","Dynamics AX, ERP, Microsoft Dynamics",On-site,Full Time,Entry Level,Confidential,29 days ago
Customer Support Representative/Procurement Officer,RISEUP (Endemag for Administrative Skills Development) -,"Heliopolis, Cairo, Egypt ","Customer Service, Sales, Procurement Management, Industrial Sales, Engineering, Shipping, CRM System, SAP",On-site,Full Time,Experienced,Confidential,29 days ago
Design Review Manager,RISEUP (Endemag for Administrative Skills Development) -,"Maadi, Cairo, Egypt ","Design, Engineering, Project Management, Architecture, Construction, Management, Marketing",Hybrid,Full Time,Entry Level,Confidential,29 days ago
مدير الحسابات (Accounting Manager),فلوروز -,"Maadi, Cairo, Egypt ","المعرفة بالأنظمة الضريبية., القدرة على تحليل ROAS وROI وROS, إجادة Excel بمستوى متقدم, إجادة ERP, إعداد الميزانيات والتوقعات, إدارة أعمال التدقيق والمراجعة",On-site,Full Time,Manager,Confidential,29 days ago
Accounts Payable Accountant (AP),Eden Agriculture Investment  -,"Smart Village, Giza, Egypt ","Accounting, Finance, AP, Accounts Payable, Financial Analysis, ERP, Tax, Agriculture, Construction",On-site,Full Time,Experienced,Confidential,29 days ago
Accountant,Refaat Construction / Baxter  -,"New Heliopolis, Cairo, Egypt ","Odoo System, Accounting, Financial Analysis",On-site,Full Time,Experienced,Confidential,29 days ago
Telesales Executive,Integrated Printing Solutions  -,"Zamalek, Cairo, Egypt ","Copying, Printers, Archiving, maintenance contract, Telesales, Sales, Customer Service",On-site,Full Time,Experienced,Confidential,29 days ago
Electrical Tendering & Presales Engineer,Controware  -,"Maadi, Cairo, Egypt ","Electrical Engineering, Presales, Tendering, Sales, Engineering, Technical Proposals, Proposals, Spare Parts",On-site,Full Time,Experienced,Confidential,29 days ago
Real Estate Agent,we add for real estate -,"Cairo, Egypt ","Real Estate, Sales Target, Sales, Negotiation, Customer Service, Market Research, Communication, Lead Generation, Property Management Software",On-site,Full Time,Entry Level,Confidential,29 days ago
HSE Engineer - Bisco Misr,Arma-HSA -,"Matareya, Cairo, Egypt ","HSE, Engineering, Health, Safety and Environment, Nebosh, OSHA, Communication, Manufacturing, MS Office, Quality Control",On-site,Full Time,Experienced,Confidential,29 days ago
Backend Node js Developer,Objects -,"Alexandria, Egypt ","Computer Science, Information Technology (IT), Node.js, Software Development, Software Engineering, Computer Engineering, JavaScript, NestJS",Hybrid,Full Time,Experienced,Confidential,29 days ago
Ecosystem & Business Development Manager,Nile University -,"Giza, Egypt ","Business Development, Development, Partnerships, Fundraising, Communication",On-site,Full Time,Manager,Confidential,29 days ago
Projects Manager Engineer,Mena Tradex -,"Heliopolis, Cairo, Egypt ","Mechanical Engineering, Engineering, Project Management, Projects, Communication, Computer Science, Construction, Design, Information Technology (IT)",Hybrid,Full Time,Experienced,Confidential,29 days ago
Medical Representative,Macro Group -,"Nasr City, Cairo, Egypt ","Pharmacy, Chemistry, Medical, Pharma, Sales, Science, Communication",On-site,Full Time,Entry Level,Confidential,29 days ago
Project Engineer,Energya power and telecom solutions Elsewedy Helal -,"Cairo, Egypt ","Engineering, Project",On-site,Full Time,Manager,Confidential,29 days ago
Electrical Site Manager,Energya power and telecom solutions Elsewedy Helal -,"Cairo, Egypt ","Electrical Engineering, Engineering",On-site,Full Time,Manager,Confidential,29 days ago
Substation Project Manager,Energya power and telecom solutions Elsewedy Helal -,"Cairo, Egypt ","Project, Project Management, Substation",On-site,Full Time,Manager,Confidential,29 days ago
B2B Sales Representative,Kemet for trading LTD -,"Cairo, Egypt ","Account Management, B2B, Communication, CRM, Customer Care, Customer Service, Marketing",Remote,Full Time,Experienced,Confidential,29 days ago
Sales Representative,B. G. Karim for Medical Supplies  -,"Cairo, Egypt ","Sales, Customer Service, Communication, Negotiation, Product, Sales Target, Training",On-site,Full Time,Entry Level,Confidential,29 days ago
Medical Sales Representative,B. G. Karim for Medical Supplies  -,"Cairo, Egypt ","Customer Service, Medical, Medical Sales, Sales, Negotiation, Pharmacy, Sales Target, Veterinary",On-site,Full Time,Entry Level,Confidential,29 days ago
Export Sales Specialist,Zohour for exporting agricultural crops -,"Smouha, Alexandria, Egypt ","Marketing, Sales, Export Sales, Export, Sales Target, International Trade, Logistics",On-site,Full Time,Entry Level,Confidential,29 days ago
Demand Planning Manager,Alarabia Group -,"Cairo, Egypt ","Demand Planning, Planning, Inventory Management, forcasting, Marketing, Business Administration, Business Planning, Engineering",On-site,Full Time,Manager,Confidential,29 days ago
Internal Audit Manager,El Banna Group Company -,"10th of Ramadan City, Sharqia, Egypt ","Auditing, Financial Analysis, Finance, Accounting, Administration, Business Administration, CIA",On-site,Full Time,Manager,Confidential,29 days ago
Key Account Manager / Account Manager (B2B ),Confidential -,"6th of October, Giza, Egypt ","Customer Service, Communication, Business Administration, Sales, Sales Target, CRM System, B2B Relationship",On-site,Full Time,Experienced,Confidential,29 days ago
Indoor Sales Representatives Or Outdoor Sales,ELZAGHAL co   -,"Shubra, Cairo, Egypt ","Sales Negotiation, Customer Relationship Management, Teamwork, CRM Software Proficiency, Automotive Spare Parts, Automotive Sales, Cars Sales, Spare Parts, Spare Parts Sales",On-site,Full Time,Experienced,Confidential,29 days ago
Warehouse Manager,ELZAGHAL co   -,"Shubra, Cairo, Egypt ","Logistics Management, Supply Chain Optimization, Warehousing Operations, Inventory Control, Team Leadership, Operations Management, Procurement",On-site,Full Time,Experienced,Confidential,29 days ago
Offline English Instructor,Berlitz Egypt -,"6th of October, Giza, Egypt ","English Language, Languages, Linguistics, Translation, Training, Teaching, Education, Communication Skills",On-site,Part Time,Entry Level,Confidential,29 days ago
Travel Advisor,LDC Travel -,"Cairo, Egypt ","Sales, Travel, Customer Service, Sales Operations, Communication, Customer Care, Booking, Customer Support, Ticketing",Hybrid,Full Time,Entry Level,Confidential,29 days ago
Infrastructure Design Engineer,Cred Developments -,"New Cairo, Cairo, Egypt ","Design, Engineering, Infrastructure Design, AutoCAD, Civil Engineering, Communication, Computer Science, Information Technology (IT)",On-site,Full Time,Experienced,Confidential,29 days ago
Key Account Manager – General Trade (GT/IR) Sector – Upper Egypt,RUSHBRUSH INC -,"Assiut, Egypt ","Sales representative, Communication, Sales Target, Sales, negotiation skills, English, Microsoft Office, Negotiation, sales skills",On-site,Full Time,Experienced,Confidential,29 days ago
Senior HR Generalist,Dakahlia Group -,"10th of Ramadan City, Sharqia, Egypt ","HR, Human Resources (HR), Personnel, Recruitment",On-site,Full Time,Experienced,Confidential,29 days ago
Senior Chemical Sales Specialist – Alexandria Based,Horizon Chemical for Special Chemicals  -,"Stanley, Alexandria, Egypt ","Raw Materials, Sales, Chemistry, Chemical Engineering, raw material, industrial raw materials, factories, Outdoor Sales",On-site,Full Time,Experienced,Confidential,29 days ago
Human Resource Business Partner,Dakahlia Group -,"Nasr City, Cairo, Egypt ","Human Resources (HR), Business Administration, Talent management, HR, Communication, Development, Management, Microsoft Office, Recruitment",On-site,Full Time,Manager,Confidential,29 days ago
HR Dentist Partner,Shiny White Dental Center  -,"Cairo, Egypt ","Business Administration, Human Resources (HR), Recruitment, HR, Time Scheduling, Training Management, onboarding",On-site,Full Time,Experienced,Confidential,29 days ago
English Customer Support Representative/Technical Support,Etisal International -,"Cairo, Egypt ","Customer Support, Technical Support, Technical Assistance, Problem Solving, Troubleshooting, Client Satisfaction, Communication Skills, Outsourcing Industry, Ticketing System",On-site,Full Time,Entry Level,Confidential,29 days ago
Sales Representative supplies,Cairoscan -,"Assiut, Egypt ","Biomedical Engineering, Sales Strategy, Sales Target Achievement, Technical Sales, Medical Device Sales, Client Relationship Management, Product Demonstrations",On-site,Full Time,Experienced,Confidential,29 days ago
senior property consultant,Afnan Developments  -,"Sheikh Zayed, Giza, Egypt ","Real Estate, Property, Sales Target, Sales, Negotiation, Client Relationship Management, Market Analysis, Communication, Lead Generation",Hybrid,Full Time,Experienced,Confidential,29 days ago
Talent Acquisition Manager,Alarabia Group -,"10th of Ramadan City, Cairo, Egypt ","Sourcing, Interviewing, Recruitment, Talent acquisition, Administration, Business Administration, Human Resources, Human Resources (HR), Leadership",On-site,Full Time,Manager,Confidential,29 days ago
Tendering and Procurement Engineer,LVLS Construction Company -,"Sheikh Zayed, Giza, Egypt ","Procurement, Contract Engineering, Architecture, Purchasing, TO, Architecture Engineering, Subcontractor management, Contract Negotiation, Interior Finishing",On-site,Full Time,Experienced,Confidential,29 days ago
Architect,Fusion Form -,"Maadi, Cairo, Egypt ","Architecture, Engineering, Revit, AutoCAD, Adobe Photoshop",On-site,Full Time,Experienced,Confidential,29 days ago
Activity Manager,Canadian International School -,"New Cairo, Cairo, Egypt ","Business Administration, Admin, Marketing, Students Trips, Students Activites, Administration, Project Management",On-site,Full Time,Manager,Confidential,29 days ago
Group HR Manager,Zinox&Master -,"Obour City, Cairo, Egypt ","Human Resources (HR), HR Budgeting, Compensation & Benefits, Performance Management System (PMS), Organizational Development (OD), Learning & Development (L&D), Succession Planning, Talent Acquisition & Recruitment, Strategic Human Resources Management",On-site,Full Time,Manager,Confidential,29 days ago
Office Manager,Confidential -,"Maadi, Cairo, Egypt ","Administration, Secretary, receptionist, Office management, Communication",On-site,Full Time,Entry Level,Confidential,29 days ago
Purchasing manager,Main Marks -,"New Cairo, Cairo, Egypt ","Procurement, Purchasing, Vendor Management, Negotiation, Supply Chain Management, Inventory Management, Contract Management, Strategic Sourcing, Cost Reduction",On-site,Full Time,Manager,Confidential,29 days ago
Executive Shadow to CEO,inSylos LLC -,"Cairo, Egypt ","Microsoft Office, Google Workspace, Claude, ChatGPT, Calendly, Administration, Communication, Office management",Hybrid,Full Time,Entry Level,Confidential,29 days ago
Technical Office Engineer - Aluminum Works,Metalo -,"Abu Rawash, Giza, Egypt ","2D, Design, Engineering, Architecture, Shop Drawings, MS Office, Estimation, Applied Arts",On-site,Full Time,Experienced,Confidential,29 days ago
Graphic Designer,Caldo e. Freddo -,"Haram, Giza, Egypt ","Adobe Illustrator, Adobe Photoshop, Graphic Design, Design, Branding, Typography, Layout Design, Visual Communication, Creativity",On-site,Full Time,Experienced,Confidential,29 days ago
Business Development Specialist,OPPO Egypt  -,"Nasr City, Cairo, Egypt ","Business Development, Communication Skills, Market Research, Construction, Market Analysis, Sales, Sales Skills, Sales Target",On-site,Full Time,Experienced,Confidential,29 days ago
Export Manager (IQF – Frozen Fruits & Vegetables),Confidential -,"10th of Ramadan City, Sharqia, Egypt ","Export, Logistics, Sales, Supply Chain, Agriculture, Business Development, Communication",On-site,Full Time,Manager,Confidential,29 days ago
Logistics Manager (Export Background),Confidential -,"10th of Ramadan City, Sharqia, Egypt ","Export, Logistics, Supply Chain, Management, Administration, Business Administration, Purchasing",On-site,Full Time,Manager,Confidential,29 days ago
Mid-level Manual QA Engineer,Vertex Technologies  -,"Cairo, Egypt ","Manual Testing, Test Case Design, Bug Tracking, Regression Testing, Functional Testing, Analytical Skills, Problem-Solving, Communication",On-site,Full Time,Experienced,Confidential,29 days ago
Junior Manual QA Engineer,Vertex Technologies  -,"Cairo, Egypt ","Manual Testing, Bug Tracking, Regression Testing, Analytical Thinking, Attention to Detail, SDLC Knowledge, Communication, Teamwork",On-site,Full Time,Entry Level,Confidential,29 days ago
Weighing Section Head,Confidential -,"6th of October, Giza, Egypt ","Management, Microsoft Office",On-site,Full Time,Manager,Confidential,29 days ago
Export Manager – Citrus Concentrates,Soudanco  -,"Manakh, Port Said, Egypt ","Communication, Logistics, Export, Sales, Business Development, Agriculture Engineering, Food & Beverage",On-site,Full Time,Manager,Confidential,29 days ago
Senior Litigation Legal Specialist,Tank -,"New Nozha, Cairo, Egypt ","Litigation, Administration, permits, certifications, governmental authorities",On-site,Full Time,Experienced,Confidential,29 days ago
Tax Assistant Manager,Tank -,"New Nozha, Cairo, Egypt ","Accounting, Finance, Compliance, Tax, ERP, Microsoft Excel",On-site,Full Time,Manager,Confidential,29 days ago
Head of Account Management,Confidential -,"Sheraton, Cairo, Egypt ","Management, Account Management, Customer Service, Sales Target, Operations Management, CRM, Customer Relations",On-site,Full Time,Manager,Confidential,29 days ago
Software Sales Specialist,Simple Touch Software -,"Maadi, Cairo, Egypt ","Sales, CRM, sales skills, Business Development, software, Communication, ERP, Customer Service",Hybrid,Full Time,Experienced,Confidential,29 days ago
Electrical Light Current Sales Manager,Confidential -,"Giza, Giza, Egypt ","Engineering, Electrical Engineering, Communication skills, sales skills, Sales, Communication, Sales Target",On-site,Full Time,Manager,Confidential,29 days ago
Infrastructure Engineer,Link International -,"Hurghada, Red Sea, Egypt ","Engineering, Infrastructure Engineering, Mechanical Engineering, Electrical Engineering, Project Management, AutoCAD, Revit, HVAC Systems, Plumbing Systems",On-site,Full Time,Experienced,Confidential,29 days ago
Office Manager,Confidential -,"6th of October, Giza, Egypt ","Administration, MS Office, Planning, Microsoft Office",On-site,Full Time,Manager,Confidential,29 days ago
Accountant,British University of Egypt -,"Shorouk City, Cairo, Egypt ","Accounting, Accounts Receivable, Finance",On-site,Full Time,Entry Level,Confidential,29 days ago
Recruitment Coordinator,Arab Food  -,"Giza, Giza, Egypt ","talent aquistision, HR, In-House Recruiter  Talent Acquisition Specialist, Hiring Specialist, F&B Recruiter",On-site,Full Time,Experienced,Confidential,29 days ago
Call Center Manager,Etisalat Egypt -,"Cairo, Egypt ","Call Center, Customer Support, Reporting Analysis, KPI Management, Customer Service Managment",On-site,Full Time,Manager,Confidential,30 days ago
Industrial Sales Engineer - Conveyor Systems,ALSAKR for Trading and Manufacturing of Machinery and Equipments -,"10th of Ramadan City, Sharqia, Egypt ","Engineering, Sales, Industrial Sales, Sales Target, Systems, Management, CRM, Mechatronics",On-site,Full Time,Experienced,Confidential,30 days ago
Furniture Showroom Sales,Manzzeli.com  -,"Nasr City, Cairo, Egypt ","Retail, Sales, Sales Target, B2B Sales, B2B, Corporate Sales, CRM, Microsoft Office, Client Relationship",On-site,Full Time,Entry Level,Confidential,30 days ago
MTS Enterprise Annual Bootcamp 2026 - Quality Control,MTS-IT -,"Maadi, Cairo, Egypt ","Software Testing Life Cycle, API Testing",On-site,Internship,Entry Level,Confidential,30 days ago
MTS Enterprise Annual Bootcamp Software Development,MTS-IT -,"Maadi, Cairo, Egypt ","Software Development, Java Software Development",On-site,Internship,Entry Level,Confidential,30 days ago
Sales Manager,Confidential -,"Cairo, Egypt ","Indoor Sales, Sales, Communication, Fashion, Leadership, Negotiation, Retail, Sales Target",On-site,Full Time,Experienced,Confidential,30 days ago
Operations & Pricing Executive – Freight Forwarding,Confidential -,"Cairo, Egypt ","Key Skills & Competencies  • Logistics and transportation operations management • Route planning and fleet coordination • Shipment tracking and delivery management • Vendor and subcontractor management • Customer service and client relationship management, Customer Service, Logistics, Freight Forwarding, Pricing, Supply Chain",Hybrid,Full Time,Experienced,Confidential,30 days ago
Finance Manager,Semak -,"Dokki, Giza, Egypt ","Accounting, Finance, Financial Analysis, Financial Management, Budgeting, CMA, ERP",On-site,Full Time,Manager,Confidential,30 days ago
Video Editor & Motion Graphics,Xontel -,"Alexandria, Egypt ","Motion Graphics, Video Editing, Motion, Adobe Photoshop, Graphic Design, illustrator, Premiere",On-site,Full Time,Entry Level,Confidential,30 days ago
Commercial Sales Manager,United Elite Company      -,"Cairo, Egypt ","Commercial Sales, Sales, Sales Target, Administration, Business Administration, Business Development, Communication",Remote,Full Time,Manager,Confidential,30 days ago
Remote Tele sales Representative,United Elite Company      -,"Cairo, Egypt ","Sales, Customer Support, Customer Service, Communication, Negotiation, Telesales",Remote,Full Time,Experienced,Confidential,30 days ago
MTS Enterprise Annual Bootcamp 2026 - Quality Control,MTS-IT -,"Maadi, Cairo, Egypt ","Software Testing Life Cycle, API Testing",On-site,Internship,Entry Level,Confidential,30 days ago
MTS Enterprise Annual Bootcamp Software Development,MTS-IT -,"Maadi, Cairo, Egypt ","Software Development, Java Software Development",On-site,Internship,Entry Level,Confidential,30 days ago
Sales Manager,Confidential -,"Cairo, Egypt ","Indoor Sales, Sales, Communication, Fashion, Leadership, Negotiation, Retail, Sales Target",On-site,Full Time,Experienced,Confidential,30 days ago
Operations & Pricing Executive – Freight Forwarding,Confidential -,"Cairo, Egypt ","Key Skills & Competencies  • Logistics and transportation operations management • Route planning and fleet coordination • Shipment tracking and delivery management • Vendor and subcontractor management • Customer service and client relationship management, Customer Service, Logistics, Freight Forwarding, Pricing, Supply Chain",Hybrid,Full Time,Experienced,Confidential,30 days ago
Finance Manager,Semak -,"Dokki, Giza, Egypt ","Accounting, Finance, Financial Analysis, Financial Management, Budgeting, CMA, ERP",On-site,Full Time,Manager,Confidential,30 days ago
Video Editor & Motion Graphics,Xontel -,"Alexandria, Egypt ","Motion Graphics, Video Editing, Motion, Adobe Photoshop, Graphic Design, illustrator, Premiere",On-site,Full Time,Entry Level,Confidential,30 days ago
Commercial Sales Manager,United Elite Company      -,"Cairo, Egypt ","Commercial Sales, Sales, Sales Target, Administration, Business Administration, Business Development, Communication",Remote,Full Time,Manager,Confidential,30 days ago
Remote Tele sales Representative,United Elite Company      -,"Cairo, Egypt ","Sales, Customer Support, Customer Service, Communication, Negotiation, Telesales",Remote,Full Time,Experienced,Confidential,30 days ago
HR Assistant,Billqode -,"Sheraton, Cairo, Egypt ","Administration, Human Resources (HR), Microsoft Office, Office Management, Recruitment Support, Onboarding, Data Entry",On-site,Internship,Entry Level,Confidential,30 days ago
Cost Engineer,RISEUP (Endemag for Administrative Skills Development) -,"Maadi, Cairo, Egypt ","Cost Management, Budgeting, Financial Analysis, Cost Estimation, Project Management, Analytical Thinking, Reporting",Hybrid,Full Time,Experienced,Confidential,30 days ago
Customer Service Clerk,Caldo e. Freddo -,"Haram, Giza, Egypt ","Sales, Customer Support, Customer Care, Communication, Problem-Solving, Active Listening, Conflict Resolution, CRM Software, Time Management",On-site,Full Time,Experienced,Confidential,30 days ago
Senior UX-UI Product Designer,Aptivamena Tech -,"Cairo, Egypt ","UI/UX, Information Technology (IT), UI, UX, Figma, Computer Science, CSS, Design",On-site,Full Time,Experienced,Confidential,30 days ago
Networks & IT Technical Trainer,GB Corp -,"15th May City, Cairo, Egypt ","Networks, Computer Science, Technical Support, Networking, Cisco, Training, Information Technology (IT)",On-site,Full Time,Entry Level,Confidential,30 days ago
Customer Service Administrator,ElTarek Group -,"Alibrahimiyyah, Alexandria, Egypt ","Business Development, E-Marketing, Social Media, Customer Service, CRM, Communication, Management",On-site,Full Time,Experienced,Confidential,30 days ago
Senior HR Business Partner,Confidential -,"Sheraton, Cairo, Egypt ","Business Administration, Human Resources (HR), Recruitment, Microsoft Office, Talent Acquisition, Talent Management, Information Technology (IT)",On-site,Full Time,Experienced,Confidential,30 days ago
Business Developer - Sales,Zain -,"Maadi, Cairo, Egypt ","Sales Field, Business Development, Sales, Sales Target, Software Development, Outdoor Sales, Client Relationship Management, Negotiation",On-site,Full Time,Entry Level,Confidential,30 days ago
Senior Marketing Manager,Twindix Global Inc. -,"Cairo, Egypt ","Marketing strategy, Organic social media, Viral content, Short-form video, Concentration, TikTok marketing, Instagram reels, YouTube shorts, Social media growth",Remote,Full Time,Senior Management,Confidential,30 days ago
Workforce & Planning Specialist,Etisalat Egypt -,"Cairo, Egypt ","workforce, Planning, resource planning, Data Analysis, Reporting, performance analysis, Scheduling, proplem solving, Forecasting",On-site,Full Time,Experienced,Confidential,30 days ago
محاسب,شركة أون تايم للخدمات اللوجستية -,"Beni Suef, Egypt ","المحاسبة, Microsoft Excel, البرامج المحاسبية",On-site,Full Time,Experienced,Confidential,30 days ago
Senior Graphic Designer,Confidential -,"Alexandria, Egypt ","Adobe illustrator, Design, Graphic Design, Adobe Photoshop",On-site,Full Time,Experienced,Confidential,30 days ago
Oracle Developer,El Mohandess Print House -,"10th of Ramadan City, Sharqia, Egypt ","Oracle PL/SQL, Database Design, Data Modeling, Problem Solving, Oracle Reports, Oracle Forms",On-site,Full Time,Entry Level,Confidential,30 days ago
Sales Engineer - Wiring Devices,SAS For Electrical Industries Company   -,"Cairo, Egypt ","Customer Service, Sales Target Achievement, Sales Strategy, Product Knowledge (Wiring Devices), Client Relationship Management, Negotiation, Communication Skills",Hybrid,Full Time,Entry Level,Confidential,30 days ago
HR Supervisor,Istinara  -,"Cairo, Egypt ","Human Resources (HR), Personnel, Microsoft Office, Recruitment, HR Policies, HR Systems, Leadership",On-site,Full Time,Experienced,Confidential,30 days ago
IT Specialist,ADCONS -,"Cairo, Egypt ","Computer Science, Customer Service, Information Technology (IT), Network, Network Administration, Technical Support, Troubleshooting, System Troubleshooting, Hardware Installation",On-site,Full Time,Entry Level,Confidential,30 days ago
Java Developer,Afaqy -,"Maadi, Cairo, Egypt ","Java SE, Computer Science, Computer Engineering, Information Technology (IT), Java EE, Socket Programming, Spring Framework, Maven",Hybrid,Full Time,Experienced,Confidential,30 days ago
Senior Graphic Designer,Majestic Pharmaceuticals -,"New Cairo, Cairo, Egypt ","Adobe illustrator, Adobe Photoshop, Graphic Design, Design, Adobe Illustrator, Branding, Typography, Layout Design",On-site,Full Time,Experienced,Confidential,30 days ago
Head Chef | Fine Dining | Libya,Alrafahiya -,"Cairo, Egypt ","Team Leadership, Hospitality, Hospitality Management, English Fluency, Communication, International Cuisine, Kitchen Management, Guest Experience, Cooking",On-site,Full Time,Manager,Confidential,30 days ago
Sales Representative,Nile Tex for Trading and marketing -,"Sheraton, Cairo, Egypt ","Sales, Sales Target, Customer Service, Spare Parts",On-site,Full Time,Entry Level,Confidential,30 days ago
B2B Sales Manager– Industrial,Arma-HSA -,"New Cairo, Cairo, Egypt ","B2B, B2B Sales, Sales, Communication, Negotiation, Sales Target",On-site,Full Time,Manager,Confidential,30 days ago
Senior Treasury Accountant,Amreyah Cement -,"Nasr City, Cairo, Egypt ","Treasury, Treasury Accounting, Treasury Management, Certified Treasury Professional, Communication, ERP, Information Technology (IT), Leadership, Management",On-site,Full Time,Experienced,Confidential,30 days ago
Senior mechanical design engineer - Electrical panels,ElectraTec for Electric Industries  -,"10th of Ramadan City, Cairo, Egypt ","Mechanical Design, Sheet Metal",On-site,Full Time,Experienced,Confidential,30 days ago
Project Accountant,Concrete Plus -,"New Cairo, Cairo, Egypt ","Accounting, Finance, Microsoft Excel, Financial, Financial Analysis, Financial Management, ERP, Financial Reporting, Reporting",On-site,Full Time,Experienced,Confidential,30 days ago
Area Sales Manager - Wiring devices,SAS For Electrical Industries Company   -,"Cairo, Egypt ","Business Development, CRM, Customer Service, Management, Negotiation, Sales, Sales Target",Hybrid,Full Time,Manager,Confidential,30 days ago
Math Teacher,AlAlson Azhari Language Schools -,"Giza, Egypt ","Education, Math, Mathematics, Teaching",On-site,Full Time,Entry Level,Confidential,30 days ago
Senior Accountant,Filkhedma -,"Cairo, Egypt ","Accounting, Finance, Financial Analysis, Financial Management",On-site,Full Time,Experienced,Confidential,30 days ago
Procurement Engineer,TEPCO S.A.E. -,"Obour City, Cairo, Egypt ","Engineering, ERP, Logistics, Procurement, Purchasing, SAP, Supply Chain, Shipping, Manufacturing",On-site,Full Time,Experienced,Confidential,30 days ago
Interior Designer,ElSafwa for Construction and Touristic Development  -,"New Cairo, Cairo, Egypt ","AutoCAD, Design, Interior Design, Furniture Design, interior designer 3dsMax Lumion Modeling render Revit Software vray",On-site,Full Time,Experienced,Confidential,30 days ago
Marketing Manager,Confidential -,"10th of Ramadan City, Sharqia, Egypt ","Advertising, Digital Marketing, Market Research, Social Media, Marketing, Communication, Sales",On-site,Full Time,Senior Management,Confidential,30 days ago
Supply Chain Manager,Joy Glass -,"6th of October, Giza, Egypt ","Purchasing, Supply Chain, Supply, Procurement, Planning, Management, Logistics",On-site,Full Time,Manager,Confidential,30 days ago
Export Supply Chain Manager,Confidential -,"10th of Ramadan City, Sharqia, Egypt ","Supply Chain, Supply, Purchasing, Logistics, Export, ERP, Management",On-site,Full Time,Manager,Confidential,30 days ago
Site Technical Office Section Head,DME Holding -,"6th of October, Giza, Egypt ","Engineering, Technical Office, AutoCAD, Construction, Architecture, Civil Engineering, Management, Microsoft Office, Quantity Surveying",On-site,Full Time,Manager,Confidential,30 days ago
Senior BIM Mechanical Engineer,ARX Developments  -,"Cairo, Egypt ","AutoCAD, Design, BIM, Engineering, Mechanical, Mechanical Engineering, Revit, Electrical Engineering",On-site,Full Time,Experienced,Confidential,30 days ago
Payroll Specialist,EGO - Group -,"Heliopolis, Cairo, Egypt ","Human Resources (HR), Personnel, Payroll",On-site,Full Time,Experienced,Confidential,30 days ago
Sales Engineer-Instrumentation,RMS -,"Mohandessin, Giza, Egypt ","Engineering, Sales Target, Sales",On-site,Full Time,Experienced,Confidential,30 days ago
HR Administrative Assistant,Dora Management Solutions -,"Sheraton, Cairo, Egypt ","Administration, Microsoft Office, Office management, HR, Excel, PowerPoint, Word, Data Entry",On-site,Full Time,Entry Level,Confidential,30 days ago
Receptionist,Petrogina Trading -,"Giza, Egypt ","Administration, Receptionist, Customer Service, Communication Skills, Organizational Skills, Time Management, Microsoft Office Suite, Problem-Solving, Interpersonal Skills",On-site,Full Time,Experienced,Confidential,30 days ago
ERP Specialist,Confidential -,"Abu Rawash, Giza, Egypt ","ERP, Computer Science, Information Technology (IT), ERP Software, Software Development",Hybrid,Part Time,Manager,Confidential,30 days ago
senior export sales specialist,Nature's Rule Egypt LLC  -,"New Cairo, Cairo, Egypt ","Export, Export Sales, Logistics, Sales, Sales Target, International Trade, Customer Relationship Management",On-site,Full Time,Experienced,Confidential,30 days ago
Student Life Specialist,Nile University -,"Sheikh Zayed, Giza, Egypt ","Administration, Student Affairs, Student Activities",On-site,Full Time,Experienced,Confidential,30 days ago
communication coordinator ( Marketing department),KTS International    -,"New Nozha, Cairo, Egypt ","Public Relations (PR), Communication, Marketing",On-site,Full Time,Entry Level,Confidential,30 days ago
Unit Distribution Manager (Quena),Arma-HSA -,"Nagaa Hammadi, Qena, Egypt ","Identifying and evaluating opportunities, Problem-solving, commitment, Sales, Sales Field, Sales Target, Sales Planning, Sales Management",On-site,Full Time,Manager,Confidential,30 days ago
Senior Sales Consultant,Design2Key -,"Cairo, Egypt ","Real Estate, Sales, Sales Target, Communication, Selling",On-site,Full Time,Experienced,Confidential,30 days ago
Senior Tour Operator - Inbound Department,TRAVCO GROUP -,"Sheikh Zayed, Giza, Egypt ","Tour, Tourism, Travel, Customer Service, Customer Support",On-site,Full Time,Experienced,Confidential,30 days ago
Interior Design Engineer,Hadecon for Decoration -,"Nozha, Cairo, Egypt ","Interior Design, Architectural Design, Architecture Design, Computer Science, Design, Drawing, Engineering, Information Technology (IT)",On-site,Full Time,Experienced,Confidential,30 days ago
Medical Sales Representative - Maadi,Orthomedics -,"Maadi, Cairo, Egypt ","Medical, Medical Sales, Sales, Sales Target, Medical Devices Sales, Outdoor Sales, Veterinary Medicine",On-site,Part Time,Entry Level,Confidential,30 days ago
Storekeeper,Orthomedics -,"Heliopolis, Cairo, Egypt ","Supply Chain, Storekeeping, Logistics, Documentation, Management, Warehouse Management, Warehousing",On-site,Full Time,Entry Level,Confidential,30 days ago
Senior Internal Auditor,Kreston -,"Cairo, Egypt ","Accounting, Auditing, Business Administration, Finance, Financial Analysis, Risk Management, CIA",On-site,Full Time,Experienced,Confidential,30 days ago
Senior Backend Engineer (Node.js / NestJS / TypeScript),tech technology  -,"Cairo, Egypt ","Node.js, Software Development, Software Engineering, Typescript, Nest, Architecture, AWS, Computer Science",Remote,Full Time,Experienced,Confidential,1 month ago
Senior Logistic Specialist,Turbo Compression -,"Heliopolis, Cairo, Egypt ","Supply Chain Optimization, Logistics Management, Vendor Management, Problem Solving, Team Leadership, Process Improvement, ERP and Logistics Software, Negotiation",On-site,Full Time,Experienced,Confidential,1 month ago
"HR Specialist (Recruitment, Personnel & Payroll)",Confidential -,"Cairo, Egypt ","HR, HR Specialist, Human Resources (HR), Microsoft Office, Payroll, Personnel, Recruitment, Talent acquisition, HR Systems",On-site,Full Time,Experienced,Confidential,1 month ago
Sales & PR Representative,Confidential -,"Cairo, Egypt ","Customer Service, Sales Target, Sales, PR",On-site,Full Time,Entry Level,Confidential,1 month ago
Experienced Manufacturing Engineer,Confidential -,"Alexandria, Egypt ","Engineering, Mechanical Engineering, Production, Manufacturing, Process Optimization, Lean Manufacturing, Quality Control",On-site,Full Time,Experienced,Confidential,1 month ago
Senior Cost Accountant,Kandil Glass -,"10th of Ramadan City, Cairo, Egypt ","Business Analysis, Finance Analysis, Accounting, Cost Accounting, Cost Analysis, Cost, Finance, analytical",On-site,Full Time,Experienced,Confidential,1 month ago
HR Business Partner,Confidential -,"6th of October, Giza, Egypt ","Human Resources (HR), Recruitment",On-site,Full Time,Experienced,Confidential,1 month ago
HR Business Partner (Located in Damietta),Confidential -,"New Damietta, Damietta, Egypt ","Human Resources (HR), Recruitment",On-site,Full Time,Experienced,Confidential,1 month ago
Insurance Account Executive,Partner & More -,"Heliopolis, Cairo, Egypt ","Customer Support, Customer Service, Medical Insurance, Communication",On-site,Full Time,Entry Level,Confidential,1 month ago
HR Manager,Gazala Steel Fabrication GSF -,"New Cairo, Cairo, Egypt ","Human Resources (HR), Recruitment",On-site,Full Time,Manager,Confidential,1 month ago
Group Talent Acquistion Manager,Gazala Steel Fabrication GSF -,"New Cairo, Cairo, Egypt ","Talent management, Recruitment, Mass hire",On-site,Full Time,Manager,Confidential,1 month ago
Mechanical Technical Office Engineer,High Art -,"Sheraton, Cairo, Egypt ","Mechanical Engineering, Mechanical, Plumbing, AutoCAD, Construction, Design, Maintenance, Technical Office",On-site,Full Time,Experienced,Confidential,1 month ago
Dental Sales & Service Engineer (Imaging & CAD/CAM),Confidential -,"Nasr City, Cairo, Egypt ","CAM, Engineering, Sales, dental, Digital Imaging, Medical Engineering, Medical Sales",On-site,Full Time,Entry Level,Confidential,1 month ago
Export Sales Executive,Confidential -,"Smouha, Alexandria, Egypt ","Export, Export Sales, Sales",On-site,Full Time,Experienced,Confidential,1 month ago
Business Development Manager,MHI for Trading & Contracting -,"New Cairo, Cairo, Egypt ","Business Development, Marketing, Sales",On-site,Full Time,Manager,Confidential,1 month ago
Civil Procurement Engineer,Sinoma-cdi -,"New Cairo, Cairo, Egypt ","Civil Engineering, Procurement, Purchasing, Supply Chain, Civil, Engineering, English, Architecture",On-site,Full Time,Entry Level,Confidential,1 month ago
AI-Enhanced Full Stack Developer,Zyntra Digital  -,"Hadayek Alahram, Giza, Egypt ","AI, Computer Science, Information Technology (IT), JavaScript, Software Development, CSS, Engineering, HTML5",On-site,Full Time,Entry Level,Confidential,1 month ago
Marketing Manager – E-Commerce & Growth,El Tawheed We El Noor - التوحيد والنور  -,"Mohandessin, Giza, Egypt ","E-Commerce, E-Marketing, Marketing",On-site,Full Time,Manager,Confidential,1 month ago
SAP ERP Section Head,Confidential -,"New Cairo, Cairo, Egypt ","Enterprise Resource Planning, ERP, SAP, Project Management, ERP Implementation, Information Technology (IT)",On-site,Full Time,Senior Management,Confidential,1 month ago
Information Systems Department Manager,Confidential -,"New Cairo, Cairo, Egypt ","Information Systems, Computer Science, Project Management",On-site,Full Time,Senior Management,Confidential,1 month ago
Senior Mechanical Engineer,BARRIER21 -,"New Cairo, Cairo, Egypt ","Engineering, Mechanical Engineering, CAD Software, FEA Analysis, Prototyping, Design Optimization, Project Management, Problem-solving, Technical Documentation",On-site,Full Time,Experienced,Confidential,1 month ago
General Accountant,Confidential -,"Nasr City, Cairo, Egypt ","Accounting, Finance, Accounting Software, Financial Analysis, Financial Management, IFRS",On-site,Full Time,Experienced,Confidential,1 month ago
Logistics Coordinator,aDispatcher -,"6th of October, Giza, Egypt ","Customer Service, LimoAnywhere, Communication, Logistics, Microsoft Office, Supply Chain, Transportation",On-site,Full Time,Entry Level,Confidential,1 month ago
Technical Office Architect Engineer,Link International -,"Cairo, Egypt ","AutoCAD, CAD, Construction, Engineering, Technical Office, technical, Architectural Engineering, Architecture",On-site,Full Time,Experienced,Confidential,1 month ago
Senior Structure Technical Office,Link International -,"Hurghada, Red Sea, Egypt ","AutoCAD, Structure, Technical Office, Civil Engineering",On-site,Full Time,Manager,Confidential,1 month ago
Production Engineer,Confidential -,"Nasr City, Cairo, Egypt ","Engineering, Mechanical Engineering, Production, Manufacturing",On-site,Full Time,Experienced,Confidential,1 month ago
Call Center Agent (B1+ English Speakers) | New Account,Etisalat Egypt -,"New Nozha, Cairo, Egypt ","Call Center, Customer Care, Customer Service, Customer Support, English, Customer Relations, Custom Clearance, Customs Clearance, Customer Satisfaction",On-site,Full Time,Entry Level,Confidential,1 month ago
Production Manager —Agriculture Commodities (Dates & Healthy Snacks),Kerma Farms  -,"6th of October, Giza, Egypt ","Agriculture, Engineering, Production",On-site,Full Time,Manager,Confidential,1 month ago
Quality Assurance Analyst,Medexera  -,"New Cairo, Cairo, Egypt ","Quality Assurance, QA, Communication, Monitoring, Quality Control",On-site,Full Time,Experienced,Confidential,1 month ago
B2B Sales Executive – Industrial Solutions (Alexandria),Trust Engineering Company    -,"Cairo, Egypt ","B2B, B2B Sales, Sales, Sales Target, Communication, Negotiation, CRM",On-site,Full Time,Entry Level,Confidential,1 month ago
B2B Sales Executive – Industrial Solutions (Cairo),Trust Engineering Company    -,"Cairo, Egypt ","B2B, B2B Sales, Sales, Sales Target, Communication, CRM, Negotiation",On-site,Full Time,Entry Level,Confidential,1 month ago
Executive Assistant For CEO,Master Global  -,"Cairo, Egypt ","Administration, Management, Office management, Microsoft Office, Technical Assistance, Customer Support",On-site,Full Time,Experienced,Confidential,1 month ago
Product Specialist (Laboratory Medical Devices),ADI Egypt -,"Cairo, Egypt ","Product Management, Market Research, Cross-functional Collaboration, Data Analysis, Communication, Presentation Skills, Problem Solving, Customer Focus",On-site,Full Time,Experienced,Confidential,1 month ago
Head of Office Administration,Arkania -,"Mansoura, Dakahlia, Egypt ","Team Leadership, Budget Management, Office Administration, Problem Solving, Organizational Skills, Communication",On-site,Full Time,Manager,Confidential,1 month ago
Sales Manager – Automotive Business Operations (Sharm El Sheikh),Petro group Automotive -,"Sharm Alsheikh, South Sinai, Egypt ","Customer Service, Sales Target, Sales",On-site,Full Time,Manager,Confidential,1 month ago
Video Creator,Hook Solutions -,"Cairo, Egypt ","Video Editing, Video Montage, Video Production, Video Creation, Video Shooting, Videography",On-site,Full Time,Experienced,Confidential,1 month ago
Senior HR Generalist,Professional Service - Proserv -,"Dokki, Giza, Egypt ","HR, Human Resources (HR), Organization Development, Performance Management, KPI'S, Employee Relations, HRIS, Management, OD",On-site,Full Time,Experienced,Confidential,1 month ago
Finance & Insurance (F&I) Manager Automotive,Petro group Automotive -,"Moharam Bek, Alexandria, Egypt ","Finance, Financial Analysis, Sales, Accounting",On-site,Full Time,Manager,Confidential,1 month ago
Customer Service manager,eldawlia scan -,"Heliopolis, Cairo, Egypt ","Customer Service, Customer Support",On-site,Full Time,Manager,Confidential,1 month ago
Senior Coordinator,MCV - Obour -,"Obour City, Cairo, Egypt ","Administration, Coordination, Project Management, Microsoft Office, Engineering",On-site,Full Time,Experienced,Confidential,1 month ago
Backend Developer,Charisma Design -,"Nasr City, Cairo, Egypt ","Agile, Computer Science, API, Information Technology (IT), PHP, Laravel, Software Development",On-site,Full Time,Experienced,Confidential,1 month ago
Procurement & Sales Specialist,House Babylon -,"Cairo, Egypt ","Procurement, Sales Target, Sales, Purchasing, Negotiation, Fashion Retail, Fashion Sales",On-site,Full Time,Experienced,Confidential,1 month ago
Graphic Designer Intern,Autovroom -,"Obour City, Cairo, Egypt ","Creative, Premiere, Adobe illustrator, Adobe Photoshop, Adobe Premiere, Communication, Design, Graphic Design",Hybrid,Internship,Student,Confidential,1 month ago
Video Creator,Hook Solutions -,"Cairo, Egypt ","Video Editing, Video Montage, Video Production, Video Creation, Video Shooting, Videography",On-site,Full Time,Experienced,Confidential,1 month ago
Senior HR Generalist,Professional Service - Proserv -,"Dokki, Giza, Egypt ","HR, Human Resources (HR), Organization Development, Performance Management, KPI'S, Employee Relations, HRIS, Management, OD",On-site,Full Time,Experienced,Confidential,1 month ago
Finance & Insurance (F&I) Manager Automotive,Petro group Automotive -,"Moharam Bek, Alexandria, Egypt ","Finance, Financial Analysis, Sales, Accounting",On-site,Full Time,Manager,Confidential,1 month ago
Customer Service manager,eldawlia scan -,"Heliopolis, Cairo, Egypt ","Customer Service, Customer Support",On-site,Full Time,Manager,Confidential,1 month ago
Senior Coordinator,MCV - Obour -,"Obour City, Cairo, Egypt ","Administration, Coordination, Project Management, Microsoft Office, Engineering",On-site,Full Time,Experienced,Confidential,1 month ago
Backend Developer,Charisma Design -,"Nasr City, Cairo, Egypt ","Agile, Computer Science, API, Information Technology (IT), PHP, Laravel, Software Development",On-site,Full Time,Experienced,Confidential,1 month ago
Procurement & Sales Specialist,House Babylon -,"Cairo, Egypt ","Procurement, Sales Target, Sales, Purchasing, Negotiation, Fashion Retail, Fashion Sales",On-site,Full Time,Experienced,Confidential,1 month ago
Graphic Designer Intern,Autovroom -,"Obour City, Cairo, Egypt ","Creative, Premiere, Adobe illustrator, Adobe Photoshop, Adobe Premiere, Communication, Design, Graphic Design",Hybrid,Internship,Student,Confidential,1 month ago
Ocean Freight Commercial Specialist,First Global Logistics   -,"Sheraton, Cairo, Egypt ","Ocean Freight, Logistics, Supply Chain, Shipping, Commercial Sales, Pricing, Freight Forwarding",On-site,Full Time,Experienced,Confidential,1 month ago
Sales Representative – Alexandria,Petro group Automotive -,"Moharam Bek, Alexandria, Egypt ","Sales, Customer Care, Sales Target",On-site,Full Time,Experienced,Confidential,1 month ago
Senior Technical Office Architect,Confidential -,"Sheraton, Cairo, Egypt ","Architecture, Engineering, Technical Office, AutoCAD, BIM, Communication, Construction, Design",On-site,Full Time,Experienced,Confidential,1 month ago
Senior Technical Office Architect Engineer,EGYGAB Developments -,"Heliopolis, Cairo, Egypt ","Architectural Engineering, Technical Office, BIM, AutoCAD Software, BIM Modeling, Technical Office Engineering, BIM Software, Autodesk Revit",On-site,Full Time,Experienced,Confidential,1 month ago
Photographer & Videographer Intern,Autovroom -,"Obour City, Cairo, Egypt ","Photography, Videography, Adobe Premiere, Lighting, camera angles, camera operation, Creative, Premiere",Hybrid,Internship,Student,Confidential,1 month ago
Video Editor Intern,Autovroom -,"Obour City, Cairo, Egypt ","Adobe Photoshop, Adobe Premiere, Creative, Photography, Premiere, Video Editing, after effects, Motion Graphics",Hybrid,Internship,Student,Confidential,1 month ago
Talent Acquisition Supervisor,BDO Esnad -,"Mohandessin, Giza, Egypt ","Human Resources (HR), Interviewing, Recruitment, Talent acquisition, HR, HR Diploma, English, Communication",On-site,Full Time,Manager,Confidential,1 month ago
Mobile QA Engineer (Android & iOS – Native Applications),Madar Soft -,"Fleming, Alexandria, Egypt ","QA, API Testing, Computer Science, Test Cases, Functional Testing, ISTQB, OOP",Hybrid,Full Time,Entry Level,Confidential,1 month ago
Senior Marketing Specialist,Confidential -,"10th of Ramadan City, Cairo, Egypt ","E-Marketing, English, Social Media, Marketing, Communication, Public Relations (PR), Digital Marketing, Business Administration",On-site,Full Time,Experienced,Confidential,1 month ago
Senior Brand Manager (EVA Cosmetics),Akhnaton Trading and distribution - EVA Group Limted -,"Abdeen, Cairo, Egypt ","Brand Management, Marketing, FMCG, personal care, Brand",On-site,Full Time,Manager,Confidential,1 month ago
Sales Teamleader,Green island -,"New Cairo, Cairo, Egypt ","Real Estate, Sales Target, Sales, Sales Field, Outdoor Sales, Indoor Sales, Sales Planning",On-site,Full Time,Manager,Confidential,1 month ago
Treasury Accountant,Cairoscan -,"Dokki, Giza, Egypt ","Accounting, Finance, Treasury, Financial Analysis, Cash Management, Risk Management, Financial Reporting",On-site,Full Time,Experienced,Confidential,1 month ago
Design Engineer,Kandil Steel -,"10th of Ramadan City, Cairo, Egypt ","Design, Engineering",On-site,Full Time,Experienced,Confidential,1 month ago
Full-Stack Web Developer,Generator -,"Heliopolis, Cairo, Egypt ","PHP Web Development, Web, Web Development, PHP, Laravel, Git",On-site,Full Time,Experienced,Confidential,1 month ago
Last Mile Manager,Misr No Dust Service -,"Abu Rawash, Giza, Egypt ","Last Mile Delivery, Logistics Operations, Courier Management, Logistics, Startup, Supply Chain",On-site,Full Time,Manager,Confidential,1 month ago
Senior Account Manager,Generator -,"Heliopolis, Cairo, Egypt ","Customer Service, Marketing",On-site,Full Time,Experienced,Confidential,1 month ago
Creative Copywriter,Generator -,"Heliopolis, Cairo, Egypt ","Copywriting, Creative, ux writing, Branding, Writing, Marketing, Content Creation",On-site,Full Time,Experienced,Confidential,1 month ago
Contract Engineer,Hyundai Rotem -,"Cairo, Egypt ","Construction, Contracting, Engineering, Microsoft Office, Contract Management, Civil Engineering, FIDIC",On-site,Full Time,Experienced,Confidential,1 month ago
Science Teacher,Badr Tigers' Modern Language Schools -,"Hadayek October, Giza, Egypt ","Teaching, Chemistry, Science, Biology, Physics, Technology, Communication, Computer Science",On-site,Full Time,Experienced,Confidential,1 month ago
Senior Brand Manager,Confidential -,"Downtown, Cairo, Egypt ","Brand Marketing, Branding, Brand Management, Marketing, Strategic Planning, Market Research, Product Launch",On-site,Full Time,Experienced,Confidential,1 month ago
Math Teacher,Badr Tigers' Modern Language Schools -,"Hadayek October, Giza, Egypt ","Math, Mathematics, Teaching, Schools",On-site,Full Time,Experienced,Confidential,1 month ago
ASP.NET Developer (AI-Assisted Development),Roaya -,"Maadi, Cairo, Egypt ",".Net, AI, ASP, ASP.Net, Computer Science, Information Technology (IT), Development",On-site,Full Time,Experienced,Confidential,1 month ago
Personnel Specialist,National technology group -,"6th of October, Giza, Egypt ","Human Resources (HR), Personnel",On-site,Full Time,Entry Level,Confidential,1 month ago
Treasury Accountant,Petromin  -,"Maadi, Cairo, Egypt ","Financial Reporting, ERP Systems, Data Analysis, Attention to Detail, Problem Solving, Communication, IFRS, Finance, ERP",On-site,Full Time,Entry Level,Confidential,1 month ago
General Ledger & Taxation Accountant,Petromin  -,"Maadi, Cairo, Egypt ","Financial Reporting, ERP Systems, Data Analysis, Attention to Detail, Problem Solving, Communication, IFRS, Finance, ERP",On-site,Full Time,Entry Level,Confidential,1 month ago
Training Coordinator,SKILLFIELD -,"Cairo, Egypt ","Training Delivery, Coordination, Digital Marketing, Curriculum Development, Logistics Management, Communication Skills, Organizational Skills, Presentation Skills, Microsoft Office Suite",On-site,Full Time,Entry Level,Confidential,1 month ago
Sr.Full Stack Java Developer,Clinizone -,"Sheraton, Cairo, Egypt ","JWT/OAuth2, Java, Software Development, JavaScript, RESTful  APIs and, Microservices, FHIR, HL7, DICOM, CDA, and IHE Profiles., Maven/Gradle, and CI/CD tools, Angular",Remote,Full Time,Experienced,Confidential,1 month ago
Maintenance Manager (Oil & Gas),Oil & Gas Services (Free Zone) -,"Cairo, Egypt ","Preventive Maintenance, Maintenance Engineering, Commitment, problem-solving, communication skills, Maintenance Management, Communication",On-site,Full Time,Manager,Confidential,1 month ago
Rig Mechanic,Oil & Gas Services (Free Zone) -,"New Cairo, Cairo, Egypt ","Rig mechanical maintenance, Troubleshooting and diagnostics, Preventive maintenance, Team leadership, Technical documentation, Safety compliance, Equipment inspection",On-site,Full Time,Experienced,Confidential,1 month ago
Storekeeper / Warehouse Manager (Oil & Gas),Oil & Gas Services (Free Zone) -,"Obour City, Cairo, Egypt ","Organisation, Warehouse, Storkeeper, Storage, Logistics, Inventory Management, Procurement",On-site,Full Time,Manager,Confidential,1 month ago
Rig Instrumentation Engineer,Oil & Gas Services (Free Zone) -,"New Cairo, Cairo, Egypt ","Rig Instrumentation Maintenance, Instrumentation Engineering, Troubleshooting, Control Systems, Calibration, Technical Documentation, Team Collaboration",On-site,Full Time,Manager,Confidential,1 month ago
Product Development Lead,Elabd Foods -,"Cairo, Egypt ","Business Development, Development, Product, Product Development",On-site,Full Time,Manager,Confidential,1 month ago
General Ledger & Taxation Accountant,Petromin  -,"Maadi, Cairo, Egypt ","Financial Reporting, ERP Systems, Data Analysis, Attention to Detail, Problem Solving, Communication, IFRS, Finance, ERP",On-site,Full Time,Entry Level,Confidential,1 month ago
Training Coordinator,SKILLFIELD -,"Cairo, Egypt ","Training Delivery, Coordination, Digital Marketing, Curriculum Development, Logistics Management, Communication Skills, Organizational Skills, Presentation Skills, Microsoft Office Suite",On-site,Full Time,Entry Level,Confidential,1 month ago
Sr.Full Stack Java Developer,Clinizone -,"Sheraton, Cairo, Egypt ","JWT/OAuth2, Java, Software Development, JavaScript, RESTful  APIs and, Microservices, FHIR, HL7, DICOM, CDA, and IHE Profiles., Maven/Gradle, and CI/CD tools, Angular",Remote,Full Time,Experienced,Confidential,1 month ago
Maintenance Manager (Oil & Gas),Oil & Gas Services (Free Zone) -,"Cairo, Egypt ","Preventive Maintenance, Maintenance Engineering, Commitment, problem-solving, communication skills, Maintenance Management, Communication",On-site,Full Time,Manager,Confidential,1 month ago
Rig Mechanic,Oil & Gas Services (Free Zone) -,"New Cairo, Cairo, Egypt ","Rig mechanical maintenance, Troubleshooting and diagnostics, Preventive maintenance, Team leadership, Technical documentation, Safety compliance, Equipment inspection",On-site,Full Time,Experienced,Confidential,1 month ago
Storekeeper / Warehouse Manager (Oil & Gas),Oil & Gas Services (Free Zone) -,"Obour City, Cairo, Egypt ","Organisation, Warehouse, Storkeeper, Storage, Logistics, Inventory Management, Procurement",On-site,Full Time,Manager,Confidential,1 month ago
Rig Instrumentation Engineer,Oil & Gas Services (Free Zone) -,"New Cairo, Cairo, Egypt ","Rig Instrumentation Maintenance, Instrumentation Engineering, Troubleshooting, Control Systems, Calibration, Technical Documentation, Team Collaboration",On-site,Full Time,Manager,Confidential,1 month ago
Product Development Lead,Elabd Foods -,"Cairo, Egypt ","Business Development, Development, Product, Product Development",On-site,Full Time,Manager,Confidential,1 month ago
Payroll Team Leader,Concrete Plus -,"New Cairo, Cairo, Egypt ","Payroll, Compensation, Human Resources (HR), Administration, Business Administration, Communication, Construction, Leadership, Microsoft Excel",On-site,Full Time,Manager,Confidential,1 month ago
Export Sales Supervisor – Fresh Fruits & Vegetables,Confidential -,"New Cairo, Cairo, Egypt ","Export, Export Sales, Sales, Vegetables, Fresh Produce, International Trade, Supply Chain Management, Customer Relationship Management",On-site,Full Time,Manager,Confidential,1 month ago
Export Sales Supervisor - IQF Fruits & Vegetables,Confidential -,"New Cairo, Cairo, Egypt ","Export, Export Sales, Sales, Vegetables, IQF Products, International Trade, Customer Relationship Management, Supply Chain Management",On-site,Full Time,Manager,Confidential,1 month ago
Export Sales Department Head,Beroia Decor   -,"New Cairo, Cairo, Egypt ","Manufacturing, Sales, Export, Logistics, International Trade, Business Development, Market Analysis, Negotiation, Strategic Planning",On-site,Full Time,Manager,Confidential,1 month ago
Sales Administrator,Global Brands -,"New Cairo, Cairo, Egypt ","Business Administration, MS Office, sales administrator, Sales, office, MS Excel, excel",On-site,Full Time,Experienced,Confidential,1 month ago
Tax Accountant,AL QASWAA -,"Maadi, Cairo, Egypt ","Tax Accounting, Accounting, Finance, Tax",On-site,Full Time,Experienced,Confidential,1 month ago
Senior Talent Acquisition Specialist,Arabian Construction Co. -,"New Cairo, Cairo, Egypt ","Construction, Talent acquisition, Human Resources (HR), MS Office, Recruitment, Interviewing",On-site,Full Time,Experienced,Confidential,1 month ago
Quality Control Manager,ICPM -,"Cairo, Egypt ","Quality Control, Communication, Manufacturing",On-site,Full Time,Manager,Confidential,1 month ago
Inventory Supervisor,Soudanco  -,"Marg, Cairo, Egypt ","Warehouse Operations, Inventory Management, Data Analysis, Team Leadership, Problem Solving, Attention to Detail, Communication",On-site,Full Time,Experienced,Confidential,1 month ago
Senior Safety & Quality Specialist,Elsewedy Electric -,"Cairo, Egypt ","Health, Safety and Environment, Safety, Quality Control, Communication, Computer Skills, Auditing, Engineering, Management, Quality Assurance",On-site,Full Time,Experienced,Confidential,1 month ago
Operational Excellence Section Head (Process Improvement),B.TECH -,"New Cairo, Cairo, Egypt ","Microsoft Excel, Process Improvement, Process Design, Administration, Business Administration, Finance, Human Resources (HR), Microsoft Office",On-site,Full Time,Manager,Confidential,1 month ago
Educational Content Developer,NASS Academy -,"Mokattam, Cairo, Egypt ","Content Development, Teaching, Development, Microsoft Office",On-site,Full Time,Experienced,Confidential,1 month ago
Electrical Maintenance Engineer,Confidential -,"Obour City, Cairo, Egypt ","Electrical Engineering, Maintenance, Industrial Electrical Systems, Engineering, Electrical Installation, Communication, Electrical Systems",On-site,Full Time,Experienced,Confidential,1 month ago
Senior Strategy Analyst.,Confidential -,"Cairo, Egypt ","Business Analysis, Strategy, Analysis, Business Administration, Computer Science, Engineering, MBA, PMP",On-site,Full Time,Experienced,Confidential,1 month ago
Senior Sales Account Manager,ecoSAS International -,"Heliopolis, Cairo, Egypt ","Sales, Sales Target, Customer Service, Communication, Engineering, Management, Negotiation, Project Management",On-site,Full Time,Experienced,Confidential,1 month ago
Treasury Senior Specialist,Tank -,"New Nozha, Cairo, Egypt ","Accounting, Treasury, Certified Treasury Professional, excel, ERP System, ERP, Banking, Communication, Microsoft Office",On-site,Full Time,Experienced,Confidential,1 month ago
Accounting Department Manager,Confidential -,"Madinaty, Cairo, Egypt ","Accounting, ERP, SAP, Construction, Commerce, Finance, Financial, Financial Analysis, Financial Management",On-site,Full Time,Manager,Confidential,1 month ago
Maintenance Engineer,Wadi Degla Clubs  -,"Sheraton, Cairo, Egypt ","engineer, senior, Maintenance Engineer, Maintenance, Information Technology (IT), Mechanical Engineering, Engineering",On-site,Full Time,Experienced,Confidential,1 month ago
Senior Sales Engineer (Fire Alarm Systems),MHI for Trading & Contracting -,"New Cairo, Cairo, Egypt ","Fire Protection, Fire Alarm Systems, Fire Alarm, Sales",On-site,Full Time,Manager,Confidential,1 month ago
"""Technical Office & Site Engineer (WPC & UPVC)""",Beroia Decor   -,"New Cairo, Cairo, Egypt ","AutoCAD, Microsoft Office, Technical Office",On-site,Full Time,Experienced,Confidential,1 month ago
Procurement Section Head,Concrete Plus -,"New Cairo, Cairo, Egypt ","Engineering, Procurement, Contract Negotiation, Vendor Management, Supply Chain Management, Logistics, Project Management, Cost Control, Risk Management",On-site,Full Time,Senior Management,Confidential,1 month ago
Procurement Manager,Concrete Plus -,"New Cairo, Cairo, Egypt ","Procurement, Negotiation, Subcontracts, Suppliers, Contract Management, Vendor Relationship Management, Supply Chain Optimization, Cost Control, Risk Management",On-site,Full Time,Manager,Confidential,1 month ago
B2B Sales Representative,Wood workers  -,"Alexandria, Egypt ","B2B Sales, Sales Target, B2B, Sales, Client Relationships, Communication, Negotiation, Production, Management",Remote,Full Time,Experienced,Confidential,1 month ago
Sales Representative,Najma -,"Cairo, Egypt ","Customer Service, Sales, Sales Target, Market Analysis, Client Relationship Management, Business Development, Communication",Hybrid,Part Time,Entry Level,Confidential,1 month ago
Visual Merchandiser,Beroia Decor   -,"New Cairo, Cairo, Egypt ","Design, Sales, Visual Merchandising, Creative",On-site,Full Time,Experienced,Confidential,1 month ago
Sales Engineer,BAGNODESIGN MISR -,"New Cairo, Cairo, Egypt ","Sales, Retail Sales, Architecture, Interior Design, Furniture Design, Bathroom design, Kitchen design, landscape design",On-site,Full Time,Experienced,Confidential,1 month ago
External Auditor,Confidential -,"Nasr City, Cairo, Egypt ","Financial analysis, Report writing, Analytical thinking, Team collaboration, External auditing, Risk assessment, IFRS",On-site,Full Time,Experienced,Confidential,1 month ago
Odoo Sales Executive,Landmarks consulting solutions CO  -,"Maadi, Cairo, Egypt ","Odoo ERP, Odoo, ERP Software, CRM Software, Sales, Information Technology (IT), Information Analysis, Sales Field",On-site,Full Time,Experienced,Confidential,1 month ago
QA / Software Test Engineer (AI-Augmented Testing),Roaya -,"Maadi, Cairo, Egypt ","Computer Science, Information Technology (IT), QA, Software Development, Software Testing",On-site,Full Time,Experienced,Confidential,1 month ago
Senior Architecture Technical Engineer,Beta Developments -,"6th of October, Giza, Egypt ","3ds Max, AutoCAD, Revit, Architecture, Civil Engineering, Engineering, Microsoft Office, Real Estate",On-site,Full Time,Experienced,Confidential,1 month ago
Marketing Specialist,Beroia Decor   -,"New Cairo, Cairo, Egypt ","Digital Marketing, E-Marketing, Marketing Strategy, Social Media Marketing, Content Creation, Digital Advertising, SEO",On-site,Full Time,Experienced,Confidential,1 month ago
Customer Training Engineer,Confidential -,"Beheira, Egypt ","Engineering, Training",On-site,Full Time,Experienced,Confidential,1 month ago
International Tiktok Live Stream Host,巧智未来（大连）文化传媒有限公司 -,"Cairo, Egypt ","Live Streamer, Content Creator, Social Media Influencer, TikTok Live Host, Live streaming platforms (TikTok, Instagram Reels), Fluent in Arabic",Remote,Full Time,Entry Level,Confidential,1 month ago
Senior Human Resources Specialist,Elsewedy Electric -,"10th of Ramadan City, Cairo, Egypt ","Human Resources, Human Resources (HR), Organization Development, Talent management, employee lifecycle, Performance Management, Training, hr reporting, Talent acquisition",On-site,Full Time,Experienced,Confidential,1 month ago
content creation & social media specialist,waritex -,"10th of Ramadan City, Sharqia, Egypt ","Advertising, Content Creation, Digital Marketing, SEO, Social Media",On-site,Full Time,Experienced,Confidential,1 month ago
Junior Corporate Sales Associate (Alexandria Residence ),Confidential -,"Alexandria, Egypt ","B2B Sales, Business Development, Account Management, Sales Executive, Sales Associate, Telesales, Direct Sales",On-site,Full Time,Entry Level,Confidential,1 month ago
Internal Audit Section Head,Dr.Greiche  -,"10th of Ramadan City, Sharqia, Egypt ","Accounting, Auditing, Finance, External Auditing, Certified Internal Auditor, CIA, Management",On-site,Full Time,Experienced,Confidential,1 month ago
Senior QA Engineer,Dr.Greiche  -,"10th of Ramadan City, Sharqia, Egypt ","Engineering, QA, Analysis, Computer Science, Information Technology (IT), Manufacturing, Mechanical, Quality Assurance",On-site,Full Time,Experienced,Confidential,1 month ago
Technical Support Engineer,Afaqy -,"Maadi, Cairo, Egypt ","Computer Hardware, Software, Technical Support, Microsoft SQL Server, Information Technology (IT), Technical Analysis, DBA",Hybrid,Full Time,Experienced,Confidential,1 month ago
Sales Administrator-Real Estate,Darna for real estate & Construction (DRC) -,"Shorouk City, Cairo, Egypt ","Real Estate, Sales, Sales Target",On-site,Full Time,Experienced,Confidential,1 month ago
Senior Machine Learning Engineer,TechJump -,"Alexandria, Egypt ","Computer Science, Information Technology (IT), Machine Learning, Engineering, Python, Data Science, Deep Learning, Natural Language Processing (NLP), Model Deployment",Hybrid,Full Time,Experienced,Confidential,1 month ago
Call Center Supervisor,Alfa Laboratories -,"Sheikh Zayed, Giza, Egypt ","Call Center, Customer Care, Customer Service, Customer Support, Administration, Communication, CRM, Management, Microsoft Office",On-site,Full Time,Experienced,Confidential,1 month ago
Project Manager,YZH -,"Cairo, Egypt ","Computer Science, Information Technology (IT), Project, Project Management",On-site,Full Time,Experienced,Confidential,1 month ago
Production Supervisor,K Line Europe -,"Nasr City, Cairo, Egypt ","Manufacturing, Production, Quality Control, Industrial Engineering, Management, Mechanical Engineering, Engineering, CAD",On-site,Full Time,Experienced,Confidential,1 month ago
Corporate Sales Account Executive,Confidential -,"Heliopolis, Cairo, Egypt ","Business Development, Account Management, Lead Generation, Contract Negotiation, Corporate Sales, B2B Sales, Presentations, Customer Service, Negotiation",On-site,Full Time,Experienced,Confidential,1 month ago
Business Development & Projects Engineer,IEI -,"10th of Ramadan City, Sharqia, Egypt ","Engineering, Management, Project Management, Strategic Planning",On-site,Full Time,Experienced,Confidential,1 month ago
"Telesales - Sales Representative, Conferences",Allan Lloyds -,"Cairo, Egypt ","Sales, Sponsorship, Sales Target, Event Management, Events Organizing, Marketing, Telesales",Hybrid,Full Time,Entry Level,Confidential,1 month ago
Business Development Surveyor,Contact Interiors -,"Heliopolis, Cairo, Egypt ","Business Development, CRM Software, Sales Strategy, Engineering Principles, Market Research, Client Relationship Management, Negotiation",On-site,Full Time,Entry Level,Confidential,1 month ago
Technical Sales Engineer,Contact Interiors -,"Heliopolis, Cairo, Egypt ","Sales, Technical Sales, Engineering, Client Relationship Management, Product Demonstrations, Solution Selling, Negotiation, CRM Software",On-site,Full Time,Experienced,Confidential,1 month ago
Quality Manager,CSI -,"Heliopolis, Cairo, Egypt ","Engineering, Quality Assurance, Quality Control, Construction, ISO 9001, Leadership, Management",On-site,Full Time,Manager,Confidential,1 month ago
Project Controls Lead,CSI -,"Heliopolis, Cairo, Egypt ","Project Controls, Project Management, Project, Civil Engineering, Construction, Cost Control, Engineering, Management",On-site,Full Time,Manager,Confidential,1 month ago
Sales Account Management Team Leader,BasharSoft -,"Cairo, Egypt ","sales, SaaS, account, management",Hybrid,Full Time,Manager,Confidential,1 month ago
Junior Electrical Design Engineer,CSI -,"Heliopolis, Cairo, Egypt ","Electrical Design, Electrical Engineering, Engineering, Design, AutoCAD",On-site,Full Time,Experienced,Confidential,1 month ago
Demand Planning Specialist,Tank -,"Nasr City, Cairo, Egypt ","Demand Planning, Logistics, Marketing, Planning, Supply Chain",On-site,Full Time,Experienced,Confidential,1 month ago
Senior Electrical Design Engineer,CSI -,"Heliopolis, Cairo, Egypt ","Engineering, Electrical Design, Design",On-site,Full Time,Senior Management,Confidential,1 month ago
Technical Manager,TCI -,"Cairo, Egypt ","Project Management, Information Technology (IT), Agile, Architecture, Communication, Computer Science, Engineering, Management",Remote,Full Time,Experienced,Confidential,1 month ago
content & social media specialist,waritex -,"Sharqia, Egypt ","E-Marketing, Social Media, Marketing",On-site,Full Time,Experienced,Confidential,1 month ago
Junior IT Technician,Filmar Nile Textile -,"Bourj Alarab, Alexandria, Egypt ","Information Technology (IT), Computer Science, Software Engineering, Software Development",On-site,Full Time,Entry Level,Confidential,1 month ago
Planning Engineer,CSI -,"Heliopolis, Cairo, Egypt ","Engineering, Planning, Project Management",On-site,Full Time,Experienced,Confidential,1 month ago
Land Surveyor,CSI -,"Heliopolis, Cairo, Egypt ","Engineering, Land Surveying, Surveying, Construction",On-site,Full Time,Manager,Confidential,1 month ago
Sales Specialist - Hardware & IT Solutions,Confidential -,"Heliopolis, Cairo, Egypt ","Communication, Communication skills, Hardware, Information Technology (IT), Negotiation, network, Light Current",On-site,Full Time,Experienced,Confidential,1 month ago
Entry Level Sales Representative,Egyptian Emart for trade and supplies -,"Abbassia, Cairo, Egypt ","Market Research, Sales Target, Sales, Customer Relationship Management (CRM), Negotiation, Communication, Product Knowledge, Lead Generation, Presentation Skills",Hybrid,Full Time,Entry Level,Confidential,1 month ago
mechanical engineering lab supervisor,Universities of Canada in Egypt -,"New Capital, Cairo, Egypt ","Mechanical Equipment Maintenance, Laboratory Management, Inventory Management, Instructional Support, Safety Protocols, Technical Troubleshooting",On-site,Full Time,Experienced,Confidential,1 month ago
HSE Manager - BaniSuef,Confidential -,"Beni Suef, Beni Suef, Egypt ","Health and Safety Management, Training and Development, Health, Safety and Environment, Safety, Fire Safety, Occupational Safety and Health Administration (OSHA), Environment, Health, and Safety (EHS), HSE",On-site,Full Time,Manager,Confidential,1 month ago
QA/QC Inspector – Electrical / Mechanical,CSI -,"Heliopolis, Cairo, Egypt ","Mechanical, Mechanical Engineering, QA, QC, Quality Control, Quality Assurance",On-site,Full Time,Manager,Confidential,1 month ago
Medical Sales Representative,Najma -,"Cairo, Egypt ","Medical Sales, Sales Target, Customer Service, Sales, Medical, Sales Field, Outdoor Sales",On-site,Part Time,Entry Level,Confidential,1 month ago
Technical Office Architect,Dubai Misr -,"New Capital, Cairo, Egypt ","Engineering, Technical Office, Shop Drawings, Architectural Engineering, Architecture, AutoCAD, Construction, Drawing, Microsoft Office",On-site,Full Time,Experienced,Confidential,1 month ago
Senior Facility Engineer,Universities of Canada in Egypt -,"New Capital, Cairo, Egypt ","Engineering, Electrical Engineering, Mechanical Engineering, HVAC, Firefighting, Mechanical, Electrical, and Plumbing (MEP)",On-site,Full Time,Experienced,Confidential,1 month ago
Sales Representative,Tradeline Stores -,"New Cairo, Cairo, Egypt ","Sales, Sales Target, Customer Service, Communication, Sales Planning, Planning, Sales Field, Sales Plan",On-site,Full Time,Entry Level,Confidential,1 month ago
OD Senior Specialist,Naguib Selim -,"Nasr City, Cairo, Egypt ","Organizational Development, Employee Engagement, Analytical Thinking, Organization Development, Organizational Structure",On-site,Full Time,Experienced,Confidential,1 month ago
Accounting Manager (Fintech Experience),Erada -,"Maadi, Cairo, Egypt ","Finance, Financial Accounting, Accounting, Accounting Management, Banking, Banking Sector, Microfinance, financing, Financial",On-site,Full Time,Manager,Confidential,1 month ago
Mechanical Engineer,Eagle Chemicals -,"6th of October, Giza, Egypt ","Maintenance, Mechanical, Electrical Engineering, Engineering, Mechanical Engineering, Problem Solving",On-site,Full Time,Entry Level,Confidential,1 month ago
QA/QC Inspector – Electrical / Mechanical,CSI -,"Heliopolis, Cairo, Egypt ","Mechanical, Mechanical Engineering, QA, QC, Quality Control, Quality Assurance",On-site,Full Time,Manager,Confidential,1 month ago
Medical Sales Representative,Najma -,"Cairo, Egypt ","Medical Sales, Sales Target, Customer Service, Sales, Medical, Sales Field, Outdoor Sales",On-site,Part Time,Entry Level,Confidential,1 month ago
Technical Office Architect,Dubai Misr -,"New Capital, Cairo, Egypt ","Engineering, Technical Office, Shop Drawings, Architectural Engineering, Architecture, AutoCAD, Construction, Drawing, Microsoft Office",On-site,Full Time,Experienced,Confidential,1 month ago
Senior Facility Engineer,Universities of Canada in Egypt -,"New Capital, Cairo, Egypt ","Engineering, Electrical Engineering, Mechanical Engineering, HVAC, Firefighting, Mechanical, Electrical, and Plumbing (MEP)",On-site,Full Time,Experienced,Confidential,1 month ago
Sales Representative,Tradeline Stores -,"New Cairo, Cairo, Egypt ","Sales, Sales Target, Customer Service, Communication, Sales Planning, Planning, Sales Field, Sales Plan",On-site,Full Time,Entry Level,Confidential,1 month ago
OD Senior Specialist,Naguib Selim -,"Nasr City, Cairo, Egypt ","Organizational Development, Employee Engagement, Analytical Thinking, Organization Development, Organizational Structure",On-site,Full Time,Experienced,Confidential,1 month ago
Accounting Manager (Fintech Experience),Erada -,"Maadi, Cairo, Egypt ","Finance, Financial Accounting, Accounting, Accounting Management, Banking, Banking Sector, Microfinance, financing, Financial",On-site,Full Time,Manager,Confidential,1 month ago
Mechanical Engineer,Eagle Chemicals -,"6th of October, Giza, Egypt ","Maintenance, Mechanical, Electrical Engineering, Engineering, Mechanical Engineering, Problem Solving",On-site,Full Time,Entry Level,Confidential,1 month ago
Entertainment Supervisor,Leap Development Hub -,"New Cairo, Cairo, Egypt ","Entertainment, Customer Service, Operations Management, manage teams",On-site,Full Time,Experienced,Confidential,1 month ago
Accountant,Khales -,"Giza, Egypt ","Accounting, Financial Analysis, Financial Management, Finance",On-site,Full Time,Entry Level,Confidential,1 month ago
Project Manager (Onsite – Zambia),CSI -,"Heliopolis, Cairo, Egypt ","Engineering, Project Management, Project, Civil Engineering, Communication, Computer Science, Management, Primavera",On-site,Full Time,Manager,Confidential,1 month ago
Accountant,ACT CS For Feasibility Studies -,"Nasr City, Cairo, Egypt ","Accounts Payable and Receivable, General Ledger Management, MS Office Suite, Microsoft Excel",On-site,Full Time,Entry Level,Confidential,1 month ago
Senior Accountant,Excellencors -,"New Cairo, Cairo, Egypt ","Accounting, Accounting Software, Finance, Microsoft Excel, Tax, ERP",On-site,Full Time,Experienced,Confidential,1 month ago
Business Development Manager Team Leader - Forex,Summits Broker -,"Sheraton, Cairo, Egypt ","Forex, Sales, Sales Target, Team Leadership, Business Development, Client Relationship Management, Negotiation, Financial Market Analysis",On-site,Full Time,Manager,Confidential,1 month ago
Planning Manager,BeNeshty -,"Obour City, Cairo, Egypt ","Planning, Sales, Administration, Business Administration, Finance, Financial Planning, Management, Project Management",On-site,Full Time,Manager,Confidential,1 month ago
Senior Architecture BIM Engineer,IDC Group -,"Cairo, Egypt ","BIM, Architecture, Engineering, Architectural Engineering, AutoCAD, Civil Engineering, Navisworks, Construction, Revit",On-site,Full Time,Experienced,Confidential,1 month ago
Procurement Section Head,MY WAY -,"Obour City, Cairo, Egypt ","Procurement, direct procurement, Indirect Procurement, Purchasing, Purchasing Management, Procurements, Communication, Supply Chain",On-site,Full Time,Experienced,Confidential,1 month ago
Accounting Supervisor,Erada -,"Maadi, Cairo, Egypt ","Accounting, Finance, Financial Management, Banking, Communication, ERP, Financial Analysis, Management",On-site,Full Time,Manager,Confidential,1 month ago
Content Creator (Videography & Video Editing) – Full Time,Lasheen Branding and Packaging  -,"Heliopolis, Cairo, Egypt ","Videography, Video Editing, reels maker, reels creator, Storytelling, Talend, professional",On-site,Full Time,Experienced,Confidential,1 month ago
Export Sales Specialist.,ExpoEast For Manufacturing & Global Trade -,"Smouha, Alexandria, Egypt ","Microsoft Excel, Sales, Sales Target, Export Sales, Communication, Customer Service, Export, Management",On-site,Full Time,Experienced,Confidential,1 month ago
Sales Supervisor – Frozen Meat Processing Company,Fresh Food -,"Giza, Egypt ","Strong knowledge, Excellent Leadership, Same field, Sales, Sales Field, Sales Target, Sales Plan",On-site,Full Time,Manager,Confidential,1 month ago
Automation Maintenance Engineer,Eagle Chemicals -,"6th of October, Giza, Egypt ","Automation, Engineering, Maintenance",On-site,Full Time,Experienced,Confidential,1 month ago
Growth / Performance Marketing Manager,Summits Broker -,"Sheraton, Cairo, Egypt ","Marketing, Social Media, Management, Digital Marketing, Graphic Design, Video Editing, Content Creation, Performance Marketing, Growth Hacking",On-site,Full Time,Experienced,Confidential,1 month ago
IT Specialist,Confidential -,"Haram, Giza, Egypt ","Computer Science, Information Technology (IT), IT Specialist, Installation, Technical Support, specialist, IT",On-site,Full Time,Experienced,Confidential,1 month ago
Key Account Manager (B2G),Etisal Retail & Care  -,"Rehab City, Cairo, Egypt ","Sales Target, IT Solutions, B2G, Distribution",On-site,Full Time,Experienced,Confidential,1 month ago
SaaS Sales / Business Development Representative,Trust Tech -,"Alexandria, Egypt ","Sales, Sales Target, SaaS",Remote,Full Time,Entry Level,Confidential,1 month ago
Payroll coordinator,Linrco Egypt -,"Nasr City, Cairo, Egypt ","Payroll, Vlookup, Microsoft Excel",On-site,Full Time,Entry Level,Confidential,1 month ago
Chemist Sales,Colorama Coatings -,"Obour City, Cairo, Egypt ","Sales, Chemistry, Communication, Sales Target, Problem Analysis, Problem Solving",Hybrid,Full Time,Entry Level,Confidential,1 month ago
B2B Sales Executive,Confidential -,"Heliopolis, Cairo, Egypt ","Sales, sales skills, Sales Target, Marketing, Customer Service, Software, Experience",On-site,Full Time,Experienced,Confidential,1 month ago
Junior Marketing,Cred Developments -,"Cairo, Egypt ","Marketing, Social Media",On-site,Full Time,Entry Level,Confidential,1 month ago
Medical Sales Specialist,capital gate for trading and projects management -,"Mohandessin, Giza, Egypt ","Computer Skills, Medical, Medical Sales, Microsoft Office, Pharmaceutical, Pharmacy, Sales, Sales Target",Hybrid,Full Time,Entry Level,Confidential,1 month ago
HR Specialist,marah fashion group -,"Obour City, Cairo, Egypt ","apparel manufactering, Recruitment, Training, HR, HR Specialist, Microsoft Office, Human Resources (HR), Personnel",On-site,Full Time,Experienced,Confidential,1 month ago
Architect,Heaven Architects -,"6th of October, Giza, Egypt ","Autodesk, Architecture, Engineering, AutoCAD, Computer Science, Design, Information Technology (IT), Lumion",On-site,Full Time,Experienced,Confidential,1 month ago
Merchant Acquisition Specialist,waffarha.com -,"Sheraton, Cairo, Egypt ","E-Commerce, Sales, Retail, Communication, Negotiation, Follow Up, Dynamics",On-site,Full Time,Entry Level,Confidential,1 month ago
Automation Engineer,ALSAKR for Trading and Manufacturing of Machinery and Equipments -,"10th of Ramadan City, Sharqia, Egypt ","AutoCAD Software, Quality Auditing",On-site,Full Time,Experienced,Confidential,1 month ago
Digital Marketing & E-Commerce Specialist,ALSAKR for Trading and Manufacturing of Machinery and Equipments -,"10th of Ramadan City, Sharqia, Egypt ","Digital Marketing, E-Commerce, SEO, Social Media, Marketing, Google Analytics, Google Ads, E-Marketing",Remote,Part Time,Experienced,Confidential,1 month ago
Junior Sales Engineer,ALSAKR for Trading and Manufacturing of Machinery and Equipments -,"10th of Ramadan City, Sharqia, Egypt ","Automation, Sales, Mechatronics, Electrical, Communication, Engineering, Technical Support",On-site,Full Time,Entry Level,Confidential,1 month ago
Mechanical Design Engineer,ALSAKR for Trading and Manufacturing of Machinery and Equipments -,"10th of Ramadan City, Sharqia, Egypt ","SolidWorks, Mechanical Design Engineering, Machinery, Conveying, conveyor, AutoCAD, Design, Manufacturing",On-site,Full Time,Experienced,Confidential,1 month ago
Senior Talent Acquisition Specialist,Erada -,"Maadi, Cairo, Egypt ","Recruitment, Human Resources (HR), Applicant Tracking, Interviewing, Sourcing, Talent, Talent acquisition, Applicant Tracking Systems, ATS",On-site,Full Time,Experienced,Confidential,1 month ago
Sales Representative,MCV - Obour -,"Alexandria, Egypt ","Sales, Sales Target, Customer Service",On-site,Full Time,Entry Level,Confidential,1 month ago
ERPNext Developer,Our Education -,"Maadi, Cairo, Egypt ","ERPNext Development, Frappe Framework, ERP, ERP System, ERP Software, Computer Science, CSS, Python",On-site,Full Time,Experienced,Confidential,1 month ago
ERP NEXT Implementer,Our Education -,"Maadi, Cairo, Egypt ","erpnext, ERP, ERP System, ERP Software, ERP Applications, ERP Solutions, Odoo ERP, ERP Implementation, Analysis",On-site,Full Time,Experienced,Confidential,1 month ago
Light Current Engineer,NGS -,"Cairo, Egypt ","Engineering, Project Management",Hybrid,Full Time,Experienced,Confidential,1 month ago
CEO Office Manager,waffarha.com -,"Sheraton, Cairo, Egypt ","Office Management, Executive Support, Calendar Management, Communication, Time Management, Stakeholder Management, Attention to Detail, Problem Solving",On-site,Full Time,Experienced,Confidential,1 month ago
Senior .Net Developer,National Technology -,"Nasr City, Cairo, Egypt ",".Net, ASP.Net, Computer Engineering, Computer Science, Development, Engineering, Information Technology (IT), MVC, Software Development",Hybrid,Full Time,Experienced,Confidential,1 month ago
Senior Talent Acquisition Specialist,Town Team -,"Tanta, Gharbia, Egypt ","Recruitment, Talent acquisition, Sourcing, Interviewing, Hiring, Human Resources (HR), Stakeholder-management, Applicant-tracking-systems-ats, Employer-branding",On-site,Full Time,Senior Management,Confidential,1 month ago
Senior Organizational Development.,Town Team -,"Nasr City, Cairo, Egypt ","OD, Business Administration, Development, HR, Organizational Development, Human Resources Development, Human Resource Management (HRM), Organisation Development, Learning and Development",On-site,Full Time,Experienced,Confidential,1 month ago
Organizational Development Section Head,Town Team -,"Tanta, Gharbia, Egypt ","OD, Human Resources, Development, Human Resources (HR), Business Development, Management, Organizational Development, Performance Management, Organizational Development (OD)",On-site,Full Time,Senior Management,Confidential,1 month ago
Maintenance Manager,Confidential -,"Sharqia, Egypt ","Engineering, Maintenance, Mechanical Engineering, Management",On-site,Full Time,Manager,Confidential,1 month ago
Polish Speaking Customer Service - 42k EGP - Cairo,Pinnacle Business Services -,"Downtown, Cairo, Egypt ","Customer Service, Customer Support, Customer Care, Chat Support, Call Center, Inbound Calls, Customer Service Management, Customer Success, Customer Survey",On-site,Full Time,Entry Level,Confidential,1 month ago
B2B Sales Representative,Siwa Group -,"Badr City, Cairo, Egypt ","B2B, B2B Sales, Sales, Sales Target, Microsoft Office, Negotiation, Computer Skills",Hybrid,Full Time,Entry Level,Confidential,1 month ago
Proposal Team Leader – STP/WTP,System Technique -,"Abu Rawash, Giza, Egypt ","WTP, STP, Water Treatment, Wastewater Treatment, Mechanical Engineering, Chemical Engineering, Team Leadership, Civil Engineering, Construction",On-site,Full Time,Manager,Confidential,1 month ago
CFO,Confidential -,"Ashmun, Monufya, Egypt ","Accounting, Financial Management, Financial Analysis, Odoo ERP, IFRS, Cost Control, Cost Accounting, Tax Accounting, Cash Management",On-site,Full Time,Senior Management,Confidential,1 month ago
Procurement & Logistics Specialist (Export & Customs Operations),Badr And Asfour  -,"Cairo, Egypt ","Export, Logistics, Procurement, Purchasing, Supply Chain, Free Zone, Microsoft Office",On-site,Full Time,Experienced,Confidential,1 month ago
Local Purchasing and Logistics Officer,Boysen Egypt -,"Giza, Egypt ","Logistics, Procurement, Purchasing, Supply Chain",On-site,Full Time,Experienced,Confidential,1 month ago
Field Engineer,RISEUP (Endemag for Administrative Skills Development) -,"Heliopolis, Cairo, Egypt ","AutoCAD, Communication, Engineering, Maintenance, Mechanical Engineering, Sales",On-site,Full Time,Entry Level,Confidential,1 month ago
Production Manager (Chemical Reactors),Activa International -,"6th of October, Giza, Egypt ","Engineering, Production, Manufacturing, Chemical Engineering, Leadership, Management, MBA, Troubleshooting",On-site,Full Time,Manager,Confidential,1 month ago
Instrumentation & Control Engineer,Activa International -,"6th of October, Giza, Egypt ","Engineering, control, Automation, Computer Science, Electronics, Management, Project Management, Quality Assurance",On-site,Full Time,Experienced,Confidential,1 month ago
Sales Engineer – Industrial Solutions (Alexandria),Trust Engineering Company    -,"Alexandria, Egypt ","Sales, Technical Sales, Sales engineer, Customer Support, Engineering Services, Sales skills, Maintenance Engineering",On-site,Full Time,Experienced,Confidential,1 month ago
Sales Engineer – Industrial Solutions (Cairo),Trust Engineering Company    -,"Alexandria, Egypt ","Sales, Technical Sales, Sales engineer, Customer Support, Engineering Services, Sales skills, Maintenance Engineering",On-site,Full Time,Experienced,Confidential,1 month ago
Technical Office Mechanical Engineer,CoreTec for Engineering Service -,"Cairo, Egypt ","Mechanical design, AutoCAD, Revit, Project coordination, Knowledge of mechanical codes and standards, Technical documentation, Communication, Teamwork",On-site,Full Time,Experienced,Confidential,1 month ago
Outdoor Sales Representative,Beroia Decor   -,"New Cairo, Cairo, Egypt ","Sales, Sales Target, Customer Relationship Management, Negotiation, Communication, Market Analysis, Product Knowledge, Business Development, Lead Generation",On-site,Full Time,Experienced,Confidential,1 month ago
Quantity Surveying Engineer,ACO-Construction -,"6th of October, Giza, Egypt ","Construction, Quantity Surveying",On-site,Full Time,Manager,Confidential,1 month ago
Telesales / Business Development Rep. (USA Market - Fluent English),Confidential -,"Maadi, Cairo, Egypt ","Sales Target, Telesales, Business Development, Outbound Calls, Inbound Calls, Cold Calling",On-site,Full Time,Entry Level,Confidential,1 month ago
Customer Support,Tamkeen -,"Heliopolis, Cairo, Egypt ","Customer Care, Customer Service, Customer Support",Remote,Full Time,Experienced,Confidential,1 month ago
Operation Specialist,3D Diagnostix -,"Maadi, Cairo, Egypt ","Operating Systems, Customer Care, .Net, Customer Service, Logistics, Medical, Social Insurance, Transportation",On-site,Full Time,Entry Level,Confidential,1 month ago
Quality Assurance Specialist,Mersal  -,"Maadi, Cairo, Egypt ","Quality Assurance, Quality Control, Administration, Auditing, Business Administration, ISO 9001, Management, QA, Quality Management",On-site,Full Time,Experienced,Confidential,1 month ago
B2B Software Sales Agent,Tamkeen -,"Heliopolis, Cairo, Egypt ","B2B Sales, B2B, Sales, SaaS, B2B Software, Business Development, Customer Relationship Management (CRM)",Remote,Full Time,Experienced,Confidential,1 month ago
Financial Manager,Confidential -,"Zefta, Gharbia, Egypt ","Accounting, Finance, Financial Analysis, Financial Management, Financial, Commerce, Analysis, Budgeting, ERP",On-site,Full Time,Manager,Confidential,1 month ago
Landscape Engineer (Swimming Pool & Outdoor Services),Gulf Data International  -,"New Cairo, Cairo, Egypt ","Engineering, swimming pool, Landscape Design, Construction",On-site,Full Time,Experienced,Confidential,1 month ago
Accountant,Al Rabat -,"New Cairo, Cairo, Egypt ","Accounting, Financial Management, Financial Analysis, Finance",On-site,Full Time,Entry Level,Confidential,1 month ago
Purchase Specialist,El Abd Group -,"6th of October, Giza, Egypt ","Logistics, Procurement, Purchasing, Supply Chain",On-site,Full Time,Experienced,Confidential,1 month ago
A/R Accountant,Anasia Egypt for Trading -,"Heliopolis, Cairo, Egypt ","Accounting, Accounting Software, Accounts Receivable, MS Office",On-site,Full Time,Entry Level,Confidential,1 month ago
Merchant Onboarding Specialist Internship,Mrkoon -,"Maadi, Cairo, Egypt ","onboarding, Merchandising, Visual Merchandising, Business Development",On-site,Internship,Student,Confidential,1 month ago
Graphic & Motion Designer Internship,Mrkoon -,"Maadi, Cairo, Egypt ","Graphic Design, Motion, Design, Adobe Photoshop, Adobe illustrator, Microsoft Office, Communication",On-site,Internship,Student,Confidential,1 month ago
Product Owner/Scrum Master,Confidential -,"Cairo, Egypt ","Business Analysis, Product Management, Agile Methodologies, Documentation Requirements Gathering, Business Planning, User Stories, Prototyping, Stakeholder Management, Roadmapping",Hybrid,Full Time,Experienced,Confidential,1 month ago
Executive Assistant,Majestic Pharmaceuticals -,"Cairo, Egypt ","Administration, English Translation, Microsoft Office, AI Tools, Organizational Skills, Communication Skills, Time Management, Problem Solving, Attention to Detail",On-site,Full Time,Experienced,Confidential,1 month ago
Records & Information Management Officer,Wadi Group -,"Sheikh Zayed, Giza, Egypt ","Records Management, Document Control, Digital Archiving, Document Classification & Indexing, Retention Schedule Management, Compliance & Governance, Data Accuracy & Attention to Detail, Access Control Management, Information Security",On-site,Full Time,Experienced,Confidential,1 month ago
Oracle Consultant- HCM,Albawani | البواني -,"Cairo, Egypt ","HCM, ERP, Computer Science, Information Technology (IT), Oracle, Construction, ERP Implementation, Fusion, HR",Hybrid,Full Time,Experienced,Confidential,1 month ago
Social Media Specialist,Adwhales Digital Marketing Agency -,"Nasr City, Cairo, Egypt ","Marketing, Social Media, socialmedia management, Content Creation, Facebook ads, Copywriting, Media Buying, Content Strategy",On-site,Full Time,Entry Level,Confidential,1 month ago
AP Accountant specialist,Cairoscan -,"Mohandessin, Giza, Egypt ","Management, AP, Finance, Accounting, Accounts Payable, Financial Reporting, Reconciliation",On-site,Full Time,Entry Level,Confidential,1 month ago
Technical Software Project Leader – Full Stack .NET,IKEN Technology -,"Maadi, Cairo, Egypt ","Computer Science, Information Technology (IT), JavaScript, Project, Software Development",On-site,Full Time,Experienced,Confidential,1 month ago
Brand Manager - RedShield Fire Safety equipment,Alunaut -,"Nasr City, Cairo, Egypt ","Branding, Communication, Engineering, Market Research, CRM, Product, Sales",On-site,Full Time,Experienced,Confidential,1 month ago
Planning and Business Analyst,Hemaya EG  -,"Cairo, Egypt ","Business Analysis, Business Planning, Planning, Business Development",On-site,Full Time,Experienced,Confidential,1 month ago
Senior QA Specialist,OnePharma Medics -,"Cairo, Egypt ","QA Specialist, Product Specialist, Key Account Manager, RA Specialist, QA, Marketing, Quality Assurance, Social Media",On-site,Full Time,Experienced,Confidential,1 month ago
Office Manager,El Abd Group -,"6th of October, Giza, Egypt ","Assistant, Administration, Management, Office management",On-site,Full Time,Experienced,Confidential,1 month ago
Steel structure Design Engineer,Floortec -,"Sheikh Zayed, Giza, Egypt ","AutoCAD, Civil Engineering, Design, Engineering, Steel Structure, Steel, Structure",On-site,Full Time,Experienced,Confidential,1 month ago
Administration Manager (Manufacturing),OPPO Egypt  -,"10th of Ramadan City, Cairo, Egypt ","Business Administration, Administration, Management, Office management, Microsoft Office, Manufacturing Operations, Office Management, Team Leadership",On-site,Full Time,Manager,Confidential,1 month ago
Structural Design Engineer,city stars -,"Cairo, Egypt ","Work Planning, Workshop Management, Team Leadership, Shop Drawings, Design, Engineering, Information Technology (IT), Projects",On-site,Full Time,Experienced,Confidential,1 month ago
Microsoft Dynamics AX Functional Consultant,El Abd Group -,"6th of October, Giza, Egypt ","Dynamics, Dynamics AX, Functional, ERP, Microsoft Dynamics AX",On-site,Full Time,Experienced,Confidential,1 month ago
Customer Service Manager - Real Estate,Valero Development -,"Obour City, Cairo, Egypt ","CRM, Real Estate, Negotiation, Customer Service, Customer Care, Communication, Sales, Community Management, Client Relationships",On-site,Full Time,Manager,Confidential,1 month ago
Technical Office Engineer,Rokital For aluminum fabrication -,"Siouf, Alexandria, Egypt ","alumnim system design & detaling, Shop Drawings, fabrication drawing, curtin wall , doors & window system, Bill of Materials (BOM), bill of quantities, Technical Office Engineering, techniacal submittals, method statments",On-site,Full Time,Entry Level,Confidential,1 month ago
Quality Assurance Engineer,El Abd Group -,"Alsadat City, Monufya, Egypt ","Quality Assurance, Process Improvement, Auditing",On-site,Full Time,Experienced,Confidential,1 month ago
Junior Accountant,El Abd Group -,"6th of October, Giza, Egypt ","Accounts Receivable, Financial Reporting, Accounts Payable, Bank Reconciliation",On-site,Full Time,Entry Level,Confidential,1 month ago
Senior B2B Sales Executive,GITS -,"Dokki, Giza, Egypt ","B2B, B2B Sales, Sales, Sales Target, Communication, Microsoft Office, Negotiation",On-site,Full Time,Experienced,Confidential,1 month ago
Senior Civil / Architectural Site Engineer,MCC -,"6th of October, Giza, Egypt ","Civil Engineering, Engineering, Project Management, Structural Analysis, AutoCAD, Civil 3D, Construction Management, Site Supervision, Cost Estimation",On-site,Full Time,Experienced,Confidential,1 month ago
Senior Mechanical Engineer,MCC -,"6th of October, Giza, Egypt ","Mechanical Engineering, Technical Office, Engineering",On-site,Full Time,Experienced,Confidential,1 month ago
IT Specialist,UCMAS Academy -,"Heliopolis, Cairo, Egypt ","Computer Science, Information Technology (IT), Technical Support, Communication, DNS, DHCP, Maintenance",On-site,Full Time,Entry Level,Confidential,1 month ago
Senior HR Specialist,Adaptive Solutions -,"Nasr City, Cairo, Egypt ","HR Specialist, HR, Human Resources (HR), Labor, Labor Legislation, Payroll, Management, Recruitment",Hybrid,Full Time,Experienced,Confidential,1 month ago
Marketing Manager,مجموعة شركات النماء لحلول الاعمال التنفيذية وتنمية دخول الافراد -,"6th of October, Giza, Egypt ","Market Research, Social Media, Marketing, Sales, Google Ads, SEO, Management",On-site,Full Time,Manager,Confidential,1 month ago
Interior Designer,Real stone and kitchens -,"New Cairo, Cairo, Egypt ","Architecture, AutoCAD, Design, Interior Design, 3ds Max, Creative, Management, Project Management, Sketchup",On-site,Full Time,Entry Level,Confidential,1 month ago
Accountant,RAQMU for Building and Construction  -,"Cairo, Egypt ","Accounting, Construction Field, Financial Management, excel, MS Excel, Construction",On-site,Full Time,Experienced,Confidential,1 month ago
Training Manager,Matana Group -,"Dokki, Giza, Egypt ","Training, Management",On-site,Full Time,Manager,Confidential,1 month ago
Production Manager,Arias Egypt  -,"Alsadat City, Monufya, Egypt ","Engineering, ERP, Management, Manufacturing, Mechanical Engineering, Mechanical, MS Office",On-site,Full Time,Entry Level,Confidential,1 month ago
Mechanical Design Engineer (Sheet Metal & Weldment),Arias Egypt  -,"Alsadat City, Monufya, Egypt ","AutoCAD, Communication, Computer Science, Engineering, Design, Information Technology (IT), Mechanical Engineering",On-site,Full Time,Entry Level,Confidential,1 month ago
Production Engineer,Arias Egypt  -,"Alsadat City, Monufya, Egypt ","Engineering, Manufacturing, Mechanical Engineering, Production, Production Engineering, AutoCAD, Management, Mechanical",On-site,Full Time,Entry Level,Confidential,1 month ago
مسوق تقني,swakip -,"Maadi, Cairo, Egypt ","* Meta Ads Manager, * Google Ads, * Google Analytics 4 (GA4), * Google Search Console, * LinkedIn Campaign Manager, * Canva, * Microsoft Office / Google Workspace",On-site,Full Time,Experienced,Confidential,1 month ago
General Ledger Section Head,NILEWOOD  -,"Alsadat City, Monufya, Egypt ","Accounting, Financial Analysis, Finance",On-site,Full Time,Experienced,Confidential,1 month ago
Sales Rep. Aluminium Industry - Doors & Windows,Rokital For aluminum fabrication -,"Siouf, Alexandria, Egypt ","B2B Marketing, B2B Sales, construction markeing, Industrial Sales, Lead Generation, competitor analysis, Coordination with sales and technical team, Marketing, Sales",On-site,Full Time,Entry Level,Confidential,1 month ago
Business Development Engineer,Terra Egypt -,"Sheikh Zayed, Giza, Egypt ","Business Development, Sales Engineering, Project Coordination, Technical Presentation, Market Research, Client Relationship Management, Product Knowledge (Finishing Materials)",On-site,Full Time,Entry Level,Confidential,1 month ago
Senior Marketing Spacialist,ICON Holding -,"Helwan, Cairo, Egypt ","E-Marketing, Marketing, Social Media, B2B Marketing, Administration, Business Administration",On-site,Full Time,Experienced,Confidential,1 month ago
Customer Service Representative with Spanish – Crypto Platform (Chat & Email),Conectys -,"Maadi, Cairo, Egypt ","Customer Support, live chat, crypto, spanish, Customer Service, Customer Care",Hybrid,Full Time,Entry Level,Confidential,1 month ago
Polish Customer Service Consultant,Pinnacle Business Services -,"Cairo, Egypt ","Customer Service, Customer Support, Communication, CRM, Call Center, Customer Satisfaction, NPS, Troubleshooting",Hybrid,Full Time,Entry Level,Confidential,1 month ago
Customer Service Representative with English – Crypto Platform (Chat & Email),Conectys -,"Maadi, Cairo, Egypt ","Customer Support, live chat, crypto, Customer Care, Customer Service, Business Administration",Hybrid,Full Time,Entry Level,Confidential,1 month ago
مهندس برمجيات,swakip -,"Maadi, Cairo, Egypt ","* HTML5, * CSS3, * JavaScript, * TypeScript, * React.js, * Next.js, * Node.js, MySQL, * Git & GitHub",On-site,Full Time,Experienced,Confidential,1 month ago
Senior Full Stack Developer,Bright Vision   -,"Giza, Giza, Egypt ","Computer Science, Information Technology (IT), Software Development, Information Systems",On-site,Full Time,Experienced,Confidential,1 month ago
Senior Graphic Designer,Artal Egypt -,"New Cairo, Cairo, Egypt ","Adobe illustrator, Advertising, Graphic, Creative, Adobe Photoshop, Motion Graphics, HTML, Graphic Design, Design",On-site,Full Time,Experienced,Confidential,1 month ago
Procurement Engineer ( Mechanical - Infra ),Confidential -,"New Cairo, Cairo, Egypt ","Engineering, Mechanical, Procurement, Purchasing",On-site,Full Time,Experienced,Confidential,1 month ago
Project Engineer (Mechanical - Infra),Confidential -,"New Cairo, Cairo, Egypt ","Engineering, Mechanical, Project Management, Project",On-site,Full Time,Experienced,Confidential,1 month ago
Senior Architecture Site Engineer – Hospitality Projects (Hurghada),ACE Consulting Engineers  (Moharram - Bakhoum  -,"Hurghada, Red Sea, Egypt ","Architecture, Engineering, Hospitality, Project Management",On-site,Full Time,Experienced,Confidential,1 month ago
Senior Treasury Accountant,BariQ -,"6th of October, Giza, Egypt ","Financial Management, Financial Analysis, Microsoft Excel, Finance, Reporting, Banking, Accounting, Treasury",On-site,Full Time,Experienced,Confidential,1 month ago
"Senior Mechanical Design Engineer ""Technical Office""",ICON Holding -,"Helwan, Cairo, Egypt ","AutoCAD, Design, Engineering, Mechanical, Mechanical Design, Mechanical Engineering, Microsoft Office, Revit, Revit MEP",On-site,Full Time,Experienced,Confidential,1 month ago
Corporate Sales Manager,Your Parts -,"Maadi, Cairo, Egypt ","Corporate Sales, Customer Service, Sales Target, Sales",Hybrid,Full Time,Experienced,Confidential,1 month ago
Senior Financial Planning & Analysis,ICON Holding -,"Helwan, Cairo, Egypt ","Accounting, Analysis, Finance, Financial, Financial Analysis, Financial Management, Financial Planning, Budgeting, Business Administration",On-site,Full Time,Experienced,Confidential,1 month ago
Senior HR Specialist,Tatas -,"Abdeen, Cairo, Egypt ","HR Specialist, Recruitment, Personnel, Payroll, Human Resources, Management, Human Resources (HR), HR, Microsoft Office",On-site,Full Time,Experienced,Confidential,1 month ago
Human Resources Supervisor (Construction),Confidential -,"Cairo, Egypt ","Construction, Human Resources, Microsoft Office, Personnel, Recruitment",On-site,Full Time,Experienced,Confidential,1 month ago
Accounting Manager (Construction),Confidential -,"Cairo, Egypt ","Accounting, Finance, Financial Analysis, Financial Management",On-site,Full Time,Manager,Confidential,1 month ago
Sales Marketing Executive,Real stone and kitchens -,"New Cairo, Cairo, Egypt ","Sales, Computer Skills, Communication, Marketing, Design, Microsoft Office, Sales Target, Negotiation",On-site,Full Time,Entry Level,Confidential,1 month ago
Internal Audit Specialist,Mersal  -,"Maadi, Cairo, Egypt ","Auditing, Accounting, Risk Assessment, Compliance & Regulatory Review, Administration, Business Administration, Commerce, Finance, Financial Analysis",On-site,Full Time,Experienced,Confidential,1 month ago
Senior Mechanical Site Engineer,New Plan  -,"New Capital, Cairo, Egypt ","AutoCAD, Communication, Engineering, HVAC, Mechanical, Mechanical Engineering, Site Engineering, Mechanical, Electrical, and Plumbing",On-site,Full Time,Experienced,Confidential,1 month ago
System Administrator,Sega_m -,"10th of Ramadan City, Sharqia, Egypt ","Computer Science, Engineering, Information Technology (IT), System Administration",On-site,Full Time,Entry Level,Confidential,1 month ago
Domestic Distribution Supply Chain Intern - Graduates,Prometeon tyres group – Egypt -,"Ameria, Alexandria, Egypt ","Export, Logistics, Supply Chain, Administration, Supply, Supply Management, Certified Supply Chain Professional",Hybrid,Internship,Entry Level,Confidential,1 month ago
Legal Affairs,Confidential -,"New Cairo, Cairo, Egypt ","Legal Affairs, Microsoft Office, Real Estate, Regulations",On-site,Full Time,Experienced,Confidential,1 month ago
Production Planning Specialist,Agthia Egypt -,"Alsadat City, Monufya, Egypt ","Planning, Production Planning, Production, Analysis, Microsoft Excel, Microsoft Powerpoint, ERP System",On-site,Full Time,Experienced,Confidential,1 month ago
Business Development Specialist (Bani Swief Branch),Industrial Modernisation Centre (IMC) -,"Beni Suef, Egypt ","Business Development, Engineering, Development",Hybrid,Full Time,Experienced,Confidential,1 month ago
Planning Engineer,TRAVCO GROUP -,"Sheikh Zayed, Giza, Egypt ","Project Scheduling, Primavera P6, MS Project, Civil Engineering, Construction, Engineering, Planning, Communication",On-site,Full Time,Experienced,Confidential,1 month ago
Digital Marketing Specialist,Zyntra Digital  -,"Hadayek Alahram, Giza, Egypt ","Digital Marketing, E-Marketing, Marketing, Social Media, Communication, Online Marketing",On-site,Full Time,Entry Level,Confidential,1 month ago
Technical Office Enginner,Zain for Interior deisgn -,"Cairo, Egypt ","AutoCAD, Microsoft Office, Technical Office",Remote,Freelance / Project,Experienced,Confidential,1 month ago
R&D Engineer,Alex form -,"Alexandria, Egypt ","R&D, Engineering, Design",On-site,Full Time,Entry Level,Confidential,1 month ago
Sales & Distribution Lead,Nexo -,"New Cairo, Cairo, Egypt ","FMCG Sales, Sales Management, Account Management, Distribution, Modern Trade, Retail Sales, Microsoft Excel, Sales Planning",Hybrid,Full Time,Manager,Confidential,1 month ago
Treasury Section Head,Goldentex -,"10th of Ramadan City, Cairo, Egypt ","Financial Analysis, Accounting, Analysis, Treasury, Finance, Cash Management, Management, Leadership",On-site,Full Time,Manager,Confidential,1 month ago
Trade Marketing Manager,Confidential -,"Hawamdeyya, Giza, Egypt ","Trade marketing, Marketing, Trade, FMCG Sales, Coffee Category, fmcg marketing, FMCG",On-site,Full Time,Manager,Confidential,1 month ago
Routing Supervisor- (Sales Planning),Arma-HSA -,"New Cairo, Cairo, Egypt ","Business Analysis, Business Analytics, Business Planning, Sales Planning",On-site,Full Time,Experienced,Confidential,1 month ago
Mechanical Section Head,Confidential -,"Cairo, Egypt ","Engineering, Mechanical Engineering",On-site,Full Time,Experienced,Confidential,1 month ago
Data Analysis Accountant,ARX Developments  -,"Cairo, Egypt ","Accounting, Commerce, Finance, Financial, Financial Analysis, Real Estate, Financial Management, Data Analysis",On-site,Full Time,Experienced,Confidential,1 month ago
Technical Office Engineer,Borg El Arab for Steel Fabrication -,"Bourj Alarab, Alexandria, Egypt ","SolidWorks, PowerMILL, Engineering, Microsoft Office, Technical Office, Mechanical, Mechanical Engineering",On-site,Full Time,Experienced,Confidential,1 month ago
Industrial Sector Technical Sales Lead,Advanced Engineering Consultations -,"Giza, Egypt ","Business Development, Engineering",On-site,Full Time,Experienced,Confidential,1 month ago
Digital Solutions Sales Lead,Advanced Engineering Consultations -,"Giza, Egypt ","Sales, Lead Generation, Business Development",On-site,Full Time,Experienced,Confidential,1 month ago
Backend Developer,Advanced Engineering Consultations -,"Giza, Egypt ","Software Development, Software Engineering",On-site,Full Time,Entry Level,Confidential,1 month ago
Senior PV Design Engineer,Advanced Engineering Consultations -,"Giza, Egypt ","PV, Renewable Energy, Solar Energy, Solar PV",On-site,Full Time,Experienced,Confidential,1 month ago
Testing & Commissioning engineer,Advanced Engineering Consultations -,"Giza, Egypt ","Commissioning, Testing, Software Testing",On-site,Full Time,Entry Level,Confidential,1 month ago
Fleet Operations Manager,Confidential -,"Beni Suef, Beni Suef, Egypt ","Fleet Management, Vehicle Maintenance, Mechanical Engineering, Total Productive Maintenance, Maintenance Engineering, Heavy-Duty Vehicles, Heavy Equipment",On-site,Full Time,Experienced,Confidential,1 month ago
Part-Time Online English Instructor,Berlitz Egypt -,"Abbassia, Cairo, Egypt ","English Language, Languages, Linguistics, Training, Teaching, Education, Communication Skills, Computer Skills",Remote,Part Time,Entry Level,Confidential,1 month ago
VSAT NOC Technical Support Engineer,Mobi Egypt -,"Cairo, Egypt ","Communication, CCNA, Communication Engineering, Networking, Technical Support, Engineering, VSAT, Root Cause Analysis, NOC",On-site,Full Time,Entry Level,Confidential,1 month ago
Senior Oracle HCM Consultant,Confidential -,"Maadi, Cairo, Egypt ","Computer Science, HCM, Information Technology (IT), Oracle, Consulting, Design, HR, Management",Hybrid,Full Time,Experienced,Confidential,1 month ago
Cost Accountant ( E-Commerce ),El Tawheed We El Noor - التوحيد والنور  -,"Giza, Egypt ","E-Commerce, ERP, Cost Accounting, Retail",On-site,Full Time,Experienced,Confidential,1 month ago
accountant,AlMaraag for Real Estate Development  -,"Rehab City, Cairo, Egypt ","Accounting, Data Analysis, Cost Analysis, Cost Control, Financial Reporting, Budgeting, Project Accounting, Microsoft Excel, Attention to Detail",On-site,Full Time,Entry Level,Confidential,1 month ago
Design Management Team Leader,Square Engineering Firm -,"Madinaty, Cairo, Egypt ","Design, Management",On-site,Full Time,Manager,Confidential,1 month ago
Junior Accountant,Manzzeli.com  -,"Cairo, Egypt ","Financial Analysis, Accounting, Microsoft Office, Analysis, ERP, Finance, Financial, Odoo, Odoo ERP",On-site,Full Time,Experienced,Confidential,1 month ago
Online Freelance English Teacher (Remote),51Talk Headquaters -,"Maadi, Cairo, Egypt ","English Teaching, Online Teaching, Online Education, Training, Communication, Presentations, Teaching, Tutoring",Remote,Freelance / Project,Student,Confidential,1 month ago
Design Management Department Manager,Square Engineering Firm -,"Madinaty, Cairo, Egypt ","Design, Design Management, Project Management, Engineering",On-site,Full Time,Senior Management,Confidential,1 month ago
Aftersales Trainer,GB Corp -,"Abu Rawash, Giza, Egypt ","Training, Engineering",On-site,Full Time,Experienced,Confidential,1 month ago
Accounts Receivable & Collection Accountant,Turath Real Estate  -,"Obour City, Cairo, Egypt ","Accounting, Accounts Receivable, Collection, Financial Analysis, Commerce, ERP, Finance, Financial, Microsoft Excel",On-site,Full Time,Entry Level,Confidential,1 month ago
Warehouse Manager,Confidential -,"Nasr City, Cairo, Egypt ","Logistics, Supply Chain, Warehousing",On-site,Full Time,Manager,Confidential,1 month ago
Full Stack Developer,Confidential -,"Cairo, Egypt ","Computer Science, Python, React Native, React, cicd, JavaScript, Information Technology (IT), Angular, Git",Remote,Full Time,Experienced,Confidential,1 month ago
Junior Accountant,El Helal Trading and Importing Co -,"New Cairo, Cairo, Egypt ","Accounting, Finance, Financial Analysis, Microsoft Office, Bookkeeping, General Ledger, Reconciliation, Data Entry, Attention to Detail",On-site,Full Time,Entry Level,Confidential,1 month ago
CNC Engineer,Confidential -,"Obour City, Cairo, Egypt ","CNC Programming, CAD/CAM Software, Mechanical Engineering, Technical Drawing Interpretation, Production Planning, CAD/CAM",On-site,Full Time,Experienced,Confidential,1 month ago
Store Controller/ Store Keeper,Power Solutions -,"6th of October, Giza, Egypt ","Stock Control, Time Management, Record Keeping, Teamwork, Inventory Management, Safety Compliance, Problem Solving, Attention to Detail, Warehouse Operations",On-site,Full Time,Entry Level,Confidential,1 month ago
Senior HIS Implementer,Millensys -,"New Cairo, Cairo, Egypt ","Information Technology (IT), Health Care, HIS",On-site,Full Time,Experienced,Confidential,1 month ago
Chemical Engineer,Rubex Egypt -,"Bourj Alarab, Alexandria, Egypt ","Chemical Engineering, Chemistry, Engineering",On-site,Full Time,Manager,Confidential,1 month ago
General Manager,Confidential -,"Bourj Alarab, Alexandria, Egypt ","Finance, Financial Management",On-site,Full Time,Senior Management,Confidential,1 month ago
Senior HR Generalist,Agri venture -,"New Cairo, Cairo, Egypt ","Human Resources (HR), Recruitment, Personnel, Administration, Business Administration, Human Resources, Microsoft Office",On-site,Full Time,Experienced,Confidential,1 month ago
Founding Engineering Manager (Cairo),Lato -,"Cairo, Egypt ","Software Engineering, Software Development, Team management, Team Leadership, People Management, Team Coaching, Technical Management",On-site,Full Time,Manager,Confidential,1 month ago
R&D Manager,Midea Group -,"Alsadat City, Monufya, Egypt ","Engineering, Project Management, Mechanical Engineering, Development, Electrical Engineering, Manufacturing, Mechanical",On-site,Full Time,Manager,Confidential,1 month ago
Wordpress Developer,Xontel -,"Glim, Alexandria, Egypt ","WordPress, HTML, CSS, JavaScript, PHP, WooCommerce, SEO, plugins",On-site,Full Time,Experienced,Confidential,1 month ago
Sr. Graphic Designer,Flyin.com -,"Cairo, Egypt ","Adobe illustrator, Graphic Design, Design, Adobe Photoshop, Digital Marketing, Creative, Advertising",On-site,Full Time,Experienced,Confidential,1 month ago
Media Buyer,Bouri Group -,"New Cairo, Cairo, Egypt ","Digital Marketing, Marketing, Social Media, Ads, Advertising, Google Ads, Google Analytics, Media Buying",On-site,Full Time,Experienced,Confidential,1 month ago
Head Of Operations,Midea Group -,"Alsadat City, Monufya, Egypt ","Management, Operations Management, Transportation, Administration, Business Administration, Engineering, Logistics, Manufacturing",On-site,Full Time,Manager,Confidential,1 month ago
Mechanical Technical Office Engineer,Egyptian Engineering Company -,"6th of October, Giza, Egypt ","Mechanical, Mechanical Engineering, Pressure Vessels, PV, Steel Structure, Manufacturing Process",On-site,Full Time,Experienced,Confidential,1 month ago
Fresh Real Estate Sales Agent,The Address Investments for Real Estate Consultancy -,"Cairo, Egypt ","Sales, Sales Field, Outdoor Sales, Customer Service, Real Estate, Sales Target, Marketing, Market Research, Customer Service Management",On-site,Full Time,Entry Level,Confidential,1 month ago
Product Manager GrandStream,Brand Connection -,"New Cairo, Cairo, Egypt ","Business Development, Communication, Information Technology (IT), Marketing, Networking, Product Management, Development",On-site,Full Time,Manager,Confidential,1 month ago
Senior Customer Experience Specialist,Tawfeer -,"Maadi, Cairo, Egypt ","Communication, CRM, Analysis, Customer Care, Customer Experience, Customer Service, Customer Support, Conflict Resolution, Communication Skills",Hybrid,Full Time,Entry Level,Confidential,1 month ago
IT Help Desk Specialist,Afaqy -,"Maadi, Cairo, Egypt ","Firewall sophos XGS, Fortinet Firewall, Windows Server, Linux, Ubuntu, Domain Join, Leave and Group Policy Management., Active Directory Users & Computers management., Antivirus Management Kaspersky",On-site,Full Time,Experienced,Confidential,1 month ago
Real Estate Sales Team Leader,The Perfect Five Investment -,"Cairo, Egypt ","Real Estate, Real Estate Sales, Sales, Sales Target, Brokerage, Communication, Leadership",On-site,Full Time,Manager,Confidential,1 month ago
Specification Specialist,Partner & More -,"Downtown, Cairo, Egypt ","Technical Office Engineering, Technical Sales, Construction Project Management",On-site,Full Time,Experienced,Confidential,1 month ago
Cost Accountant,Agri venture -,"New Cairo, Cairo, Egypt ","Accounting, Cost Accounting, Finance, Financial, Financial Analysis, ERP, Manufacturing, Reporting",On-site,Full Time,Experienced,Confidential,1 month ago
Sales B2B,Guzturk -,"Cairo, Egypt ","B2B, Sales, Sales Target, B2B Sales, Communication, Microsoft Office, Negotiation",On-site,Full Time,Experienced,Confidential,1 month ago
Medical Sales Representative - Giza,Orthomedics -,"Faisal, Giza, Egypt ","Medical, Medical Sales, Sales Target, Medical Devices Sales, Pharmaceutical, Outdoor Sales, Veterinary Medicine",On-site,Full Time,Entry Level,Confidential,1 month ago
Senior Accountant,Agri venture -,"New Cairo, Cairo, Egypt ","Accounting, Finance, Financial Analysis, Financial Management, ERP, Financial, Manufacturing, Odoo, Tax",On-site,Full Time,Experienced,Confidential,1 month ago
Direct Sales Agent (Hurghada-Cairo -Alex),Confidential -,"Red Sea, Egypt ","Sales, Retail, Sales Skills, Sales Target, Arabic, English, Customer Service",On-site,Full Time,Entry Level,Confidential,1 month ago
Operations Manager,Confidential -,"Cairo, Egypt ","Management, fintechnology, Business Operations, Reporting, Sales, Supply Chain",On-site,Full Time,Manager,Confidential,1 month ago
General Accountant,FRIDAL -,"6th of October, Giza, Egypt ","Accounting, Finance, Financial Analysis, Financial Management, General Accounting, Financial, Financial Reporting, MS Office, Reporting",On-site,Full Time,Entry Level,Confidential,1 month ago
Senior Electrical Site Engineer,Modern Controls  -,"Giza, Egypt ","Electrical, Electrical Site, Electrical Engineering, Engineering, AutoCAD, Mechanical Engineering",On-site,Full Time,Experienced,Confidential,1 month ago
Senior Mechanical Estimator,IKK GROUP (KCG -ABUILD) -,"Cairo, Egypt ","Mechanical Engineering, Engineering, Construction, mechanical estimator, Cost Estimation",On-site,Full Time,Manager,Confidential,1 month ago
Senior Electrical Estimator,IKK GROUP (KCG -ABUILD) -,"Cairo, Egypt ","Electrical Engineering, Cost Estimation, Construction, Engineering Field, Engineering, Mechanical Engineering, Sales",On-site,Full Time,Experienced,Confidential,1 month ago
Civil Engineer,Confidential -,"Maadi, Cairo, Egypt ","Civil Engineering, Engineering, Construction, Architecture",On-site,Full Time,Entry Level,Confidential,1 month ago
Interior Designer,Heaven Architects -,"6th of October, Giza, Egypt ","Architecture, Engineering, Architectural Design, Revit Architecture, Autodesk 3ds Max, Lumion, Shop Drawings, 3D Modeling, Architecture Design",On-site,Full Time,Experienced,Confidential,1 month ago
Sales Engineer - Commercial Vehicles,GB Corp -,"Cairo, Egypt ","Engineering, Communication, Sales",On-site,Full Time,Entry Level,Confidential,1 month ago
Human Resources Supervisor,SYE English Community -,"Dokki, Giza, Egypt ","Recruitment, Human Resources (HR), Personnel, HR Diploma, Training, Microsoft Office, HR Supervisor",On-site,Full Time,Experienced,Confidential,1 month ago
CRM Section Head,Confidential -,"Cairo, Egypt ","CRM, Commerce, Management",On-site,Full Time,Experienced,Confidential,1 month ago
Events Specialist,Egyptian Company for Cosmetics -,"Nasr City, Cairo, Egypt ","Marketing, Public Relations, Event Management, Events Organizing, Events Coordination",On-site,Full Time,Experienced,Confidential,1 month ago
Pharmacy Manager,El sheefa pharmacy -,"Helmeyat Alzaytoun, Cairo, Egypt ","Team Leadership, Pharmacy Management, Pharmacy, Sales, Problem Solving, Inventory Control, Management",On-site,Full Time,Manager,Confidential,1 month ago
Budget and Cost Controller,الشرقية للضفائر الكهربائية -elsharkia for electric wiring harness  -,"Belbes, Sharqia, Egypt ","Cost Control, Accounting, Finance, Analysis, Budgeting, Engineering, Financial Analysis, Microsoft Excel, Reporting",On-site,Full Time,Senior Management,Confidential,1 month ago
Sr. Relationship Manager - SME (Beni Suef),Aman   -,"Beni Suef, Beni Suef, Egypt ","Customer Care, Sales, SME, Direct Sales",On-site,Full Time,Experienced,Confidential,1 month ago
Sr. Relationship Manager - SME (Qena),Aman   -,"Qena, Qena, Egypt ","Customer Care, Sales, SME, Direct Sales, Customer Service",On-site,Full Time,Experienced,Confidential,1 month ago
Sales Representative,Heim Foods -,"Cairo, Egypt ","Sales, Customer Service, Sales Target, Negotiation, Client Relationship Management, Product Knowledge, Communication Skills, Problem-Solving, Strategic Selling",On-site,Full Time,Experienced,Confidential,1 month ago
Senior Accountant Manager,Manzzeli.com  -,"Cairo, Egypt ","Financial Accounting, Financial Data Analysis, Vendor Management, Accounting, Communication, Customer Service, ERP, Finance, Financial Analysis",On-site,Full Time,Senior Management,Confidential,1 month ago
Sr. Relationship Manager - SME (Suhag),Aman   -,"Sohag, Sohag, Egypt ","Customer Care, Sales, SME",On-site,Full Time,Experienced,Confidential,1 month ago
Senior ERP Sales Executive,Aldabboos Group      -,"Sheraton, Cairo, Egypt ","Communication, ERP, CRM, Odoo, IT, sales skills, Software",Hybrid,Full Time,Experienced,Confidential,1 month ago
Senior Relationship Manger - SME (Assuit),Aman   -,"Assuit, Assiut, Egypt ","Sales, Sales Target, Communication",On-site,Full Time,Experienced,Confidential,1 month ago
Performance Marketing Specialist with graphic design experience,NILUFER -,"Maadi, Cairo, Egypt ","Design, E-Marketing, Graphic Design, Marketing, Google Ads, Google Analytics, meta ads",On-site,Full Time,Experienced,Confidential,1 month ago
Sales and Marketing Specialist,Otak -,"Heliopolis, Cairo, Egypt ","Sales, AI, Marketing, Microsoft Word, Microsoft Excel, Sales Target, Client Support, Negotiation",On-site,Full Time,Experienced,Confidential,1 month ago
French Customer Service Representative,Mico World Limited -,"Maadi, Cairo, Egypt ","Customer Care, Customer Support, Customer Service, Sales, French Language, Communication Skills, Problem-Solving, Active Listening, Conflict Resolution",On-site,Full Time,Entry Level,Confidential,1 month ago
Spare Parts Senior Sales Representative,GB Corp -,"Obour City, Cairo, Egypt ","Communication skills, Negotiation Skills, English, Microsoft Office, Sales, Sales Skills, Sales Target",On-site,Full Time,Experienced,Confidential,1 month ago
Senior B2B Sales Executive,IBS -,"Nasr City, Cairo, Egypt ","B2B Sales, Communication, Negotiation, Sales Target",On-site,Full Time,Experienced,Confidential,1 month ago
Sales Executive,Mrkoon -,"Maadi, Cairo, Egypt ","Sales, Customer Service",On-site,Full Time,Entry Level,Confidential,1 month ago
Site Accountant,Alunaut -,"Nasr City, Cairo, Egypt ","Accounting, Finance, Financial Analysis, Budgeting, Forecasting, Auditing, General Ledger Management, Financial Reporting, Tax Compliance",On-site,Full Time,Experienced,Confidential,1 month ago
Junior Tender Architecture Technical Office Engineer,Adcon construction -,"Sheraton, Cairo, Egypt ","Architecture, AutoCAD, Engineering, Technical Office, Microsoft Office, Primavera, Architectural Engineering, Tendering",On-site,Full Time,Experienced,Confidential,1 month ago
Procurement Specialist,Nile University -,"6th of October, Giza, Egypt ","Procurement, Purchasing, Logistics, Business Administration, ERP System",On-site,Full Time,Experienced,Confidential,1 month ago
finance and auditor section head,EAMIC -,"Heliopolis, Cairo, Egypt ","Accounting, Financial Analysis, Financial Management, Auditing, CTP, Compliance, Risk Management, Budgeting, Financial Reporting",On-site,Full Time,Manager,Confidential,1 month ago
Electrical Engineer,5 Star -,"Ataqah, Suez, Egypt ","Electrical system design, Electrical Installation, Electrical Maintenance, Electrical troubleshooting, Mechanical Engineering, Computer Skills, Electrical Engineering, Engineering",On-site,Full Time,Experienced,Confidential,1 month ago
Voice Over Specialist,Confidential -,"Cairo, Egypt ","voice over, Sound Editing, Audio Editing, Animation",On-site,Full Time,Entry Level,Confidential,1 month ago
Export Officer,New Marina Plast    -,"Bourj Alarab, Alexandria, Egypt ","Sales, Sales Target, Customer Service, Communication Skills, Negotiation, Product Knowledge, Client Relationship Management, CRM Software",On-site,Full Time,Experienced,Confidential,1 month ago
Human Resource Business Partner,Aman   -,"Maadi, Cairo, Egypt ","Human Resources (HR), Recruitment",On-site,Full Time,Entry Level,Confidential,1 month ago
Sales Manager,Auto Truck Co. For Auto Feeding Industries -,"10th of Ramadan City, Sharqia, Egypt ","Sales Strategies, Customer Service, Sales Target, B2B Sales, B2B Marketing, commercial vehicle spare parts, Business Development",On-site,Full Time,Manager,Confidential,1 month ago
Cost Accountant,Univest -,"Giza, Egypt ","Costing & Cost Analysis, Cost Accounting, Manufacturing Cost Reporting, Financial Reporting, Inventory Management, Budgeting, Variance Analysis, ERP Systems, Microsoft Excel",On-site,Full Time,Experienced,Confidential,1 month ago
Trade Marketing Manager,Confidential -,"Sharqia, Egypt ","Market Research, Marketing, Sales, Trade, Trade marketing, Social Media",On-site,Full Time,Manager,Confidential,1 month ago
Senior Pricing & Cost Engineer (Woodworks & Furniture)*,module streamline -,"6th of October, Giza, Egypt ","AutoCAD, Cost Estimation, Pricing, Microsoft Excel, Engineering, Architecture, Civil Engineering, Construction, Project Management",On-site,Full Time,Experienced,Confidential,1 month ago
Sr. Full Stack Developer (.NET & Angular),Roaya -,"Maadi, Cairo, Egypt ","Angular, Computer Science, Information Technology (IT), Software Development, JavaScript, .Net, CSS3, Engineering, Git",On-site,Full Time,Experienced,Confidential,1 month ago
Senior HR Specialist,Zamil Steel Buildings Co -,"6th of October, Giza, Egypt ","Human Resources Management, HR Policies and Compliance, Communication, Teamwork, Payroll and Benefits Administration, Problem Solving, HRIS/Data Management, Human Resources",On-site,Full Time,Experienced,Confidential,1 month ago
Senior Organizational Development Specialist,Target for Chemicals industry and trade -,"Bourj Alarab, Alexandria, Egypt ","Organization Development, Human Resources (HR), Human Resources Development, Talent management, Talent assessment, Organizational Planning, Organizational Structure",On-site,Full Time,Experienced,Confidential,1 month ago
Compensation & Benefits Lead,STM -,"Cairo, Egypt ","Compensation, Human Resources (HR), Administration, Business Administration, Finance, Human Resources, HR, Management, Payroll",On-site,Full Time,Experienced,Confidential,1 month ago
Marketing Advisor,Foto Tech -,"Mounib, Giza, Egypt ","Customer Support, Marketing, Sales, Marketing Strategy, Online Marketing, Digital Marketing",On-site,Full Time,Experienced,Confidential,1 month ago
Accounting Supervisor - Concrete Factory,TRAVCO GROUP -,"Hurghada, Red Sea, Egypt ","Accounting, Finance, Financial Analysis, Financial Management, Ready Mix Concrete, Construction, Factory Management, Concrete Manufacturing, Communication",On-site,Full Time,Manager,Confidential,1 month ago
Senior E Commerce Specialist,El Tawheed For Advanced Industries ( sparkle shampoo) -,"Sheraton, Cairo, Egypt ","E-Commerce Strategy, Digital Marketing, Content Management, Online Merchandising, Customer Experience Optimization, Market Research",On-site,Full Time,Experienced,Confidential,1 month ago
R&D Engineer,EGIC -,"6th of October, Giza, Egypt ","R&D, Chemistry, Material Science, Mechanical Engineering, Science, CAD, Project Management, Business Analysis",On-site,Full Time,Entry Level,Confidential,1 month ago
BI Developer,Global Brands -,"Cairo, Egypt ","BI, Computer Science",Hybrid,Internship,Entry Level,Confidential,1 month ago
Lead Architect,Albawani | البواني -,"Heliopolis, Cairo, Egypt ","Engineering, Construction, Construction Engineering, Contracting, Architectural Engineering, Architecture, Autodesk Revit, Shop Drawings, Leadership Management",On-site,Full Time,Manager,Confidential,1 month ago
Business Development Executive,Confidential -,"Cairo, Egypt ","Business Development, Sales, Sales Target, Lead Generation, Client Acquisition",Remote,Full Time,Experienced,Confidential,1 month ago
Key Accounts Manager,Abela Egypt -,"Agouza, Giza, Egypt ","Key Account, sales skills, Customer Service, Business Administration, Sales Target",On-site,Full Time,Experienced,Confidential,1 month ago
Commercial Department Manager,Confidential -,"New Cairo, Cairo, Egypt ","Construction Management, Technical Office Engineering, Commercial Management, Management, Construction, Engineering",On-site,Full Time,Manager,Confidential,1 month ago
Senior Business Analyst,Egabi FSI  -,"Sheraton, Cairo, Egypt ","Business Analyst, Computer Science, Business Analysis, Information Technology (IT), English, Testing, Analysis",On-site,Full Time,Experienced,Confidential,1 month ago
Sales Lead - Banking/ Fintech Solutions,Egabi FSI  -,"Sheraton, Cairo, Egypt ","business, Sales, Finance, Communication, sales skills, Sales Target, Software",On-site,Full Time,Experienced,Confidential,1 month ago
Senior .Net Developer,Egabi FSI  -,"Sheraton, Cairo, Egypt ","Information Technology (IT), Computer Science, ASP.NET, MS SQL, MS SQL Server, javaScript, C#, .NET",On-site,Full Time,Experienced,Confidential,1 month ago
Tendering Department Manager,Confidential -,"New Cairo, Cairo, Egypt ","Tendering, Project Estimation, Management, Architecture, Civil Engineering, Construction, AutoCAD, Engineering",On-site,Full Time,Manager,Confidential,1 month ago
Senior Data Scientist,Egabi FSI  -,"Sheraton, Cairo, Egypt ","Computer Science, Data Mining, Data Science, data scientist, Hadoop, Machine Learning, Python, SQL",On-site,Full Time,Experienced,Confidential,1 month ago
Senior Frontend Developer- Angular,Egabi FSI  -,"Sheraton, Cairo, Egypt ","Computer Science, Information Technology (IT), javaScript, CSS, CSS3, Software Development, Angular2+, Angular",On-site,Full Time,Experienced,Confidential,1 month ago
Senior Accountant,NoorNation -,"Giza, Egypt ","Financial Management, Cost Control, Auditing, Cash Flow Management, Financial Reporting",On-site,Full Time,Experienced,Confidential,1 month ago
IT Help Desk,Confidential -,"Ataqah, Suez, Egypt ","Information Technology (IT), Computer Science, Communication, Networks, Operating Systems, Technical Support",On-site,Full Time,Experienced,Confidential,1 month ago
Clinical Pharmacist,Saudi German Hospital  -,"New Nozha, Cairo, Egypt ","Clinical Pharmacy, Clinical, Healthcare, Medical, Pharmaceutical, Pharma, Pharmacy",On-site,Full Time,Experienced,Confidential,1 month ago
Construction Accountant,Blue Sky Real Estate -,"Nasr City, Cairo, Egypt ","Accounting, Finance, Financial Analysis, Construction",On-site,Full Time,Experienced,Confidential,1 month ago
Junior B2B Sales Associate (Alexandria Only),Confidential -,"Alexandria, Egypt ","B2B Sales, Business Development, Account Management, Sales Executive, Sales Associate, Telesales, Direct Sales",On-site,Full Time,Entry Level,Confidential,1 month ago
Operations Excellence Director,Valmore Holding -,"New Cairo, Cairo, Egypt ","Operations Management, Management, Project Management, Administration, Business Administration, Engineering, Logistics, Manufacturing, Microsoft Excel",On-site,Full Time,Experienced,Confidential,1 month ago
Accountant,Ateco -,"Heliopolis, Cairo, Egypt ","Accounting, Finance, Financial Management, Auditing, Taxation, Budgeting, Financial Reporting, Microsoft Excel, ERP Systems",On-site,Full Time,Experienced,Confidential,1 month ago
Project Controls Senior Manager,Valmore Holding -,"New Cairo, Cairo, Egypt ","Operations Management, Management, Project Management, Project, Computer Science, Engineering, Information Technology (IT), Manufacturing",On-site,Full Time,Experienced,Confidential,1 month ago
Graphic Designer - Remote,Zuccess -,"Cairo, Egypt ","Microsoft Excel, Adobe illustrator, Adobe Photoshop, Analysis, Communication, Design, Graphic Design",Remote,Full Time,Experienced,Confidential,1 month ago
Senior Business Developer.,Confidential -,"Cairo, Egypt ","Business Development, Medical Sales, B2B, B2B Sales, Communication, Computer Science, CRM, Development",On-site,Full Time,Experienced,Confidential,1 month ago
Technical Office Engineer,Arabtec -,"Alamein, Matruh, Egypt ","Engineering, Technical Office, Construction, Architectural Engineering, Civil Engineering, Structure, Computer Science, Information Technology (IT), Management",On-site,Full Time,Entry Level,Confidential,1 month ago
Summer Internship - Retail 2026,Union Group -,"Obour City, Cairo, Egypt ","Business Development, Business Administration, Web Advertising, Sales, Human Resource Management (HRM)",On-site,Internship,Entry Level,Confidential,1 month ago
Senior Video Editor/ Graphic Designer,فلوروز -,"Maadi, Cairo, Egypt ","Video Editing, Motion Graphics, Graphic Design, Creative Design",On-site,Full Time,Experienced,Confidential,1 month ago
Senior Commerical Civil,SHERIF EL-GOHARY & CO. -,"Mohandessin, Giza, Egypt ","Architecture, Civil Engineering, Construction, Engineering",On-site,Full Time,Experienced,Confidential,1 month ago
Procurement Officer,Arabella For Medical Technologies -,"Suez, Egypt ","Microsoft Office, Management, Supply Chain, negotiation skills, Supplier Relationship Management (SRM, Analysis Tools:, Project Management",On-site,Full Time,Experienced,Confidential,1 month ago
Operations Media Specialist,crew media service -,"Cairo, Egypt ","Operations Management, Microsoft Office, Microsoft Outlook, Reporting, Project Management, Process Improvement, Communication Skills, Data Analysis",On-site,Full Time,Entry Level,Confidential,1 month ago
Digital Marketing Instructor,E-xora -,"Giza, Egypt ","Digital Marketing, Social Media, Media Buying, Content Marketing, Coaching, E-Marketing, HubSpot, Marketing",Remote,Freelance / Project,Experienced,Confidential,1 month ago
Mechanical Technical Office Engineer,Envotech -,"Maadi, Cairo, Egypt ","AutoCAD, Engineering, Mechanical, Mechanical Engineering, Technical Office, Mechatronics, HVAC Systems, Fire Fighting Systems, Shop Drawings",On-site,Full Time,Entry Level,Confidential,1 month ago
Junior Creative Designer & Motion Graphics Specialist,Gahez Digital Marketing -,"Sheikh Zayed, Giza, Egypt ","Adobe illustrator, Adobe Photoshop, Creative, Design, Graphic Design, Motion, Motion Graphics, vedio",On-site,Full Time,Entry Level,Confidential,1 month ago
Production Manager,MEXILLA FOOD INDUSTRY -,"Alsadat City, Monufya, Egypt ","Production, Manufacturing",On-site,Full Time,Manager,Confidential,1 month ago
Die-Casting Production Section Head,Gest For Metals  -,"Sharqia, Egypt ","Engineering, Mechanical Engineering, Manufacturing, Production, Die-Casting",On-site,Full Time,Manager,Confidential,1 month ago
Sales Account Executive,El Mahdy Electric -,"10th of Ramadan City, Sharqia, Egypt ","Client Relations, Communication, Sales, Sales Target, Negotiation, Customer Service, Relationship Building, CRM Software",On-site,Full Time,Entry Level,Confidential,1 month ago
General Accountant,Orouba Misr -,"Smouha, Alexandria, Egypt ","Accounting, Accounting Software, Financial, Financial Management, Microsoft Excel",On-site,Full Time,Entry Level,Confidential,1 month ago
Head of CAD Operations (Clear Aligners - Dentistry),K Line Europe -,"Nasr City, Cairo, Egypt ","CAD, Medical Devices Sales, Medical Equipment, Medical Devices, Pediatric Dentistry, Dentistry",On-site,Full Time,Manager,Confidential,1 month ago
Software Sales Account Manager,Ark-Technology  -,"Shubra, Cairo, Egypt ","CRM, Sales Target, Sales, Sales Target Achievement, Software Sales, Customer Service, Client Relationship Management",On-site,Full Time,Experienced,Confidential,1 month ago
Senior Packaging Procurement Specialist,ABCO Group  -,"Bourj Alarab, Alexandria, Egypt ","Logistics, Packaging, Procurement, Purchasing, Supply Chain",On-site,Full Time,Experienced,Confidential,1 month ago
Director of Operational Excellence & Supply Chain,Confidential -,"Nasr City, Cairo, Egypt ","Logistics, Supply Chain, Operations Management, Standard Operating Procedure, Medical Engineering, Medical Devices Sales, Medical Equipment",Hybrid,Full Time,Senior Management,Confidential,1 month ago
Site Engineer Architect,SHERIF EL-GOHARY & CO. -,"Allamein, Matruh, Egypt ","Architecture, AutoCAD, Engineering",On-site,Full Time,Experienced,Confidential,1 month ago
General Accountant,rahala for import and export    -,"6th of October, Giza, Egypt ","Accounting, Accounting Software, Finance, Financial Analysis, ERP, Financial Management, General Accounting, Management",On-site,Full Time,Experienced,Confidential,1 month ago
Purchasing Specialist,etisal for advanced industries  -,"6th of October, Giza, Egypt ","Procurement, Purchasing, Supply Chain, Logistics",On-site,Full Time,Experienced,Confidential,1 month ago
Mechincal technician,Activa International -,"6th of October, Giza, Egypt ","Mechanical Engineering, Mechanical, Mechanical Maintenance",On-site,Full Time,Experienced,Confidential,1 month ago
Senior Media Buyer,rahala for import and export    -,"6th of October, Giza, Egypt ","Advertising, Digital Marketing, Management, Marketing, Media Buying, Social Media, Social Media Marketing, Marketing Strategy",On-site,Full Time,Experienced,Confidential,1 month ago
Sales,Happy Pack For Industry -,"Cairo, Egypt ","Customer Service, Sales, Sales Target Achievement, Client Relationship Management, Negotiation, Communication, CRM Software, Retail Sales, Market Analysis",On-site,Full Time,Experienced,Confidential,1 month ago
Senior Psychiatry.,Mersal  -,"Maadi, Cairo, Egypt ","Psychiatry, Medical, Diagnostic, Communication, Cultural, Healthcare",On-site,Full Time,Experienced,Confidential,1 month ago
Security Manager- Facility Management,Horizon Operation and Management  -,"New Capital, Cairo, Egypt ","Facility Management, Security, Management, Engineering, Administration, Information Technology (IT), Police, Safety",On-site,Full Time,Manager,Confidential,1 month ago
Content Writer,EBSS - Elite Business Solution Service -,"Tanta, Gharbia, Egypt ","Content Creation, Content Writing, Writing, Marketing, SEO, Digital Marketing, Social Media",Remote,Full Time,Experienced,Confidential,1 month ago
PLANTE MANAGER - GLASS,ICPM -,"Badr City, Cairo, Egypt ","Engineering, Manufacturing, Production",On-site,Full Time,Manager,Confidential,1 month ago
Design & Project Development Engineer,EAMIC -,"New Cairo, Cairo, Egypt ","Experience working with consultants, developers, and architectural firms. • Strong understanding of architectural finishing systems, decorative concrete, façade coatings, and industrial flooring solutions. • Experience in specification selling is highly p, Facad, Architectural Design, Specificaction, Construction Management, Adobe Photoshop, AutoCAD, Computer Science, Construction",On-site,Full Time,Experienced,Confidential,1 month ago
Curriculum Developer,Idea  -,"Sheikh Zayed, Giza, Egypt ","Curriculum Development, Instructional Design, Arabic Curriculum, English Curriculum, Math Curriculum, Foundational Learning, Learning Difficulties",Remote,Part Time,Manager,Confidential,1 month ago
HR & Admin Coordinator,SAMSUNG SDS (GLOBAL SCL EGYPT) -,"New Cairo, Cairo, Egypt ","Admin, Microsoft Office, adminstration, Computer Skills",On-site,Full Time,Experienced,Confidential,1 month ago
Admin Coordinator,Comet - Architects + Interiors -,"Cairo, Egypt ","Admin Coordinator, Administrative Coordinator, Office Administrator, Office Coordinator, Administrative Assistant, Executive Assistant, Office Management, Administration, Recruitment Coordination",On-site,Full Time,Entry Level,Confidential,1 month ago
CEO (Food & Beverage Industry),Confidential -,"Sharqia, Egypt ","Administration, Business Development, Strategic Planning, Development, Engineering, Manufacturing, MBA",On-site,Full Time,Senior Management,Confidential,1 month ago
Assistant Surveyor,PRE Group -,"New Cairo, Cairo, Egypt ","Surveying, Land Surveying, Surveying Engineering, Site Work, Geospatial Data, GIS, CAD Software, Topographic Surveying",On-site,Full Time,Experienced,Confidential,1 month ago
Junior Photographer,Nile University -,"Sheikh Zayed, Giza, Egypt ","Photography, Adobe illustrator, Photo Editing",On-site,Full Time,Entry Level,Confidential,1 month ago
Senior Site Engineer,PRE Group -,"New Cairo, Cairo, Egypt ","Construction supervision & site management, Structural & finishing works, Reading construction drawings & specifications, Site coordination & subcontractor management, Quality control & safety compliance, AutoCAD, Microsoft Office (Excel, Word, Outlook), Quantity take-off & basic cost control, Project scheduling & reporting",On-site,Full Time,Experienced,Confidential,1 month ago
Key Sales Manager,El Gezira Company for Importing & Exporting Red Meat -,"Cairo, Egypt ","sales, Client Relationship Management, business growth, HoReCa Sales, Hotel, Restaurant, Cafe",On-site,Full Time,Manager,Confidential,1 month ago
Senior Civil Technical Office Engineer,PRE Group -,"New Cairo, Cairo, Egypt ","Technical Drawing Review, Quantity Surveying, Cost Estimation, AutoCAD Proficiency, Problem-Solving, Team Coordination, Analytical Thinking, Residential Projects, Civil Engineering Principles",On-site,Full Time,Experienced,Confidential,1 month ago
Partnership Marketing Specialist,Ultimate Solutions Egypt -,"Sheikh Zayed, Giza, Egypt ","E-Marketing, Marketing, Social Media",On-site,Full Time,Entry Level,Confidential,1 month ago
German-speaking SAP Utilities Consultant,ITGoals -,"New Cairo, Cairo, Egypt ","SAP IS-U consulting, SAP Consulting, SAP IS-U Meter Reading, SAP IS-U Device Management, German Language (B1/B2+), customer-facing consulting roles",Remote,Full Time,Experienced,Confidential,1 month ago
"Senior Associate, Business Development",Nile University -,"Sheikh Zayed, Giza, Egypt ","Business Development, Partnership Management, grants, CRM",On-site,Full Time,Experienced,Confidential,1 month ago
Customs Clearance Operation Offcer,ALKAMAL FOR CUSTOMS CLEARANCE -,"6th of October, Giza, Egypt ","Logistics Operations, Operation, Operations Management, Customs Clearance, Supply Chain Management, Import/Export Procedures, Documentation, Problem-solving, Attention to Detail",On-site,Full Time,Entry Level,Confidential,1 month ago
Business Development Specialist,Iqrar ai -,"Cairo, Egypt ","Business Development, B2B Sales, Software Sales, Product Demo, LegalTech, AI Tools",Hybrid,Full Time,Experienced,Confidential,1 month ago
Credit & Collections Supervisor,Alarabia Group -,"10th of Ramadan City, Sharqia, Egypt ","Accounting, Collection, Finance, Analysis, Credit Analysis, ERP, Management",Hybrid,Full Time,Experienced,Confidential,1 month ago
Technical Civil Engineer,cairo contracting company  -,"Cairo, Egypt ","Architecture, Construction, Civil Engineering, Engineering, Project Management, Structural Analysis, Site Supervision, AutoCAD, Technical Documentation",On-site,Full Time,Experienced,Confidential,1 month ago
Call Center Agent And Moderator,Qpol fawry -,"Dokki, Giza, Egypt ","Agent, Call center agent, Customer Service, Call Center, Communication, Customer, CRM, Customer Care",On-site,Full Time,Experienced,Confidential,1 month ago
Technical Office Civil Engineer,cairo contracting company  -,"Cairo, Egypt ","Construction, Architecture, Civil Engineering, Engineering, Project Management, Structural Analysis, AutoCAD, Primavera P6, Site Supervision",On-site,Full Time,Experienced,Confidential,1 month ago
Field Service Egnineer,ADI Egypt -,"New Cairo, Cairo, Egypt ","Biomedical Engineering, Engineering Services, Medical, Good Laboratory Practice, Communication, Customer Service, Engineering, Maintenance",On-site,Full Time,Experienced,Confidential,1 month ago
Workshop Engineer,Masters Auto service Egypt -,"Cairo, Egypt ","Engineering, Maintenance, Workshop, Mechanical Engineering, Electrical Engineering, Troubleshooting, Preventive Maintenance, Diagnostic Tools",On-site,Full Time,Experienced,Confidential,1 month ago
SEO Expert,AB STUDIOS -,"Sheikh Zayed, Giza, Egypt ","SEO, Link Building, On-Page SEO, Competitive Analysis, AI Search Optimization (GEO), Content Strategy, Technical SEO, Google Analytics, Google Search Console",Remote,Full Time,Experienced,Confidential,1 month ago
CRM Manager (Background 3PL),Marbella For Food Industry  -,"6th of October, Giza, Egypt ","CRM and logistics software proficiency, CRM strategy development, Team leadership, Logistics and supply chain management, Customer Service, Communication, CRM Software, CRM",On-site,Full Time,Manager,Confidential,1 month ago
ICT Teacher,AlAlson Azhari Language Schools -,"Haram, Giza, Egypt ","Communication skills, Education, ICT, Information Technology (IT), Teacher, Teaching",On-site,Full Time,Experienced,Confidential,1 month ago
Human Resource Administrative,Eid Steel -,"6th of October, Giza, Egypt ","Administration, Human Resources (HR), Recruitment, Business Administration, Organizational Skills, Communication Skills, Employee Relations, HRIS, Onboarding",On-site,Full Time,Experienced,Confidential,1 month ago
AP Accountant,Olam SVI -,"6th of October, Giza, Egypt ","Accounting, AP, Finance, Financial Analysis, SAP, SAP Business One, SAP 2000",On-site,Full Time,Entry Level,Confidential,1 month ago
Maintenance Engineer (Real Estate ),Upwyde -,"New Cairo, Cairo, Egypt ","Engineering, Maintenance, Mechanical Engineering, Electrical Engineering, Mechatronics, Troubleshooting, Preventive Maintenance",On-site,Full Time,Experienced,Confidential,1 month ago
Senior Principal Engineer - Dry Utilities,Atkins Realis -,"Nasr City, Cairo, Egypt ","Engineering, Design, Electrical Engineering, AutoCAD, Computer Science, Development, Information Technology (IT), Software Development",On-site,Full Time,Experienced,Confidential,1 month ago
Accountant,Sega_m -,"10th of Ramadan City, Sharqia, Egypt ","Microsoft Excel, ERP System",On-site,Full Time,Entry Level,Confidential,1 month ago
Purchasing Coordinator,Olam SVI -,"6th of October, Giza, Egypt ","Logistics, Procurement, Purchasing, Supply Chain, ERP, ERP System, ERP Software",On-site,Full Time,Entry Level,Confidential,1 month ago
Secretary,Dar elhandasa -,"Sidi Bishr, Alexandria, Egypt ","Microsoft Office, Office management, Communication, Organizational skills, Time management, Record keeping, Scheduling, Client relations, Problem-solving",On-site,Full Time,Experienced,Confidential,1 month ago
French Teacher,AlAlson Azhari Language Schools -,"Haram, Giza, Egypt ","Education, french, French Teaching, Teaching",On-site,Full Time,Entry Level,Confidential,1 month ago
Senior Principal Structure Engineer,Atkins Realis -,"Nasr City, Cairo, Egypt ","Civil Engineering, Engineering, Analysis, Computer Science, Design, Information Technology (IT), Steel, Structural Design",On-site,Full Time,Experienced,Confidential,1 month ago
R&D Packaging Officer,Dabur -,"10th of Ramadan City, Cairo, Egypt ","Engineering, Packaging, Mechanical Engineering, Production, Computer Skills, Design, Chemistry",On-site,Full Time,Entry Level,Confidential,1 month ago
English Customer Support Representative,Etisal International -,"Cairo, Egypt ","Customer Support, Customer Service Representative, Outsourcing, Offshoring, Client Interaction, Problem Solving, Communication Skills, CRM, Multitasking",Hybrid,Full Time,Experienced,Confidential,1 month ago
English Customer Support Representative,Etisal International -,"Cairo, Egypt ","Customer Support, Customer Service Representative, Outsourcing, Offshoring, Client Interaction, Problem Solving, Communication Skills, CRM, Multitasking",Hybrid,Full Time,Experienced,Confidential,1 month ago
Science Teacher,AlAlson Azhari Language Schools -,"Haram, Giza, Egypt ","Education, English, Science, Teaching",On-site,Full Time,Entry Level,Confidential,1 month ago
Carpet Care Plant Operations Manager,Confidential -,"6th of October, Giza, Egypt ","Operations Manager, Factory Manager, Production Manager, Service Operations Manager, Housekeeping Management, Hospitality Management, Logistics Management, Fulfillment Manager, Service Center",On-site,Full Time,Manager,Confidential,1 month ago
Sales Advisor,apofuture -,"Cairo, Egypt ","Sales Target, Sales, Customer Service",Remote,Full Time,Experienced,Confidential,1 month ago
Senior Accountant,TRAVCO GROUP -,"Sheikh Zayed, Giza, Egypt ","Financial Reporting, General Ledger Management, Budgeting and Forecasting, Payable Accounting, Accounts Receivable, Tax Accounting, Bank Reconciliation, Accounting, Financial Analysis",On-site,Full Time,Experienced,Confidential,1 month ago
Mechanical Maintenance Engineer - Pharma,APEX Pharma -,"Badr City, Cairo, Egypt ","CAD, Installations, Maintenance, Mechanical, Mechanical Engineering, Pharmaceutical, Engineering",On-site,Full Time,Experienced,Confidential,1 month ago
R&D Formulation Section Head - Solid Dosage,APEX Pharma -,"Badr City, Cairo, Egypt ","Pharmaceutical, Research, Formulation, English, Microsoft Office, Pharmacy, Science",On-site,Full Time,Senior Management,Confidential,1 month ago
Senior SDR,Alba Talent -,"Cairo, Egypt ","Cold Calling, B2B Sales, Lead Generation, Appointment Setting, CRM, Telesales, SDR, Inside Sales",Remote,Full Time,Experienced,Confidential,1 month ago
Welding Engineer,Ferrometalco steel construction -,"Belbes, Sharqia, Egypt ","Engineering, Steel Industry, Steel, Welding, Mechanical Engineering, Production, IWE, CWI",On-site,Full Time,Experienced,Confidential,1 month ago
Senior Operation Engineer-Alternative Fuel,Titan Cement Egypt  -,"khanka, Qalubia, Egypt ","greenfuel, alternative fuel, Operations, green alternative fuel, operation engineer",Hybrid,Full Time,Experienced,Confidential,1 month ago
Branch Accountant,L'azurde for Jewelry -,"Obour City, Cairo, Egypt ","Accounting, Finance",On-site,Full Time,Experienced,Confidential,1 month ago
Jr. Plumbing & Firefighting Engineer,Afniah Consulting Engineering  -,"Heliopolis, Cairo, Egypt ","Engineering, Design, Mechanical Engineering, Plumbing, Revit, AutoCAD",On-site,Full Time,Experienced,Confidential,1 month ago
Electrical Design Engineer – MV Panels,TEPCO S.A.E. -,"6th of October, Giza, Egypt ","AutoCAD, Electrical Design, Electrical Engineering, Medium Voltage, MV, Engineering, Design, Switchgear, Manufacturing Industry",On-site,Full Time,Experienced,Confidential,1 month ago
Technical Office Engineer,Confidential -,"Cairo, Egypt ","Engineering, Technical Office, imos ix, Furniture Design, cabinet construction, furniture manufacturing, drawing views",Hybrid,Full Time,Senior Management,Confidential,1 month ago
IT Help Desk,Burger King -,"Heliopolis, Cairo, Egypt ","Communication, Computer Science, Information Technology (IT)",On-site,Full Time,Experienced,Confidential,1 month ago
Dutch Appointment Setter | Remote | Up to €980 Paid in EGP,PraxisTech -,"Cairo, Egypt ","Dutch, Native Dutch, Fluent Dutch, Appointment Setting, Outbound Calls, Cold Calling, B2B Sales",Remote,Full Time,Entry Level,Confidential,1 month ago
General Accountant,Confidential -,"Nasr City, Cairo, Egypt ","Accounting, Financial Analysis, Financial Management, MS Office, Business English",On-site,Full Time,Experienced,Confidential,1 month ago
Senior Back-end Developer – Java,Confidential -,"Heliopolis, Cairo, Egypt ","Java, Angular, Spring Boot, Microservice Architecture, Software Development, Oracle, PostgreSQL, API",On-site,Full Time,Manager,Confidential,1 month ago
Electrical Design Engineer,Orient Egypt -,"Dokki, Giza, Egypt ","Electrical Engineering, Electrical Design Engineering, Electrical Design, Electrical Designing, Mechanical, Electrical, and Plumbing (MEP)",On-site,Full Time,Experienced,Confidential,1 month ago
HVAC Design Engineer,Orient Egypt -,"Dokki, Giza, Egypt ","Mechanical Design, Mechanical Design Engineering, AutoCAD, AutoCAD Design, AutoCAD Software, HVAC system design, Knowledge of HVAC codes and standards",On-site,Full Time,Experienced,Confidential,1 month ago
English Teacher.,Adam's Elbaraa nursery -,"Obour City, Cairo, Egypt ","Teaching, Class Management, Curriculum Development, Lesson Planning, Student Assessment, English Language Proficiency, Pedagogy, Communication Skills, Cultural Sensitivity",On-site,Full Time,Experienced,Confidential,1 month ago
Sales And Marketing,LMS -,"Maadi, Cairo, Egypt ","Marketing Research, Sales",On-site,Internship,Entry Level,Confidential,1 month ago
Senior Full-Stack Developer,Orient Egypt -,"Dokki, Giza, Egypt ","Software Development, JavaScript, Computer Science",On-site,Full Time,Experienced,Confidential,1 month ago
Senior Sales Executive – Commercial Real Estate,Confidential -,"Cairo, Egypt ","Real Estate, Sales, Commercial Sales",On-site,Full Time,Experienced,Confidential,1 month ago
Graphic Designer,Madmon E-commerce  -,"Cairo, Egypt ","Adobe illustrator, Adobe Photoshop, Design, Graphic Design",On-site,Full Time,Entry Level,Confidential,1 month ago
Business Development Manager,CitiScape  -,"Cairo, Egypt ","Construction, Marketing, Business Development, Engineering, Project Management, Sales, Landscape Engineering",On-site,Full Time,Manager,Confidential,1 month ago
Installation Engineer,Creative Closets -,"New Cairo, Cairo, Egypt ","Installation, technical, Skills, Engineering, Information Technology (IT), Computer Science, Installations, Management",On-site,Full Time,Experienced,Confidential,1 month ago
Engineer Technical Office,Creative Closets -,"New Cairo, Cairo, Egypt ","Technical Office, Design, AutoCAD, Engineering, Computer Science, Information Technology (IT), Microsoft Office",On-site,Full Time,Experienced,Confidential,1 month ago
Facility Engineer(Mechanical),Leeds -,"Moharam Bek, Alexandria, Egypt ","Mechanical Engineering, Facility Management, Engineering, Mechanical",Hybrid,Full Time,Experienced,Confidential,1 month ago
Associated Brand Manager,AWA Group  -,"Sheraton, Cairo, Egypt ","Branding, Marketing, Microsoft Office, Digital Marketing, Food & Beverage",On-site,Full Time,Experienced,Confidential,1 month ago
Odoo Functional Consultant,Zpac Co -,"Qalubia, Egypt ","Accounting, ERP, Odoo",On-site,Full Time,Experienced,Confidential,1 month ago
wiring harness Production Manager,Confidential -,"10th of Ramadan City, Cairo, Egypt ","Production Engineering, Lean Six Sigma, Manufacturing Process, Wiring Harness Assembly, Quality Control, Supply Chain Management, Team Leadership, Project Management, Process Optimization",On-site,Full Time,Manager,Confidential,1 month ago
Financial Accountant,Seven  -,"New Cairo, Cairo, Egypt ","Accounting, Finance, Communication",On-site,Full Time,Experienced,Confidential,1 month ago
E-Commerce Sales Representative,Zpac Co -,"Qalubia, Egypt ","E-Commerce, E-Marketing, Sales, Social Media",On-site,Full Time,Entry Level,Confidential,1 month ago
Receptionist,Valero Development -,"Obour City, Cairo, Egypt ","Real Estate, Administration, Communication, Customer Service, Office management, Microsoft Office, Office Management, Client Relations",On-site,Full Time,Entry Level,Confidential,1 month ago
Incoming Tour Operator,Alexander Travel -,"Haram, Giza, Egypt ","Tourism, Travel, Tour, Customer Support, Customer Service, Destination Management, Itinerary Planning, Vendor Negotiation, Multilingual Communication",On-site,Full Time,Experienced,Confidential,1 month ago
Talent Acquisition Lead,Confidential -,"Sheraton, Cairo, Egypt ","Human Resources (HR), Talent acquisition, Interviewing, Recruitment, Excellent English communication skills., Negotiation and offer management skills., ATS and HR systems experience. *",On-site,Full Time,Experienced,Confidential,1 month ago
Customer Relations Specialist,Sphere Smart Solutions -,"Maadi, Cairo, Egypt ","Business Development, Sales Skills, Business, Communication, Management, Negotiation, Microsoft Office",Remote,Full Time,Experienced,Confidential,1 month ago
"Telesales-Sales Representative, Events and Sponsorships",Allan Lloyds -,"Cairo, Egypt ","Sales, Sponsorship, Sales Target, Event Management, Events Organizing, Marketing, Telesales",Hybrid,Full Time,Entry Level,Confidential,1 month ago
Marketing Engineer,CSCEC International Facade Egypt Co Ltd -,"New Cairo, Cairo, Egypt ","AutoCAD, Communication, Engineering, Marketing, Negotiation, Sales",On-site,Full Time,Experienced,Confidential,1 month ago
Fresh Sales Specialist (Real Estate Broker),The Address Investments for Real Estate Consultancy -,"New Cairo, Cairo, Egypt ","Sales, Real Estate, Communication, Customer Service, Negotiation, CRM, Property, Sales Target",On-site,Full Time,Entry Level,Confidential,1 month ago
Project Architect,East Engineering Consultancy  -,"Alkhalifa, Cairo, Egypt ","Architecture, Revit",On-site,Full Time,Experienced,Confidential,1 month ago
Senior Civil Engineer,Confidential -,"Nasr City, Cairo, Egypt ","Civil Engineering, Engineering, Roads, Computer Science, Information Technology (IT), Construction, Management, Project",On-site,Full Time,Experienced,Confidential,1 month ago
Senior Data Scientist,Vertex Technologies  -,"Cairo, Egypt ","English B2, Machine Learning, Statistical Analysis, Python, gradient boosting algorithms, LLM, Generative AI technologies, Big Data Technologies",On-site,Full Time,Experienced,Confidential,1 month ago
Middle Data Scientist,Vertex Technologies  -,"Cairo, Egypt ","Data Analysis, Machine Learning, Statistical Modeling, Data Visualization, Big Data Technologies, Problem Solving, Communication, LLM orchestration tools",On-site,Full Time,Experienced,Confidential,1 month ago
Senior Data Engineer,Vertex Technologies  -,"Cairo, Egypt ","Data Engineering, Python, Scala, Databricks, SQL, Dimensional Modeling, OLTP/OLAP, Cloud Platforms (AWS, Azure, GCP)",On-site,Full Time,Experienced,Confidential,1 month ago
General Manager,Confidential -,"Nasr City, Cairo, Egypt ","Strategic Thinking, Financial Management, Supply Management, HR Management, Commercial Management, Operations Management, ERP Implementation, Customer Service Excellence, Executive Management",On-site,Full Time,Senior Management,Confidential,1 month ago
Construction Manager,Link International -,"Cairo, Egypt ","Architecture, Construction Management, Engineering, Project Management, Construction, Management",On-site,Full Time,Manager,Confidential,1 month ago
Projects Sales Manager,Partner & More -,"Downtown, Cairo, Egypt ","Sales, Projects, Sales Target, Engineering, Management, Planning, Project, Project Management",On-site,Full Time,Manager,Confidential,1 month ago
Senior B2B Cold Caller,Alba Talent -,"Cairo, Egypt ","Cold Calling, B2B Sales, Lead Generation, Appointment Setting, CRM, Telesales, SDR, Inside Sales, B2B",Remote,Full Time,Experienced,Confidential,1 month ago
Business Development Manager – Construction,Pricon -,"Cairo, Egypt ","Engineering, Business Development, Construction, Marketing, Client Relationship Management, Market Research, Sales Strategy",On-site,Full Time,Manager,Confidential,1 month ago
Outdoor Sales Executive,El Chourbagi  -,"Heliopolis, Cairo, Egypt ","Sales Target, Sales, Outdoor Sales, Communication, Microsoft Excel, ERP, Microsoft Office, Negotiation",On-site,Full Time,Experienced,Confidential,1 month ago
MEP Technical Office Engineer,Link International -,"Cairo, Egypt ","MEP, Technical Office, AutoCAD, Mechanical, Electrical Engineering",On-site,Full Time,Experienced,Confidential,1 month ago
Import Specialist,BMG  -,"Nasr City, Cairo, Egypt ","Logistics, Supply Chain, Import / Export",On-site,Full Time,Entry Level,Confidential,1 month ago
University Relations Manager,Vertex Technologies  -,"Cairo, Egypt ","Public Relations (PR), Communication skills, Communication, Customer Service, Marketing, Sales, Teaching",On-site,Full Time,Manager,Confidential,1 month ago
Sales Specialist - Tanta,Valmore Holding -,"Tanta, Gharbia, Egypt ","Sales, Sales Target, Communication, Finance, Customer Service, Data Entry",On-site,Full Time,Entry Level,Confidential,1 month ago
MEP Engineer Mechanical,Link International -,"Cairo, Egypt ","Mechanical Engineering, MEP, Electrical Engineering, AutoCAD, Engineering, HVAC, Mechanical, Project Management, Construction",On-site,Full Time,Experienced,Confidential,1 month ago
Office Operations Manager,Vertex Technologies  -,"Cairo, Egypt ","Office management, Office Operations, Administration, Proactivity, Communication, Microsoft Office, Negotiation",On-site,Full Time,Manager,Confidential,1 month ago
Coding Officer (Medical Claims ),Fakeeh University Hospital  -,"Cairo, Egypt ","AAPC CPC (Certified Professional Coder), AHIMA CCS (Certified Coding Specialist), ICD-10-CM Diagnosis Coding, CPT Procedure Coding, Apache, Agile, Application Support",Remote,Full Time,Experienced,Confidential,1 month ago
Art Director,Semak -,"Dokki, Giza, Egypt ","Adobe illustrator, Adobe Photoshop, Design, Graphic Design",On-site,Full Time,Manager,Confidential,1 month ago
CEO Personal Assistant,PRO-TEC Egypt  -,"Sheraton, Cairo, Egypt ","HR Admin, Facility Management, Administration, Communication, MS Office, Office management",On-site,Full Time,Experienced,Confidential,1 month ago
"CNC CAD/CAM Professional, 5 Axis and more, Manufacturing",Hazem Shoukry Designs -,"Nasr City, Cairo, Egypt ","CAD/CAM, CAD Software, CAM, Manufacturing, Production, 3D Design",On-site,Full Time,Experienced,Confidential,1 month ago
HIS System Operations Specialist,Confidential -,"Cairo, Egypt ","System troubleshooting and technical support, Hospital Information System (HIS) management, User training and support, Healthcare IT operations, Documentation and reporting, Remote work proficiency, Communication, Information Technology (IT)",Hybrid,Full Time,Experienced,Confidential,1 month ago
Sales Specialist,Percia For Smart Home Solutions -,"Sheikh Zayed, Giza, Egypt ","Sales Target, Customer Service, Sales Planning, Indoor Sales, Sales, Communication, Marketing",On-site,Full Time,Entry Level,Confidential,1 month ago
International Export Sales Manager – Fresh Fruits & Vegetables,Elganaini  -,"Mokattam, Cairo, Egypt ","Export, Export Sales, Logistics",On-site,Full Time,Manager,Confidential,1 month ago
Dental CAD Designer/ Surgical Guide,3Sixty -,"Mohandessin, Giza, Egypt ","CAD Software, CAD/CAM, Digital Design, Dentistry, Medical, MS Office, Design, surgical",Hybrid,Full Time,Experienced,Confidential,1 month ago
Technical Sales Specialist – Industrial & Workshop Solutions,Sea Port for Trading and Engineering -,"New Cairo, Cairo, Egypt ","Technical Sales, Sales, Customer Service, Industrial Sales, Workshop Solutions, Business Solutions, Client Relationship Management, Negotiation",On-site,Full Time,Experienced,Confidential,1 month ago
Senior Logistics Specialist (Import & Export),Rubyred Garment -,"Bourj Alarab, Alexandria, Egypt ","Export, Microsoft Office, Logistics, Purchasing, Supply Chain",On-site,Full Time,Experienced,Confidential,1 month ago
Backend Developer,DL -,"Cairo, Egypt ","Amazon AWS, saas, AWS, Computer Science, Docker, Engineering, Git, Information Technology (IT)",Remote,Full Time,Experienced,Confidential,1 month ago
Junior Game QA Intern,Confidential -,"Sheraton, Cairo, Egypt ","QA, Quality Assurance, Quality Control, Game development",On-site,Full Time,Entry Level,Confidential,1 month ago
Game QA Project Manager,Confidential -,"Sheraton, Cairo, Egypt ","QA, Project Management, Computer Science, Software Development",On-site,Full Time,Manager,Confidential,1 month ago
Credit Control Supervisor,Jazeera Paints -,"10th of Ramadan City, Sharqia, Egypt ","Credit Management, Accounts Receivable, Financial Analysis, Communication, Negotiation, Risk Assessment, Problem Solving",On-site,Full Time,Manager,Confidential,1 month ago
We're Hiring | HR & Talent Acquisition Specialist,tech technology  -,"Cairo, Egypt ","HR, Hiring, Human Resources (HR), Recruitment, Talent acquisition",Remote,Full Time,Senior Management,Confidential,1 month ago
IT Manager,Confidential -,"6th of October, Giza, Egypt ","Computer Engineering, Computer Science, Information Technology (IT), Project Management",On-site,Full Time,Manager,Confidential,1 month ago
Financial Controller,Confidential -,"Zamalek, Cairo, Egypt ","Accounting, Finance, Financial, Financial Analysis, Financial Management",On-site,Full Time,Manager,Confidential,1 month ago
Injection Production Manager,El Teriak Industrial Group -,"6th of October, Giza, Egypt ","Engineering, Management, Manufacturing, Production",On-site,Full Time,Experienced,Confidential,1 month ago
Health and safety senior Engineer,El Teriak Industrial Group -,"6th of October, Giza, Egypt ","Engineering, Health and Safety, HSE, Safety",On-site,Full Time,Experienced,Confidential,1 month ago
Farm Director,El Teriak Industrial Group -,"Cairo, Egypt ","Agriculture, Production, Agricultural Operations, Farm Management, Crop Production, Fertilization Programs, Irrigation Management, Pest & Disease Control, Agricultural Planning",On-site,Full Time,Senior Management,Confidential,1 month ago
Agriculture Export Director,Confidential -,"Zamalek, Cairo, Egypt ","Agriculture, Export, Sales",On-site,Full Time,Senior Management,Confidential,1 month ago
Sales Account Manager,Injaz Digital  -,"New Cairo, Cairo, Egypt ","Sales, sales skills, Sales Target, Marketing, account manager, business, Business Administration",On-site,Full Time,Experienced,Confidential,1 month ago
IT Infrastructure & AI Solutions Engineer,Fakeeh University Hospital  -,"Cairo, Egypt ","IT Infrastructure & AI Solutions Engineer, Information Technology (IT), Network Engineering",On-site,Full Time,Experienced,Confidential,1 month ago
Procurement Engineers civil-electrical,Tabarak -,"Mohandessin, Giza, Egypt ","Electrical Engineering, Civil Engineering, Engineering, Procurement, Contract Negotiation, Vendor Management, Supply Chain Management",On-site,Full Time,Experienced,Confidential,1 month ago
Product Development Coordinator,Kirmena Jewellery -,"Obour City, Cairo, Egypt ","Development, Production, Reporting, Coordination, Microsoft Excel, Organizing",On-site,Full Time,Experienced,Confidential,1 month ago
PHP Full Stack Developer,Mora Communications Company -,"New Cairo, Cairo, Egypt ","PHP, Node.js, Mongo DB, Bootstrap, Computer Science, Software Development, HTML, CSS",On-site,Full Time,Experienced,Confidential,1 month ago
Civil / Architectural Engineer (Site & Technical Office),Mithaq Realty -,"New Cairo, Cairo, Egypt ","Drawing, Design, Site Engineering, Architecture, AutoCAD, Civil Engineering, Construction, Engineering, Projects",On-site,Full Time,Entry Level,Confidential,1 month ago
Marketing Executive,Fixed Solutions -,"Cairo, Egypt ","Market Research, Marketing, canva",Hybrid,Full Time,Experienced,Confidential,1 month ago
Technical Office Engineer,Alunaut -,"Nasr City, Cairo, Egypt ","Engineering, Technical Office, Construction Management, Project Planning, AutoCAD, Microsoft Office Suite, Quantity Surveying, Cost Estimation, BIM Software",On-site,Full Time,Experienced,Confidential,1 month ago
Mechanical Engineer,Alunaut -,"Nasr City, Cairo, Egypt ","Mechanical Engineering, Engineering, Maintenance, Mechanical, Troubleshooting, System Design, Technical Documentation, Project Management, Problem-Solving",On-site,Full Time,Experienced,Confidential,1 month ago
Electrical Engineer,Alunaut -,"Nasr City, Cairo, Egypt ","Electrical Engineering, Engineering, Circuit Design, Power Systems, CAD Software, Troubleshooting, Project Management, Maintenance Engineering",On-site,Full Time,Experienced,Confidential,1 month ago
Architectural Engineer,Alunaut -,"Nasr City, Cairo, Egypt ","Architecture, Engineering, Structural Design, AutoCAD, Revit, Project Management, Construction Supervision, Building Codes, Site Analysis",On-site,Full Time,Experienced,Confidential,1 month ago
Warehouse Keeper,Alunaut -,"Nasr City, Cairo, Egypt ","Warehousing, Supply Chain Management, Logistics Operations, Inventory Control, Material Handling, Shipping and Receiving, Data Entry",On-site,Full Time,Experienced,Confidential,1 month ago
Purchasing Officer,Alunaut -,"Nasr City, Cairo, Egypt ","Logistics, Procurement, Purchasing, Supply Chain Management, Vendor Management, Negotiation, Contract Management, Inventory Control",On-site,Full Time,Experienced,Confidential,1 month ago
Human Resources Generalist,MG  -,"Nasr City, Cairo, Egypt ","Human Resources, Human Resources (HR), Microsoft Office, Recruitment, Personnel",On-site,Full Time,Experienced,Confidential,1 month ago
Purchasing Officer,Confidential -,"Cairo, Egypt ","Purchasing, Procurement, Supply Chain Management, Negotiation, Vendor Management, Inventory Control, Contract Management, Logistics, Market Analysis",On-site,Full Time,Experienced,Confidential,1 month ago
Global Finance Manager,Confidential -,"New Cairo, Cairo, Egypt ","Finance, Financial Analysis, Finance Analysis, Finance Management, Financial Accounting, Financial Reporting, Financial Data Analysis",Hybrid,Full Time,Manager,Confidential,1 month ago
Sales Executive,CRM -,"Nasr City, Cairo, Egypt ","Hardware Sales, Printing, Sales Target, Sales",On-site,Full Time,Experienced,Confidential,1 month ago
Account Manager (Engineer),Confidential -,"New Cairo, Cairo, Egypt ","Customer Service, Sales, Account Management, Communication, Management, Engineering, Microsoft Office",On-site,Full Time,Entry Level,Confidential,1 month ago
Senior Sales Engineer,ATEC -,"Maadi, Cairo, Egypt ","Sales, Engineering, Water Pumps, Irrigation Systems, Pumps, Sales Engineering, Technical Sales",On-site,Full Time,Experienced,Confidential,1 month ago
Quality Supervisor,Azza Fahmy Jewellery -,"6th of October, Giza, Egypt ","Quality Control, Quality Assurance",On-site,Full Time,Experienced,Confidential,1 month ago
Research & Development Engineer (Lighting Segment),ElNassera Group  -,"Obour City, Cairo, Egypt ","Lighting, Research, Development, AutoCAD, Communication, Computer Science, Engineering, Software Development",On-site,Full Time,Experienced,Confidential,1 month ago
Graphic Designer Intern,Casita -,"Dokki, Giza, Egypt ","Adobe Photoshop, Design, dreamweaver, Graphic, Graphic Design, indesign, photoshop",Hybrid,Internship,Entry Level,Confidential,1 month ago
Architect Site Engineer,Everest Mohammed and Mounir -,"Cairo, Egypt ","Architecture, Civil Engineering, Construction, Design, Engineering, AutoCAD, Management",On-site,Full Time,Experienced,Confidential,1 month ago
Accountant,Everest Mohammed and Mounir -,"Cairo, Egypt ","Accounting, Financial Management, Financial Analysis, Accounts Payable, Accounting Software",On-site,Full Time,Experienced,Confidential,1 month ago
Sales Marketing Executive,Rubex Egypt -,"Bourj Alarab, Alexandria, Egypt ","Marketing, Sales, Sales Target",Remote,Full Time,Entry Level,Confidential,1 month ago
Branch Manager,OTIC -,"Cairo, Egypt ","Branch Management, Communication, Sales, Administration, Microsoft Office, Customer Service, Insurance Operations, Team Leadership",On-site,Full Time,Manager,Confidential,1 month ago
RPA Team Lead,GB Corp -,"Giza, Egypt ","Computer Science, Information Technology (IT), Software Development, Software Engineering, .Net, Computer Engineering, Engineering, Java",On-site,Full Time,Experienced,Confidential,1 month ago
Oracle Apps Developer,Nile Sugar  -,"Ameria, Alexandria, Egypt ","Computer Science, Development, Linux, Oracle, SQL, APIs, Information Technology (IT), PL, PL/SQL",On-site,Full Time,Entry Level,Confidential,1 month ago
Full Stack Developer - WordPress ToSaaS Migration,AIS -,"Cairo, Egypt ","JavaScript, SaaS, PHP, MySQL, WordPress, RESTful APIs, Github, Software Development",Hybrid,Full Time,Experienced,Confidential,1 month ago
B2B Sales & Partnerships Representative,AIS -,"Cairo, Egypt ","B2B Sales, Partnerships, Sales Target, SaaS, AI Solutions, B2B, Sales",Hybrid,Full Time,Experienced,Confidential,1 month ago
Senior Operations Specialist,Idea  -,"Sheikh Zayed, Giza, Egypt ","Management, Project Management, Communication, Reporting, Computer Skills, Process Documentation, SOPs & Procedures Support, Organizational Skills",On-site,Full Time,Experienced,Confidential,1 month ago
Senior Administration Specialist,National Electricity Technology Co. -,"10th of Ramadan City, Sharqia, Egypt ","Office Administration, Communication, Time Management, Problem Solving, Teamwork, Attention to Detail, Administrative Operations, service contracts, facilities management",On-site,Full Time,Experienced,Confidential,1 month ago
Finance Manager,BituNil -,"Heliopolis, Cairo, Egypt ","Financial Management, Accounting, Finance",On-site,Full Time,Manager,Confidential,1 month ago
Chief Financial Officer - CFO,Confidential -,"Heliopolis, Cairo, Egypt ","Accounting, Finance, ERP, CFO, Financial Analysis, Financial Management",On-site,Full Time,Senior Management,Confidential,1 month ago
Production Engineer,TechnoBit Group -,"Belbes, Sharqia, Egypt ","AutoCAD, Engineering, Industrial Engineering, Mechanical, Mechanical Engineering, Production, Planning, Manufacturing",On-site,Full Time,Entry Level,Confidential,1 month ago
Treasury Accountant- Travel agent,Cairo Transport & Touring  -,"Downtown, Cairo, Egypt ","Accounting, Finance, Auditing, Computer Skills, excel, Financial Analysis, Accounting Software",On-site,Full Time,Entry Level,Confidential,1 month ago
Fresh Grad Sales Representative,Union Group -,"Cairo, Egypt ","Outdoor Sales, Sales Target, Sales, B2B Sales, Negotiation, Communication, Sales Skills",On-site,Full Time,Entry Level,Confidential,1 month ago
Warehouse Operations Team Leader (Shabramant & Mostorod),Tawfeer -,"Musturad, Qalubia, Egypt ","E-Commerce, Operations Management, Team Leadership, Warehouse Operations, Supply Chain, Warehousing, Call Center, Communication",On-site,Full Time,Experienced,Confidential,1 month ago
Pre Sales Consultant - Dynamics 365 & Power Apps,Link Development -,"Cairo, Egypt ","Dynamics, Dynamics 365, Communication, Consulting, Presales, Real Estate, Sales Target, Sales",Hybrid,Full Time,Experienced,Confidential,1 month ago
MEP Site Engineer,Alunaut -,"North Coast, Alexandria, Egypt ","Electrical Engineering, Mechanical Engineering, MEP, HVAC Systems, Plumbing Systems, Fire Fighting Systems, Construction Management, Project Coordination, AutoCAD",On-site,Full Time,Experienced,Confidential,1 month ago
Accountant,EBSS - Elite Business Solution Service -,"Tanta, Gharbia, Egypt ","Accounting, Finance, Financial Reporting, Accounting Software, Financial, ERP, Financial Analysis, Financial Management, Microsoft Excel",On-site,Full Time,Experienced,Confidential,1 month ago
Junior Technical Office Engineer,BuildIn -,"Heliopolis, Cairo, Egypt ","Architecture, technical, Design, Engineering, AutoCAD, Drawings, Civil, Civil Engineering, English",On-site,Full Time,Experienced,Confidential,1 month ago
Technical Office Engineer,Moonland for Real Estate & Touristic Investments (Image) -,"Sharm Alsheikh, South Sinai, Egypt ","AutoCAD Architecture, Microsoft Office, Construction Documentation, Quantity Surveying, Project Coordination, Technical Reporting, Site Supervision, Cost Estimation, Problem-solving",On-site,Full Time,Experienced,Confidential,1 month ago
Product Manager,AUG Pharma -,"6th of October, Giza, Egypt ","Marketing, Product Management, Sales, Pharmaceutical",Hybrid,Full Time,Experienced,Confidential,1 month ago
Electric Engineer,Moonland for Real Estate & Touristic Investments (Image) -,"Sharm Alsheikh, South Sinai, Egypt ","Electrical Engineering, Engineering, Circuit Design, Power Systems, Control Systems, Troubleshooting, Project Management, AutoCAD Electrical, MATLAB",On-site,Full Time,Experienced,Confidential,1 month ago
Junior Graphic Designer,Premium Card -,"Dokki, Giza, Egypt ","Graphic Design, Adobe Photoshop, Adobe illustrator, Microsoft Programs, Adobe After Effects, Applied Arts, Design, fine art, Motion Graphics",On-site,Full Time,Entry Level,Confidential,1 month ago
Sales & Fitting Specialist,Amplifon Middle East -,"Cairo, Egypt ","Customer Service, Sales Target, Sales, Engineering, Management, Communication",On-site,Full Time,Entry Level,Confidential,1 month ago
Drilling Department Manager,FAID ALNAAM   -,"Farafra, New Valley, Egypt ","Administration, Drilling Operations, Management, Microsoft Office, Project Management, Team Leadership, Budgeting, Risk Management",On-site,Full Time,Manager,Confidential,1 month ago
Insurance Sales Agent,"Misr Life Insurance Takaful, -","Smouha, Alexandria, Egypt ","Sales, Insurance Sales, Customer Service, Sales Target, Communication, Negotiation, Client Relationship Management, Product Knowledge, CRM Software",On-site,Full Time,Entry Level,Confidential,1 month ago
Sales Advisor,El Mansour Development  -,"Mokattam, Cairo, Egypt ","Property, Real Estate, Sales Target, Sales, Customer Service, Marketing, Microsoft Office, Communication",On-site,Full Time,Entry Level,Confidential,1 month ago
Civil Engineer,idaco -,"6th of October, Giza, Egypt ","Architecture, Civil Engineering, Auto cad3DmaxCIVIL",On-site,Full Time,Experienced,Confidential,1 month ago
Outdoor Sales,Valmore Holding -,"10th of Ramadan City, Sharqia, Egypt ","Sales & Negotiation Skills, Presentation Skills, Communication & Relationship Building, Problem Solving, Time Management & Planning, Target Achievement & Results Orientation, Market & Competitor Analysis",On-site,Full Time,Experienced,Confidential,1 month ago
Senior HR Specialist,BeNeshty -,"Obour City, Cairo, Egypt ","Human Resources (HR), Recruitment, Microsoft Office, Business Administration, Administration, HRIS, Human Resources, Interviewing",On-site,Full Time,Experienced,Confidential,1 month ago
HSE Specialist,Confidential -,"6th of October, Giza, Egypt ","HSE, NEBOSH, Science, Engineering, English, Quality Control, Health and Safety Management",On-site,Full Time,Experienced,Confidential,1 month ago
Finance Manager - German Speaker,Confidential -,"Maadi, Cairo, Egypt ","Accounting, Business Administration, Commerce, ERP, Finance, Navision, SAP, Tax Regulations, Microsoft Office",Hybrid,Full Time,Manager,Confidential,1 month ago
Architect,CONCEPT -,"6th of October, Giza, Egypt ","Architecture, Engineering, 3D Modeling, 3ds Max, AutoCAD, Computer Science, Information Technology (IT), Microsoft Office",On-site,Full Time,Experienced,Confidential,1 month ago
Branch Accountant,Confidential -,"Dokki, Giza, Egypt ","Accounting, Finance, Financial Analysis, Financial Management, Banking, Client Support, Auditing, Bookkeeping",On-site,Full Time,Experienced,Confidential,1 month ago
Leasing Manager,Wadi Degla Clubs  -,"Maadi, Cairo, Egypt ","Leasing, Marketing, Sales, Multitasking, Tenant management, Kiosk Management, Lease Agreements",On-site,Full Time,Manager,Confidential,1 month ago
Sales Account Manager,Broadnet -,"New Cairo, Cairo, Egypt ","Sales Strategy, Account Management, Business Development, Client Relationship Management, Communication, Negotiation, Presentation Skills",On-site,Full Time,Experienced,Confidential,1 month ago
Commercial Coordinator (Beni suef- fayoum -Minya-Assiut-Sohag -Qena -Luxor- Aswan),beIN Media Group -,"New Assuit, Assiut, Egypt ","Business Development, Customer Service, Sales, Microsoft Office",On-site,Full Time,Entry Level,Confidential,1 month ago
HR Operations Supervisor,Confidential -,"Sheikh Zayed, Giza, Egypt ","Human Resources (HR), Microsoft Office, HR, Personnel Management, Labour Law, Social Insurance",On-site,Full Time,Experienced,Confidential,1 month ago
Project Management Coordinator,Dakahlia Group -,"Nasr City, Cairo, Egypt ","Project Management, follow up meetings, KPIS review, Technical Assistance",On-site,Full Time,Experienced,Confidential,1 month ago
Total Rewards Supervisor,Confidential -,"Sheikh Zayed, Giza, Egypt ","Compensation, Human Resources (HR), Total Rewards, Benefits Management, Salary Surveys, job evaluation",On-site,Full Time,Experienced,Confidential,1 month ago
Technical Officer,Industrial Modernisation Centre (IMC) -,"Nasr City, Cairo, Egypt ","Renewable Energy, PV, Energy, Engineering",On-site,Full Time,Experienced,Confidential,1 month ago
Talent Acquisition Section Head,Egyptian Company for Cosmetics -,"Nasr City, Cairo, Egypt ","Talent Acquisition, Recruitment Strategy, Employer Branding, Data Analysis, Stakeholder Management, Candidate Experience, ATS Management, HR Analytics, Leadership",On-site,Full Time,Manager,Confidential,1 month ago
Talent Acquisition Specialist,Egyptian Company for Cosmetics -,"Nasr City, Cairo, Egypt ","Talent acquisition, Employer Management, People and Culture, Communication, Recruitment, Interviewing, Candidate Sourcing, Onboarding, HR Software",On-site,Full Time,Entry Level,Confidential,1 month ago
Digital Marketing Manager,Egyptian Company for Cosmetics -,"Nasr City, Cairo, Egypt ","Digital Marketing, Digital Marketing Strategy, SEO/SEM, Social Media Management, Content Creation, Analytics and Reporting, Project Management, Advertising Platforms (Google Ads, Facebook Ads), Marketing Automation",On-site,Full Time,Manager,Confidential,1 month ago
Business Development & Expansion Manager,Spinneys Egypt -,"Maadi, Cairo, Egypt ","Business Development, Development, Sales",On-site,Full Time,Manager,Confidential,1 month ago
Group Reporting & Budgeting Manager,Egyptian Company for Cosmetics -,"Nasr City, Cairo, Egypt ","Accounting, Analysis, Budgeting, Finance, Financial, Financial Management, Financial Planning, Forecasting, Planning",On-site,Full Time,Manager,Confidential,1 month ago
Senior Engineer - Tendering Mechanical,ORGANI GROUP -,"Cairo, Egypt ","Engineering, Tendering, Mechanical, Mechanical Engineering, AutoCAD, Computer Science, Firefighting, HVAC, Information Technology (IT)",On-site,Full Time,Experienced,Confidential,1 month ago
Maintenance & Facilities Engineer,Spinneys Egypt -,"Maadi, Cairo, Egypt ","Engineering, Maintenance, Maintenance Engineering, Information Technology (IT), Electrical Engineering, Mechatronics Engineering, Mechanical",On-site,Full Time,Experienced,Confidential,1 month ago
Public Relations Executive,Mishkat Nour -,"Nasr City, Cairo, Egypt ","Public Relations, Marketing, Media Relations, Crisis Communication, Content Strategy, Brand Management, Event Management",On-site,Full Time,Manager,Confidential,1 month ago
Treasury Accountant,Kirmena Jewellery -,"Obour City, Cairo, Egypt ","Accounting, Finance, Financial Analysis, Treasury, Microsoft Excel",On-site,Full Time,Experienced,Confidential,1 month ago
Data Analyst,EGMED -,"Cairo, Egypt ","Analysis, Computer Science, Data Analysis, Information Technology (IT)",On-site,Full Time,Experienced,Confidential,1 month ago
Visual Identity Designer,Confidential -,"New Cairo, Cairo, Egypt ","Adobe Illustrator, Adobe Photoshop, Design Thinking, Video Editing, Photo Editing, Packaging Design, Brand Design, Creative Direction, Visual Identity",Remote,Full Time,Experienced,Confidential,1 month ago
Data Scientist,Spinneys Egypt -,"Maadi, Cairo, Egypt ","Computer Science, Data Science, Information Technology (IT), Python",On-site,Full Time,Entry Level,Confidential,1 month ago
Senior Payroll Specialist,Arabtec -,"Heliopolis, Cairo, Egypt ","Payroll, Human Resources (HR), Payroll Processing, Tax Compliance, HRIS Management, Time and Attendance, Benefits Administration, Problem-Solving, Attention to Detail",On-site,Full Time,Experienced,Confidential,1 month ago
Data Operation Specialist,Confidential -,"New Cairo, Cairo, Egypt ","Microsoft Excel, Microsoft Word, Data Handling, Data Preparation, System Tools, Data Processing, Team Collaboration, Precision",On-site,Full Time,Entry Level,Confidential,1 month ago
BI Front-end developer,Confidential -,"New Cairo, Cairo, Egypt ","Business Intelligence, Power BI, SSAS, Microsoft SQL Server, Tableau",On-site,Part Time,Entry Level,Confidential,1 month ago
Customer Data Operations Specialist,Confidential -,"New Cairo, Cairo, Egypt ","Microsoft Excel, Customer Service, Customer Care, Data Entry, Data Analysis, Reporting, Documentation, Data Handling",On-site,Full Time,Experienced,Confidential,1 month ago
Psychologist,Project HOPE Egypt -,"Cairo, Egypt ","Psychology, Clinical Psychology, Medical, Social Work, Physical Medicine, Medical Insurance",On-site,Full Time,Experienced,Confidential,1 month ago
Senior Corporate Lawyer,TechnoBit Group -,"Sharabeya, Cairo, Egypt ","Legal Affairs, Legal Services, Corporate Law, Commercial Law",On-site,Full Time,Experienced,Confidential,1 month ago
Human Resources Generalist,Egypt Africa -,"Katameya, Cairo, Egypt ","Human Resources, Recruitment, Personnel Management, Microsoft Office, Employee Relations, HR Policies, Onboarding, Training & Development",On-site,Full Time,Experienced,Confidential,1 month ago
Senior Tax Accountant,Consultation Group For Accounting And Auditing -,"6th of October, Giza, Egypt ","Accounting, Finance, Tax, VAT, Corporate tax, Auditing, Bookkeeping",On-site,Full Time,Experienced,Confidential,1 month ago
Revenue Cycle Manager,Pyramids Pharmacy   -,"Sheikh Zayed, Giza, Egypt ","Accounting, Finance, Medical, Health Care",Remote,Full Time,Manager,Confidential,1 month ago
Website & Digital Marketing Coordinator,Alpha -,"New Cairo, Cairo, Egypt ","E-Marketing, Digital Marketing, Social Media, Marketing, Websites Design, Analytics, Communication, E-Commerce",On-site,Full Time,Entry Level,Confidential,1 month ago
Sales Account Manager,شركة سوبر للاستيراد و التصدير -,"Ataba, Cairo, Egypt ","Customer Service, Sales, Sales Target",On-site,Full Time,Manager,Confidential,1 month ago
Sales Manager,شركة سوبر للاستيراد و التصدير -,"Ataba, Cairo, Egypt ","Sales, Sales Target",On-site,Full Time,Experienced,Confidential,1 month ago
IPM & Housekeeping Engineer,Beyti - an Almarai Subsidiary  -,"Noubaria, Beheira, Egypt ","Housekeeping, Quality Control",On-site,Full Time,Entry Level,Confidential,1 month ago
Sales Manager,Osheen -,"Sidi Bishr, Alexandria, Egypt ","Sales, Sales Target, Manpower Planning, Staffing, Outsourcing, B2B Sales, new clients",On-site,Full Time,Manager,Confidential,1 month ago
Factory Maintenance Manager,Confidential -,"Bourj Alarab, Alexandria, Egypt ","Engineering, Maintenance, Mechanical Engineering, Management, Hydraulics, Mechanical, Mechatronics",On-site,Full Time,Manager,Confidential,1 month ago
Growth Marketing & Tech Sales Intern,Gemindz -,"Cairo, Egypt ","Market Research, Marketing, Lead Generation, Tech Sales, Storytelling, Tech Outsourcing, Business Development",Hybrid,Internship,Entry Level,Confidential,1 month ago
Engineering & Maintenance Manager,Confidential -,"Bourj Alarab, Alexandria, Egypt ","Engineering, Maintenance, Mechanical Engineering, Communication, Information Technology (IT), Management, Manufacturing",On-site,Full Time,Manager,Confidential,1 month ago
HSE Manager,Confidential -,"Bourj Alarab, Alexandria, Egypt ","HSE, Safety, environment, Engineering, Health and Safety, Management, Microsoft Office, Nebosh",On-site,Full Time,Experienced,Confidential,1 month ago
Costing Supervisor,Tank -,"10th of Ramadan City, Cairo, Egypt ","Cost Savings, Financial Analysis, Reporting, Management, Accounting, CMA, Commerce, Finance",On-site,Full Time,Manager,Confidential,1 month ago
Admin Assistant,Cred Developments -,"Cairo, Egypt ","Administration, Microsoft Office, Office management",On-site,Full Time,Experienced,Confidential,1 month ago
Materials Planning Engineer,Confidential -,"10th of Ramadan City, Cairo, Egypt ","Planning, Project Management, Manufacturing Industry, Production Engineering, Supply Chain Management, Inventory Management, Logistics, Material Requirements Planning (MRP)",On-site,Full Time,Experienced,Confidential,1 month ago
Internal Auditor,Wadi Group -,"Sheikh Zayed, Giza, Egypt ","Accounting, Auditing, Finance, Financial Analysis, Internal Controls, Risk Management, Compliance",On-site,Full Time,Experienced,Confidential,1 month ago
Senior Architecture Design Engineer,ATRIC Developments -,"Heliopolis, Cairo, Egypt ","Construction, Architecture Engineering, Real Estate, Architecture, Architectural Engineering, Architectural Design",On-site,Full Time,Experienced,Confidential,1 month ago
Stock Controller,Jazeera Paints -,"10th of Ramadan City, Cairo, Egypt ","Accounting, Logistics, Stock Control, Supply Chain, Stock, Business Administration, ERP",On-site,Full Time,Experienced,Confidential,1 month ago
Electrical Maintenance Engineer Intern,Marmonil Marble & Granite -,"Nasr City, Cairo, Egypt ","Electrical Engineering, Electrical Maintenance, Engineering, Maintenance, Electrical Systems, Manufacturing, Mechanical Engineering",On-site,Internship,Entry Level,Confidential,1 month ago
Clinical Pharmacist – Case Manager,HealPath -,"Maadi, Cairo, Egypt ","Patient communication & counseling skills, Problem-solving skills, Strong clinical judgment, Ethical and compliance awareness",On-site,Full Time,Experienced,Confidential,1 month ago
Events & PR Specialist – Education Sector,Edulinx Education Ltd. -,"New Cairo, Cairo, Egypt ","Communication, Digital Marketing, Marketing, Media Relations, Public Relations, Public Relations (PR), Social Media, PR",On-site,Full Time,Experienced,Confidential,1 month ago
Quality Specialist,Mersal  -,"Maadi, Cairo, Egypt ","Auditing, Quality Assurance, Quality Control, Quality Management, Business Administration, ISO Auditor, Process Improvement, Health Care",On-site,Full Time,Experienced,Confidential,1 month ago
Senior Business Analyst/ Product Owner,Expert Apps -,"Maadi, Cairo, Egypt ","Business Analysis, Analysis, business, analytical, Business Writing, Engineering, Information Technology (IT)",Hybrid,Full Time,Experienced,Confidential,1 month ago
Customer Service Agent,Hi-Q Academy -,"Tanta, Gharbia, Egypt ","Communication, Customer Care, Customer Service, Customer Support, Sales, CRM, Problem-solving, Active Listening, CRM Software",On-site,Full Time,Entry Level,Confidential,1 month ago
HR Business Partner,Selah ElTelmeez For Publishing & printing -,"Obour City, Cairo, Egypt ","Human Resources (HR), HRBP, HRIS, Recruitment, OD, Employee Relations, Performance Management",On-site,Full Time,Experienced,Confidential,1 month ago
Sales Supervisor,Decotam  -,"6th of October, Giza, Egypt ","Customer Service, Sales Target, Sales, Branding, Sales Supervision, Modern Trade, Leadership",On-site,Full Time,Manager,Confidential,1 month ago
Senior Strategic Partnerships & Sponsorship Specialist,Fixed Solutions -,"Cairo, Egypt ","Public Relations (PR), Marketing, Business Administration, Negotiation, Presentations, Sponsorship, Strategy",Hybrid,Full Time,Experienced,Confidential,1 month ago
Technical Office Engineer,Dorra Group -,"Sheikh Zayed, Giza, Egypt ","AutoCAD, SAP, Microsoft Excel, Quantity Surveying, Contract Administration, Technical Office, As-Built Drawings Review, Contractors' Invoices Review, Civil Engineering",On-site,Full Time,Experienced,Confidential,1 month ago
Digital Editor,Nile University -,"Giza, Egypt ","Content Creation, Digital Marketing, Marketing, SEO",On-site,Full Time,Entry Level,Confidential,1 month ago
Quality Control Manager,K Line Europe -,"Nasr City, Cairo, Egypt ","Quality Assurance, Quality Control, Lean Six Sigma, Six Sigma Green Belt, Root Cause Analysis, 5S Lean Manufacturing Methodology, ISO 9001",On-site,Full Time,Manager,Confidential,1 month ago
Retail Area Manager,Fawry Plus -,"Cairo, Egypt ","Retail, Sales, Sales Target",On-site,Full Time,Experienced,Confidential,1 month ago
Senior Tendering & Estimation Engineer,Contratec -,"Dokki, Giza, Egypt ","Tendering, Engineering, Construction, Civil Engineering, Quantity Surveying, AutoCAD, Architectural Engineering, Cost Estimation",On-site,Full Time,Experienced,Confidential,1 month ago
Junior Accountant,Powergreen -,"6th of October, Giza, Egypt ","Accounting, Finance, Financial Analysis, Microsoft Office",On-site,Full Time,Entry Level,Confidential,1 month ago
Senior Copywriter / Content Creator,KidZania Cairo -,"New Cairo, Cairo, Egypt ","Marketing, Social Media, Writing",On-site,Full Time,Experienced,Confidential,1 month ago
Senior Marketing Specialist,Leeds -,"Smart Village, Giza, Egypt ","Communication, Digital Marketing, E-Marketing, Marketing, Social Media, Content Creation, SEO, SEM",On-site,Full Time,Experienced,Confidential,1 month ago
Export Manager (West & East Africa),Kgroup -,"Obour City, Cairo, Egypt ","Export, Logistics, Sales, Supply Chain",On-site,Full Time,Manager,Confidential,1 month ago
Graphic Designer & Video Editor,CallCentro -,"Maadi, Cairo, Egypt ","Adobe Photoshop, Design, Graphic Design, Video Editing",On-site,Full Time,Experienced,Confidential,1 month ago
Senior QC Engineer,Conserv -,"Cairo, Egypt ","Engineering, QC, Civil Engineering, Construction",On-site,Full Time,Experienced,Confidential,1 month ago
Digital Marketing Specialist,CallCentro -,"Maadi, Cairo, Egypt ","Digital Marketing, Marketing, Social Media, Communication, E-Commerce, E-Marketing, Google Analytics",On-site,Full Time,Experienced,Confidential,1 month ago
Coffee Trader / Commodity Trader,ActAgri-Trading--Egypt  -,"Sheikh Zayed, Giza, Egypt ","Coffee Trader, Management, Commercial Sales, Market Analysis, Risk Management, Logistics Management",On-site,Full Time,Manager,Confidential,1 month ago
Senior Planning Consultant (Oracle Hyperion),Intrasoft ME -,"Cairo, Egypt ","Hyperion, Information Technology (IT), Oracle, Oracle Hyperion, Planning, Sales",Remote,Full Time,Experienced,Confidential,1 month ago
Senior Product specialist - Endoscopy,BM-Egypt -,"Cairo, Egypt ","Medical Devices Sales, sales skills, Gastrointestinal Endoscopy, knowledge product",On-site,Full Time,Experienced,Confidential,1 month ago
Product Specialist – X-Ray Devices,BM-Egypt -,"Assiut, Egypt ","Product, Product Sales, Sales Target, Sales, Communication, Microsoft Office, Biomedical, Biomedical Engineering, Engineering",On-site,Full Time,Experienced,Confidential,1 month ago
Product Sales Specialist - laboratory devices,BM-Egypt -,"Cairo, Egypt ","Medical, Sales, Pharmacy, Veterinary, Sales Field, Outdoor Sales, Medical Devices Sales, Product Sales, Client Relationship Management",On-site,Full Time,Experienced,Confidential,1 month ago
Junior Demand Planner,Dakahlia Group -,"Nasr City, Cairo, Egypt ","Demand Planning, Engineering, Manufacturing, Supply Chain, Supply, Planning, Supply Chain Management, Material Requirements Planning (MRP), Inventory Management",On-site,Full Time,Entry Level,Confidential,1 month ago
Student life officer,Universities of Canada in Egypt -,"New Capital, Cairo, Egypt ","Organizing, International Business Development, Coordination, Education Sales, Community Engagement, Student Affairs, English, MS Office, International Relations",On-site,Full Time,Entry Level,Confidential,1 month ago
Odoo Implementer,Ninos Kids Wear  -,"Maadi, Cairo, Egypt ","ERP, Odoo, Information Technology (IT), Accounting, Computer Science, Configuration, ERP Implementation, Odoo ERP",On-site,Full Time,Experienced,Confidential,1 month ago
Human Resource Recruiter,Surgitech  -,"Mokattam, Cairo, Egypt ","Human Resources (HR), Recruitment, Microsoft Office, Personnel, Administration, Business Administration, Hiring",On-site,Full Time,Experienced,Confidential,1 month ago
Publishing Manager,Mishkat Nour -,"Nasr City, Cairo, Egypt ","Publishing, Market Research, Content Strategy, Editorial Management, Project Management, Stakeholder Management, Strategic Planning, Media Relations",On-site,Full Time,Manager,Confidential,1 month ago
Engineering Lead,Lato -,"New Cairo, Cairo, Egypt ","Computer Science, Engineering, Information Technology (IT), Software Development, React, Typescript, JavaScript, PostgreSQL",On-site,Full Time,Manager,Confidential,1 month ago
French B2B Telesales Executive,GT World OF Beauty -,"Maadi, Cairo, Egypt ","Sales, Sales Skills, B2B, Customer Service, Communication, Telesales, Negotiation, French",Hybrid,Full Time,Entry Level,Confidential,1 month ago
Operations Manager,EGY Vet -,"Nasr City, Cairo, Egypt ","Management, Hospitality, Leadership, Operations Management, Retail, Sales, Reporting, Communication",On-site,Full Time,Entry Level,Confidential,1 month ago
Veterinarian,EGY Vet -,"Nasr City, Cairo, Egypt ","Medical, Sales, Veterinary Medicine, Pharmacy, Veterinary",On-site,Full Time,Student,Confidential,1 month ago
Talent Acquisition Specialist,NTS Group -,"Downtown, Cairo, Egypt ","Human Resources (HR), Interviewing, Recruitment, Talent Acquisition, Candidate Sourcing, Applicant Tracking Systems (ATS), Onboarding, Communication, Negotiation",On-site,Full Time,Experienced,Confidential,1 month ago
IT Senior System & Security Engineer,Dreem Mashreq Foods  -,"Smouha, Alexandria, Egypt ","Computer Science, Information Technology (IT), Software Development, Software Engineering, Security",On-site,Full Time,Experienced,Confidential,1 month ago
Electrical Engineer Technical Office,سوسيتيه دانتر  برايز اى دو جيستيون الامارات -,"Cairo, Egypt ","Electrical Engineering, Technical Office, Civil Engineering, Engineering, Microsoft Office, AutoCAD, Shop Drawings, Technical Office Engineering",On-site,Full Time,Experienced,Confidential,1 month ago
Healthcare Quality Operation.,El rehab medical center   -,"Rehab City, Cairo, Egypt ","Quality Assurance, Medical, Quality Control, Management, Microsoft Office, Pharmacy, Quality Management, Safety",On-site,Full Time,Experienced,Confidential,1 month ago
Social Media Manager,El rehab medical center   -,"Rehab City, Cairo, Egypt ","Social Media Strategy, Content Creation, E-Marketing Campaigns, Video Editing Software, Video Shooting Techniques, Digital Marketing Analytics, Community Management, Copywriting",Hybrid,Full Time,Experienced,Confidential,1 month ago
Operations Manager,Osheen -,"Sidi Bishr, Alexandria, Egypt ","Management, Manpower Planning, Operations Management, Staffing, Outsourcing, Microsoft Office, Administration, Business Administration",On-site,Full Time,Manager,Confidential,1 month ago
Quality Assurance Engineer,MCV - Obour -,"Obour City, Cairo, Egypt ","Engineering, Quality Assurance, Quality Control, Communication, Computer Skills, Mechanical, Mechanical Engineering, Mechatronics",On-site,Full Time,Entry Level,Confidential,1 month ago
Senior Java Developer,Egabi FSI  -,"Sheraton, Cairo, Egypt ","Engineering, Git, Information Technology (IT), Java, OOP, Software, Computer Science, Software Engineering",On-site,Full Time,Experienced,Confidential,1 month ago
Senior Oracle Developer- Forms & Reports,Egabi FSI  -,"Sheraton, Cairo, Egypt ","Oracle Forms, Oracle, Oracle PL/SQL, PL/SQL, SQL, PL, Information Technology (IT), Computer Science",On-site,Full Time,Experienced,Confidential,1 month ago
Senior Electrical Design Engineer – Water & Wastewater Treatment,EGEC -,"Haram, Giza, Egypt ","Revit, Water Pumps, Water Treatment, Sewage Treatment, Irrigation Systems, Infrastructure Engineering, AutoCAD, Design",On-site,Full Time,Experienced,Confidential,1 month ago
Senior Cost Accountant,EGYTRAFO -,"Badr City, Cairo, Egypt ","Accounting, Cost Accountant, Cost, ERP System, Finance, Financial Analysis, Financial Management, ERP",On-site,Full Time,Experienced,Confidential,1 month ago
Senior Sales Executive - Logistics,WUZZUF -,"Cairo, Egypt ","Logistics, Key Account Management, Market Research, Lead Generation, B2B Sales, Business Development, Prospecting, Client Acquisition, Relationship Building",On-site,Full Time,Experienced,Confidential,1 month ago
Business Application Support Engineer,Egabi FSI  -,"Sheraton, Cairo, Egypt ","Banking, Communication skills, Customer Support, IT, Customer Service, English, Finance",On-site,Full Time,Experienced,Confidential,1 month ago
Junior Electrical Maintenance Engineer,Confidential -,"Faisal, Giza, Egypt ","Communication, Electrical, Electrical troubleshooting",On-site,Full Time,Entry Level,Confidential,1 month ago
Global PMO Manager,K Line Europe -,"Nasr City, Cairo, Egypt ","MBA, PMP, Lean Six Sigma, 5S Lean Manufacturing Methodology, Six Sigma DMAIC, six sigma black belt, PMO",Hybrid,Full Time,Manager,Confidential,1 month ago
Sales Engineer,CPC -,"6th of October, Giza, Egypt ","Engineering, Sales, Steel, Communication, Negotiation, Technical Sales, Client Relationship Management, Structural Engineering, Problem Solving",On-site,Full Time,Experienced,Confidential,1 month ago
Senior Customer Support ( Fluent English ),K Line Europe -,"Nasr City, Cairo, Egypt ","Customer Support, Key Account Management, English, Communication, Customer Care, Customer Service, Business Administration, Management, Business English",Remote,Full Time,Experienced,Confidential,1 month ago
Business Development Executive,Confidential -,"Cairo, Egypt ","Development, Sales, Sales Target, Business Development, Communication, Construction, Engineering",On-site,Full Time,Experienced,Confidential,1 month ago
Human Resources Generalist,Valero Development -,"Obour City, Cairo, Egypt ","Employee Relations, Human Resources, Recruitment, Personnel, Organization Development, Performance Management System, Talent Acquisition, Talent Management",On-site,Full Time,Experienced,Confidential,1 month ago
Electrical Maintenance Engineer,Confidential -,"Dakahlia, Egypt ","Electrical Engineering, Electrical Maintenance, Maintenance",On-site,Full Time,Entry Level,Confidential,1 month ago
Mechanical Maintenance Engineer,Confidential -,"Dakahlia, Egypt ","Mechanical, Maintenance, Mechanical Maintenance, AutoCAD, Design, Electrical Engineering, Engineering, Manufacturing",On-site,Full Time,Entry Level,Confidential,1 month ago
Business developer,DIME -,"Cairo, Egypt ","Business Development, Sales Target, Sales, Market Research, Client Relationship Management, Communication Skills, Negotiation, CRM Software",Hybrid,Internship,Entry Level,Confidential,1 month ago
Business Development Executive,Confidential -,"New Damietta, Damietta, Egypt ","Business Development, Sales Target, Sales, Development, Communication, ERP, CRM",Hybrid,Full Time,Experienced,Confidential,1 month ago
Placement Tester ( Ex. English Instructor) Dokki,SYE English Community -,"Dokki, Giza, Egypt ","Education, Teaching, CELTA, TEFL, Startup, Training",On-site,Full Time,Experienced,Confidential,1 month ago
Senior Arch\Civil QC,Jidaar Construction -,"Cairo, Egypt ","Engineering, Quality Control, QC, Civil Engineering, Architecture, finishng, fitout, Management",On-site,Full Time,Manager,Confidential,1 month ago
GPS Tracking Officer,Alouf Travel -,"6th of October, Giza, Egypt ","Computer Skills, Transportation, GPS",On-site,Full Time,Experienced,Confidential,1 month ago
Administrative Assistant To Chief Executive Officer,Confidential -,"Cairo, Egypt ","Office management, Executive Management, Business Administration, business, Administration, English, Management, Administration Affairs, Executive support",On-site,Full Time,Experienced,Confidential,1 month ago
Sales Manager,Alouf Travel -,"6th of October, Giza, Egypt ","Customer Service, Sales, Sales Target",On-site,Full Time,Experienced,Confidential,1 month ago
Marketing Manager,SU Tech - Elsewedy University -,"10th of Ramadan City, Sharqia, Egypt ","Marketing, Social Media, Market Research, Administration, Business Administration, Communication, Leadership, Management, Sales",On-site,Full Time,Manager,Confidential,1 month ago
Content Creator - Social Media Optimization Specialist,Objects -,"Alexandria, Egypt ","E-Marketing, Marketing, Social Media, Social Media Optimization, Writing, Content Creation, Communication",Hybrid,Part Time,Experienced,Confidential,1 month ago
Design Data Entry (Night Shift),K Line Europe -,"Nasr City, Cairo, Egypt ","Data Entry, Graphic Design, CAD, ERP System, English, Microsoft Excel, Attention to detail, Data entry",On-site,Full Time,Entry Level,Confidential,1 month ago
Receivables Accountant ( Fluent English ),K Line Europe -,"Nasr City, Cairo, Egypt ","Accounts Receivable, Accounting, ERP System, English speaker, Customer Relations, Accounting Software, Billing, ERP",Hybrid,Full Time,Experienced,Confidential,1 month ago
Aviation Manager,Alouf Travel -,"6th of October, Giza, Egypt ","Aviation, Management, Sales, Tourism",On-site,Full Time,Experienced,Confidential,1 month ago
Total Rewards Senior Specialist,GEMMA -,"Haram, Giza, Egypt ","Human Resources (HR), Compensation & Benefits, Total Remuneration, Salary Surveys, Salary Structures, Job Evaluation, Rewards Planning, HR Analytics, Market Research",On-site,Full Time,Experienced,Confidential,1 month ago
Talent Development Professional,GEMMA -,"Haram, Giza, Egypt ","Organizational Development, Business Development, Human Resources (HR), Talent Development, Training, Learning Management System (LMS), Human Resources Development, Instructional Design, Succession Planning",On-site,Full Time,Experienced,Confidential,1 month ago
Senior Talent Management Specialist,Al Ahly Medical Company -,"Giza, Giza, Egypt ","Human Resources (HR), Microsoft Office, Recruitment, Talent Management, Management, Organization Development, Performance Appraisals, Employee Relations, Training and Development",On-site,Full Time,Experienced,Confidential,1 month ago
Architect,Pacific Oaks -,"New Cairo, Cairo, Egypt ","Architecture, AutoCAD, Design, Engineering, Interior Design, Computer Science, Information Technology (IT)",On-site,Full Time,Entry Level,Confidential,1 month ago
Talent Management Professional,GEMMA -,"Haram, Giza, Egypt ","Talent Acquisition, Talent Management, Human Resources (HR), Recruitment, Performance Management, Organizational Structure, Manpower Planning, Performance Management System (PMS), Talent Assessment",On-site,Full Time,Experienced,Confidential,1 month ago
Marketing Manager,Confidential -,"Heliopolis, Cairo, Egypt ","Market Research, Social Media, Sales, Marketing",On-site,Full Time,Manager,Confidential,1 month ago
Senior Sales Specialist,Sharm Dreams Group  -,"Katameya, Cairo, Egypt ","Sales, Food & Beverage, Business Administration, Business Development, CRM, Customer Service, Communication, Microsoft Office",On-site,Full Time,Experienced,Confidential,1 month ago
HR Manager,Pan Egypt Group    -,"6th of October, Giza, Egypt ","Personnel, Recruitment, Human Resources (HR), Payroll, Medical Insurance, Social Insurance, Labour Law, Payroll System, Human Resources Development",On-site,Full Time,Manager,Confidential,1 month ago
Supply Chain Manager,Confidential -,"Heliopolis, Cairo, Egypt ","Supply Chain, Logistics, Purchasing, Supply Chain Management",On-site,Full Time,Manager,Confidential,1 month ago
Warehouse Manager,Gest For Metals  -,"10th of Ramadan City, Sharqia, Egypt ","Warehousing, Supply Chain, Logistics, Management",On-site,Full Time,Manager,Confidential,1 month ago
HR Supervisor,Egytrans -,"Alexandria, Egypt ","HR, Microsoft Office, Personnel, Recruitment, Human Resources (HR), Payroll",On-site,Full Time,Experienced,Confidential,1 month ago
Technical Office Engineer,Ideal Agencies Company (IAC)  -,"Katameya, Cairo, Egypt ","Pumps, hvac, Fire Fighting, Fuel Systems, AutoCAD, Mechanical, Electrical, and Plumbing, Mechanical Engineering, Piping Design",On-site,Full Time,Entry Level,Confidential,1 month ago
Production Engineer,AlShrouk Paper -,"Alsadat City, Monufya, Egypt ","Engineering, Manufacturing, Production, Process Optimization, Quality Control, Troubleshooting, Lean Manufacturing, Problem Solving",On-site,Full Time,Entry Level,Confidential,1 month ago
Sales & Admission Specialist.,little coder academy -,"Dokki, Giza, Egypt ","Communication, Sales, Telesales, Social Media, Customer Service, CRM, Management",Remote,Full Time,Experienced,Confidential,1 month ago
Outdoor Sales Agent,Soul Body -,"Cairo, Egypt ","Customer Service, Sales, Sales Target, Communication Skills, Interpersonal Skills, Negotiation, Product Knowledge, Problem-Solving",On-site,Full Time,Entry Level,Confidential,1 month ago
Senior VAS Engineer,Efada Technology -,"6th of October, Giza, Egypt ","Computer Science, Engineering, Information Technology (IT), Software Development, VAS, REST, SQL, Linux",Hybrid,Full Time,Experienced,Confidential,1 month ago
Cost Accountant,APEX Pharma -,"Badr City, Cairo, Egypt ","Accounting, Cost Accountant, English, Cost Accounting, Financial Analysis, Budgeting, Variance Analysis, ERP Systems, Microsoft Excel",On-site,Full Time,Experienced,Confidential,1 month ago
Customer Service Representative,Aktan Misr -,"Mahalla Kubra, Gharbia, Egypt ","Microsoft Excel, Customer Service, Communication, Problem Solving, Cross Selling, Customer Satisfaction, Microsoft Powerpoint, Microsoft Word",On-site,Full Time,Experienced,Confidential,1 month ago
Network And Security Engineer,Roaya -,"Maadi, Cairo, Egypt ","Computer Science, Information Technology (IT), Networking, Security, Engineering",On-site,Full Time,Experienced,Confidential,1 month ago
Recruitment Specialist ( Blue Collar ),Confidential -,"Marg, Cairo, Egypt ","Human Resources (HR), Personnel, Recruitment, Microsoft Office, Blue collar, Internet Search, Communication",On-site,Full Time,Experienced,Confidential,1 month ago
Social Media Specialist / Content Writer,UNI Power -,"6th of October, Giza, Egypt ","Adobe Photoshop, Advertising, Social Media, Writing, Marketing, E-Marketing, Social Media Management",On-site,Full Time,Experienced,Confidential,1 month ago
Senior Accountant (Portugal Speaker),K Line Europe -,"Nasr City, Cairo, Egypt ","Finance Analysis, Finance, Medical Engineering, Finance Management, Accounting, Financial Analysis, Financial Management",On-site,Full Time,Experienced,Confidential,1 month ago
Summer Camp Counselor - STEAMulation Hub - Alexandria,Innovvette for Education -,"Fleming, Alexandria, Egypt ","Camp, Education, Teaching, edutainment, Children Teaching",On-site,Internship,Entry Level,Confidential,1 month ago
Purchasing Specialist,National Motors -,"Nasr City, Cairo, Egypt ","Purchasing, Procurement",On-site,Full Time,Experienced,Confidential,1 month ago
Summer Camp Instructor - STEAMulation-Hub Alexandria,Innovvette for Education -,"Fleming, Alexandria, Egypt ","Camp, Education, Teaching, edutainment, Children Teaching",On-site,Full Time,Entry Level,Confidential,1 month ago
Talent Acquisition Specialist,Confidential -,"6th of October, Giza, Egypt ","Human Resources (HR), Recruitment, Talent acquisition",On-site,Full Time,Experienced,Confidential,1 month ago
Quality Assurance and Food safety Director,Confidential -,"Dakahlia, Egypt ","Quality Assurance, Quality Control, Safety, Agriculture, Engineering, Food Science, HACCP, Management, Manufacturing",On-site,Full Time,Manager,Confidential,1 month ago
HR Internship,Dakahlia Group -,"Nasr City, Cairo, Egypt ","HR, Human Resources (HR), Microsoft Office",On-site,Internship,Student,Confidential,1 month ago
"Summer Camp Instructor/ STEAMulation Hub ( New Cairo, Zayed)",Innovvette for Education -,"Cairo, Egypt ","Children Teaching, Time Management, Problem Solving, Steam, Dynamics",On-site,Full Time,Entry Level,Confidential,1 month ago
Telesales Supervisor,Soficopharm -,"Assuit, Assiut, Egypt ","Sales, Sales Target, Pharmaceutical Sales, Team Leadership, Performance Management, Coaching, Communication Skills",On-site,Full Time,Manager,Confidential,1 month ago
Medical Mapping Specialist,Digital Bridges -,"Maadi, Cairo, Egypt ","Medical Data Mapping, Healthcare, Data Validation, Quality Assurance, Data Analysis, Documentation Management",Hybrid,Full Time,Experienced,Confidential,1 month ago
Tele Marketing Agent,Al Aidy Marketing Managment -,"Cairo, Egypt ","Telemarketing, Communication, Remote Work, Time Management, Customer Relationship Management (CRM), Customer Service, Management",Remote,Full Time,Experienced,Confidential,1 month ago
Electrical Site Engineer,ADCONS -,"Cairo, Egypt ","Electrical Engineering, Engineering, Mechanical Engineering, AutoCAD, Communication, Contracting, Lighting",On-site,Full Time,Experienced,Confidential,1 month ago
English Teacher / Co-Teacher,AlAlson Azhari Language Schools -,"Haram, Giza, Egypt ","Education, English, English Teaching, Teaching, English Education, Physical Education, Educational Technology, Education Sales",On-site,Full Time,Entry Level,Confidential,1 month ago
Senior Digital Marketing Specialist,Etisal Trading -,"New Cairo, Cairo, Egypt ","Digital Marketing, E-Marketing, Social Media, Marketing, Google Analytics, Google Ads, Business Administration",On-site,Full Time,Experienced,Confidential,1 month ago
Stock Control Manager,Ninos Kids Wear  -,"Maadi, Cairo, Egypt ","Quality Assurance, Stock, Stock Control, Quality Control, Administration, Engineering, Logistics, Management",On-site,Full Time,Manager,Confidential,1 month ago
Senior Talent Acquisition Specialist,Ninos Kids Wear  -,"Maadi, Cairo, Egypt ","Human Resources (HR), Interviewing, Recruitment, Talent acquisition, Organization Development, Organizational Development",On-site,Full Time,Experienced,Confidential,1 month ago
Mechanic Engineer,Massoud Steel -,"Obour City, Cairo, Egypt ","Electrical Engineering, Engineering, Maintenance, Mechanical Engineering",On-site,Full Time,Experienced,Confidential,1 month ago
Digital Marketing,Cairo Transport & Touring  -,"Cairo, Egypt ","Communication skills, media, Social Media, Digital Marketing, E-Marketing, Content, Communication, Management",On-site,Full Time,Experienced,Confidential,1 month ago
Incoming Tour Operator,Cairo Transport & Touring  -,"Downtown, Cairo, Egypt ","Travel, Tourism, Customer Service, Tour, Tour Operator, operator, Tours, Tour guiding",On-site,Full Time,Entry Level,Confidential,1 month ago
Admission Supervisor,Innovvette for Education -,"Alexandria, Egypt ","Preschool, Education, Nursery, Admin Assistant, Administration, Office management, Admin",On-site,Full Time,Experienced,Confidential,1 month ago
Site Engineer,Arabtec -,"New Cairo, Cairo, Egypt ","Construction, Engineering, Civil Engineering, Communication, AutoCAD, Microsoft Office, Quality Control",On-site,Full Time,Experienced,Confidential,1 month ago
Art Teacher - Steamulation Hub Pre school -El-Sheikh Zayed City,Innovvette for Education -,"6th of October, Giza, Egypt ","Early Childhood, English, children, Teaching, Communication, Time Management, Education, Preschool",On-site,Full Time,Experienced,Confidential,1 month ago
HSE Engineer,EUREKA Solar Energy -,"10th of Ramadan City, Sharqia, Egypt ","Engineering, HSE Management Systems, Quality Control, Risk Assessment, Environmental Compliance, Safety Audits, Root Cause Analysis",On-site,Full Time,Experienced,Confidential,1 month ago
HR Specialist,Confidential -,"10th of Ramadan City, Cairo, Egypt ","HRIS, HR Specialist, Human Resources (HR), Microsoft Office, Recruitment, Payroll, Personnel Management, Performance Appraisal, Employee Relations",On-site,Full Time,Experienced,Confidential,1 month ago
Human Resources Supervisor,Tie House -,"New Cairo, Cairo, Egypt ","Human Resources, Human Resources (HR), Microsoft Office, Personnel, Recruitment",On-site,Full Time,Experienced,Confidential,1 month ago
Office Engineer,Saad Creativity -,"New Cairo, Cairo, Egypt ","AutoCAD, AutoCAD Architecture, AutoCAD Design, AutoCAD 2D, 3ds Max, Autodesk Revit, Rendering, 3D Rendering, Communication Engineering",On-site,Full Time,Entry Level,Confidential,1 month ago
Network Specialist,Egyptian Packaging and Plastic Systems Corp -,"Manial, Cairo, Egypt ","Computer Engineering, Information Technology (IT), Security, Computer Science, Network Engineering, Troubleshooting, Cisco Firewall",On-site,Full Time,Entry Level,Confidential,1 month ago
OD Supervisor,Tamweely -,"Downtown, Cairo, Egypt ","Organization Development, OD, Human Resources (HR), Performance Management System, Performance Management",On-site,Full Time,Manager,Confidential,1 month ago
HSE Section Head,Confidential -,"Bourj Alarab, Alexandria, Egypt ","Engineering, HSE, Management, Risk Management, Risk Assessment, Regulatory Affairs, Compliance",On-site,Full Time,Manager,Confidential,1 month ago
Mechanical Engineer,Confidential -,"Cairo, Egypt ","Electrical Engineering, Engineering, Maintenance, Mechanical Engineering, Mechanical, Management, Manufacturing, Production",On-site,Full Time,Experienced,Confidential,1 month ago
Senior Contracts & Corporate Governance Lawyer,Eagle Chemicals -,"Heliopolis, Cairo, Egypt ","Contract Drafting and Negotiation, Corporate Governance, Problem Solving, Legal Research, Regulatory Compliance, Analytical Thinking, Communication, Risk Management, Project Management",On-site,Full Time,Experienced,Confidential,1 month ago
Procurement Specialist,Cairo Communication Systems (CCS) -,"Heliopolis, Cairo, Egypt ","Logistics, Procurement, Purchasing, Supply Chain Management, Vendor Management, Negotiation, Contract Management",On-site,Full Time,Entry Level,Confidential,1 month ago
Power System Study,Advanced Engineering Consultations -,"Mohandessin, Giza, Egypt ","power system analysis, network modeling, and engineering studies for transmission, distribution, renewable energy, and industrial power systems. The engineer will support project execution, design review, and technical assessments under the guidance of se, Power System, AutoCAD, Electrical Engineering, Engineering, Mechanical Engineering, ETAP, Design, Renewable Energy",On-site,Full Time,Entry Level,Confidential,1 month ago
Moderator,World Sky Aviation  -,"Nasr City, Cairo, Egypt ","Marketing, Social Media",On-site,Full Time,Entry Level,Confidential,1 month ago
Sales Coordinator,KIG Konnice -,"10th of Ramadan City, Sharqia, Egypt ","Administration, Customer Service",On-site,Full Time,Entry Level,Confidential,1 month ago
Junior IT Sales Executive (B2B),GITS -,"Dokki, Giza, Egypt ","Sales, Sales Target, Client Relationships, Communication, Negotiation, Customer Service, B2B",On-site,Full Time,Entry Level,Confidential,1 month ago
Senior Android Developer,Madar Soft -,"Fleming, Alexandria, Egypt ","Android, Software Development, Computer Science",Remote,Full Time,Experienced,Confidential,1 month ago
Mechanical Tendering Engineer,Saudi-firmness -,"Katameya, Cairo, Egypt ","Mechanical Engineering, Mechanical, piping, Site Engineer",On-site,Full Time,Entry Level,Confidential,1 month ago
Human Resources Generalist,Cosmofun  -,"6th of October, Giza, Egypt ","Personnel, Recruitment, Microsoft Office, Human Resources (HR), Human Resources",On-site,Full Time,Experienced,Confidential,1 month ago
Senior recruitment specialist,Confidential -,"khanka, Qalubia, Egypt ","Human Resources (HR), Recruitment, OD, HR, Personnel, HR Diploma, Microsoft Office",On-site,Full Time,Experienced,Confidential,1 month ago
Civil Engineer,Orouba Misr -,"Smouha, Alexandria, Egypt ","Civil Engineering, Construction",On-site,Full Time,Entry Level,Confidential,1 month ago
Personnel Specialist,Wadi Group -,"Sheikh Zayed, Giza, Egypt ","Human Resources (HR), Microsoft Office, Personnel Management, Recruitment, Employee Relations, Payroll Administration, HR Policies, Customer Service",On-site,Full Time,Experienced,Confidential,1 month ago
Customer Service Coordinator,Foreway Cotture Cairo -,"New Cairo, Cairo, Egypt ","Customer Service, Sales, Customer Support, Quality Auditing, Quality Control, Business English, Ecommerce",Remote,Part Time,Entry Level,Confidential,1 month ago
Full Stack Developer,Roaya -,"Maadi, Cairo, Egypt ","Computer Science, Information Technology (IT), Software Development",On-site,Full Time,Entry Level,Confidential,1 month ago
Backend Developer,Osloop Development  -,"Fleming, Alexandria, Egypt ","Typescript, Nestjs, Node.js, TypeORM, PostgreSQL, Problem Solving, Data Structures, Algorithms",On-site,Full Time,Experienced,Confidential,1 month ago
Export Specialist (Sales),Dakahlia Group -,"Nasr City, Cairo, Egypt ","Export, International Trade, Sales, Export Sales, Export Documentation, Logistics Coordination, International Sales, Customer Relationship Management",On-site,Full Time,Experienced,Confidential,1 month ago
Accounting Manager,Big Fat Dough -,"New Cairo, Cairo, Egypt ","Accounting, Finance, Financial Analysis, Financial Management, Management, Financial, ERP, Microsoft Excel, Tax",On-site,Full Time,Manager,Confidential,1 month ago
Quality Control Manager,Big Fat Dough -,"New Cairo, Cairo, Egypt ","Quality Control, Quality Assurance, Food Safety Management, Food Hygiene, International Food Safety Management Systems Standard",On-site,Full Time,Manager,Confidential,1 month ago
Video Editor,Plan B Oncocare Ltd -,"Sheikh Zayed, Giza, Egypt ","Video Editing, Adobe Premiere, Adobe Photoshop, Premiere Pro, Premiere, Video Montage",Hybrid,Full Time,Experienced,Confidential,1 month ago
Credit & Collection Manager,El Chourbagi  -,"Heliopolis, Cairo, Egypt ","Accounting, Finance, Collection, Accounts Receivable, Business Administration, Financial Analysis, Credit Control, Financial Management, Management",On-site,Full Time,Manager,Confidential,1 month ago
Warehouse Manager,El Chourbagi  -,"10th of Ramadan City, Sharqia, Egypt ","Warehousing, Supply Chain, Logistics, Accounting, Inventory Control, ERP, Management, Microsoft Office",On-site,Full Time,Manager,Confidential,1 month ago
Dentist,Shiny White Dental Center  -,"Cairo, Egypt ","Dentistry, Medical, Cosmetic Dentistry, Surgery, English, General Surgery, implants, Pediatric Dentistry",On-site,Part Time,Experienced,Confidential,1 month ago
Sales Manager – Light Current & Display Systems,ACS  -,"Cairo, Egypt ","Sales Strategy, Team Leadership, Project & Solution Sales, Light Current, Sales, Business Administration, Communication, Electrical Engineering",On-site,Full Time,Manager,Confidential,1 month ago
Digital Media Buyer,Ghoneim Developments Group -,"New Cairo, Cairo, Egypt ","Social Media, Digital Marketing, E-Marketing, Advertising, Business Administration, Communication, Google Analytics, Marketing",On-site,Full Time,Experienced,Confidential,1 month ago
Recruitment Specialist,Dignite solution -,"San Stefano, Alexandria, Egypt ","Recruitment, Human Resources (HR), Microsoft Office, Talent Acquisition, Candidate Sourcing, Interviewing, Applicant Tracking Systems (ATS), IT Recruitment, Marketing Recruitment",Hybrid,Freelance / Project,Experienced,Confidential,1 month ago
Site Engineer,Professional Service - Proserv -,"10th of Ramadan City, Cairo, Egypt ","Civil Engineering, Construction, Engineering, AutoCAD, HVAC, Contracting, Mechanical",On-site,Full Time,Experienced,Confidential,1 month ago
Civil Planning Engineer,Confidential -,"Sheraton, Cairo, Egypt ","Civil Engineering, Construction, Engineering, Planning, Planning & Cost Control Engineer, Primavera P6, Project Planning, Project Scheduling, Baseline Schedule",On-site,Full Time,Experienced,Confidential,1 month ago
English Instructor ( Maadi - Mokkatm),UCMAS Academy -,"Maadi, Cairo, Egypt ","Teaching, Training, Communication, Development",On-site,Full Time,Entry Level,Confidential,1 month ago
Accounting Manager,Gest For Metals  -,"10th of Ramadan City, Sharqia, Egypt ","Finance, Financial Accounting, Accounting, CMA, ERP, Financial, Financial Analysis, Financial Management, Microsoft Excel",On-site,Full Time,Manager,Confidential,1 month ago
Tendering/Contracting Manager,Confidential -,"Mokattam, Cairo, Egypt ","Purchasing, Procurement, Negotiation Skills, Supply Chain, Microsoft Office, Contracts, Tendering",On-site,Full Time,Manager,Confidential,1 month ago
Mechatronics Engineer,Circle K -,"Heliopolis, Cairo, Egypt ","Electrical Engineering, Engineering, Mechanical Engineering, Mechatronics",On-site,Full Time,Experienced,Confidential,1 month ago
Media Buyer,RASANS -,"Giza, Egypt ","Marketing, Media Buyer, Social Media, media, Digital Marketing, Buyer, Advertising, Communication",Hybrid,Full Time,Experienced,Confidential,1 month ago
Event Specialist,Zeta Pharma -,"Cairo, Egypt ","Microsoft Office, Event Coordination, Events Planning, Events Organizing, Communication, Management, Market Research, Marketing",On-site,Full Time,Entry Level,Confidential,1 month ago
Sales & Business Developer Executive,EGYPRINT -,"Cairo, Egypt ","Business Development, Sales, Sales Target, Digital Marketing, Management, Account Management, Communication",On-site,Full Time,Entry Level,Confidential,1 month ago
Digital Marketing Specialist,Egyptian Packaging and Plastic Systems Corp -,"Manial, Cairo, Egypt ","Digital Marketing, Marketing, E-Marketing, Social Media, SEO, SME, Data Analysis, Contact Center",On-site,Full Time,Experienced,Confidential,1 month ago
BIM Coordination Senior Engineer,Takweenat -,"New Cairo, Cairo, Egypt ","Navisworks/clash management, Federated model QA & constructability review, Coordination session leadership, BEP compliance, Architecture, BIM, Coordination, Engineering",On-site,Full Time,Experienced,Confidential,1 month ago
Motion Designer & Video Content Creator,Flyin.com -,"Maadi, Cairo, Egypt ","Motion Design, Video Editing, Content Creation, Adobe Firefly, Runway, Midjourney, ChatGPT, Gemini, Animation, Content Creation, Adobe Photoshop, Design, Graphic Design, Motion",On-site,Full Time,Experienced,Confidential,1 month ago
Pizza Chef,Maritim Jolie Ville Resort & Casino Sharm El Sheikh -,"Sharm Alsheikh, South Sinai, Egypt ","Food Hygiene, Pizza Making, Dough Preparation, Oven Management, Ingredient Sourcing, Menu Development, Quality Control, Team Collaboration, Time Management",On-site,Full Time,Experienced,Confidential,1 month ago
Key Account Manager - Bisco Misr,Arma-HSA -,"New Cairo, Cairo, Egypt ","Key Account Management, Sales Strategy, Customer Relationship Management, Problem-Solving, Data Analysis, Market Analysis, Negotiation, Team Collaboration",On-site,Full Time,Experienced,Confidential,1 month ago
Revenue Manager,Maritim Jolie Ville Resort & Casino Sharm El Sheikh -,"Sharm Alsheikh, South Sinai, Egypt ","Accounting, Hospitality, Management, Analysis, Microsoft Office, Revenue Management, Sales, Forecasting, Pricing Strategy",On-site,Full Time,Manager,Confidential,1 month ago
Internal Auditor,GL Print  -,"Maadi, Cairo, Egypt ","Accounting, Finance, Auditing, Financial Analysis",On-site,Full Time,Experienced,Confidential,1 month ago
Senior WordPress Full-Stack Developer,Road9 Media -,"Maadi, Cairo, Egypt ","API, Computer Science, CSS, Development, Git, HTML, Information Technology (IT)",Remote,Full Time,Experienced,Confidential,1 month ago
BIM Electrical Manager,Takweenat -,"New Cairo, Cairo, Egypt ","Revit MEP (review-focused), BEP/EIR & project BIM standards, Client/consultant-facing communication, BIM, Electrical Engineering, Engineering, Project Management, Team Leadership, Construction Documentation",On-site,Full Time,Manager,Confidential,1 month ago
Senior Business Development,RASANS -,"Mohandessin, Giza, Egypt ","Business Development, Sales, BTL Advertising, ATL, markrting service",On-site,Full Time,Experienced,Confidential,1 month ago
Technical Office Engineer,Confidential -,"Heliopolis, Cairo, Egypt ","Engineering, Technical Office, Microsoft Office, AutoCAD, As-Built Drawings, quotations, drawings",On-site,Full Time,Entry Level,Confidential,1 month ago
Rubber Production Engineer,ataya -,"10th of Ramadan City, Sharqia, Egypt ","Engineering, Manufacturing, Production",On-site,Full Time,Experienced,Confidential,1 month ago
Inside Sales Representatives,3M -,"Cairo, Egypt ","Inside Sales, Sales, Sales Target",On-site,Full Time,Entry Level,Confidential,1 month ago
Senior Structural Shopdrawing Engineer,EGEC -,"Haram, Giza, Egypt ","Structural Engineering, Structural Design, Revit Structure Software, Civil, Analysis, Civil Engineering, Computer Science, Engineering",On-site,Full Time,Experienced,Confidential,1 month ago
Senior Procurement Engineer,Roya Developments -,"Sheraton, Cairo, Egypt ","Engineering, Procurement, Purchasing, Negotiation, Contracting, invoice, Cost Analysis",On-site,Full Time,Experienced,Confidential,1 month ago
Senior Mechanical Technical office Engineer,ATRIC Developments -,"New Capital, Cairo, Egypt ","Mechanical Engineering, MEP",On-site,Full Time,Experienced,Confidential,1 month ago
Sales Specialist - Thermoforming products,sofipack  -,"Heliopolis, Cairo, Egypt ","Sales, Marketing, Sales Skills, Sales Target, Communication Skills, Plastic Sales, Customer Service, Business Development",Hybrid,Internship,Entry Level,Confidential,1 month ago
Production Engineer,Alex form -,"Ameria, Alexandria, Egypt ","Manufacturing, Manufacturing Industry",On-site,Full Time,Experienced,Confidential,1 month ago
Quality Control Manager,EGIC -,"6th of October, Giza, Egypt ","Engineering, Quality Control, SAP, Management, Quality Assurance, Manufacturing Industry, Manufacturing",On-site,Full Time,Manager,Confidential,1 month ago
Technical Sales Engineer,H Touch -,"Cairo, Egypt ","Technical Sales, Sales Engineering, Low Current Systems (LC), Telecommunications, Business Development, B2B Sales, Tendering",On-site,Full Time,Experienced,Confidential,1 month ago
Communications Specialist,Seven  -,"New Cairo, Cairo, Egypt ","Communication, English, Fluent",On-site,Full Time,Entry Level,Confidential,1 month ago
Content Creator,femine -,"Cairo, Egypt ","Content Creation, Content Marketing, reels, Video Editing, Creative Ideas, photoshoot, Content Management",Hybrid,Full Time,Entry Level,Confidential,1 month ago
Accounting Officer,Confidential -,"6th of October, Giza, Egypt ","Accounting, Bookkeeping, Finance, Microsoft Office, Bank Reconciliation, Tax, Cost Accounting",On-site,Full Time,Entry Level,Confidential,1 month ago
BIM Electrical Senior Engineer,Takweenat -,"New Cairo, Cairo, Egypt ","Advanced Revit MEP, BIM standards/BEP compliance, Clash-resolution support, Electrical Engineering, Engineering, BIM, Model quality & parameter data",On-site,Full Time,Experienced,Confidential,1 month ago
Legal Specialist,Riyada -,"Maadi, Cairo, Egypt ","Administration, Microsoft Office",On-site,Full Time,Entry Level,Confidential,1 month ago
PE Teacher,AlAlson Azhari Language Schools -,"Haram, Giza, Egypt ","PE, Physical Education, Teaching, Education, Sports, Sports & Leisure, Event Organization",On-site,Full Time,Experienced,Confidential,1 month ago
International Export Sales Manager,ActAgri-Trading--Egypt  -,"Sheikh Zayed, Giza, Egypt ","Export, Export Sales, Intertional Sales, Wholesale, Contract Negotiation, Food Processing, fresh food",On-site,Full Time,Manager,Confidential,1 month ago
Technical Office Engineer,asquared -,"New Cairo, Cairo, Egypt ","Quantity Surveying, Civil Engineering, Construction, Tendering, Information Technology (IT), Communication, Computer Science, Engineering, Management",On-site,Full Time,Experienced,Confidential,1 month ago
Senior Preventive Maintenance Mechanical Engineer,National Company For Maize Products -,"10th of Ramadan City, Sharqia, Egypt ","Preventive Maintenance, Safety Compliance, Mechanical Engineering, Mechanical Troubleshooting, Equipment Reliability, Communication Skills, Technical Documentation, Team Leadership",On-site,Full Time,Experienced,Confidential,1 month ago
Consultant and Head of Quality Department,Ayady4040 -,"Moharam Bek, Alexandria, Egypt ","Quality Assurance, Quality Management, Quality Control",On-site,Full Time,Manager,Confidential,1 month ago
General Accountant,Ghazala Trading -,"Giza, Egypt ","Accounting, Finance, Financial Analysis, Financial Management, Odoo ERP, Odoo Development",On-site,Full Time,Experienced,Confidential,1 month ago
Accounting Manager,Ghazala Trading -,"Giza, Egypt ","Accounting, Finance, Financial Analysis, Financial Management, Odoo, Odoo Development, Odoo ERP",On-site,Full Time,Manager,Confidential,1 month ago
HR Manager,TransPioneers -,"Dokki, Giza, Egypt ","HR, Human Resources (HR), Personnel, Microsoft Office, Recruitment",On-site,Full Time,Manager,Confidential,1 month ago
Merchandising Manager - Bisco Misr,Arma-HSA -,"New Cairo, Cairo, Egypt ","Merchandising, Sales, Retail, Administration, Business Administration, Marketing, Trade",On-site,Full Time,Manager,Confidential,1 month ago
Procurement Manager,ESC -,"New Cairo, Cairo, Egypt ","Logistics, Procurement, Purchasing, Supply Chain Management, Vendor Management, Negotiation, Contract Management",On-site,Full Time,Manager,Confidential,1 month ago
Warehouse Management System Coordinator,Confidential -,"10th of Ramadan City, Sharqia, Egypt ","Warehouse Management, Coordinator, Administration, Supply Chain Management, Logistics, Inventory Management, Data Entry, Microsoft Office Suite, Communication Skills",On-site,Full Time,Entry Level,Confidential,1 month ago
Sales Account Manager,WUZZUF -,"Maadi, Cairo, Egypt ","CRM, Negotiation, Customer Support, Sales Consulting, Crm, Customer support, Sales consulting, Sales",Hybrid,Full Time,Experienced,Confidential,1 month ago
Construction Accountant.,ElTarek Group -,"Katameya, Cairo, Egypt ","Accounting, Construction, Finance, Communication, Financial Analysis, IFRS, ERP, Oracle, QuickBooks",On-site,Full Time,Experienced,Confidential,1 month ago
Production Manager,Shendy furniture   -,"Alexandria, Egypt ","Furniture production, Wooden work, Interior design principles, Project management, Quality control, Resource allocation, Team leadership, Supply chain management, Budget management",On-site,Full Time,Manager,Confidential,1 month ago
"IT Technical Support Specialist (Beheira, Egypt)",Al Ahly capital holding - Al Ahly Tamkeen -,"Beheira, Egypt ","Computer Science, Information Technology (IT), Technical Support, Customer Support",On-site,Full Time,Experienced,Confidential,1 month ago
Accountant,Confidential -,"10th of Ramadan City, Cairo, Egypt ","Accounting, Microsoft Excel, Banking, Microsoft Word, Financial Reporting, General Ledger, Reconciliation, Accounts Payable, Accounts Receivable",On-site,Full Time,Entry Level,Confidential,1 month ago
Senior Procurement Officer,IKK GROUP (KCG -ABUILD) -,"Cairo, Egypt ","RFQs, ERP, Procurement, Supply Chain, Communication, Negotiation, Administration, Business Administration, Engineering",On-site,Full Time,Experienced,Confidential,1 month ago
Religious Tourism Manager,sadeem-travel -,"Giza, Egypt ","Management, Tourism, Travel, Administration, Business Administration, Communication, Customer Service",On-site,Full Time,Manager,Confidential,1 month ago
Sales & Marketing Manager,Badawy - BEECO -,"Cairo, Egypt ","Sales, Sales Target Achievement, Marketing Strategy, Business Administration, Business Development, Marketing Research, Market Analysis",On-site,Full Time,Manager,Confidential,1 month ago
BIM Architect - Mansoura Office,BIMCloud -,"Mansoura, Dakahlia, Egypt ","Architecture, BIM, Engineering, Revit, Architectural Engineering, Architectural Design, Architecture Design",On-site,Full Time,Entry Level,Confidential,1 month ago
BIM Architect - Cairo Office,BIMCloud -,"Maadi, Cairo, Egypt ","Architecture, BIM, Engineering, Revit, AutoCAD, Architectural Engineering, Architectural Design",On-site,Full Time,Experienced,Confidential,1 month ago
Business Development Lead/Startup Advisory,Intercap Capital  -,"Dokki, Giza, Egypt ","Corporate, sales skills, Presentation, English, Business Development",On-site,Full Time,Experienced,Confidential,1 month ago
Financial Analyst/Intern,Intercap Capital  -,"Dokki, Giza, Egypt ","Finance, Accounting, Research, Analysis, Financial Analysis, Financial Reports",On-site,Internship,Entry Level,Confidential,1 month ago
Human Resources Generalist,Cleopatra Stones -,"Maadi, Cairo, Egypt ","Human Resources, Human Resources (HR), Microsoft Office, Personnel, Recruitment",On-site,Full Time,Experienced,Confidential,1 month ago
Account Manager,Units for Real Estate -,"Sheikh Zayed, Giza, Egypt ","Sales, Sales Target, Customer Service",Hybrid,Full Time,Experienced,Confidential,1 month ago
Interior Design Furniture,Confidential -,"Obour City, Cairo, Egypt ","Furniture Design, 3D Design, 3Dmax, AutoCAD, Sketchup, photoshop, mdf, hdf",On-site,Full Time,Experienced,Confidential,1 month ago
Graphic Designer,Catalyst For Leather Products and Advertising  -,"Cairo, Egypt ","Adobe illustrator, Adobe Photoshop, Graphic Design, Design",On-site,Full Time,Experienced,Confidential,1 month ago
Senior Specification Engineer,Terra Egypt -,"Dokki, Giza, Egypt ","Architecture, Interior Design, Business Development, finishing materials, Technical Sales, specification",On-site,Full Time,Experienced,Confidential,1 month ago
Senior Accountant,Cultiv -,"Maadi, Cairo, Egypt ","Accounting, Finance",On-site,Full Time,Experienced,Confidential,1 month ago
Senior Financial Analyst,Cultiv -,"Maadi, Cairo, Egypt ","Finance, Financial Analysis, Financial",On-site,Full Time,Experienced,Confidential,1 month ago
Sales B2B,Outing Mood -,"New Cairo, Cairo, Egypt ","B2B, Sales, Sales Target, B2B Sales, Corporate Sales, Business Development, Lead Generation, Sales Pipeline",On-site,Full Time,Experienced,Confidential,1 month ago
HR Recruitment Specialist,Outing Mood -,"New Cairo, Cairo, Egypt ","HR, Human Resources (HR), Recruitment, Mass Recruitment, Hiring, Mass Hiring, HR Specialist, B2B, Personnel",On-site,Full Time,Experienced,Confidential,1 month ago
Human Resource Administrative Assistant,AlShrouk Paper -,"Alsadat City, Monufya, Egypt ","Microsoft Office, Labour Law, Recruitment, Payroll, Social Insurance, ERP Software, HR Administration, Employee Relations, Record Keeping",On-site,Full Time,Experienced,Confidential,1 month ago
E Commerce Manager,Artoovia -,"Giza, Egypt ","E-Marketing, Marketing, Management, Sales, CRM, E-Commerce, Commerce",Remote,Full Time,Manager,Confidential,1 month ago
Unity Developer (Junior / Mid-Level),TIA -,"Cairo, Egypt ","Unity, Unity 3D, C#, Computer Science, Information Technology (IT), Software Development, Git, Debugging",Hybrid,Full Time,Entry Level,Confidential,1 month ago
Woodworks Technical Office Engineer,Conception Woodworks  -,"Giza, Egypt ","AutoCAD, WoodWorks, Microsoft Office, Design, Engineering, Technical Office",On-site,Full Time,Experienced,Confidential,1 month ago
"Senior Full Stack PHP Laravel Developer (Accounting & Financial Systems) (Full-Time, Remote)",iBrokerage Ltd. -,"Cairo, Egypt ","Information Technology (IT), Laravel, Software Development, PHP, Computer Science, JavaScript, jQuery, MySQL",Remote,Full Time,Experienced,Confidential,1 month ago
"Software Test Engineer (Manual & Automation) (Full-Time, Remote)",iBrokerage Ltd. -,"Cairo, Egypt ","Automation, Information Technology (IT), Computer Science, Quality Assurance, Quality Control, Software Tester",Remote,Full Time,Experienced,Confidential,1 month ago
Fashion Designer,Tie House -,"New Cairo, Cairo, Egypt ","Adobe illustrator, Adobe Photoshop, Designer, fashion designer, Fashion, Design",On-site,Full Time,Experienced,Confidential,1 month ago
Senior Façade Sales Aluminum Engineer.,ICPM -,"Badr City, Cairo, Egypt ","Engineering, Sales, B2B, Communication, Construction, Negotiation, Sales Target, AutoCAD",On-site,Full Time,Experienced,Confidential,1 month ago
Infection Control Specialist,Cleopatra Hospitals Group -,"New Cairo, Cairo, Egypt ","Infection Control, Quality Assurance, QA, Quality Control, infection control diploma",On-site,Full Time,Entry Level,Confidential,1 month ago
Logistics Intern,Family Corporation -,"Heliopolis, Cairo, Egypt ","Administration, Analysis, Business Administration, Logistics, Management, Microsoft Office, Purchasing, Supply Chain",On-site,Internship,Student,Confidential,1 month ago
Marketing & Sales Intern,Family Corporation -,"Heliopolis, Cairo, Egypt ","Communication, CRM, Digital Marketing, Management, Market Research, Research, Marketing",On-site,Internship,Student,Confidential,1 month ago
IT Intern,Family Corporation -,"Heliopolis, Cairo, Egypt ","Computer Science, Engineering, Information Technology (IT), Software Engineering, Software Development, Problem Solving, Object-Oriented Programming (OOP)",On-site,Internship,Student,Confidential,1 month ago
Finance Intern,Family Corporation -,"Heliopolis, Cairo, Egypt ","Accounting, Administration, Analysis, Auditing, Business Administration, Finance, Financial, Financial Analysis, Management",On-site,Internship,Student,Confidential,1 month ago
Human Resources Intern,Family Corporation -,"Heliopolis, Cairo, Egypt ","Administration, Business Administration, Communication, Human Resources, HR, Human Resources (HR), Management, Microsoft Office",On-site,Internship,Student,Confidential,1 month ago
Social Media Senior Specialist,Kandil Industries -,"New Cairo, Cairo, Egypt ","Marketing, Social Media, Social Media Strategy, Content Creation, Community Management, Analytics, Brand Storytelling",On-site,Full Time,Experienced,Confidential,2 months ago
BIM Electrical Junior Engineer,Takweenat -,"New Cairo, Cairo, Egypt ","BIM, Electrical Engineering, Revit MEP, BIM Modeling, BIM standards, workflows",On-site,Full Time,Entry Level,Confidential,2 months ago
Marketing Account Manager,Almosallamy fo -,"10th of Ramadan City, Sharqia, Egypt ","Marketing, Project Coordination, Decision Making",On-site,Full Time,Experienced,Confidential,2 months ago
Technical Office Engineer,green river for urban development -,"New Capital, Cairo, Egypt ","Computer Science, Engineering, Information Technology (IT), Technical Office, Microsoft Office, CAD Software, Autodesk Revit, Project Management",On-site,Full Time,Entry Level,Confidential,2 months ago
STEM Instructor,Engineeius -,"Giza, Egypt ","STEM, Arduino, Computer Science, Education, Instructor, Robotics, Teaching",On-site,Full Time,Entry Level,Confidential,2 months ago
Enrollment & Student Success Officer,Engineeius -,"Cairo, Egypt ","Administration, Customer Service, Technology",Remote,Full Time,Experienced,Confidential,2 months ago
Sales Team leader - Real Estate,Valero Development -,"Obour City, Cairo, Egypt ","Real Estate Sales, Real Estate, Sales, Sales Target, Team Leadership, Negotiation, Communication, Customer Relationship Management, Market Analysis",On-site,Full Time,Experienced,Confidential,2 months ago
Content Creator,Almosallamy fo -,"10th of Ramadan City, Sharqia, Egypt ","Marketing, Social Media, Content Creation, Design, Writing",On-site,Full Time,Experienced,Confidential,2 months ago
Civil Site Engineer,Hayah Developments -,"Sheikh Zayed, Giza, Egypt ","Architecture, Civil Engineering, Construction, Engineering, Site Management, Project Coordination, Quality Control, Structural Analysis",On-site,Full Time,Experienced,Confidential,2 months ago
Head of Operations - MENA,Casita -,"Dokki, Giza, Egypt ","Management, Leadership, Marketing, Sales, Education Sales, Commerce, E-Commerce, HR",On-site,Full Time,Manager,Confidential,2 months ago
Inbound Sales Closer,"Stateside Support Solutions,LLC -","Cairo, Egypt ","English Language (fluent), Phone Sales / Telesales, Inbound Sales, Sales Skills, Negotiation, Customer Service Management, Communication Skills, Automotive Sales, Multitasking",Remote,Full Time,Experienced,Confidential,2 months ago
BMS Senior Engineer,Musandah FM  -,"New Capital, Cairo, Egypt ","Engineering, Light Current Systems, BMS (Building Management Systems), System Integration, Installation, Maintenance, Troubleshooting, Project Management",On-site,Full Time,Experienced,Confidential,2 months ago
Sales Manager (part-time),KNA -,"6th of October, Giza, Egypt ","Sales, Corporate Sales, Retail Sales, Sales Target Achievement, Client Relationship Management, Business Development, Market Analysis, Negotiation, Leadership",Hybrid,Part Time,Manager,Confidential,2 months ago
Recruitment Officer,Hook Solutions -,"Obour City, Cairo, Egypt ","Recruitment, Personnel, Human Resources (HR), Manufacturing, Hiring, Communication, Microsoft Office",On-site,Full Time,Entry Level,Confidential,2 months ago
Warehouse Operations Manager,Hook Solutions -,"Obour City, Cairo, Egypt ","Warehouse Operations, Stock Control, Management, Supply Chain",On-site,Full Time,Manager,Confidential,2 months ago
Call Center Executive,Medexera  -,"New Cairo, Cairo, Egypt ","Call Center, Customer Service, Customer Care, Customer Support",On-site,Full Time,Entry Level,Confidential,2 months ago
Quality Inspection Engineer,CSCEC International Facade Egypt Co Ltd -,"Ain Sokhna, Suez, Egypt ","Microsoft Office, Quality Assurance, Quality Control, Facade Inspection, Technical Documentation, Problem Solving, Attention to Detail, Root Cause Analysis, Inspection Procedures",On-site,Full Time,Experienced,Confidential,2 months ago
IT Administrator,3alababak  -,"Alexandria, Egypt ","System Administration, Information Technology (IT), Engineering, Computer Science",On-site,Full Time,Entry Level,Confidential,2 months ago
Frontend Developer,nichepharma -,"Sheikh Zayed, Giza, Egypt ","Computer Science, JavaScript, Software Development, UI",Hybrid,Internship,Student,Confidential,2 months ago
Backend Developer,nichepharma -,"Sheikh Zayed, Giza, Egypt ","Computer Science, back-end, MongoDB, Software Development, RESTful, JavaScript",Remote,Internship,Student,Confidential,2 months ago
Senior Technical Office Architect (bim/revit),Archist design studio  -,"Cairo, Egypt ","Technical Office, Revit, BIM, AutoCAD, Architecture, Engineering, Project Coordination, Construction Documentation, Detailing",On-site,Full Time,Experienced,Confidential,2 months ago
Export Sales Executive – West & Central Africa,Decotam  -,"6th of October, Giza, Egypt ","Export Sales Executive, Export Operations, International Sales, Business English, International Market Expansion Export Sales Management Negotiation & Closing Skills Distributor Management Market Intelligence Strategic Selling Customer Relationship Management Target Achievement Orientation, ERP Systems, Letter of Credit (LC)",On-site,Full Time,Experienced,Confidential,2 months ago
Business Developer,EGYPRINT -,"Cairo, Egypt ","Business Development, Sales, Sales Target, Communication, Development, Marketing, Negotiation, Digital Marketing",On-site,Full Time,Experienced,Confidential,2 months ago
Technical Office Architect,Bplus construction -,"Sheikh Zayed, Giza, Egypt ","AutoCAD, Technical Office, Engineering, Microsoft Office, Shop Drawings, Architecture, BOQ",On-site,Full Time,Experienced,Confidential,2 months ago
Sales Supervisor HoReCa,Confidential -,"Cairo, Egypt ","Customer Service, Sales Target Achievement, Sales Strategy, Relational Databases, HoReCa Sales, Team Leadership, Relationship Management, Negotiation, Market Analysis",On-site,Full Time,Experienced,Confidential,2 months ago
Sr. Talent Management Specialist,DME Holding -,"Heliopolis, Cairo, Egypt ","Human Resources (HR), Management, Recruitment, Talent acquisition, Performance Management, Training Needs Analysis, Talent management",On-site,Full Time,Experienced,Confidential,2 months ago
Senior Cost Estimation Engineer (Tender),LEEDS FIT-OUT    -,"Sheikh Zayed, Giza, Egypt ","Architecture, Civil, Fit Out, Engineering, Projects, Tendering, Contracting, AutoCAD, Civil Engineering",On-site,Full Time,Experienced,Confidential,2 months ago
General Accountant,golden city travel -,"Dokki, Giza, Egypt ","Accounting, Finance, Accounting Software, Financial Analysis, Financial Management, Tax, Tourism, VAT, Travel",On-site,Full Time,Experienced,Confidential,2 months ago
Video Editor,YZH -,"Cairo, Egypt ","Adobe Photoshop, Adobe Premiere, Video Editing",On-site,Full Time,Experienced,Confidential,2 months ago
Risk Manager,L'azurde for Jewelry -,"Cairo, Egypt ","Risk Management, Financial Analysis",On-site,Full Time,Manager,Confidential,2 months ago
Production Manager,Arabella For Medical Technologies -,"Cairo, Egypt ","Production, Medical, Management, Production Management, Production Planning, Planning, Factories",On-site,Full Time,Manager,Confidential,2 months ago
Office Manager,GL Print  -,"Maadi, Cairo, Egypt ","Administration, Microsoft Office, Office management, Communication, Leadership, Management",On-site,Full Time,Manager,Confidential,2 months ago
Senior Digital Marketing,EL EZZ for construction and trading  -,"New Cairo, Cairo, Egypt ","Digital Marketing, E-Marketing, Marketing, Social Media, SEO, SEM, Content Marketing, Email Marketing",On-site,Full Time,Experienced,Confidential,2 months ago
Production Manager,GL Print  -,"Maadi, Cairo, Egypt ","Management, Production, Sales, Administration, Business Administration, Engineering, Manufacturing, Printing, Production Lines",On-site,Full Time,Manager,Confidential,2 months ago
Telesales Agent,GL Print  -,"Maadi, Cairo, Egypt ","Customer Service, Sales Target, Sales, Telesales, Microsoft Office, CRM, Communication",On-site,Full Time,Experienced,Confidential,2 months ago
Account Officer,Sedra for Trading & Distribution -,"Alexandria, Egypt ","Accounting, Finance, Accounts Payable",On-site,Full Time,Experienced,Confidential,2 months ago
Civil Engineering Office Engineer,Hans  -,"Kafr Alsheikh, Egypt ","Construction, Civil Engineering, Revit",On-site,Full Time,Manager,Confidential,2 months ago
Sales Development Representative,FoldMarks -,"Shorouk City, Cairo, Egypt ","sales development, Business Development, Sales",Hybrid,Full Time,Experienced,Confidential,2 months ago
Marketing Team Leader,GL Print  -,"Maadi, Cairo, Egypt ","Administration, Advertising, Management, Planning, Market Research, Business Administration, Marketing, Social Media",On-site,Full Time,Manager,Confidential,2 months ago
Employee Engagement & Internal Communication Specialist,Amreyah Cement -,"Sheraton, Cairo, Egypt ","Internal Communication, Event Planning, Employee Engagement, Public Relations (PR), Public Relations, Public Relationship, Public Relationships, Employee Relations",On-site,Full Time,Entry Level,Confidential,2 months ago
Senior IT Compliance & Risk Officer,Saudi-firmness -,"Katameya, Cairo, Egypt ","Information Technology (IT), Computer Science, Computer Engineering",On-site,Full Time,Experienced,Confidential,2 months ago
B2B Sales,Elhelow Group -,"Cairo, Egypt ","Communication, Sales, Sales Target, B2B, B2B Sales, CRM",On-site,Full Time,Entry Level,Confidential,2 months ago
Order Management Engineer,ICON Holding -,"Helwan, Cairo, Egypt ","Engineering, Management, order management, Project Management, Civil Engineering, Computer Science, Information Technology (IT), Project",On-site,Full Time,Experienced,Confidential,2 months ago
Export Sales Engineer,Riyadh Cables -,"Cairo, Egypt ","Sales, Engineering, Export, Cables",On-site,Full Time,Experienced,Confidential,2 months ago
Senior Finance Associate,Guillam -,"San Stefano, Alexandria, Egypt ","Accounting, Finance, Financial Analysis, Financial Management",On-site,Full Time,Experienced,Confidential,2 months ago
Full Stack Developer,Halo -,"Cairo, Egypt ","JavaScript, React js, Nextjs, Nodejs, Supabase",Remote,Full Time,Experienced,Confidential,2 months ago
Purchasing Specialist,Blue Bell Egypt  -,"Bourj Alarab, Alexandria, Egypt ","Purchasing, Supply Chain, Vendor Management, Negotiation, Procurement, Contract Management, Inventory Management, Logistics, SAP",On-site,Full Time,Experienced,Confidential,2 months ago
Administration Internship - Paid Internship,Nile University -,"Sheikh Zayed, Giza, Egypt ","Administration, Microsoft Office, Business Administration, Communication, Management",On-site,Internship,Student,Confidential,2 months ago
Marketing & Graphic Designer,packtec -,"6th of October, Giza, Egypt ","Adobe illustrator, Adobe Photoshop, Design, Graphic Design, Marketing",On-site,Full Time,Experienced,Confidential,2 months ago
Growth Marketing & Tech Sales Associate,Gemindz -,"Cairo, Egypt ","Market Research, Marketing, Lead Generation, Tech Sales, Storytelling, Tech Outsourcing, Business Development",Hybrid,Full Time,Entry Level,Confidential,2 months ago
Senior Admissions Officer,Golf Aviation Academy  -,"Dokki, Giza, Egypt ","Admissions, Student Recruitment, Educational Consulting, Customer Relationship Management, Sales, Consultative Selling, Customer Relations",On-site,Full Time,Experienced,Confidential,2 months ago
Sr.Officer - Order to Cash (O2C),Almosafer -,"Mohandessin, Giza, Egypt ","Accounting, Finance, Financial Analysis, Financial Management, order to cash, Revenue Assurance (RA), Revenue Assurance, Billing and invoicing",On-site,Full Time,Experienced,Confidential,2 months ago
Foreign Procurement Section Head,Confidential -,"6th of October, Giza, Egypt ","Foreign Purchasing, Purchasing, Procurement, Supply Chain",On-site,Full Time,Experienced,Confidential,2 months ago
Assistant to Program Director - ITCS,Nile University -,"6th of October, Giza, Egypt ","Administration, Communication skills, Microsoft Office, Computer Skills, Office management, English, Admin",On-site,Full Time,Entry Level,Confidential,2 months ago
Customer Care Representative,Fixed Solutions -,"Heliopolis, Cairo, Egypt ","Customer Care, Customer Service, Customer Support, Ticketing, Communication, Sales",On-site,Full Time,Entry Level,Confidential,2 months ago
Accountant,The National Company for Fertilizers and Chemical Industries  -,"Alsadat City, Monufya, Egypt ","Accounting, Accounting Software, Finance",On-site,Full Time,Entry Level,Confidential,2 months ago
Treasury Accountant,Rameda -,"6th of October, Giza, Egypt ","Treasury Accountant, accountant, Accounting, Finance, Treasury, Oracle, Communication skills",On-site,Full Time,Experienced,Confidential,2 months ago
IT Help Desk Specialist,PRE Group -,"New Cairo, Cairo, Egypt ","Technical troubleshooting, Windows and Mac OS support, Ticketing systems, Remote desktop support, Hardware and software installation, Network fundamentals, Active Directory, Time management",On-site,Full Time,Experienced,Confidential,2 months ago
Demand and Production Planning Sechion Head,Arab Otsuka Nutraceuticals -,"10th of Ramadan City, Sharqia, Egypt ","Planning, Production, Production Planning, Supply Chain",On-site,Full Time,Manager,Confidential,2 months ago
Media Buyer,Sukoon -,"Cairo, Egypt ","Media Buyer, App Flyer",Remote,Full Time,Experienced,Confidential,2 months ago
Team leader Architect Technical Office Engineer,fame for trading and contracting co. -,"Agouza, Giza, Egypt ","Architecture, AutoCAD, Communication skills, Construction, Engineering, photoshop, Microsoft Office, Communication, Technical Office",On-site,Full Time,Manager,Confidential,2 months ago
MEP Project Manager,Professional Service - Proserv -,"Cairo, Egypt ","Engineering, Project, MEP, Project Management, AutoCAD, Communication, Computer Science",On-site,Full Time,Manager,Confidential,2 months ago
Logistic Section Head,Dr.Greiche  -,"10th of Ramadan City, Sharqia, Egypt ","Engineering, Logistics, Administration, Business Administration, Management, Manufacturing, Mechanical Engineering, ERP, Microsoft Office",On-site,Full Time,Senior Management,Confidential,2 months ago
Technical Office Senior Manager.,IGI-Group -,"Sheikh Zayed, Giza, Egypt ","Engineering, Technical Office, Architecture, AutoCAD, Civil Engineering, Communication, Construction, Microsoft Office, MS Office",On-site,Full Time,Experienced,Confidential,2 months ago
Maintenance Manager,Professional Service - Proserv -,"Cairo, Egypt ","Maintenance, Mechanical Engineering, Management, Engineering, Leadership, Machinery",On-site,Full Time,Manager,Confidential,2 months ago
Community & Moderation Manager,SG Group -,"Giza, Egypt ","Communication, Management, Sales Target, Operations Management, Social Media, Target",On-site,Full Time,Manager,Confidential,2 months ago
Sales Manager,Artoovia -,"Giza, Egypt ","Sales, Account Management, Customer Service",Remote,Full Time,Manager,Confidential,2 months ago
Human Resources (HR) Manager,The Egyptian Co. for Electrical Industries -,"10th of Ramadan City, Cairo, Egypt ","Communication, Human Resource Management (HRM), Human Resources Development, Human Resource Information System, Organization Development, Business Administration, Employee Relations",On-site,Full Time,Manager,Confidential,2 months ago
Senior Process Engineer,Dr.Greiche  -,"10th of Ramadan City, Sharqia, Egypt ","Engineering, Automation, PLC, Production, Communication, Computer Science, Information Technology (IT), Software Development",On-site,Full Time,Experienced,Confidential,2 months ago
Senior Export Sales Executive,ACMA for Chemicals and Mining  -,"Sheraton, Cairo, Egypt ","Export, Export Sales, Sales, Sales Target, International Business Development, International Trade, International Sales",On-site,Full Time,Experienced,Confidential,2 months ago
Warehouse Manager,ICONIC FMCG  -,"New Cairo, Cairo, Egypt ","Logistics, Supply Chain, Warehousing, Warehousing Management, Communication, Team Leadership, Team Coaching",On-site,Full Time,Manager,Confidential,2 months ago
Payable Accountant Specialist,Cairo Three A  Poultry  -,"New Cairo, Cairo, Egypt ","Accounting, Accounts Payable, Finance",On-site,Full Time,Entry Level,Confidential,2 months ago
AX Consultant,Elabd Foods -,"Cairo, Egypt ","Computer Science, Information Technology (IT), Microsoft Programs",On-site,Full Time,Experienced,Confidential,2 months ago
Marketing Lead,Motolinkers -,"New Cairo, Cairo, Egypt ","Sales, Marketing, Lead Generation",Remote,Part Time,Experienced,Confidential,2 months ago
Senior Oracle Apps DBA (Oracle E-Business Suite R12),GEMMA -,"Haram, Giza, Egypt ","Oracle Apps DBA, Oracle Applications DBA, Senior Oracle DBA, Oracle EBS DBA, Oracle Database Administrator, Oracle E-Business Suite (EPS), Oracle EBS R12, EBS R12.2, EBS R12.1",On-site,Full Time,Experienced,Confidential,2 months ago
IT Infrastructure & Support Administrator,GEMMA -,"Haram, Giza, Egypt ","System Administrator, Network Administrator, IT Infrastructure Administrator, IT Support Administrator, IT Support Engineer, Help Desk, Desktop Support, Technical Support, Windows Server",On-site,Full Time,Experienced,Confidential,2 months ago
Mechanical Power Engineer,Uniboard  -,"Alsadat City, Monufya, Egypt ","Mechanical Engineering, mechanical power engineering, Power Engineering, mechanical power, Mechanical, Maintenance, Engineering, Power",On-site,Full Time,Experienced,Confidential,2 months ago
Senior Public Relation,Elkamash Group  -,"Marg, Cairo, Egypt ","Marketing, Public Relations (PR), Social Media, Communication, Management, Public Relations, PR",On-site,Full Time,Experienced,Confidential,2 months ago
Category Growth Lead,Confidential -,"Zamalek, Cairo, Egypt ","Brand Management, Brand Development, Product Development, New Product Development, product manager",On-site,Full Time,Experienced,Confidential,2 months ago
Search Engine Optimization Specialist,tech technology  -,"Cairo, Egypt ","Digital Marketing, Search Engine, Search Engine Optimization, SEO, Social Media, Marketing",Remote,Full Time,Senior Management,Confidential,2 months ago
Junior Business Developer,Digizilla -,"Nasr City, Cairo, Egypt ","Business Development, Sales, Sales Target",On-site,Full Time,Entry Level,Confidential,2 months ago
CEO Personal Assistant,Confidential -,"Cairo, Egypt ","Microsoft Office, Follow Up, Emarketing, Ecommerce, Time Management, Organizing, Human Resource Management",Hybrid,Full Time,Experienced,Confidential,2 months ago
Pharmacist,Dr. Nermeen pharmacy -,"Downtown, Cairo, Egypt ","Pharmacy, Pharmaceutical, Sales, Medical, Patient Counseling, Medication Management, Customer Service, Inventory Management, Pharmacology",On-site,Full Time,Entry Level,Confidential,2 months ago
Infection Control Specialist,Saudi German Hospital  -,"Nozha, Cairo, Egypt ","Infection Control, Communication, Medical, Quality Control, Management",On-site,Full Time,Experienced,Confidential,2 months ago
Molds Maintenance Manager,Tank -,"10th of Ramadan City, Cairo, Egypt ","Engineering, Maintenance, Management, Mechanical Engineering, Manufacturing, Maintenance Management, Mechanical",On-site,Full Time,Manager,Confidential,2 months ago
Catering Account Manager.,Food Club -,"Cairo, Egypt ","* Strong customer relationship management and negotiation skills. * Good command of English (written and spoken). * Proficiency in Microsoft Office applications (Excel, Word, PowerPoint, Outlook). * Strong communication, presentation, and organizational s, Sales Target, Project Management, Catering, Communication, Customer Service, Management, Microsoft Office",On-site,Full Time,Entry Level,Confidential,2 months ago
Senior Software Quality Control Engineer,BI-Technologies -,"New Cairo, Cairo, Egypt ","QC, Automation, Manualtesting, Information Technology (IT), Engineering, Telecommunication, Quality Control",Hybrid,Full Time,Experienced,Confidential,2 months ago
Sales Engineer,Professional Service - Proserv -,"New Cairo, Cairo, Egypt ","Construction, Sales, MEP, Communication, Sales Target, Medical, Mechatronics",On-site,Full Time,Experienced,Confidential,2 months ago
Branding & Digital marketing specialist,Injaz Digital  -,"New Cairo, Cairo, Egypt ","Digital Marketing, Social Media, Sales, E-Marketing, Marketing, Company Branding, Branding, Brand Marketing",On-site,Full Time,Experienced,Confidential,2 months ago
Warehouse Supervisor,FRIDAL -,"6th of October, Giza, Egypt ","Supply Chain, Logistics, Warehousing, Business Management, Microsoft Office, SOP, FEFO",On-site,Full Time,Experienced,Confidential,2 months ago
Telesales Representative,EBSS - Elite Business Solution Service -,"Cairo, Egypt ","Sales, Customer Service, Telesales, Communication, Negotiation, CRM Software, Active Listening, Goal-Oriented",Remote,Full Time,Entry Level,Confidential,2 months ago
Internal Auditor,Chloride -,"Abu Rawash, Giza, Egypt ","Financial Auditor, Certified Internal Auditor (CIA), Accounting Software, Accounting, Cost Accounting, Financial, Financial Accounting, Auditing, Financial Analysis",On-site,Full Time,Experienced,Confidential,2 months ago
Senior Business Development Executive,Chloride -,"Abu Rawash, Giza, Egypt ","Business Development, Sales, Customer Service, Customer Care, Customer Support, Business Analysis, Sales Skills",On-site,Full Time,Experienced,Confidential,2 months ago
Telesales Specialist,EBSS - Elite Business Solution Service -,"Tanta, Gharbia, Egypt ","Sales, Telesales, Customer Service, Communication Skills, Negotiation, CRM Software, Active Listening, Problem-Solving, Time Management",On-site,Full Time,Entry Level,Confidential,2 months ago
Senior Accountant,EBSS - Elite Business Solution Service -,"Tanta, Gharbia, Egypt ","Accounting, Finance, Financial Analysis, Financial Management, GAAP, IFRS, Budgeting, Forecasting, Audit Preparation",On-site,Full Time,Experienced,Confidential,2 months ago
Battery Sales Manager,A-part Auto -,"Katameya, Cairo, Egypt ","Sales, Communication, Sales Target, Business Development, Market Analysis, Team Leadership, Negotiation, Client Relationship Management, Strategic Planning",On-site,Full Time,Manager,Confidential,2 months ago
Senior Technical Office Engineer,Prime Developments -,"New Cairo, Cairo, Egypt ","Technical Office Management, Construction Engineering, Engineering",On-site,Full Time,Experienced,Confidential,2 months ago
Real Estate Sales Manager,Lavita Developments  -,"Cairo, Egypt ","Customer Relations, Sales Target, Operations Management, Customer relations, Sales target, Operations management, Sales strategy, Team leadership",On-site,Full Time,Manager,Confidential,2 months ago
Maintenance & Service Engineer,Dani Pack  -,"Nasr City, Cairo, Egypt ","Maintenance, Engineering, Electrical Engineering, Inkjet, Inkjet printing, Mechanical Engineering, Mechatronics, Technical Support",On-site,Full Time,Entry Level,Confidential,2 months ago
HR Officer (Payroll & Personnel),GlobeMed Egypt -,"Maadi, Cairo, Egypt ","Business Administration, Communication, Communication skills, HR, Labor Law, Human Resources (HR), Personnel, Microsoft Office, Law",On-site,Full Time,Entry Level,Confidential,2 months ago
Content Creator,spire pharma -,"Maadi, Cairo, Egypt ","Marketing, Social Media, Writing, Content Creation, Creative, Content Writing",On-site,Full Time,Entry Level,Confidential,2 months ago
Head of Growth,DIME -,"Cairo, Egypt ","CRM, Marketing, Business Development, Sales, Strategic Planning, Team Leadership, Market Research, Data Analysis, Negotiation",Hybrid,Full Time,Senior Management,Confidential,2 months ago
Tire Workshop Administrator – Heavy Transport & Logistics Sector,Egytrans -,"Alexandria, Egypt ","Fleet Management, Logistics Operations, Microsoft Excel, Heavy Equipment, Heavy-Duty Vehicles, Organization Development, Coordination, Communication",On-site,Full Time,Experienced,Confidential,2 months ago
Heavy Haulage & Transportation Engineer,Egytrans -,"Alexandria, Egypt ","AutoCAD, Microsoft Excel, Site Supervision",On-site,Full Time,Entry Level,Confidential,2 months ago
Senior Mechanical Engineer – Wastewater & Pumping Stations | Bahrain,WUZZUF -,"Cairo, Egypt ","mechanical, Engineers, Wastewater, stations, pumping",On-site,Full Time,Experienced,Confidential,2 months ago
Senior Property Consultant,Aqar GPT -,"New Cairo, Cairo, Egypt ","Property, Real Estate, Sales, Sales Target, Property Sales, Real Estate Sales, Negotiation, Customer Service",On-site,Full Time,Experienced,Confidential,2 months ago
Branch Manager - fitness center ladies,Your GYM -,"New Cairo, Cairo, Egypt ","Branch Management, Customer Service, Sales, Customer Support, Communication, Community Management, Administration",On-site,Full Time,Manager,Confidential,2 months ago
Sales Supervisor,Hook Solutions -,"Obour City, Cairo, Egypt ","Sales, Sales Target, Business Development, B2B, Communication, Customer Service, Retail, Trade, Wholesale",On-site,Full Time,Manager,Confidential,2 months ago
HR Manager,voestalpine Turnout Technology Egypt S.A.E. -,"Abbassia, Cairo, Egypt ","Human Resources (HR), Recruitment, Personnel, Microsoft Office, HR",On-site,Full Time,Manager,Confidential,2 months ago
Interior Designer,Confidential -,"Sheikh Zayed, Giza, Egypt ","Interior Design, Interior Finishing",Hybrid,Full Time,Experienced,Confidential,2 months ago
Video Editor,Confidential -,"Cairo, Egypt ","Adobe Premiere, After Effects, Video Editing, Adobe After Effects, Editing, video",Remote,Full Time,Experienced,Confidential,2 months ago
Call Center Agent,Valley Water LLC   -,"New Cairo, Cairo, Egypt ","Customer Care, Customer Support, Customer Service",On-site,Full Time,Entry Level,Confidential,2 months ago
Senior Technical Office Engineer,Confidential -,"Ras Sedr, South Sinai, Egypt ","Civil, Construction, Cost Control, Control, Engineering, Finance, Technical Office, AutoCAD, Microsoft Office",On-site,Full Time,Experienced,Confidential,2 months ago
Senior Sales Executive - Real Estate,Confidential -,"Heliopolis, Cairo, Egypt ","Business Administration, Customer Service, Marketing, Property, Real Estate, Sales, sales skills",On-site,Full Time,Experienced,Confidential,2 months ago
Maintenance Manager,Hassan Allam Sports Club -,"New Cairo, Cairo, Egypt ","Engineering, Maintenance, Mechanical Engineering, Management, Hospitality, Leadership, Mechanical",On-site,Full Time,Manager,Confidential,2 months ago
Cyber Security (SOC) Instructor,Route ِAcademy -,"Dokki, Giza, Egypt ","Cyber Security, Information Technology (IT), SOC, Security Monitoring, Network Security, Networking, Linux",Hybrid,Full Time,Experienced,Confidential,2 months ago
Java Spring Instructor,Route ِAcademy -,"Dokki, Giza, Egypt ","Java, Spring, Cloud, Computer Science, Docker, Git, Information Technology (IT)",Hybrid,Full Time,Experienced,Confidential,2 months ago
Technical Office Engineer,Specialized Construction Company -,"New Cairo, Cairo, Egypt ","Autodesk Revit, AutoCAD, quantity surveying, working drawings, site coordination, Computer Science, Engineering, Information Technology (IT), Microsoft Office",On-site,Full Time,Experienced,Confidential,2 months ago
Surveyor,Specialized Construction Company -,"New Cairo, Cairo, Egypt ","civil 3d, total station, AutoCAD, Microsoft Excel, Quantity Surveying, Architecture, Civil Engineering, Engineering",On-site,Full Time,Experienced,Confidential,2 months ago
Telesales Executive,Route ِAcademy -,"Dokki, Giza, Egypt ","Sales, Telesales, Customer Service, Negotiation, Target, CRM, Communication",On-site,Full Time,Entry Level,Confidential,2 months ago
Mechanical Site Engineer,ASC for Construction and Engineering -,"Badr City, Beheira, Egypt ","Engineering, Mechanical Engineering, Construction, mechanical power, mechanical power engineering",On-site,Full Time,Experienced,Confidential,2 months ago
Android Developer,herojp -,"Mokattam, Cairo, Egypt ","Android developer, Software Development, Mobile Development, Java, flutter, Agile, Android, Computer Science",On-site,Full Time,Experienced,Confidential,2 months ago
Senior Accountant,tech technology  -,"Cairo, Egypt ","Accounting, Finance, Financial Analysis, Financial Management",Remote,Full Time,Senior Management,Confidential,2 months ago
Primary principal,AlAlson Azhari Language Schools -,"Haram, Giza, Egypt ","Management, Teaching",On-site,Full Time,Senior Management,Confidential,2 months ago
AI Creative Producer & Video Creator,tech technology  -,"Cairo, Egypt ","AI, Adobe Photoshop, Creative, Video Editing",Remote,Full Time,Senior Management,Confidential,2 months ago
Receptionist,Confidential -,"Obour City, Cairo, Egypt ","Office management, Communication, language skills",On-site,Full Time,Entry Level,Confidential,2 months ago
Sales Specialist - Dry Chemistry,Global Technology -,"Heliopolis, Cairo, Egypt ","Technology, Sales Target, Customer Service, Chemistry, Negotiation, Communication, Marketing Strategy, Sales",Hybrid,Full Time,Experienced,Confidential,2 months ago
Marketing Manager - Iraq,Master Group -,"Cairo, Egypt ","Business Administration, Communication, Digital Marketing, Management, Market Research, Marketing Campaigns, Marketing, Sales",On-site,Full Time,Manager,Confidential,2 months ago
Chairman Assistant,Rubex Egypt -,"Bourj Alarab, Alexandria, Egypt ","Administration, Office management, Business Development, Business Analysis, Business Administration, Executive Management",On-site,Full Time,Experienced,Confidential,2 months ago
Business Development Manager – Media & OTT & Production Partnerships,Sky Blue -,"Cairo, Egypt ","Business Development, Marketing, Sales, Advertising Media, Media Production, Media Buying, Digital Media Sales",On-site,Full Time,Experienced,Confidential,2 months ago
Survey Engineer,Eamar Al Delta  -,"New Cairo, Cairo, Egypt ","Architecture, Engineering, Surveying, Civil Engineering, Construction Management, AutoCAD, Data Analysis, Blueprint Reading, Site Planning",On-site,Full Time,Experienced,Confidential,2 months ago
Human Resources Generalist,And Agency  -,"New Cairo, Cairo, Egypt ","Human Resources (HR), Microsoft Office Suite, Personnel Management, Recruitment, Payroll Processing, Employee Relations, HR Policies, Onboarding",On-site,Full Time,Experienced,Confidential,2 months ago
Business Development & Sales Executive,Alpha -,"New Cairo, Cairo, Egypt ","Business Development, Sales, Sales Target, Development, Microsoft Office, Account Management, Business Administration",On-site,Full Time,Entry Level,Confidential,2 months ago
English Teacher,Badr Tigers' Modern Language Schools -,"Hadayek October, Giza, Egypt ","Classroom Management, English, Education, english language, English Teaching, KG, Teacher, Teaching",On-site,Full Time,Experienced,Confidential,2 months ago
Senior Architectural Design Engineer,ARX Developments  -,"Cairo, Egypt ","Architectural Design, Architecture, Design, Engineering, AutoCAD, Development, Revit, Technical Office, Construction",On-site,Full Time,Experienced,Confidential,2 months ago
Senior Talent Management (OD & Performance),Al Ahly capital holding - Al Ahly Tamkeen -,"Zamalek, Cairo, Egypt ","Talent management, OD, Performance Management",Hybrid,Full Time,Experienced,Confidential,2 months ago
Graphic Designer (Motion & Static),Confidential -,"New Cairo, Cairo, Egypt ","Graphic Design, Adobe Photoshop, Adobe Illustrator, Adobe InDesign, Visual Communication, Branding, Digital Illustration",On-site,Full Time,Experienced,Confidential,2 months ago
HSE Area Manager,Arabtec -,"Alamein, Matruh, Egypt ","HSE, Management, Occupational Safety and Health Administration (OSHA), NEBOSH, HSE Management, Firefighting System",On-site,Full Time,Manager,Confidential,2 months ago
Sales Outdoor Representative,Lyvo -,"Haram, Giza, Egypt ","Sales, Sales Target, Outdoor Sales, Business Development, Communication, Customer Service, Marketing, Microsoft Office, Negotiation",On-site,Full Time,Entry Level,Confidential,2 months ago
Mechanical Maintenance Engineer,CairoPac   -,"6th of October, Giza, Egypt ","Maintenance, Maintenance Engineer, Mechanical Engineering, Mechanical, Mechanical Maintenance",On-site,Full Time,Experienced,Confidential,2 months ago
Graphic Designer,EEC Group -,"Sheraton, Cairo, Egypt ","Adobe illustrator, Design, Adobe Photoshop, Graphic Design, Graphic Design Software, designer",On-site,Full Time,Experienced,Confidential,2 months ago
Junior Site Architect.,Confidential -,"Cairo, Egypt ","AutoCAD, Architecture, Site Supervision, Site Work, Engineering, Interior Finishing, Civil Engineering, Construction, Management",On-site,Full Time,Experienced,Confidential,2 months ago
local sales account manager,Confidential -,"10th of Ramadan City, Sharqia, Egypt ","Account Management, Business Development, Customer Service, Sales, Sales Target Achievement, Client Relationship Management, Negotiation, Market Analysis",On-site,Full Time,Manager,Confidential,2 months ago
Technical Office Engineer,Khater Sports Group -,"Nasr City, Cairo, Egypt ","Architecture, Technical Office, Engineering, AutoCAD, Primavera P6, Project Management, Construction Management, Quantity Surveying, Cost Estimation",On-site,Full Time,Experienced,Confidential,2 months ago
Chinese Translator & Interpreter (Chinese – Arabic),Confidential -,"Cairo, Egypt ","Translation, Writing, Chinese Translation, Chinese Fluency, Interpretation, Communication Skills",On-site,Full Time,Entry Level,Confidential,2 months ago
Talent Acquisition & OD Supervisor,Aswaq -,"Shorouk City, Cairo, Egypt ","Human Resources (HR), Recruitment, Talent acquisition, OD, Construction, Development, Interviewing, Organizational Development",On-site,Full Time,Experienced,Confidential,2 months ago
Oracle Database Developer,ICIS -,"New Cairo, Cairo, Egypt ","Oracle, Oracle Database, Computer Science, Software Development, Information Technology (IT), Database, Oracle APEX",Hybrid,Full Time,Experienced,Confidential,2 months ago
Oracle APEX Developer,ICIS -,"New Cairo, Cairo, Egypt ","Computer Science, CSS, PL/SQL, Oracle Database, Oracle, Software Development, SQL, Database",Hybrid,Full Time,Experienced,Confidential,2 months ago
Senior Oracle Developer (To Work In KSA),ICIS -,"New Cairo, Cairo, Egypt ","Computer Science, Information Technology (IT), Engineering, Oracle developer, Oracle SQL, Oracle PL/SQL, ERP",Hybrid,Full Time,Experienced,Confidential,2 months ago
Office Manager,Upwyde -,"New Cairo, Cairo, Egypt ","Administration, Microsoft Office, Office management",On-site,Full Time,Experienced,Confidential,2 months ago
Architect Site Engineer,Upwyde -,"New Cairo, Cairo, Egypt ","Architecture, AutoCAD, Construction, Design, Engineering, Project Management",On-site,Full Time,Experienced,Confidential,2 months ago
Purchasing Specialist,Chloride -,"6th of October, Giza, Egypt ","Purchasing, Procurement, Logistics, Supply Chain, English, Negotiation, SAP",On-site,Full Time,Entry Level,Confidential,2 months ago
Senior Electrical Technical Office Engineer,Upwyde -,"New Cairo, Cairo, Egypt ","Electrical Engineering, Technical Office Engineering, Construction Engineering",On-site,Full Time,Experienced,Confidential,2 months ago
Real Estate Sales Director,Emarcom Group Developments -,"6th of October, Giza, Egypt ","Sales, Sales Target Achievement, Management, Strategic Planning, Business Development, Team Leadership, CRM Software, Market Analysis",On-site,Full Time,Senior Management,Confidential,2 months ago
Graphic Designer,Arab Otsuka Nutraceuticals -,"Sharqia, Egypt ","Adobe illustrator, Adobe Photoshop, Design, Graphic Design, Adobe Indesign, Motion Graphics, Aftereffect",On-site,Full Time,Experienced,Confidential,2 months ago
International Business Development Director,El Banna Group Company -,"Sharqia, Egypt ","Business Development, Sales, Marketing, Development, Administration, Business Administration, Export",On-site,Full Time,Senior Management,Confidential,2 months ago
Real Estate Sales Admin,Emarcom Group Developments -,"Giza, Egypt ","Sales, Sales Real Estate, Administrative Support, CRM Software, Data Entry, Client Communication, Market Research, Documentation, Problem-Solving",On-site,Full Time,Experienced,Confidential,2 months ago
HR Manager,Confidential -,"Abu Rawash, Giza, Egypt ","Human Resources Management, Talent Acquisition, Employee Relations, Performance Management, HR Policy Development, Training and Development, HRIS Proficiency, Leadership, KPI",On-site,Full Time,Manager,Confidential,2 months ago
Senior Account Manager,HDL Egypt -,"Cairo, Egypt ","CRM, Communication, Account Management, Sales, Sales Target, Customer Service, Engineering, Management",On-site,Full Time,Senior Management,Confidential,2 months ago
Restaurant Manager (International Restaurant),SAGE Hospitality -,"New Cairo, Cairo, Egypt ","Hospitality, Management, HACCP, Restaurant Management, Communication",On-site,Full Time,Manager,Confidential,2 months ago
Accounts Payable Supervisor,ARX Developments  -,"Cairo, Egypt ","Accounting, Accounts Payable, Finance, Financial Analysis, Real Estate, AP, Accounting Software",On-site,Full Time,Experienced,Confidential,2 months ago
Budget Analyst,Unistar   -,"Badr City, Cairo, Egypt ","Accounting, Budgeting, Finance, Financial Analysis, Business Development",On-site,Full Time,Experienced,Confidential,2 months ago
Brand & Operations Manager,Confidential -,"Cairo, Egypt ","Customer Service, Customer Care, Social Media, Business Administration, Sales, Sales Plans, Branch Operations",On-site,Full Time,Manager,Confidential,2 months ago
Senior Accountant,Al Amal Co. for Trade & Agencies -,"6th of October, Giza, Egypt ","Accounting, Finance, Financial Management, Financial Analysis",On-site,Full Time,Experienced,Confidential,2 months ago
Technical Office Engineer - Architecture,Jidaar Construction -,"New Cairo, Cairo, Egypt ","Technical Office, AutoCAD, Microsoft Office, Engineering, Architectural Engineering, Information Technology (IT), Computer Science",On-site,Full Time,Experienced,Confidential,2 months ago
Accountant,El Rawas  -,"Downtown, Cairo, Egypt ","Accounting, Finance, Financial Management",On-site,Full Time,Experienced,Confidential,2 months ago
Quality Control and Food Safety Specialist,Raghaeb for managing restaurants (ABU TAREK KUSHARI) -,"Nasr City, Cairo, Egypt ","Quality Control, Food Safety Management, Food Hygiene, Food quality, Food Science, Quality Assurance, QA, Agriculture",On-site,Full Time,Experienced,Confidential,2 months ago
Electric Power Sales Representative,Global Technology -,"Heliopolis, Cairo, Egypt ","Business Development, Negotiation, Engineering, Electrical Engineering, Communication, Technical Sales, Sales",On-site,Full Time,Experienced,Confidential,2 months ago
Graphic Designer & Marketing Executive,Global Technology -,"Heliopolis, Cairo, Egypt ","Adobe Photoshop, Graphic Design, Marketing, Design, Social Media, Photography, illustrator",On-site,Full Time,Experienced,Confidential,2 months ago
IT Engineer,Marbella For Food Industry  -,"6th of October, Giza, Egypt ","Computer Science, Engineering, Information Technology (IT), Software Development, Active Directory, Computer Engineering, Networking, System Administration",On-site,Full Time,Experienced,Confidential,2 months ago
HR Specialist,Raghaeb for managing restaurants (ABU TAREK KUSHARI) -,"New Cairo, Cairo, Egypt ","HR, HR Specialist, Human Resources (HR), Microsoft Office, Personnel, Recruitment, Administration, Business Administration, Communication",On-site,Full Time,Experienced,Confidential,2 months ago
Outdoor Lead Generation Executive,C Water Treatment  -,"6th of October, Giza, Egypt ","Sales, Communication, Lead Generation, Business Development",Hybrid,Full Time,Entry Level,Confidential,2 months ago
"Application Support Engineer ""Outsource""",Efada Technology -,"6th of October, Giza, Egypt ","Application Support, Engineering, Information Technology (IT), Technical Support, Software Development, DevOps, Technical Systems Engineering, .Net Framework",Hybrid,Full Time,Entry Level,Confidential,2 months ago
"Maintenance Manager "" Poultry Sector",El Banna Group Company -,"Sharqia, Egypt ","Engineering, Maintenance, Management, Mechanical Engineering",On-site,Full Time,Manager,Confidential,2 months ago
Infra Technical Office Engineer,Tabarak -,"Mohandessin, Giza, Egypt ","Engineering, Technical Office, Tendering, Shop Drawings, Civil Engineering, Mechanical Engineering, Electrical Engineering, Project Coordination",On-site,Full Time,Experienced,Confidential,2 months ago
Business Development Executive,Fronix Studio -,"6th of October, Giza, Egypt ","B2B Sales, Lead Generation, Prospecting, Client Acquisition, Client Relationship Management, CRM Software (e.g., HubSpot, Salesforce, Zoho CRM)",On-site,Full Time,Experienced,Confidential,2 months ago
Treasury Accountant,Nile University -,"Sheikh Zayed, Giza, Egypt ","Accounting, Finance, Treasury",On-site,Full Time,Entry Level,Confidential,2 months ago
Employee Engagement Lead,Anasia Egypt for Trading -,"Sheraton, Cairo, Egypt ","Employee Engagement, Employee Relations, Human Resources (HR), internal communication, HR",On-site,Full Time,Manager,Confidential,2 months ago
Accounts Payable Accountant,Nile University -,"Sheikh Zayed, Giza, Egypt ","Accounting, Accounts Payable, Finance",On-site,Full Time,Entry Level,Confidential,2 months ago
Accounts Receivable Accountant,Nile University -,"Sheikh Zayed, Giza, Egypt ","Accounting, Accounts Receivable, Finance, Financial Management",On-site,Full Time,Entry Level,Confidential,2 months ago
Electrical Site Engineer,Power Solutions -,"6th of October, Giza, Egypt ","Engineering, Design, Communication, Electrical, Electrical Engineering, Manufacturing, Mechanical Engineering, Sales, Safety",On-site,Full Time,Entry Level,Confidential,2 months ago
Draftsman,Power Solutions -,"6th of October, Giza, Egypt ","Lighting, Construction, Drafting, Drawings, Design, Electrical Engineering, AutoCAD",On-site,Full Time,Experienced,Confidential,2 months ago
Senior Sales Executive - B2B (Recruitera),BasharSoft -,"Maadi, Cairo, Egypt ","B2B, Sales, Sales Target, Account Management, Business Development, CRM, Marketing, Negotiation, Customer Service",Hybrid,Full Time,Experienced,Confidential,2 months ago
Senior Project Control Engineer,Concrete Plus -,"North Coast, Alexandria, Egypt ","Engineering, Project Control, Planning, Cost Control, Risk Management, Scheduling, Primavera P6, Microsoft Project, Budgeting",On-site,Full Time,Experienced,Confidential,2 months ago
Senior Planning Engineer,Confidential -,"Alexandria, Egypt ","Engineering, Planning",On-site,Full Time,Experienced,Confidential,2 months ago
Investment & Business Development Manager,Confidential -,"Nasr City, Cairo, Egypt ","Business Development, Development, Investment, Sales, Sales Target, MBA, Administration",On-site,Full Time,Manager,Confidential,2 months ago
Inside Sales Representatives,Power Solutions -,"6th of October, Giza, Egypt ","Communication, Negotiation, Sales, sales skills, Telesales, negotiation skills, Customer Service",On-site,Full Time,Experienced,Confidential,2 months ago
Sales & Distribution Lead,Intrimex -,"10th of Ramadan City, Sharqia, Egypt ","Distribution, Lead Generation, Sales, Sales Target, Sales Planning, Sales Plan, Market Research",Hybrid,Full Time,Manager,Confidential,2 months ago
Senior Engineer,Confidential -,"Alexandria, Egypt ","Electrical Engineering, Manufacturing, Engineering, Mechanical Engineering, ESP Manufacturing, Manufacturing Background, Project Management, Process Optimization, Quality Assurance",On-site,Full Time,Experienced,Confidential,2 months ago
Data Analyst,Orchidia Pharmaceutical Industries -,"Rehab City, Cairo, Egypt ","Analysis, Data Analysis, Data Management, Microsoft Excel",On-site,Full Time,Experienced,Confidential,2 months ago
Senior Oracle developer,GB Corp -,"Abu Rawash, Giza, Egypt ","Computer Science, Information Technology (IT), Software Development, Software Engineering, Oracle",On-site,Full Time,Experienced,Confidential,2 months ago
Grain - Biz Development,Posco Intl Cairo office   -,"Maadi, Cairo, Egypt ","Trading, Business Development, Commodoties, International Trade",On-site,Full Time,Experienced,Confidential,2 months ago
E-commerce Operations Assistant,Confidential -,"Cairo, Egypt ","E-Commerce, WooCommerce, Customer Service, SEO, Product Listing, Canva, Data Entry",Remote,Full Time,Experienced,Confidential,2 months ago
Media Buyer,Mersal  -,"Maadi, Cairo, Egypt ","Digital Marketing, Social Media, Marketing, Advertising, Business Administration, Digital Advertising",On-site,Full Time,Experienced,Confidential,2 months ago
Outdoor Medical Representative,Dar Elteb Center  -,"Dokki, Giza, Egypt ","Medical, Pharmacy, Sales",Remote,Part Time,Experienced,Confidential,2 months ago
Medical Approval Team leader,Mersal  -,"Maadi, Cairo, Egypt ","Medical, Approval Doctor, Team Leadership, Sales, Marketing",On-site,Full Time,Experienced,Confidential,2 months ago
Senior Tender Engineer (Architectural & Mep),Edge Architects  -,"New Cairo, Cairo, Egypt ","tender engineer, drawing, interior design, fitout, mechanical/electrial, Engineering, MEP, Civil Engineering, Mechanical Engineering, Tendering, Design",On-site,Full Time,Experienced,Confidential,2 months ago
Senior Property Consultant,Hayah Developments -,"Sheikh Zayed, Giza, Egypt ","Real Estate, Sales, Negotiation, Property Sales, CRM, B2C Sales, B2B Sales, Communication, Property",On-site,Full Time,Entry Level,Confidential,2 months ago
Senior DevOps Engineer,Vertex Technologies  -,"Cairo, Egypt ","Linux, network fundamentals, web server setup, application deployments, database setup, cloud platforms, Git, Docker, Kubernetes",On-site,Full Time,Experienced,Confidential,2 months ago
Commercial Team Leader (Estimation & Procurement),Aswaq -,"Shorouk City, Cairo, Egypt ","AutoCAD, Civil Engineering, Construction, Development, Engineering, Communication, Architectural Engineering",On-site,Full Time,Experienced,Confidential,2 months ago
Contract Specialist,Capital hills development -,"Cairo, Egypt ","Contracting, Microsoft Office",On-site,Full Time,Experienced,Confidential,2 months ago
Junior Marketing Specialist,LavaLoon -,"Nasr City, Cairo, Egypt ","E-Marketing, Marketing, Social Media, ERPNExt, Digital Marketing Strategy, Social Media Advertising, Content Creation",On-site,Full Time,Entry Level,Confidential,2 months ago
Raw Materials Sales Executive,United Smart Pharma -,"Heliopolis, Cairo, Egypt ","Business Development, Raw Materials, Sales, Sales Target, Sales Target Achievement, Client Relationship Management, Market Research",On-site,Full Time,Entry Level,Confidential,2 months ago
Sales Engineer,United Smart Pharma -,"Heliopolis, Cairo, Egypt ","Communication, Electrical Engineering, Electronics, Engineering, Mechanical, Sales, Sales Engineering",On-site,Full Time,Entry Level,Confidential,2 months ago
MEP Tender Engineer,METERIKA -,"Maadi, Cairo, Egypt ","Electrical Engineering, Engineering, Mechanical Engineering, MEP, Construction, AutoCAD, Communication, Mechanical",On-site,Full Time,Entry Level,Confidential,2 months ago
Backend Developer (python),Electro Pi -,"New Cairo, Cairo, Egypt ","Python, Django, Flask, FastAPI, REST APIs, GraphQL, PostgreSQL, MySQL, MongoDB",Hybrid,Full Time,Senior Management,Confidential,2 months ago
Customer Service Representative (Very Good English Speakers),Etisalat Egypt -,"Maadi, Cairo, Egypt ","Customer Service, Customer Support, Customer Care, Customer Satisfaction, Customer Retention, Customer Service Management, Customer Experience, Customer Survey, Customer",On-site,Full Time,Entry Level,Confidential,2 months ago
"FF&E Engineer / Furniture, fixtures & equipment engineer",Genena Group -,"New Cairo, Cairo, Egypt ","Hospitality, Hotel Management, Hotel, Restaurant, Catering, •	AutoCAD, •	Revit (preferred)., •	Procurement tracking software., •	Primavera P6., Engineering",On-site,Full Time,Experienced,Confidential,2 months ago
Technical Office Engineer,METERIKA -,"Maadi, Cairo, Egypt ","Engineering, Technical Office, Electrical Engineering, AutoCAD, Construction, Mechanical, Computer Science, Information Technology (IT), Microsoft Office",On-site,Full Time,Experienced,Confidential,2 months ago
"Key Account Manager (Gas Station, Horeca, Secondary Accounts)",Confidential -,"New Cairo, Cairo, Egypt ","E-Commerce, Sales, Modern Trade, HoReCa Sales, Account Management",On-site,Full Time,Manager,Confidential,2 months ago
Maintenance Engineer,Confidential -,"6th of October, Giza, Egypt ","Engineering, Maintenance, Mechanical Engineering, Electrical Systems, Troubleshooting, Preventive Maintenance, Technical Documentation",On-site,Full Time,Entry Level,Confidential,2 months ago
Graphic Designer,CNCT Estates -,"New Cairo, Cairo, Egypt ","Adobe illustrator, Adobe Photoshop, Graphic Design, Design, Canva",On-site,Internship,Entry Level,Confidential,2 months ago
Talent Management Team Leader,A-part Auto -,"Katameya, Cairo, Egypt ","Talent management, Communication, Negotiation, Leadership, Performance management, Employee engagement, HR strategy, Coaching, Mentoring",On-site,Full Time,Manager,Confidential,2 months ago
Artificial Intelligence (AI) Engineer | Alexandria | On-site,Akwad -,"Alexandria, Egypt ","AI, Computer Science, Information Technology (IT), Software Engineering, Azure, CSS, Data Science, HTML",On-site,Full Time,Experienced,Confidential,2 months ago
HSE Officer,Hassan Allam Sports Club -,"New Cairo, Cairo, Egypt ","HSE, Safety, Quality Auditing, Engineering, First Aid, Management, Microsoft Office, NEBOSH",On-site,Full Time,Experienced,Confidential,2 months ago
Project Coordinator,Tamweely -,"Boulaq, Cairo, Egypt ","Project Management, PMP, Management, Project, Engineering, Computer Science, Information Technology (IT)",On-site,Full Time,Experienced,Confidential,2 months ago
Sales Executive,Confidential -,"Mokattam, Cairo, Egypt ","Business Development, Communication, Customer Service, CRM, Sales Target, Sales, Social Media, Marketing, Social Media Marketing",On-site,Full Time,Student,Confidential,2 months ago
Sales Executive,Confidential -,"Mokattam, Cairo, Egypt ","Business Development, Communication, Customer Service, CRM, Sales Target, Sales, Social Media, Marketing, Social Media Marketing",On-site,Full Time,Student,Confidential,2 months ago
IT Sales Executive,FAMA TECHNOLOGIES FT-EGYPT -,"Maadi, Cairo, Egypt ","Sales, Sales Target, Customer Service, B2B, B2B Sales, Communication, Networks",On-site,Full Time,Experienced,Confidential,2 months ago
head of technical office,ESC -,"New Cairo, Cairo, Egypt ","AutoCAD, Engineering, Microsoft Office, Technical Office, Shop Drawings, Civil 3D, Project Management, Construction Management",On-site,Full Time,Manager,Confidential,2 months ago
Order Taker -Alex,Fresh foundation for food stuffs -,"Alexandria, Egypt ","Sales, Sales Target, Outdoor Sales",Remote,Full Time,Experienced,Confidential,2 months ago
Order Taker,Fresh foundation for food stuffs -,"Cairo, Egypt ","Sales, Sales Target",Remote,Full Time,Experienced,Confidential,2 months ago
Oracle Apps Database Administrator,EVA Cosmetics   -,"Downtown, Cairo, Egypt ","SQL, Oracle Database, Database, Oracle",On-site,Full Time,Experienced,Confidential,2 months ago
Project Manager ( Hotels ),Confidential -,"Qusayr, Red Sea, Egypt ","Engineering, Project Management, Construction, Mechanical, Civil, Civil Engineering, Architecture",On-site,Full Time,Manager,Confidential,2 months ago
Sales Engineer,Sholex Trade -,"Nasr City, Cairo, Egypt ","Sales Engineering, Technical Sales, Sales Target, Sales, Civil Engineering, Construction, Sales Target Achievement, Engineering Principles",On-site,Full Time,Entry Level,Confidential,2 months ago
Regulatory Affairs Specialist,Hardmed -,"10th of Ramadan City, Cairo, Egypt ","Regulatory Affairs, Administration, Communication, Engineering, Microsoft Office, Medical, Pharmacy",On-site,Full Time,Entry Level,Confidential,2 months ago
Recruitment Specialist,Kgroup -,"Qaha, Qalubia, Egypt ","Human Resources (HR), Microsoft Office, Recruitment, Talent acquisition, Time Management, Personnel, Microsoft Excel, Microsoft Word",On-site,Full Time,Experienced,Confidential,2 months ago
Tendering Engineer - Electrical,EEC Group -,"Sheraton, Cairo, Egypt ","Electrical Engineering, Engineering, Tendering, Manufacturing",On-site,Full Time,Experienced,Confidential,2 months ago
Tower Design Engineer,Confidential -,"Nasr City, Cairo, Egypt ","Design, Engineering, Structural Analysis, AutoCAD, Civil Engineering, Mechanical Engineering Principles, Electrical Engineering Principles",On-site,Full Time,Entry Level,Confidential,2 months ago
Account Manager,STIPS -,"New Damietta, Damietta, Egypt ","Communication, Support Services, Sales, Sales Target, Account Management, B2B, Customer Service",On-site,Full Time,Experienced,Confidential,2 months ago
IT Support Specialist,La Poire -,"Basatin, Cairo, Egypt ","Customer Support, HelpDesk, Communication, Computer Science, Computer Systems, Customer Service, Information Technology (IT)",On-site,Full Time,Entry Level,Confidential,2 months ago
MEP Draftsman,ZAD MEP -,"Nasr City, Cairo, Egypt ","MEP, AutoCAD, Revit, Microsoft Office suite, Shop Drawings, HVAC, Design, Engineering",On-site,Full Time,Experienced,Confidential,2 months ago
Site Engineer ( Finishing ),Dyar for construction & contractors -,"New Cairo, Cairo, Egypt ","Construction, Engineering, Architecture, AutoCAD, CAD, Civil Engineering, Microsoft Office",On-site,Full Time,Experienced,Confidential,2 months ago
Middle DevOps Engineer,Vertex Technologies  -,"Cairo, Egypt ","Linux, network fundamentals, web server setup, application deployments, database setup, cloud platforms, Git, Docker, Kubernetes",On-site,Full Time,Entry Level,Confidential,2 months ago
Marketing Representative HORECA,Basco Engineering &Trading -,"Heliopolis, Cairo, Egypt ","Sales, Marketing, Business Development, Client Relationship Management, Negotiation, Communication, Market Research, Product Promotion",On-site,Full Time,Experienced,Confidential,2 months ago
Tehcnical Office Engineer,LVLS Construction Company -,"6th of October, Giza, Egypt ","AutoCAD, Microsoft Excel, Primavera, Technical Office, Architectural Engineering",Hybrid,Full Time,Experienced,Confidential,2 months ago
Sales Account Manager,Innovera for Education Technology -,"Cairo, Egypt ","Customer Service, Sales, Sales Target, communation",On-site,Full Time,Experienced,Confidential,2 months ago
Construction Project Manager,Mamiba  -,"6th of October, Giza, Egypt ","Civil Engineering, AutoCAD and construction documentation systems, Project Planning & Scheduling, Contract Administration, Risk Management, HSE Management, Primavera P6 and MS Project, Decision Making",On-site,Full Time,Manager,Confidential,2 months ago
Graphic designer & Contant Creator,Edge Architects  -,"New Cairo, Cairo, Egypt ","Social Media, Graphic Design, Marketing, contant",On-site,Full Time,Experienced,Confidential,2 months ago
HR Specialist - Paid Internship,Scib Paints -,"6th of October, Giza, Egypt ","Human Resources Management, Employee Relations, Recruitment and Onboarding, HR Policy Implementation",On-site,Internship,Entry Level,Confidential,2 months ago
Utility Engineer,Partner & More -,"6th of October, Giza, Egypt ","Engineering, Maintenance, Mechanical Engineering, Equipment Installation, Electrical Engineering, Contracts Management, SAP, AutoCAD",On-site,Full Time,Entry Level,Confidential,2 months ago
Corporate Sales Supervisor,Tank -,"New Nozha, Cairo, Egypt ","Corporate Sales, Sales Target, Sales, Communication, B2B, Leadership, Negotiation",On-site,Full Time,Manager,Confidential,2 months ago
Sales Manager,Egyptian engineering for hotel equipment -,"Agouza, Giza, Egypt ","Sales, Sales Target, HoReCa Sales, B2B Sales, Business Development, coffee, Hotel, Restaurant, Cafe",On-site,Full Time,Manager,Confidential,2 months ago
Batteries & UPS Sales Representative,orco -,"Cairo, Egypt ","Batteries, Sales, UPS, INVERTERS, Solar Energy, LEAD ACID BATTERY, Lithium battery",On-site,Full Time,Experienced,Confidential,2 months ago
Sales Representative,Egyptian engineering for hotel equipment -,"Agouza, Giza, Egypt ","Sales Target, Sales, CRM, energitic, HoReCa Sales, Hotel, Restaurant, Cafe, coffee",Hybrid,Full Time,Experienced,Confidential,2 months ago
Odoo Implementation Specialist,Al Mokhlif Oud -,"Nasr City, Cairo, Egypt ","Odoo, Accounting, Business Administration, Computer Science, CRM, ERP Systems, Financial Management",On-site,Full Time,Experienced,Confidential,2 months ago
Senior Network Engineer,Egypt University of Informatics (EUI) -,"New Capital, Cairo, Egypt ","CCNP, Cisco, Information Technology (IT), Network, Software Development, itil",On-site,Full Time,Experienced,Confidential,2 months ago
Talent Acquisition Specialist,System Technique -,"Abu Rawash, Giza, Egypt ","Human Resources (HR), Recruitment, Interviewing, Talent acquisition, Administration, Business Administration, Communication, Management, HR",On-site,Full Time,Experienced,Confidential,2 months ago
Cost Controller,Matana Group -,"Dokki, Giza, Egypt ","Accounting, Cost Control",On-site,Full Time,Entry Level,Confidential,2 months ago
Senior Graphic Designer,Jazeera Paints -,"10th of Ramadan City, Cairo, Egypt ","Adobe illustrator, Adobe Photoshop, Graphic Design, Design, Multimedia, Multimedia Design, Retail",On-site,Full Time,Experienced,Confidential,2 months ago
Senior Marketing Specialist,ATG -,"Nasr City, Cairo, Egypt ","Marketing, E-Marketing, Social Media, Business Administration, Communication, Writing, Sales",On-site,Full Time,Experienced,Confidential,2 months ago
Sales Manager – Generators,Confidential -,"6th of October, Giza, Egypt ","Sales Strategy, Team Leadership, Negotiation, Market Analysis, Presentation Skills, Client Relationship Management, Contract Management",On-site,Full Time,Manager,Confidential,2 months ago
Senior Business Development Specialist,EasyKash -,"Sheikh Zayed, Giza, Egypt ","Business Development, Sales, Sales Target, Market Research, Client Relationship Management, Negotiation, Strategic Planning",Hybrid,Full Time,Experienced,Confidential,2 months ago
Telesales Team Leader,EasyKash -,"Sheikh Zayed, Giza, Egypt ","Sales, Telesales, Communication Skills, Communication, CRM, Leadership, Sales Skills, Customer Service",Hybrid,Full Time,Manager,Confidential,2 months ago
Payroll Specialist,Upwyde -,"New Cairo, Cairo, Egypt ","Human Resources (HR), Payroll, Personnel",On-site,Full Time,Experienced,Confidential,2 months ago
CAD Technician,RISEUP (Endemag for Administrative Skills Development) -,"Maadi, Cairo, Egypt ","3D CAD, AutoCAD 2D, CAD, Navisworks, Revit, Mechanical Engineering, Process Engineering, Industrial Engineering",Hybrid,Full Time,Experienced,Confidential,2 months ago
Nursery Admission & Parents Communication Specialist,Pixie Wings Nursery & Preschool -,"Sheikh Zayed, Giza, Egypt ","Early Childhood Education, Child Development, Child Care, Language Teaching, Management, Nursery, preschool",On-site,Full Time,Experienced,Confidential,2 months ago
Junior Student Recruitment Specialist,Nile University -,"Sheikh Zayed, Giza, Egypt ","Microsoft Office, Customer Support, Administration, Marketing",On-site,Full Time,Entry Level,Confidential,2 months ago
Utility Manager,STM -,"Cairo, Egypt ","Mechanical Engineering, Engineering, Project Management, Compliance, Electrical Engineering, Networks, Safety",On-site,Full Time,Manager,Confidential,2 months ago
Maintenance Scheduler,Suez Canal container Terminal -,"Port Fuad, Port Said, Egypt ","Maintenance, Customer Service, Customer Care",On-site,Full Time,Entry Level,Confidential,2 months ago
Senior Graphic Desginer,Max Muscle -,"New Cairo, Cairo, Egypt ","Adobe illustrator, Graphic Design, Design, Adobe Photoshop",On-site,Full Time,Experienced,Confidential,2 months ago
Business Development Manager,Confidential -,"Cairo, Egypt ","Business Development, Sales, Negotiation, Client Relationship Management, Market Analysis, Strategic Planning, Project Management, Construction Industry Knowledge",On-site,Full Time,Manager,Confidential,2 months ago
Foreign Purchasing Specialist,Nature's Rule Egypt LLC  -,"New Cairo, Cairo, Egypt ","Foreign Purchasing, Logistics, Procurement, Purchasing, Communication, Management, Negotiation",On-site,Full Time,Experienced,Confidential,2 months ago
Technical Office Engineer -Furniture,Riadco 2000 -,"Obour City, Cairo, Egypt ","Design, Furniture Design, Interior Design, furniture, Detailing, Project Management, Industrial Design",On-site,Full Time,Experienced,Confidential,2 months ago
Electrical Design,grfn   -,"Zamalek, Cairo, Egypt ","AutoCAD, Design, Electrical Design, Electrical Engineering",Hybrid,Internship,Entry Level,Confidential,2 months ago
Sales Executive Forklifts And Industrial Equipment.,RAGABCO FOR IMPORT AND EXPORT -,"Salam City, Cairo, Egypt ","Marketing, Sales, Sales Target, B2B Sales, Communication, B2B, Customer Service",On-site,Full Time,Senior Management,Confidential,2 months ago
Architecture Design,grfn   -,"Zamalek, Cairo, Egypt ","Architecture, Architecture Design, AutoCAD, Design, Engineering",Hybrid,Internship,Entry Level,Confidential,2 months ago
Senior Organization Development Specialist,A-part Auto -,"Katameya, Cairo, Egypt ","Organization Development, Development, Change Management, Talent Management, HR Strategy, Leadership Development, Training & Development, Workforce Planning, Performance Management",On-site,Full Time,Experienced,Confidential,2 months ago
Digital Marketing Executive,Real Pro  -,"Cairo, Egypt ","Digital Marketing, Social Media Management, Marketing Strategy, E-Marketing, Content Creation, SEO (Search Engine Optimization), SEM (Search Engine Marketing)",Hybrid,Part Time,Experienced,Confidential,2 months ago
Light Current Engineer,Cairo Communication Systems (CCS) -,"Heliopolis, Cairo, Egypt ","Light Current Systems, AutoCAD, CCTV Systems, Access Control Systems, Fire Alarm Systems, Public Address Systems, Structured Cabling, Technical Documentation, Problem-solving",On-site,Full Time,Entry Level,Confidential,2 months ago
Arabic SME,Thaka International -,"Nasr City, Cairo, Egypt ","E-Learning, Teaching, Content Development, Arabic Teaching, SME, Instructional Design",Hybrid,Full Time,Entry Level,Confidential,2 months ago
Receptionist / Front desk,Smart Villages Development & Managment Company -,"Abu Rawash, Giza, Egypt ","Receptionist, Admin, Freshgrad, English, Administration, Office management",On-site,Full Time,Entry Level,Confidential,2 months ago
Architecture Technical Office Engineer,Qawafil For Real Estate Investment -,"New Cairo, Cairo, Egypt ","Architecture, Engineering, Technical Office, AutoCAD, Microsoft Office",On-site,Full Time,Experienced,Confidential,2 months ago
Consultant Analyst,Médecins Sans Frontières / أطباء بلا حدود  - International field work -,"Maadi, Cairo, Egypt ","Business Analysis, Research, Consulting, Analysis",Hybrid,Full Time,Manager,Confidential,2 months ago
Accountant,Nile Tex for Trading and marketing -,"Sheraton, Cairo, Egypt ","Accounting, Finance, Financial Analysis, Financial Management",On-site,Full Time,Entry Level,Confidential,2 months ago
Electrical Engineer - Power Generators,Carlin Middle East -,"Qalubia, Egypt ","Pre-Sales, Electrical Engineering, Engineering, Microsoft Office, Power Generation, Troubleshooting, Maintenance, Project Management, Technical Documentation",On-site,Full Time,Experienced,Confidential,2 months ago
Financial Planning & Analysis (FP&A) Analyst,NERIC -,"Heliopolis, Cairo, Egypt ","Accounting, Analysis, Finance, Financial Analysis, Financial Planning, Planning",On-site,Full Time,Experienced,Confidential,2 months ago
Warehouse Coordinator,Hijab Boutique -,"New Cairo, Cairo, Egypt ","inventory, Warehouse, Administration, Logistics, Supply Chain",On-site,Full Time,Manager,Confidential,2 months ago
Human Resources Generalist,Hijab Boutique -,"New Cairo, Cairo, Egypt ","HR, HR Systems, Human Resources, Personnel, Recruitment",On-site,Part Time,Manager,Confidential,2 months ago
Senior Accountant,Statements Consulting -,"Cairo, Egypt ","Accounting, Finance, Financial Analysis, Financial Management, Customer Support, Bookkeeping",On-site,Full Time,Experienced,Confidential,2 months ago
Home Automation Site Engineer,Sphere Smart Solutions -,"Maadi, Cairo, Egypt ","Home Automation, Site Management, KNX, PMP, Communication, Mechatronics Engineering, Installation",On-site,Internship,Entry Level,Confidential,2 months ago
Compensation and Benefits Section Head,A-part Auto -,"Katameya, Cairo, Egypt ","Compensation, Human Resources (HR), Compensation skills, Benefits Administration, Job Evaluation, Salary Structuring, Performance Management, HR Analytics, Legal Compliance",On-site,Full Time,Experienced,Confidential,2 months ago
Receptionist/Administrator,Symphony -,"New Cairo, Cairo, Egypt ","Administration, Microsoft Office, Customer Relations, written & spoken English, computer literacy",On-site,Full Time,Entry Level,Confidential,2 months ago
Fashion Designer,Hijab Boutique -,"New Cairo, Cairo, Egypt ","Fashion, Design, Apparel, Adobe Photoshop, Sketches, Adobe Illustrator, Crafts, Arabic",On-site,Full Time,Experienced,Confidential,2 months ago
Pattern Maker,Hijab Boutique -,"New Cairo, Cairo, Egypt ","Applied Arts, garment, Fashion, Design Patterns, Pattern Making",On-site,Full Time,Experienced,Confidential,2 months ago
Head OF Design,Hijab Boutique -,"New Cairo, Cairo, Egypt ","Fashion Design, Digital Sketching, Computer Programs",On-site,Full Time,Manager,Confidential,2 months ago
online marketing manager,Abdeen pharmacies -,"Giza, Giza, Egypt ","E-Marketing, Online Marketing, Social Media, Marketing",On-site,Full Time,Manager,Confidential,2 months ago
Sales Promoter,Professional Service - Proserv -,"Cairo, Egypt ","Sales, Sales Target, Activation, Marketing, Negotiation, Sales Field, Outdoor Sales, Indoor Sales",On-site,Full Time,Entry Level,Confidential,2 months ago
Head of Sales,Route ِAcademy -,"Dokki, Giza, Egypt ","Sales, CRM, Build and execute sales strategies, Monitor and improve lead-to-enrollment conversion rates, Management, Sales Target",On-site,Full Time,Manager,Confidential,2 months ago
Software Business Analyst,Softec Technologies -,"Maadi, Cairo, Egypt ","Business Analysis, System Analysis, Technical Analysis, Analysis, Information Technology (IT), Computer Science, Project Management, Communication Skills",On-site,Full Time,Experienced,Confidential,2 months ago
Home Automation Site Engineer,Sphere Smart Solutions -,"Maadi, Cairo, Egypt ","Home Automation, Site Management, KNX, PMP, Communication, Mechatronics Engineering, Installation",On-site,Full Time,Experienced,Confidential,2 months ago
Oracle Apps Database Administrator,Egabi FSI  -,"Sheraton, Cairo, Egypt ","Administration, Computer Science, database administration, Database, Information Technology (IT), Oracle, OCP",On-site,Full Time,Experienced,Confidential,2 months ago
Senior Pre-Sales Engineer (Banking & Fintech),Egabi FSI  -,"Sheraton, Cairo, Egypt ","business, Sales, Finance, Communication, sales skills, Sales Target, Software",On-site,Full Time,Experienced,Confidential,2 months ago
Technical Office Engineer ( Architecture Engineer),Edge Architects  -,"New Cairo, Cairo, Egypt ","Technical office engineer, interior, shop drawing, project manger, Microsoft Office, Architecture, AutoCAD, Civil Engineering, Computer Science, Construction, Engineering",On-site,Full Time,Experienced,Confidential,2 months ago
Procurement Specialist,KIG Konnice -,"10th of Ramadan City, Sharqia, Egypt ","Logistics, Procurement, Purchasing, Supply Chain, Communication, Management, Negotiation",On-site,Full Time,Experienced,Confidential,2 months ago
Technical Office Engineer,Tline -,"New Capital, Cairo, Egypt ","architectural, Architectural Engineering, AutoCAD, Engineering, Microsoft Office, Project, Revit, Technical Office, Skills",On-site,Full Time,Experienced,Confidential,2 months ago
Business Solutions Manager,Kandil Industries -,"New Cairo, Cairo, Egypt ","Business Solutions, Engineering, ERP, Project Management, Communication, Business Administration, Business Analysis, Business Development, Management",On-site,Full Time,Manager,Confidential,2 months ago
Electrical Engineer,Tline -,"New Capital, Cairo, Egypt ","Construction, Engineering, Electrical Engineering, AutoCAD, Dialux, Revit, Construction Law",On-site,Full Time,Experienced,Confidential,2 months ago
Export Sales Specialist,KCG Textile Egypt  -,"10th of Ramadan City, Sharqia, Egypt ","Communication, Sales, Marketing, MS Office, Export Sales, Export, sales skills, Customer Service",On-site,Full Time,Experienced,Confidential,2 months ago
Sr. Electrical Maintenance Engineer,FlexFilms Egypt -,"Giza, Egypt ","Automation, Electrical Engineering, Electrical Maintenance, Maintenance, Engineering, Electronics Engineering, PLC SCADA",On-site,Shift Based,Experienced,Confidential,2 months ago
Senior Visual Communication Designer (B2B),Specialized Seamless Services  -,"Heliopolis, Cairo, Egypt ","Design, Graphic Design, Creative, Adobe Photoshop, illustrator",On-site,Full Time,Experienced,Confidential,2 months ago
Senior PR Specialist,realme -,"Nasr City, Cairo, Egypt ","Marketing, PR, Public Relations (PR), Social Media, Communication skills, Public Relations, Management, campaigns",On-site,Full Time,Experienced,Confidential,2 months ago
Architect,Kayan plus -,"Sharqia, Egypt ","3D Design, Design, Architecture, AutoCAD, Computer Science, 3ds Max, Construction, Engineering",On-site,Full Time,Entry Level,Confidential,2 months ago
Research & Development Chemist - Paid Internship,Scib Paints -,"6th of October, Giza, Egypt ","Chemical Analysis, Research Development, Chemical Processing",On-site,Internship,Entry Level,Confidential,2 months ago
Senior Electrical Engineer - Construction,Confidential -,"Qusayr, Red Sea, Egypt ","Electrical, Construction, Electrical Engineering, Engineering, Site",On-site,Full Time,Experienced,Confidential,2 months ago
Technical Office Engineer,Shendy furniture   -,"Ameria, Alexandria, Egypt ","Furniture Design, Architecture, Interior Design, AutoCAD Architecture, 3ds Max, Revit, Microsoft Office, Engineering, Technical Office",On-site,Full Time,Experienced,Confidential,2 months ago
Facility Plumbing Engineer,Horizon Operation and Management  -,"New Capital, Cairo, Egypt ","Plumbing, Mechanical Engineering, AutoCAD, Construction, Engineering, HVAC, Maintenance, Management",On-site,Full Time,Experienced,Confidential,2 months ago
Production Engineer,Confidential -,"6th of October, Giza, Egypt ","Manufacturing, Production, Engineering, Mechanical Engineering",On-site,Full Time,Entry Level,Confidential,2 months ago
Marketing Manager - Surgical Enabling Technology,El-Ahlyia Health Care For Medical Supplies -,"Sheraton, Cairo, Egypt ","Market Research, Marketing, Sales, Communication, MBA, Medical, Negotiation, Social Media",On-site,Full Time,Manager,Confidential,2 months ago
Sales & Business Development Executive,Broadnet -,"New Cairo, Cairo, Egypt ","Business Development, Account Management, Sales Strategy, Negotiation, Market Research, Client Relationship Management, Presentation Skills",On-site,Full Time,Entry Level,Confidential,2 months ago
Strategic Account Manager,El-Ahlyia Health Care For Medical Supplies -,"Sheraton, Cairo, Egypt ","Commercial Management, Marketing, Sales Target, Account Management, Communication, Customer Service, Management, Medical, Negotiation",On-site,Full Time,Manager,Confidential,2 months ago
Electrical Engineer,EgyptianEuropean -,"6th of October, Giza, Egypt ","AutoCAD, EPLAN, Electrical Engineering, PLC Automation, Electrical Design, Design, Engineering, Mechanical Engineering, MS Office",On-site,Full Time,Experienced,Confidential,2 months ago
Odoo Implementer,Kandil Industries -,"New Cairo, Cairo, Egypt ","Computer Science, Information Technology (IT), Odoo, Accounting, Analysis, Engineering, ERP",On-site,Full Time,Experienced,Confidential,2 months ago
Senior - Staff IOS Native Software Engineer,Expiwell -,"Cairo, Egypt ","iOS Development, React Native, Swift, Software Development, iOS, Node.js, MongoDB, next.js, Computer Science",Remote,Full Time,Experienced,Confidential,2 months ago
Packaging Development Engineer,Kandil Glass -,"10th of Ramadan City, Cairo, Egypt ","Computer Science, Information Technology (IT), Development, Software Development, Packaging, AutoCAD, Design",On-site,Full Time,Entry Level,Confidential,2 months ago
Financial Analyst - Evening Shift 3 -11 PM,Octa Food -,"Cairo, Egypt ","Microsoft Excel, Microsoft Word",Remote,Full Time,Experienced,Confidential,2 months ago
Safety Engineer/Officer - Construction & Civil,MFO for contracting -,"Giza, Egypt ","Engineering, Safety, Risk Assessment, Compliance Management, Training Management, Incident Investigation, Occupational Safety and Health Administration (OSHA), HSE",On-site,Full Time,Experienced,Confidential,2 months ago
Technical Office Architect Team Leader,Confidential -,"Mohandessin, Giza, Egypt ","AutoCAD, Engineering, Microsoft Office, Technical Office, Architectural Design, Project Management, Construction Documentation, Building Codes",On-site,Full Time,Manager,Confidential,2 months ago
Planner Engineer,Confidential -,"Mohandessin, Giza, Egypt ","Engineering, Planning, Microsoft Office, English Education, Project Management, Scheduling, Cost Control, Risk Management",On-site,Full Time,Experienced,Confidential,2 months ago
Junior Shipping Agency Coordinator,WUZZUF -,"Alexandria, Egypt ","Shipping Coordination, Logistics Management, Outsourcing, Customs Clearance, Transportation, Documentation, Shipping Regulations, Inventory Management, Client Liaison",On-site,Full Time,Experienced,Confidential,2 months ago
Senior Website Delivery Specialist,Road9 Media -,"Maadi, Cairo, Egypt ","Communication, Digital Marketing, Search Engine Optimization, Web Design, Web Development, SEO, Project Management",Remote,Full Time,Experienced,Confidential,2 months ago
Accountant,aDispatcher -,"6th of October, Giza, Egypt ","Accounting, Auditing, ERP, Finance, Financial, Financial Analysis, Microsoft Excel, Financial Management, Ecommerce",On-site,Full Time,Experienced,Confidential,2 months ago
Help Desk Specialist / System Support,CARE PHARMACIES -,"Manial, Cairo, Egypt ","Technical troubleshooting, Windows/Mac OS support, Help desk ticketing systems, Hardware and software installation, Remote support tools, User account management, Customer service",On-site,Full Time,Entry Level,Confidential,2 months ago
Medical Record Clinical Analyst,Saudi German Hospital  -,"New Nozha, Cairo, Egypt ","Analyst, Healthcare Marketing, Medical, Chemistry, medical record, Analysis, Consulting, English",On-site,Full Time,Entry Level,Confidential,2 months ago
Architecture Engineer,ITAC -,"Nasr City, Cairo, Egypt ","Architecture, AutoCAD, Engineering, 3d max, Architecture engineering",On-site,Full Time,Entry Level,Confidential,2 months ago
Software and Technology Sales Executive,Objects -,"Alexandria, Egypt ","Sales, Sales Target, Technology, Information Technology (IT), Business Development, Sales Plans, Sales Field",Hybrid,Full Time,Experienced,Confidential,2 months ago
Technical Sales Engineer (Physical Security),TTC Technologies -,"Heliopolis, Cairo, Egypt ","Sales Engineering, Technical Presentations, Negotiation, Client Relationship Management, Proposal Preparation, Technical Support, Site Surveying",On-site,Full Time,Experienced,Confidential,2 months ago
Technical Sales Engineer (Fire Alarm),TTC Technologies -,"Heliopolis, Cairo, Egypt ","Sales Engineering, Fire Alarm Systems, Technical Presentations, Negotiation, Client Relationship Management, Proposal Preparation, Technical Support",On-site,Full Time,Experienced,Confidential,2 months ago
Content Lead (SMM),F2B Agency -,"Cairo, Egypt ","SEO, Marketing, Social Media, Copywriting, E-Marketing, Lead Generation, Branding",Remote,Full Time,Manager,Confidential,2 months ago
Sr.Sales Account Manager,Broadnet -,"New Cairo, Cairo, Egypt ","Sales Strategy, Account Management, Business Development, Client Relationship Management, Communication, Negotiation, Presentation Skills",On-site,Full Time,Manager,Confidential,2 months ago
Cost Accountant,Gest For Metals  -,"Sharqia, Egypt ","Cost Accounting, Cost Control, Finance",On-site,Full Time,Experienced,Confidential,2 months ago
Senior Marketing Executive,"Arabian Monayri for Industry, Shipping & Trade -","10th of Ramadan City, Cairo, Egypt ","B2B, Business Administration, Communication, Marketing, Social Media, Sales, Marketing Strategy",On-site,Full Time,Experienced,Confidential,2 months ago
Production Planning Engineer,MATGR For Engineering And Trading -,"New Cairo, Cairo, Egypt ","Planning, Production, Supply Chain, ERP System, Engineering, excel, ERP",On-site,Full Time,Experienced,Confidential,2 months ago
BIM Infrastructure Engineer,AMC -,"Heliopolis, Cairo, Egypt ","BIM, Revit, Engineering, InfraWorks, Navisworks, CAD, civil 3D, AutoCAD",On-site,Part Time,Experienced,Confidential,2 months ago
Project Controls Manager,Confidential -,"Port Fuad, Port Said, Egypt ","Primavera P6, Project Controls, project governance, large capital project experience, stakeholdwers management, wbs Development and managment, risk and change managemnet",On-site,Full Time,Manager,Confidential,2 months ago
B2B & B2G Sales Specialist,Broadnet -,"New Cairo, Cairo, Egypt ","Account Management, B2B Sales, B2B, Business Development, CRM, Indoor Sales, Market Research",On-site,Full Time,Experienced,Confidential,2 months ago
Fleet Manager,Agri venture -,"Wadi Alnatrun, Beheira, Egypt ","Fleet Management, Logistics, Administration, Maintenance, Transportation, Engineering, Management",On-site,Full Time,Manager,Confidential,2 months ago
"Project Manager (Infrastructure - water plants, water treatment, and sewage plants ) - Outside Cairo",Confidential -,"New Cairo, Cairo, Egypt ","Construction, Project Management, Engineering, Project, Management, Leadership, Civil, Communication",On-site,Full Time,Manager,Confidential,2 months ago
Executive Assistant to the CEO,Yemeni Cafe Abdelmaboud  -,"Obour City, Cairo, Egypt ","Administration, Business Administration, Office management, Communication",On-site,Full Time,Entry Level,Confidential,2 months ago
Group IT Manager,TEPCO S.A.E. -,"6th of October, Giza, Egypt ","Information Technology (IT), IT Infrastructur Management, IT Service Management, Network Administration, Cyber Security, Cloud Technology, IT Budgeting and Financial Planning, Computer Engineering, Business Administration",On-site,Full Time,Manager,Confidential,2 months ago
Mechanical Quantity Surveyor Engineer,Mobco Civil Construction -,"New Cairo, Cairo, Egypt ","Mechanical, Q.S, Quantity Surveying",On-site,Full Time,Experienced,Confidential,2 months ago
Sales Development Manager,AD VALUE -,"Maadi, Cairo, Egypt ","Business Development, sales development, Digital Marketing, deal closing, Sales, SDR, Lead Generation",On-site,Full Time,Manager,Confidential,2 months ago
SCM Specialist,Confidential -,"10th of Ramadan City, Cairo, Egypt ","Computer Science, Engineering, Information Technology (IT), SCM, Logistics, Supply Chain, Planning, Microsoft Office, Process Optimization",On-site,Full Time,Entry Level,Confidential,2 months ago
Procurement Officer,"Himed Egypt (Medin, Hamilton) -","Heliopolis, Cairo, Egypt ","Procurement, Purchasing, Logistics, Supply Chain, Business Administration, Microsoft Office, Shipping, Medical",On-site,Full Time,Experienced,Confidential,2 months ago
Automotive Logistics Manager,Confidential -,"6th of October, Giza, Egypt ","Supply Chain Optimization, Logistics Management, Vendor Management, Communication, Team Leadership, Inventory Control, Negotiation, Data Analysis",On-site,Full Time,Manager,Confidential,2 months ago
Orthodontist (Aligner Treatment Planner),3D Diagnostix -,"Cairo, Egypt ","Dentistry, Medical, Orthopedic, Orthodontics, Orthotics, treatment planner, aligner, Dental Care, Onyx",Hybrid,Full Time,Entry Level,Confidential,2 months ago
Façade Production Engineer,AMACO -,"6th of October, Giza, Egypt ","Engineering, Mechanical Engineering, Production, Manufacturing, AutoCAD, Management, Mechanical, Microsoft Office, Planning",On-site,Full Time,Experienced,Confidential,2 months ago
Merchandising Manager,Raya Distribution -,"Maadi, Cairo, Egypt ","Merchandising, Retail, Sales, Analysis, Visual Merchandising, Merchant acquiring, Management",On-site,Full Time,Manager,Confidential,2 months ago
Personnel Specialist,Tamweely -,"Downtown, Cairo, Egypt ","Microsoft Office, Human Resources (HR), Personnel, HR Specialist, Human Resources, English, Computer Skills, excel",On-site,Full Time,Entry Level,Confidential,2 months ago
Network & Security Manager,Tamweely -,"Downtown, Cairo, Egypt ","Computer Engineering, CCNP, CCNA, Computer Science, Information Technology (IT), Network, Security",On-site,Full Time,Manager,Confidential,2 months ago
Engineering Tech Lead,Fixed Solutions -,"Cairo, Egypt ","Engineering, Software Development, Information Technology (IT), Computer Science, Leadership, System Design, Agile Methodologies",Hybrid,Full Time,Experienced,Confidential,2 months ago
HR & GA Team Leader,Confidential -,"10th of Ramadan City, Cairo, Egypt ","HR, Human Resources (HR), Management, Microsoft Office, Recruitment, Purchasing, Administration, Employee Relations, Performance Management",On-site,Full Time,Manager,Confidential,2 months ago
cost controller F&B Sector,Smileys Trading  -,"Heliopolis, Cairo, Egypt ","Cost Control, Accounting, Finance, Budget Management, Inventory Management, Financial Reporting, P&L Management, Hospitality Operations",On-site,Full Time,Senior Management,Confidential,2 months ago
Maintenance Manager.,Confidential -,"Fayoum, Egypt ","Engineering, Maintenance, Management, Mechanical Engineering, Mechanical, Leadership, Communication",On-site,Full Time,Manager,Confidential,2 months ago
Site Electrical Engineer,Vital Konzept -,"New Cairo, Cairo, Egypt ","Electrical Engineering, Site Engineering, Engineering, Electrical, Consultancy, Healthcare",On-site,Full Time,Experienced,Confidential,2 months ago
Kitchen's Design Manager,Abdelaziz elsallab -,"New Cairo, Cairo, Egypt ","Engineering Field, AutoCAD Design, Sketchup, Interior Design, Project Management, kitchen, dressingroom",On-site,Full Time,Manager,Confidential,2 months ago
Electrical Site Engineer,Vital Konzept -,"10th of Ramadan City, Sharqia, Egypt ","Electrical Engineering, Site Engineering, Engineering, Electrical, Consultancy, Healthcare",On-site,Full Time,Experienced,Confidential,2 months ago
Deputy Head of Inclusion,Malvern College Egypt -,"Katameya, Cairo, Egypt ","Management, Teaching",On-site,Full Time,Experienced,Confidential,2 months ago
Enrichment Program Coordinator - Maadi,Innovvette for Education -,"New Cairo, Cairo, Egypt ","Enrichment, Marketing, Coordination, Outdoor Sales, Communication, Program Development, communication skills",On-site,Full Time,Entry Level,Confidential,2 months ago
Business Analyst,TECHNOSAT -,"Cairo, Egypt ","Business Analysis, ECBA, CCBA, CBAP, Information Technology (IT), Computer Science, Data Analysis",Hybrid,Full Time,Experienced,Confidential,2 months ago
Administrative Assistant,BIMCloud -,"Maadi, Cairo, Egypt ","Office management, Administration, Communication, Management, Microsoft Office",On-site,Full Time,Experienced,Confidential,2 months ago
Sales Engineer,Eta -,"Mohandessin, Giza, Egypt ","Engineering, Sales, Sales Target, Technical Office Engineering, Technical Sales, Outdoor Sales, Indoor Sales",On-site,Full Time,Entry Level,Confidential,2 months ago
Senior QC Engineer,MTS-IT -,"Maadi, Cairo, Egypt ","Computer Science, Software Development, Software, SQL, Agile, Information Technology (IT), Software Engineering, Testing",On-site,Full Time,Experienced,Confidential,2 months ago
Project Cargo Sales Executive,MSC – MEDITERRANEAN SHIPPING AGENCY EGY -,"6th of October, Giza, Egypt ","Sales, Business Development",On-site,Full Time,Experienced,Confidential,2 months ago
Senior SAP PP Consultant,EGIC -,"Manial, Cairo, Egypt ","SAP, SAP PP, PP, Computer Science, Information Technology (IT), Internet Information Services, Configuration, Management",On-site,Full Time,Experienced,Confidential,2 months ago
Commercial Manager,EEC Group -,"Sheraton, Cairo, Egypt ","Paints, Sales, Management, Communication, Business Administration",On-site,Full Time,Manager,Confidential,2 months ago
Account Manager,Oulabitex  -,"10th of Ramadan City, Sharqia, Egypt ","Financial Accounting, Bookkeeping, Financial Management, Financial Data Analysis",On-site,Full Time,Experienced,Confidential,2 months ago
Commercial & Business Development Manager,Family Corporation -,"New Cairo, Cairo, Egypt ","Business Development, Sales, B2B Sales / Corporate Sales, Revenue Growth Management, Key Account Management, Negotiation & Closing Deals, Pipeline Management (Sales Pipeline)",On-site,Full Time,Manager,Confidential,2 months ago
Billing,Raya FMCG -,"Cairo, Egypt ","billing specialist, invoicing, payment processing, dispute resolution, financial reporting, Food & Beverages, ERP systems, customer invoicing, billing cycle",On-site,Full Time,Entry Level,Confidential,2 months ago
Technical Audit Engineer,Arma-HSA -,"10th of Ramadan City, Sharqia, Egypt ","Engineering, AutoCAD, ERP, Mechanical, Computer Science, Information Technology (IT), Technical Support, SAP",On-site,Full Time,Experienced,Confidential,2 months ago
Chemical - Biz Development,Posco Intl Cairo office   -,"Maadi, Cairo, Egypt ","Trading, Business Development, Microsoft Office, Supply Chain, International Trade",On-site,Full Time,Experienced,Confidential,2 months ago
Steel - Biz Development,Posco Intl Cairo office   -,"Maadi, Cairo, Egypt ","Trading, Business Development, Steel, Supply, International Trade",On-site,Full Time,Experienced,Confidential,2 months ago
Interior Fit-Out & Furniture Engineer,SCALES Homes    -,"Heliopolis, Cairo, Egypt ","Interior Design, Design, Architecture, Project Management, Management, AutoCAD, Furniture Design, Space Planning",On-site,Full Time,Experienced,Confidential,2 months ago
BIM Coordinator (Architectural),ACE -,"Cairo, Egypt ","BIM, Architecture, Engineering, Construction, Coordination, Management, Navisworks, Revit",On-site,Full Time,Experienced,Confidential,2 months ago
HR Manager,Hirdaramani Apparel Manufacturing LLC  -,"Ismailia, Ismailia, Egypt ","Talent acquisition, Training & Development, Performance Management, Employee Relations, Succession Planning, Organizational Development, Organizational Culture, Employee Compliance",On-site,Full Time,Manager,Confidential,2 months ago
IT Operations & Infrastructure Manager,Kgroup -,"Obour City, Cairo, Egypt ","IT Infrastructure Management, IT Operations Management, Network Administration, Microsoft Windows Server, Active Directory, VMware / Hyper-V, Firewall Management",On-site,Full Time,Manager,Confidential,2 months ago
Factory General Manager (Food Manufacturing),UNITED FOOD INDUSTRY Group -,"Badr City, Cairo, Egypt ","Food Manufacturing, Business Development, Product Management, sauce manufacturing, pasta manufacturing",On-site,Full Time,Senior Management,Confidential,2 months ago
Landscape Architecture Project Manager.,ACE -,"Cairo, Egypt ","Architecture, Landscape Architecture, Project Management, Engineering, Project, Landscape Design, Landscape Painting",On-site,Full Time,Manager,Confidential,2 months ago
Senior MEP Mechanical Site Engineer,ZAD MEP -,"Cairo, Egypt ","Mechanical Engineering, Site Management, MEP Systems, Project Coordination, Problem Solving, AutoCAD/Revit Proficiency, Mechanical, MEP, Plumbing",On-site,Full Time,Experienced,Confidential,2 months ago
Software Sales Executive,eBSEG -,"Maadi, Cairo, Egypt ","Sales, Sales Target, Software Sales",Hybrid,Full Time,Entry Level,Confidential,2 months ago
Technical Sales Engineer (Pumps Division),OYA ENERGY  -,"Sheikh Zayed, Giza, Egypt ","Pumps, Mechanical Engineering, Technical Sales, B2B Sales, Petrochemicals, Industrial Engineering, Sales, water solution pump",Hybrid,Full Time,Entry Level,Confidential,2 months ago
Senior Property Consultant,Talaat Moustafa Group -,"Madinaty, Cairo, Egypt ","Real Estate Sales, Real Estate, Sales, Sales Target, Sales Field, Sales Skills, Property Sales, English",On-site,Full Time,Experienced,Confidential,2 months ago
English Preschool Teacher - SteamulationHb - Mivida,Innovvette for Education -,"New Cairo, Cairo, Egypt ","English Teaching, Teaching, Creative, fun, Class Management, Child Care, English Education",On-site,Full Time,Entry Level,Confidential,2 months ago
French Preschool Teacher - SteamulationHub - Mivida,Innovvette for Education -,"New Cairo, Cairo, Egypt ","Early Childhood, french, Preschool, Education, children, Teaching, Nursery, Child Care",On-site,Full Time,Entry Level,Confidential,2 months ago
Senior Oracle Finance Application Consultant,GB Corp -,"Abu Rawash, Giza, Egypt ","Computer Science, Information Technology (IT), Oracle, SQL, Finance, Accounting, Financial Services",On-site,Full Time,Experienced,Confidential,2 months ago
Talent Acquisition & Recruitment Supervisor.,Hi-Tech Apparel -,"Cairo, Egypt ","Human Resources (HR), Interviewing, Recruitment, Talent Acquisition, Candidate Sourcing, Employer Branding, Performance Management, Team Leadership, Strategic Planning",On-site,Full Time,Manager,Confidential,2 months ago
Offline Marketing Specialist,National Motors -,"Nasr City, Cairo, Egypt ","Marketing, Offline Marketing, Social Media, Branding, Business Administration, Communication, E-Marketing, Management",On-site,Full Time,Experienced,Confidential,2 months ago
Recruitment Specialist,Giza Spinning and Weaving -,"Imbaba, Giza, Egypt ","Recruitment, Talent acquisition, Phone Screening, Human Resources (HR), Phone screening, Human resources (hr), Interviewing, Candidate sourcing, Applicant tracking systems (ats)",On-site,Full Time,Experienced,Confidential,2 months ago
AR Section Head,Ascom -,"Maadi, Cairo, Egypt ","Accounting, Accounts Receivable, Management, Finance, Collection, Microsoft Office, ERP, Communication",On-site,Full Time,Experienced,Confidential,2 months ago
Administration Manager,ComeX Engineering Company -,"6th of October, Giza, Egypt ","Administration, Office management, Team Leadership, Communication, Management, Microsoft Office",On-site,Full Time,Manager,Confidential,2 months ago
CEO Personal Assistant,Canadian physio center -,"New Cairo, Cairo, Egypt ","Office Management, Personal Assistant, Executive Support, Communication, Customer Care, Customer Relations, Client Handling",On-site,Full Time,Experienced,Confidential,2 months ago
Accountant,TMA For Industrial Supplies -,"Nasr City, Cairo, Egypt ","Accounting, Finance, Financial Management, Financial Analysis",On-site,Full Time,Experienced,Confidential,2 months ago
Roads and Wet Utilities / Dry Utilities Civil 3D Modeler,KA COMPANY -,"Cairo, Egypt ","Civil 3D, Navisworks, Network Infrastructure",Remote,Freelance / Project,Experienced,Confidential,2 months ago
Electrical Testing Engineer,Elsewedy Electric -,"10th of Ramadan City, Cairo, Egypt ","Electrical Engineering, Electrical Testing, Testing, Commissioning, Troubleshooting, Quality Control, Communication",On-site,Full Time,Entry Level,Confidential,2 months ago
Maintenance Manager,Jaffangroup -,"Obour City, Cairo, Egypt ","Engineering, Maintenance, Management, Mechanical Engineering",On-site,Full Time,Manager,Confidential,2 months ago
Market Launcher – Food Ordering Platform,WUZZUF -,"Cairo, Egypt ","Market Expansion, Market Launcher, Go-to-Market Strategy, Market Entry, Business Development Manager, Commercial Manager, Launch Manager, B2B Sales, Food Delivery",On-site,Full Time,Senior Management,Confidential,2 months ago
HR Coordinator,TMA For Industrial Supplies -,"Nasr City, Cairo, Egypt ","Recruitment, Administration, Human Resources (HR), HR",On-site,Full Time,Experienced,Confidential,2 months ago
Technical Designer (Fashion Indusrty),Carina Wear -,"Cairo, Egypt ","Design, Fashion, Adobe illustrator, Adobe Photoshop",On-site,Full Time,Experienced,Confidential,2 months ago
اخصائي تطوير إجراءات عمل Business Process Specialist,Confidential -,"New Cairo, Cairo, Egypt ","CBAP, BPO, TOGAF, Six Sigma DMAIC, Lean",Remote,Full Time,Experienced,Confidential,2 months ago
Electrical Site Engineer,green river for urban development -,"New Capital, Cairo, Egypt ","Electrical Engineering, Engineering, Construction Site Management, Project Coordination, Quality Control, Troubleshooting, AutoCAD",On-site,Full Time,Experienced,Confidential,2 months ago
Designer (Construction & Facade & Aluminum Window Design),CSCEC International Facade Egypt Co Ltd -,"Ain Sokhna, Suez, Egypt ","AutoCAD, 3D Modeling, Autodesk 3ds Max, 3ds Max, Microsoft Office, Microsoft Excel, Microsoft Word",On-site,Full Time,Experienced,Confidential,2 months ago
Administrative Assistant ( Madinaty Branch),Confidential -,"Madinaty, Cairo, Egypt ","Administration, Office Management, Microsoft Office, Customer Service, Organizational Skills, Communication Skills, Time Management",On-site,Full Time,Entry Level,Confidential,2 months ago
Account Manager,Confidential -,"Cairo, Egypt ","Key Account Management, Customer Success, Project Management, Problem Solving, Critical Thinking, Sales, Analysis",Remote,Full Time,Experienced,Confidential,2 months ago
Sales Engineer – Dermatology Medical Devices,Target For Medical Equipment -,"Cairo, Egypt ","Sales Target, Sales, Biomedical Engineering, Negotiation, Target-Oriented, Medical Devices, Time Management",On-site,Full Time,Entry Level,Confidential,2 months ago
Site Engineer,TMA For Industrial Supplies -,"Cairo, Egypt ","Construction, Engineering, Site Installation",On-site,Full Time,Experienced,Confidential,2 months ago
Technical office engineer,TMA For Industrial Supplies -,"Nasr City, Cairo, Egypt ","Civil Engineering, civil design, Engineering, Technical Office, AutoCAD, Electrical Engineering, Mechanical Engineering",On-site,Full Time,Entry Level,Confidential,2 months ago
Art Director,YZH -,"New Cairo, Cairo, Egypt ","Digital Marketing, Communication, Project Coordination, Account Management, Customer Service, Management, Marketing, Project Management",On-site,Full Time,Manager,Confidential,2 months ago
Graphic Designer / Video Editor,Renewable Energy Pros -,"New Cairo, Cairo, Egypt ","Adobe Photoshop, Graphic Design, Video Editing, Photo Editing, Marketing Communication, Digital Marketing, Online Marketing",On-site,Full Time,Entry Level,Confidential,2 months ago
"Administrative Assistant, Office of CEO",SU Tech - Elsewedy University -,"10th of Ramadan City, Sharqia, Egypt ","Administration, Microsoft Office, Office management, Management",On-site,Full Time,Experienced,Confidential,2 months ago
Sales Teamleader,ICPM -,"Badr City, Cairo, Egypt ","Sales, Outdoor Sales, Sales Plan, Sales Planning",On-site,Full Time,Experienced,Confidential,2 months ago
Sales Teamleader,Sira Real Estate -,"San Stefano, Alexandria, Egypt ","Real Estate, Sales, Sales Target",On-site,Full Time,Manager,Confidential,2 months ago
Sales & Marketing Executive,Confidential -,"Cairo, Egypt ","Marketing, Sales, Sales Target, Business Administration, Communication, Digital Marketing, Microsoft Office, Real Estate",On-site,Full Time,Entry Level,Confidential,2 months ago
Sales Section Head,ICPM -,"Badr City, Cairo, Egypt ","senior sales rep, Outdoor Sales, sales supervisor",On-site,Full Time,Experienced,Confidential,2 months ago
SQC Interpreter Specialist (Chinese Speaker),etisal for advanced industries  -,"6th of October, Giza, Egypt ","Quality Control, Quality Management, Quality Assurance, QC, Quality Auditing, International Software Testing Qualifications Board",On-site,Full Time,Entry Level,Confidential,2 months ago
Maintenance Engineer,etisal for advanced industries  -,"6th of October, Giza, Egypt ","Engineering, Maintenance",On-site,Full Time,Entry Level,Confidential,2 months ago
Hardware Test Engineer,etisal for advanced industries  -,"6th of October, Giza, Egypt ","Automated Testing, Test Planning, Root Cause Analysis, Technical Documentation, Problem Solving, Quality Assurance, Electronics Testing, Manual Testing, Team Collaboration",On-site,Full Time,Entry Level,Confidential,2 months ago
Quality Engineer,etisal for advanced industries  -,"6th of October, Giza, Egypt ","Lean Six Sigma, Six Sigma, Quality Control, Quality Assurance, Quality Auditing, Quality Management, Quality analysis",On-site,Full Time,Entry Level,Confidential,2 months ago
Procurement Manager,Orient Group   -,"Mansheya, Alexandria, Egypt ","Procurement, Purchasing, Supply Chain, import, Food import, Manufacturing Industry, Raw Materials, Food Manufacturing",On-site,Full Time,Manager,Confidential,2 months ago
Junior Graphic Designer,Innovera for Education Technology -,"New Cairo, Cairo, Egypt ","3D Studio Max, Graphic Design, Animation, Adobe Photoshop",On-site,Full Time,Entry Level,Confidential,2 months ago
Accountant,Confidential -,"Heliopolis, Cairo, Egypt ","Accounting, Finance, Tax Preparation, Bookkeeping, Microsoft Excel, ERP Systems, General Ledger Management, Financial Analysis, Budgeting",On-site,Full Time,Experienced,Confidential,2 months ago
Retail Sales-Agent,GOLD ERA   -,"Mansoura, Dakahlia, Egypt ","Customer Service, Retail Sales, Sales, Retail, Sales Target",On-site,Full Time,Experienced,Confidential,2 months ago
SME's Senior Relationship Manager,Aman   -,"Maadi, Cairo, Egypt ","Accounting, Finance, Sales, Banking, Business Development, Client Relationships, Customer Service, Financial",On-site,Full Time,Experienced,Confidential,2 months ago
Site Engineer,Quantum Automatic Systems -,"Heliopolis, Cairo, Egypt ","Civil Engineering, Construction, Engineering, AutoCAD",On-site,Full Time,Experienced,Confidential,2 months ago
Cyber Security Consultant L2,Fixed Solutions -,"Cairo, Egypt ","Engineering, Security, Information Technology (IT)",Hybrid,Full Time,Experienced,Confidential,2 months ago
Jira Administrator,Tekthar -,"Cairo, Egypt ","Atlassian Jira, Jira Service Management (JSM), Jira Query Language (JQL), Workflow Customization, User Management & Access Control, API & Plugins Integration, System Administration, Troubleshooting",Remote,Full Time,Experienced,Confidential,2 months ago
Inventory Accountant,Cairoscan -,"Haram, Giza, Egypt ","Accounting, Financial Analysis, Finance, Inventory Management, Logistics, Supply Chain Management, Microsoft Excel, ERP Systems",On-site,Full Time,Entry Level,Confidential,2 months ago
Senior Talent Acquisition Specialist,Billqode -,"Sheraton, Cairo, Egypt ","Human Resources (HR), Recruitment, Talent acquisition, Interviewing",On-site,Full Time,Experienced,Confidential,2 months ago
Senior AI Engineer,LavaLoon -,"Nasr City, Cairo, Egypt ","AI, Computer Science, Engineering, Information Technology (IT), Software Development, Artificial Intelligence (AI), Machine Learning (ML), Large Language Models (LLMs)",On-site,Full Time,Experienced,Confidential,2 months ago
Accountant,El-Ashker Financial Consulting -,"Maadi, Cairo, Egypt ","Accounting, Finance, Financial Analysis, Financial Management, Accounting Software, Commerce, ERP, Financial, Financial Reports",On-site,Full Time,Experienced,Confidential,2 months ago
SEO & Web Content Manager,Nina June -,"Manial, Cairo, Egypt ","Content Management, Management, Marketing, Social Media, SEO, Digital Marketing, Design, Google Analytics",Hybrid,Part Time,Manager,Confidential,2 months ago
Marketer,Sphinx 365 -,"Nasr City, Cairo, Egypt ","E-Marketing, Social Media, Marketing, Creative, Content Marketing, Writing",On-site,Full Time,Entry Level,Confidential,2 months ago
Sales Associate,Koroot -,"Cairo, Egypt ","Sales, Sales Target, Marketing, Business Development, Communication, CRM, Customer Service, Startup",On-site,Full Time,Entry Level,Confidential,2 months ago
Product Designer - Furniture,Riadco 2000 -,"Obour City, Cairo, Egypt ","Applied Arts, 3d max, illustrator, Product Design, Rhino, Furniture, AutoCAD",On-site,Full Time,Experienced,Confidential,2 months ago
Organizational And Development Supervisor.,Valmore Holding -,"New Cairo, Cairo, Egypt ","Human Resources (HR), Organizational Development, OD, Performance Management, Administration, Business Administration, Development, Human Resources, HR",On-site,Full Time,Experienced,Confidential,2 months ago
Sales/VM Specialist,Confidential -,"Maadi, Cairo, Egypt ","Customer Service, Sales, Communication, Management, CRM, Marketing, Microsoft Office",On-site,Full Time,Entry Level,Confidential,2 months ago
Organizational Development Manager,Valmore Holding -,"New Cairo, Cairo, Egypt ","Human Resources (HR), OD, Performance Management, Administration, Business Administration, Business Development, Development, Information Technology (IT), HR",On-site,Full Time,Manager,Confidential,2 months ago
Software Sales Specialist,LavaLoon -,"Nasr City, Cairo, Egypt ","Customer Service, Sales, Sales Target, Software Sales, CRM Software, ERP Sales, ERP Software",On-site,Full Time,Experienced,Confidential,2 months ago
Operations Manager,shaaban -,"Max, Alexandria, Egypt ","Leadership Management, Supply Management, Inventory Management, Team management, Problem Solving, Decision Making, Process Optimization skills., the ability to motivate and oversee staff effectively",On-site,Full Time,Manager,Confidential,2 months ago
Executive Secretary,Confidential -,"Mohandessin, Giza, Egypt ","Administration, Office management, Microsoft Office, Communication, Management, ERP",On-site,Full Time,Entry Level,Confidential,2 months ago
AI Content Creator,YZH -,"New Cairo, Cairo, Egypt ","Marketing, Social Media, Writing, Content Writing, Copywriting, Content Creation, Research",On-site,Full Time,Experienced,Confidential,2 months ago
Change Management Coordinator,RISEUP (Endemag for Administrative Skills Development) -,"Maadi, Cairo, Egypt ","Change Management, Project Management, Management, Programming, Computer Science, Information Technology (IT), SQL, Engineering",Hybrid,Full Time,Manager,Confidential,2 months ago
Treasury Manager,IGI-Group -,"Sheikh Zayed, Giza, Egypt ","Accounting, Treasury Management, Financial Reporting, Cash Flow Forecasting, Risk Management, Financial Analysis, Compliance, SAP, Microsoft Excel",On-site,Full Time,Manager,Confidential,2 months ago
Procurement Engineer,IETOS -,"Sheraton, Cairo, Egypt ","Procurement Management, Supply Chain Optimization, Market Research, ERP/Procurement Software, Analytical Thinking, Supplier Negotiation, Mechanical Power Engineering",On-site,Full Time,Experienced,Confidential,2 months ago
Sales Representative B2B,truevision commercial -,"Cairo, Egypt ","B2B, B2B Sales, Sales, Account Management, Logistics, Sales Target Achievement, Customer Service Excellence, Negotiation Skills, CRM Software",Hybrid,Full Time,Experienced,Confidential,2 months ago
Odoo Functional Consultant,NEXEL Partners -,"Cairo, Egypt ","Odoo, Accounting",On-site,Full Time,Experienced,Confidential,2 months ago
Contact center supervisor,OPPO Egypt  -,"Nasr City, Cairo, Egypt ","Contact Center, Customer Service, Customer Support",On-site,Full Time,Experienced,Confidential,2 months ago
Application Support Engineer,Erada -,"Maadi, Cairo, Egypt ","Application Support, Computer Science, Information Technology (IT), Customer Support, Java, Engineering, Programming, Troubleshooting",On-site,Full Time,Experienced,Confidential,2 months ago
Secretary,FAID ALNAAM   -,"New Cairo, Cairo, Egypt ","Administration, Microsoft Office, Office Management, Communication Skills, Organizational Skills, Time Management, Customer Service",On-site,Full Time,Entry Level,Confidential,2 months ago
CFO,Confidential -,"Nasr City, Cairo, Egypt ","Accounting, Finance, Financial Analysis, Financial Management",On-site,Full Time,Senior Management,Confidential,2 months ago
Senior Finishing Engineer (Architect),Confidential -,"Qusayr, Red Sea, Egypt ","Architecture Engineering, Architecture, Hotels, Management, Leadership, Engineering",On-site,Full Time,Experienced,Confidential,2 months ago
Human Resources Generalist,FAID ALNAAM   -,"New Cairo, Cairo, Egypt ","Human Resources, Recruitment, Personnel Management, Microsoft Office Suite, Employee Relations, HR Policies & Procedures, Onboarding",On-site,Full Time,Experienced,Confidential,2 months ago
Talent Acquisition Specialist - Mass Hiring,Erada -,"Maadi, Cairo, Egypt ","MS Office, HR, Hiring, Human Resources (HR), Recruitment, Interviews, Interviewing, Talent acquisition",On-site,Full Time,Entry Level,Confidential,2 months ago
Call Center Agent,HealPath -,"Maadi, Cairo, Egypt ","Call Center, Customer Service, Customer Support",On-site,Full Time,Entry Level,Confidential,2 months ago
SEO Website Copywriter,Nile University -,"Sheikh Zayed, Giza, Egypt ","Marketing, SEO, Social Media, Writing",On-site,Full Time,Experienced,Confidential,2 months ago
Workshop Team Leader Engineer - Passenger Cars,GB Corp -,"Assiut, Egypt ","Engineering, Mechanical, Technical Support, Computer Science, Information Technology (IT), Planning, Software Development",On-site,Full Time,Manager,Confidential,2 months ago
General Accountant/ Senior,IGI-Group -,"Sheikh Zayed, Giza, Egypt ","Accounting, Accounting principles, Accounting Software, English, Finance, Communication, Financial Analysis, Financial Management, General Accounting",On-site,Full Time,Experienced,Confidential,2 months ago
Club Manager,Beta Developments -,"6th of October, Giza, Egypt ","Business Administration, Management",On-site,Full Time,Manager,Confidential,2 months ago
مدير مكتب استشارات ادارية و توظيف,Confidential -,"New Cairo, Cairo, Egypt ","قيادة, قدرة ادارة فريق عن بعد, قدرات تفاوض, حل المشكلات, لغة عربية, لغة انجليزية, مهارات العرض والالقاء والتاثير",Remote,Full Time,Manager,Confidential,2 months ago
Executive Secretary to Finance Director (Accounting Background Required),EL didi Group -,"Sheraton, Cairo, Egypt ","Administration, Office management, Accounting, Finance",On-site,Full Time,Entry Level,Confidential,2 months ago
Ticketing Officer.,Confidential -,"Zamalek, Cairo, Egypt ","Ticketing, Tourism, Airline Ticketing, Booking, Customer Care, Customer Service, Customer Support, Sales, Travel",On-site,Full Time,Experienced,Confidential,2 months ago
Sales Engineer (Architect),porcelia -,"Rehab City, Cairo, Egypt ","Engineering, Sales, Sales Target, Architecture, Communication, Computer Science, CRM, Customer Service",On-site,Full Time,Experienced,Confidential,2 months ago
Project Import & Logistics Specialist,Napata -,"6th of October, Giza, Egypt ","Supply, Supply Chain, Logistics, Business Administration, ERP, Export, Management",Hybrid,Full Time,Experienced,Confidential,2 months ago
Technical Office Engineer,Napata -,"6th of October, Giza, Egypt ","Technical Office, Engineering, ERP Solutions, Time Management, SolidWorks, Microsoft Office",On-site,Full Time,Experienced,Confidential,2 months ago
Senior Procurement Specialist,Dora Management Solutions -,"Sheraton, Cairo, Egypt ","Procurement, Supply Chain, Administration, business, Microsoft Office, Communication, Business Administration",On-site,Full Time,Experienced,Confidential,2 months ago
Fleet Coordinator- Operation,TH For Transport & General Supplies -,"New Cairo, Cairo, Egypt ","Fleet Management, Logistics, Management, Transportation, Administration, Microsoft Office",On-site,Full Time,Experienced,Confidential,2 months ago
Senior Odoo Developer,Sharm Dreams Group  -,"Manial, Cairo, Egypt ","Information Technology (IT), Computer Science, Odoo, Software Development, Software Engineering, ERP, Python, SQL, Training",On-site,Full Time,Experienced,Confidential,2 months ago
Trade Execution Coordinator,ActAgri-Trading--Egypt  -,"Sheikh Zayed, Giza, Egypt ","Operations Management, Logistics, Supply Chain, Import / Export, Documentation, International Trade",On-site,Full Time,Experienced,Confidential,2 months ago
Graphic Designer,Confidential -,"Sheraton, Cairo, Egypt ","Adobe Illustrator, Adobe Photoshop, Graphic Design, Adobe InDesign, Adobe Premiere Pro, Packaging Design, Video Editing, Creative Direction",On-site,Full Time,Experienced,Confidential,2 months ago
Landscape Senior Manager,Confidential -,"North Coast, Matruh, Egypt ","Agricultural Engineering, Agriculture, Landscape Engineering, Landscape Maintenance, Landscape Management, Horticulture, Leadership, Engineering, Real Estate",On-site,Full Time,Manager,Confidential,2 months ago
Video Script & Social Media Content Creator,Nile University -,"Sheikh Zayed, Giza, Egypt ","Marketing, Social Media, Writing, Content Creation, Copywriting, Digital Marketing, Graphic Design",On-site,Full Time,Entry Level,Confidential,2 months ago
Chinese Translator,EUREKA Solar Energy -,"10th of Ramadan City, Sharqia, Egypt ","Writing, Translation, Chinese-English, Interpretation, Communication, Multitasking, Problem Solving, Cultural Awareness",On-site,Full Time,Entry Level,Confidential,2 months ago
Sales Manager,ComeX Engineering Company -,"Giza, Giza, Egypt ","Sales, Sales Target, Sales Planning, Management",On-site,Full Time,Manager,Confidential,2 months ago
Tendering Estimation Engineer,Confidential -,"Alexandria, Egypt ","Tendering, Microsoft Excel, Civil Engineering, Engineering, Estimation, Project Management, Contract Negotiation, Cost Analysis, Risk Assessment",On-site,Full Time,Experienced,Confidential,2 months ago
Procurement Specialist - Marine,Confidential -,"Alexandria, Egypt ","Logistics, Marine Operations, Procurement, Purchasing, Supply Chain Management, Vendor Management, Negotiation",On-site,Full Time,Experienced,Confidential,2 months ago
Senior Reliability Maintenance Engineer (Mobile Equipment),Confidential -,"Alexandria, Egypt ","Maintenance Engineering, Construction, Maintenance, Mechanical Engineering, CMMS, Communication, Computer Science, Engineering",On-site,Full Time,Experienced,Confidential,2 months ago
Senior Developer – D365 Finance & Operations,Al Watania Poultry  -,"Smart Village, Giza, Egypt ","ERP, Finance, Information Technology (IT), SQL",On-site,Full Time,Experienced,Confidential,2 months ago
Network & Security Engineer,Al Watania Poultry  -,"Smart Village, Giza, Egypt ","Information Technology (IT), Computer Science, Engineering, Network, Security",On-site,Full Time,Experienced,Confidential,2 months ago
Demand Planning Engineer,Kandil Industries -,"Nasr City, Cairo, Egypt ","Demand Planning, Engineering, Planning, Business Administration, Civil Engineering, Management, ERP, Manufacturing, Microsoft Excel",On-site,Full Time,Experienced,Confidential,2 months ago
Channel Marketing Assistant Manager,Tank -,"New Nozha, Cairo, Egypt ","Branding, E-Marketing, Marketing, Social Media, Business Administration, Commerce, Administration, Communication",On-site,Full Time,Experienced,Confidential,2 months ago
Heavy Equipment - Mechanical Maintenance Engineer,TTC Technologies -,"Heliopolis, Cairo, Egypt ","Engineering, Heavy Equipment, Maintenance, Mechanical Engineering, Electrical Engineering, Hydraulic, Mechanical, Mechatronics",On-site,Full Time,Entry Level,Confidential,2 months ago
Business Development Assistant,Digizilla -,"Nasr City, Cairo, Egypt ","Business Development, Development, Sales Target, Sales, Negotiation, Administration",On-site,Full Time,Entry Level,Confidential,2 months ago
Senior QC Automation Engineer,BI-Technologies -,"New Cairo, Cairo, Egypt ","QC, Automation, Manualtesting, Information Technology (IT), Engineering, Telecommunication, Quality Control",Hybrid,Full Time,Experienced,Confidential,2 months ago
Customer Service Specialist,Nature's Rule Egypt LLC  -,"New Cairo, Cairo, Egypt ","Customer Care, Customer Service, Customer Support, Conflict Resolution, Communication Skills, Problem Solving, Active Listening",On-site,Shift Based,Experienced,Confidential,2 months ago
Accounting Manager,Your Parts -,"Maadi, Cairo, Egypt ","Accounting, Finance, Financial Analysis, Financial Management, ERP, Financial, Management, Reporting, CMA",On-site,Full Time,Manager,Confidential,2 months ago
Procurement Engineer,Blue Bell Egypt  -,"Bourj Alarab, Alexandria, Egypt ","Purchasing, Supply Chain Management, Procurement, Vendor Management, Negotiation, Cost Reduction, Logistics, Contract Management, Quality Assurance",On-site,Full Time,Experienced,Confidential,2 months ago
Civil Engineer,Kayan plus -,"10th of Ramadan City, Sharqia, Egypt ","Civil Engineering, Engineering, Architecture, Construction, Management, Project, Project Management, AutoCAD, Projects",On-site,Full Time,Entry Level,Confidential,2 months ago
Sr. Project Manager,Impact for Learning & Development -,"Sheikh Zayed, Giza, Egypt ","Project Management, Project, Time Management, Negotiation",Hybrid,Full Time,Experienced,Confidential,2 months ago
Production Engineer,ComeX Engineering Company -,"Giza, Giza, Egypt ","Engineering, Production, Production Engineering, Mechanical Engineering",On-site,Full Time,Experienced,Confidential,2 months ago
Administrative & Executive Assistant,Arms surveying & automation systems -,"Hadayek Alahram, Giza, Egypt ","Administration, Microsoft Office, Office management, Business English, email, Microsoft Excel, Data Entry",On-site,Full Time,Entry Level,Confidential,2 months ago
Export Sales Manager,Confidential -,"10th of Ramadan City, Sharqia, Egypt ","Customer Service, Export Sales, Export, Sales Target, Sales",On-site,Full Time,Manager,Confidential,2 months ago
Technical Manager,KPS -,"Cairo, Egypt ","Power Systems, UPS and battery technologies, Solar and hybrid energy systems, Project commissioning and troubleshooting, •	Proficiency in technical software (AutoCAD, PVsyst,PVsol,Eplan), Computer Science, Energy, Engineering",On-site,Full Time,Manager,Confidential,2 months ago
Service Engineer (Electrical / Mechatronics) - Heavy Equipment - Piling & Foundation Rigs,EL didi Group -,"Sheraton, Cairo, Egypt ","Engineering, Heavy Equipment, Mechatronics, Customer Service",On-site,Full Time,Entry Level,Confidential,2 months ago
Sales Engineers – Heavy Equipment Spare Parts,EL didi Group -,"Sheraton, Cairo, Egypt ","Engineering, Heavy Equipment, Sales, Spare Parts, Development, Mechanical, Mechanical Engineering, Microsoft Office",On-site,Full Time,Experienced,Confidential,2 months ago
Facilities Admin Specialist,MATGR For Engineering And Trading -,"New Cairo, Cairo, Egypt ","Admin, Administration, facilities, facilities management, Facility, Office management, Safety",On-site,Full Time,Experienced,Confidential,2 months ago
FP&A Lead,Egypt Foods -,"Sheikh Zayed, Giza, Egypt ","Accounting, Computer Engineering, Finance, CFA, CPA, Planning, Fp&A",On-site,Full Time,Manager,Confidential,2 months ago
Finance Manager,Akhnaton Trading and distribution - EVA Group Limted -,"Cairo, Egypt ","Finance, Financial Management, Accounting, Financial Analysis",On-site,Full Time,Senior Management,Confidential,2 months ago
Telesales Representative,Gahbiz.com -,"Alexandria, Egypt ","Telesales, Sales, Customer Service, Digital Marketing",On-site,Full Time,Entry Level,Confidential,2 months ago
Treasury Manager,Confidential -,"Dakahlia, Egypt ","Treasury, Banking, Accounting, Cash Management, Finance, CTP, Financial, Financial Analysis",On-site,Full Time,Manager,Confidential,2 months ago
HR Specialist,Confidential -,"Mansoura, Dakahlia, Egypt ","Human Resources (HR), Microsoft Office, Recruitment, Administration, Business Administration, Communication, Human Resources, Payroll, Personnel",On-site,Full Time,Experienced,Confidential,2 months ago
HR Business Partner (HRBP),Confidential -,"Heliopolis, Cairo, Egypt ","MS Office, HR Strategy, HR Systems, Business English, Detail Oriented, Business Accumen",On-site,Full Time,Experienced,Confidential,2 months ago
Dental Manager (Dentist Only),Al fawzy dental -,"Agouza, Giza, Egypt ","Front desk, Medical, Office management, Communication, Communication skills, Customer Service, Skills, English, Microsoft Office",On-site,Full Time,Manager,Confidential,2 months ago
Financial Control Manager,Confidential -,"Heliopolis, Cairo, Egypt ","Accounting, Finance, Financial, Financial Analysis, Financial Management, Financial Controling, Financial Controlling, Risk Management",On-site,Full Time,Manager,Confidential,2 months ago
Budgeting and Planning Manager,Confidential -,"Heliopolis, Cairo, Egypt ","Budgeting, Management, Planning, Project Management, Sales, Financial Planning, Accounting",On-site,Full Time,Manager,Confidential,2 months ago
Male ABA Therapist/ RBT,Autism Alliance -,"Cairo, Egypt ","ABA, RBT, Special Educator",On-site,Full Time,Experienced,Confidential,2 months ago
Talent Management Supervisor,SIPES -,"Heliopolis, Cairo, Egypt ","Talent management, Human Resources (HR)",On-site,Full Time,Experienced,Confidential,2 months ago
Planning Specialist,SPEED SC & Logistics  -,"Alexandria, Egypt ","Planning, Procurement, Purchasing, Business Administration, Communication, Engineering, ERP",On-site,Full Time,Entry Level,Confidential,2 months ago
E-commerce Operations Specialist,Whitesky -,"6th of October, Giza, Egypt ","Commerce, E-Commerce, E-Marketing",Hybrid,Full Time,Entry Level,Confidential,2 months ago
Fleet Maintenance Manager,Kadmar Group -,"Alexandria, Egypt ","Preventive Maintenance, Repair, Logistics, Mechanical Engineering, Fleet Maintenance, Engineering, Maintenance, Management",On-site,Full Time,Manager,Confidential,2 months ago
Senior HR Generalist,Lufian -,"Ameria, Alexandria, Egypt ","Human Resources (HR), Personnel, Microsoft Office",On-site,Full Time,Experienced,Confidential,2 months ago
Architecture Technical Office Engineer,El Mansour Development  -,"Cairo, Egypt ","Architecture, AutoCAD, Engineering, Microsoft Office, Technical Office, Quantity Surveying, Shop Drawings, Surveying",On-site,Full Time,Experienced,Confidential,2 months ago
Testing Commissioning Engineer,"LS ELECTRIC Co., Ltd. -","New Cairo, Cairo, Egypt ","Commissioning, Electrical Engineering",On-site,Full Time,Experienced,Confidential,2 months ago
Call Center Agent ( B1+ English ),Etisalat Egypt -,"New Cairo, Cairo, Egypt ","Call Center, Customer Care, Customer Service, Customer Support, English, Customer Relations, Custom Clearance, Customs Clearance, Customer Satisfaction",On-site,Full Time,Entry Level,Confidential,2 months ago
B2B Corporate Sales Specialist (IT Solutions & Training),Senior Steps -,"Nasr City, Cairo, Egypt ","B2B, Corporate Sales, Sales, Sales Target",Hybrid,Full Time,Entry Level,Confidential,2 months ago
Technical Office Engineer,Egypt Africa -,"Katameya, Cairo, Egypt ","Engineering, Technical Office, Architecture, Civil Engineering, Computer Science, Construction, Information Technology (IT), Microsoft Office",On-site,Full Time,Experienced,Confidential,2 months ago
Sales Manager,Egypt Africa -,"Katameya, Cairo, Egypt ","Reporting, Microsoft Excel, Google Sheets, Sales Field, Management, Business Administration, CRM, Customer Service",On-site,Full Time,Manager,Confidential,2 months ago
Sales Manager,Hook Solutions -,"Obour City, Cairo, Egypt ","Sales, Sales Target, distirbution, Business Development, Communication, Customer Service, Trade, Wholesale",On-site,Full Time,Manager,Confidential,2 months ago
Admin Operations Senior Specialist,Al Ahly Momkn for e-payment -,"Maadi, Cairo, Egypt ","Administration, Microsoft Office, Communication, Management",On-site,Full Time,Experienced,Confidential,2 months ago
Senior Google Ads & Lead Generation Specialist,VIP RENT A CAR - L.L.C  -,"Cairo, Egypt ","Ads, Google Ads, Lead Generation",Remote,Full Time,Manager,Confidential,2 months ago
Teamleader,Five Max Digital Marketing LLC -,"Cairo, Egypt ","Fashion Retail, Customer Support",On-site,Full Time,Experienced,Confidential,2 months ago
CEO Personal & office Assistant,Canadian physio center -,"Sheikh Zayed, Giza, Egypt ","Communication, Sales, Customer Care, Administration, Assistant, Office Management, Problem Solving",On-site,Full Time,Experienced,Confidential,2 months ago
"Construction Manager ""Civil""",Maalem-Group -,"New Cairo, Cairo, Egypt ","Civil Engineering, Construction, Engineering, Project Management, Site Supervision, Budget Management, Contract Negotiation, Risk Management, Quality Assurance",On-site,Full Time,Manager,Confidential,2 months ago
Digital Marketing Specialist,KNA -,"Giza, Egypt ","SEO, Video Creation, Digital Marketing, E-Marketing, Marketing Strategy, Social Media Management, Content Creation",Hybrid,Full Time,Entry Level,Confidential,2 months ago
Call Center Agent ( B1+ English Speakers ),Etisalat Egypt -,"Maadi, Cairo, Egypt ","Call Center, Customer Care, Customer Service, Customer Support, English, Customer Relations, Custom Clearance, Customs Clearance, Customer Satisfaction",On-site,Full Time,Entry Level,Confidential,2 months ago
Trade Finance - temporary,SIPES -,"Heliopolis, Cairo, Egypt ","Trade Finance, Finance",On-site,Full Time,Experienced,Confidential,2 months ago
Regional Sales Manager - Cairo,SIPES -,"Cairo, Egypt ","Regional Sales, Sales Target",On-site,Full Time,Manager,Confidential,2 months ago
Human Resources Generalist,Selema Gold -,"Nasr City, Cairo, Egypt ","Generalist, Human, Human Resources, Human Resources (HR), human resources generalist, Business Administration, HR, HRIS, Management",On-site,Full Time,Experienced,Confidential,2 months ago
Operations Manager ( Food & Beverage ),Raghaeb for managing restaurants (ABU TAREK KUSHARI) -,"New Cairo, Cairo, Egypt ","Management, Marketing, Sales, Microsoft Office, Training, Planning, Accounting, Administration",On-site,Full Time,Manager,Confidential,2 months ago
Account Manager,Raghaeb for managing restaurants (ABU TAREK KUSHARI) -,"New Cairo, Cairo, Egypt ","Finance, Accounting, Account Management, Business Administration, Communication, Customer Service, CRM, Management, Sales",On-site,Full Time,Manager,Confidential,2 months ago
Full Stack Developer,Actum.cx -,"Cairo, Egypt ","Software Development, JavaScript, Computer Science, Information Technology (IT)",Remote,Full Time,Entry Level,Confidential,2 months ago
Sales Manager,Sholex Trade -,"Nasr City, Cairo, Egypt ","Sales Target, Sales, Sales Planning, Negotiation, Administration, Business Administration, Communication",On-site,Full Time,Manager,Confidential,2 months ago
Call Center Manager,Lavita Developments  -,"Nasr City, Cairo, Egypt ","Customer Support, Call Center, Sales, Call Center Management, Customer Service, Team Leadership, Performance Management",On-site,Full Time,Manager,Confidential,2 months ago
Customer Service Manager,Lavita Developments  -,"Nasr City, Cairo, Egypt ","Leadership, Strategic Planning, Customer Relationship Management (CRM), Problem Solving, Communication, Team Management, Management, Customer Support, Customer Service",On-site,Full Time,Manager,Confidential,2 months ago
Interior Designer,Ahmed El-Sallab -,"Cairo, Egypt ","AutoCAD, Interior Design, Attention to Detail, Client Communication, Creativity, Architecture, Design, Sketchup",On-site,Full Time,Entry Level,Confidential,2 months ago
Accounting Manager,MENA For Contracting & Trading -,"Alexandria, Egypt ","Accounting, Finance, Financial Analysis, Financial Management",On-site,Full Time,Manager,Confidential,2 months ago
"Service, maintenance and installation Engineer (male)",Confidential -,"Nasr City, Cairo, Egypt ","Electronics, Maintenance, Mechanical, Installation, Engineering, Computer Skills",On-site,Full Time,Experienced,Confidential,2 months ago
Sr. Financial Planning Analyst,DAF Holding  -,"Cairo, Egypt ","Finance, Financial Analysis, Financial Planning",On-site,Full Time,Experienced,Confidential,2 months ago
Instrumentation Sales Engineer,Astronic -,"Nasr City, Cairo, Egypt ","instrumentation, Automation, measuring equipment, Field instruments, Engineering Services",On-site,Full Time,Experienced,Confidential,2 months ago
Administrative Executive/ Office Manager,Astronic -,"Nasr City, Cairo, Egypt ","Administration, Microsoft Office, Office management, Communication, Presentations",On-site,Full Time,Experienced,Confidential,2 months ago
Digital Transformation & Systems Specialist,Confidential -,"New Cairo, Cairo, Egypt ","Computer Science, AppSheet, Power BI, Google Sheets, Microsoft Excel, AI, Data Analysis, Process Automation, System Integration",On-site,Full Time,Experienced,Confidential,2 months ago
B 2 B Sales Manager,ElSheikh Logistics -,"Ameria, Alexandria, Egypt ","B2B Sales, Trucking, Logistics, B2B, Sales, Business Development, Market Research",On-site,Full Time,Experienced,Confidential,2 months ago
Sr. Cost Control Engineer,DME Holding -,"North Coast, Matruh, Egypt ","Cost Control, Project Cost Control, Cost Analysis, Project Management, Cost Reduction, Cost Accounting, Cost Estimation",On-site,Full Time,Experienced,Confidential,2 months ago
"Administrative Assistant, Office of Secretary General",SU Tech - Elsewedy University -,"10th of Ramadan City, Sharqia, Egypt ","Administration, Microsoft Office, Office management, Communication, Organizing, Customer Support, Management, Business Administration",On-site,Full Time,Experienced,Confidential,2 months ago
Data Analyst Engineer,Basco Engineering &Trading -,"Heliopolis, Cairo, Egypt ","Data Engineering, Statistical Analysis, Data Visualization, Data Analysis, Dashboard Development, Problem Solving",On-site,Full Time,Experienced,Confidential,2 months ago
Stock Controller,Trustcom -,"New Capital, Cairo, Egypt ","Stock Control, Stock Management, Inventory Management, Supply Chain Operations, Warehouse Operations, Data Entry, Organization Skills, Attention to Detail, Problem Solving",On-site,Full Time,Entry Level,Confidential,2 months ago
Senior Design BIM Architect,EGYGAB Developments -,"New Cairo, Cairo, Egypt ","Architect, Architecture, Design, AutoCAD, Engineering, Drawings, English, Computer Skills",On-site,Full Time,Experienced,Confidential,2 months ago
Factory Manager,Confidential -,"Maadi, Cairo, Egypt ","Production, Pastry, Agriculture, Science, FMCG, Management, GMP, Quality",On-site,Full Time,Manager,Confidential,2 months ago
Accounts Payable Accountant,MEAHCO - Saudi German Health -,"Cairo, Egypt ","Accounts Payable, Finance, Accounting",On-site,Full Time,Experienced,Confidential,2 months ago
Senior IT Project Manager,al-massagroup -,"Nasr City, Cairo, Egypt ","Project Management, PMP, Agile, Scrum, IT Service Management, AI, Cybersecurity",On-site,Full Time,Manager,Confidential,2 months ago
IT Budgeting & Procurement Specialist,National technology group -,"6th of October, Giza, Egypt ","Budgeting, Information Technology (IT), Procurement, Purchasing, Supply Chain",Hybrid,Full Time,Experienced,Confidential,2 months ago
Design Engineer,Kandil Egypt  -,"Obour City, Cairo, Egypt ","Design, Engineering, Steel Design, Construction Design, applied arts",On-site,Full Time,Experienced,Confidential,2 months ago
Technical Office Engineer,Confidential -,"6th of October, Giza, Egypt ","Technical Office, Engineering, Site Engineering, Computer Science, Information Technology (IT), Microsoft Office, Projects",On-site,Full Time,Experienced,Confidential,2 months ago
Senior Financial Planning & Analysis Specialist,Cairo Three A  Poultry  -,"New Cairo, Cairo, Egypt ","FMVA, Budgeting and Forecasting, Excel Proficiency, Financial Analysis, Financial Planning",On-site,Full Time,Experienced,Confidential,2 months ago
Electrical Engineer Lead,Joy Glass -,"6th of October, Giza, Egypt ","Design, Electrical Engineering, Engineering, Mechanical Engineering, Project Management, System Design, Troubleshooting, Installation",On-site,Full Time,Experienced,Confidential,2 months ago
Sales Executive,Jazeera Paints -,"Sheikh Zayed, Giza, Egypt ","Marketing, Chemical, Paints, Sales, sales skills, Sales Target, PaintShop Pro",On-site,Full Time,Entry Level,Confidential,2 months ago
Sales & Marketing Executive,COOLTECHPOWERDIESELGENERATOR -,"Badr City, Cairo, Egypt ","Marketing, Sales, Sales Target, Communication, Engineering, Microsoft Office, Administration, Business Administration",On-site,Full Time,Experienced,Confidential,2 months ago
IT Support Executive,Gahez Digital Marketing -,"Giza, Egypt ","Information Technology (IT), Microsoft Office suite, Networking, Hardware Support, Hardware Maintenance, Troubleshooting, System Administration, Technical Support",On-site,Full Time,Experienced,Confidential,2 months ago
Technical Support,Joy Glass -,"6th of October, Giza, Egypt ","Computer Science, Customer Service, Configuration, Information Technology (IT), Troubleshooting, Technical Support, Network Administration",On-site,Full Time,Experienced,Confidential,2 months ago
Junior Electrical Procurement Engineer,Modern Controls  -,"Giza, Egypt ","procurement engineer, Electrical Engineering, Electrical, Engineering, Procurement",On-site,Full Time,Entry Level,Confidential,2 months ago
Research And Development Engineer,INFINITY EGYPT -,"Dokki, Giza, Egypt ","Electronics Engineering, Communication Engineering",On-site,Full Time,Entry Level,Confidential,2 months ago
Media buyer,YZH -,"Cairo, Egypt ","Social Media, Online Advertising, Marketing Campaigns, Digital Marketing, Google Ads, Marketing, Ads",On-site,Full Time,Experienced,Confidential,2 months ago
Senior Accountant,Gahez Digital Marketing -,"Sheikh Zayed, Giza, Egypt ","Accounting, Financial Analysis, Financial Management, GAAP, IFRS, Budgeting, Forecasting, Reconciliation, Microsoft Excel",On-site,Full Time,Experienced,Confidential,2 months ago
Procurement Specialist,Joy Glass -,"6th of October, Giza, Egypt ","Communication, ERP, Logistics, Management, Manufacturing, Procurement, Purchasing",On-site,Full Time,Experienced,Confidential,2 months ago
Transportation Manager,DAM Group -,"Cairo, Egypt ","Logistics, Management, Supply Chain, Transportation, Fleet Management, Route Optimization, Inventory Management, Operations Management",On-site,Full Time,Manager,Confidential,2 months ago
Warehouse Manager,Confidential -,"Abu Qurqas, Minya, Egypt ","Supply Chain, Warehousing, Inventory Management, Supply Chain Management, Logistics, Operations Management, Team Leadership",On-site,Full Time,Manager,Confidential,2 months ago
Social Studies Teacher (Arabic),Gamma International College -,"6th of October, Giza, Egypt ","Social Studies, Teaching, History, Political Science, Geography, Teaching Knowledge Test",On-site,Full Time,Experienced,Confidential,2 months ago
Site Administrative Manager,Confidential -,"Abu Qurqas, Minya, Egypt ","Administration, Management, Administrative Affairs, Operations Management, Team Leadership, Strategic Planning, Resource Allocation, Facilities Management",On-site,Full Time,Manager,Confidential,2 months ago
Senior Mechanical Engineer,Confidential -,"Cairo, Egypt ","Wastewater Treatment, Pumps, Pipe Sizing, AutoCAD, Hydraulic, Sludge Treatment, Pumping Stations, Communication, Computer Science",On-site,Full Time,Experienced,Confidential,2 months ago
Cost & Project Controller,Atkins Realis -,"Cairo, Egypt ","Cost Control, Project Control, cost controls, Project Controls, Civil Engineering, Construction, Engineering, Finance",Hybrid,Full Time,Experienced,Confidential,2 months ago
HR Manager,Gahez Digital Marketing -,"Sheikh Zayed, Giza, Egypt ","Recruitment, Personnel Management, Human Resources (HR), Employee Relations, Talent Acquisition, HR Policies, Performance Management, Compensation & Benefits, Onboarding",On-site,Full Time,Experienced,Confidential,2 months ago
IT System Engineer,Anasia Egypt for Trading -,"Badr City, Cairo, Egypt ","Computer Science, Engineering, Information Technology (IT), Software Development",On-site,Full Time,Experienced,Confidential,2 months ago
General Accountant,Tawasoa Factoring -,"Sheraton, Cairo, Egypt ","Accounting, Finance, Financial Analysis, Financial Management, General Accounting, Financial Accounting, Financial Services, Finance Management",On-site,Full Time,Entry Level,Confidential,2 months ago
Head Electrical Maintenance Engineer,Perfecto Polymers -,"Badr City, Cairo, Egypt ","Maintenance, Electrical Engineering, Electrical Maintenance, Automatic Control, Electronic Circuits, Troubleshooting, Preventive Maintenance, Industrial Automation",On-site,Full Time,Manager,Confidential,2 months ago
Senior Mechanical Maintenance Engineer,Tank -,"10th of Ramadan City, Cairo, Egypt ","Electrical Engineering, Mechanical Maintenance, Engineering, Maintenance, Mechanical, Mechanical Engineering",On-site,Full Time,Entry Level,Confidential,2 months ago
Sales Representative Consultant,Elkafrawy automotive -,"Zagazig, Sharqia, Egypt ","Automotive Sales, Negotiation, Cars Sales, Customer Relationship Management, Sales Strategy, Communication Skills, Product Knowledge, Market Research, Closing Deals",On-site,Full Time,Entry Level,Confidential,2 months ago
social media marketing and e-commerce,Confidential -,"Mohandessin, Giza, Egypt ","E-Commerce, E-Marketing, Social Media",On-site,Full Time,Experienced,Confidential,2 months ago
Senior project coordinator,Ibn Sina Pharma -,"New Cairo, Cairo, Egypt ","Team Leadership, communication skills, AutoCAD, AutoCAD Architecture, AutoCAD Design, Ms project, Primavera",On-site,Full Time,Experienced,Confidential,2 months ago
Executive Secretary,Raghaeb for managing restaurants (ABU TAREK KUSHARI) -,"New Cairo, Cairo, Egypt ","Microsoft Office, Office management, Administration, Business Administration, Communication, Management, MS Office",On-site,Full Time,Experienced,Confidential,2 months ago
Sales Account Manager,Perfecto Polymers -,"Cairo, Egypt ","Marketing, Sales, Sales Target, Customer Relationship Management, Negotiation, Communication, Presentation Skills",Hybrid,Full Time,Entry Level,Confidential,2 months ago
Product Care Assistant Manager,Tank -,"10th of Ramadan City, Cairo, Egypt ","Mechanical Engineering, Product Management, Product Development, Engineering, R&D, Administration, Customer Care",On-site,Full Time,Experienced,Confidential,2 months ago
Elevator Sales Engineer,Alpha Matar Co. For Elevators & Escalators  -,"Dokki, Giza, Egypt ","Sales, Engineering, sales skills, Development, Software Development, technical, Selling",On-site,Full Time,Experienced,Confidential,2 months ago
R&D Draftsman,Tank -,"10th of Ramadan City, Cairo, Egypt ","Engineering, R&D, Research, AutoCAD, Design, Development, Management, Manufacturing",On-site,Full Time,Entry Level,Confidential,2 months ago
Graphic Designer 2D,Arma-HSA -,"New Cairo, Cairo, Egypt ","Graphic Design, Design, Adobe illustrator, Adobe Photoshop, Digital Marketing, Creative, illustrator, Marketing",On-site,Full Time,Experienced,Confidential,2 months ago
Digital Marketing Manager | E-Commerce - October,OLAGLORY GENERAL TRADING -,"6th of October, Giza, Egypt ","Digital Marketing, Google AdSense, Email Marketing, Team management, SEO, Media Buying, Marketing Strategy, Social Media Strategy",On-site,Full Time,Manager,Confidential,2 months ago
"Workshop Manager ""Automotive""",Nour Eldin Elsherif for Trading vehicles -,"Katameya, Cairo, Egypt ","Engineering, Workshop, Automotive, Automotive Engineering, Mechanical Engineering, Maintenance, Mechanical",On-site,Full Time,Manager,Confidential,2 months ago
CO Teacher,Gamma International College -,"6th of October, Giza, Egypt ","Teaching, Classroom Management, English Instructing, Nursery, Teaching Knowledge Test",On-site,Full Time,Entry Level,Confidential,2 months ago
Control Systems Engineer,Confidential -,"Cairo, Egypt ","Ladder Logic, PLC Scada, Industrial Networking, HMI, Rockwell Automation, WinCC, Modbus, RTU, Ethernet Ip",On-site,Full Time,Experienced,Confidential,2 months ago
Medical Representative,Confidential -,"Aswan, Egypt ","Medical, Pharmacy, Sales, Communication, Selling, Presentations, Veterinary Medicine",On-site,Full Time,Experienced,Confidential,2 months ago
Purchase Specialist,Investment Company For Dairy Products  -,"Abu Alnumros, Giza, Egypt ","Purchasing, Procurement, Logistics, Supply Chain Management, Vendor Management, Negotiation, Contract Management, Inventory Control",On-site,Full Time,Experienced,Confidential,2 months ago
Telesales Agent - Real Estate,Akar Town For Real Estate -,"New Cairo, Cairo, Egypt ","Customer Service, Active Listening, Time Management, Customer Support, CS, Call Center, Call Assessment, Conflict Resolution, Communication",On-site,Full Time,Entry Level,Confidential,2 months ago
Electrical technical office engineer,Mahmoud Electric -,"Abbassia, Cairo, Egypt ","AutoCAD Software, Electrical Engineering, Technical Office, Engineering",On-site,Full Time,Entry Level,Confidential,2 months ago
GL Supervisor,El Ola steel Group -,"Sheikh Zayed, Giza, Egypt ","ERP System, Accounting, Finance",On-site,Full Time,Experienced,Confidential,2 months ago
Senior Performance Marketing Specialist,Al Mokhlif Oud -,"Nasr City, Cairo, Egypt ","E-Marketing, Social Media, Marketing, CRM, Google Analytics, SEO, Digital Marketing, E-Commerce",On-site,Full Time,Experienced,Confidential,2 months ago
Sales Director – Light Current & Security Systems,C&CC -,"Cairo, Egypt ","Light Current, Sales, Security, Security Systems, Systems",On-site,Full Time,Senior Management,Confidential,2 months ago
IT Technical Support Engineer,Dreem Mashreq Foods  -,"Bourj Alarab, Alexandria, Egypt ","Computer Science, Engineering, Information Technology (IT), Technical Support",On-site,Full Time,Experienced,Confidential,2 months ago
Call Center Agent for English Account ( B1+ ),Etisalat Egypt -,"Maadi, Cairo, Egypt ","Call Center, Customer Care, Customer Service, Customer Support, English, Customer Relations, Custom Clearance, Customs Clearance, Customer Satisfaction",On-site,Full Time,Entry Level,Confidential,2 months ago
Sales Account Manager,Hertz -,"Cairo, Egypt ","Sales, Sales Target, Outdoor Sales, Negotiation, CRM, Communication, Customer Service",On-site,Full Time,Experienced,Confidential,2 months ago
Sales Executive,Activa International -,"6th of October, Giza, Egypt ","Sales, Distribution, Sales Target, Communication, Customer Service, Marketing, Negotiation, Reporting",On-site,Full Time,Experienced,Confidential,2 months ago
Mechanical Designer (SolidWorks Specialist),Confidential -,"Bourj Alarab, Alexandria, Egypt ","AutoCAD, Design, Engineering, Mechanical, Mechanical Engineering, SolidWorks, Ansys, CNC",On-site,Full Time,Experienced,Confidential,2 months ago
Factory Manager,Confidential -,"Bourj Alarab, Alexandria, Egypt ","Engineering, Management, Manufacturing, Production, Mechanical Engineering",On-site,Full Time,Manager,Confidential,2 months ago
Production Planning Engineer,Kandil Industries -,"Nasr City, Cairo, Egypt ","Engineering, Mechanical Engineering, Production, Production Planning, Planning, Manufacturing, Mechanical, Microsoft Excel",On-site,Full Time,Experienced,Confidential,2 months ago
Technical Support / Application Support Engineer,eVision -,"New Cairo, Cairo, Egypt ","Computer Science, SQL, Oracle, Microsoft SQL, Networking, Application Security, Computer Engineering, Technical Support",On-site,Full Time,Entry Level,Confidential,2 months ago
Mechanical Maintenance Engineer,National Glass -,"10th of Ramadan City, Sharqia, Egypt ","Engineering, Maintenance, Mechanical, Mechanical Engineering, Mechanical Maintenance, Troubleshooting, Preventive Maintenance",On-site,Full Time,Entry Level,Confidential,2 months ago
Senior Sales Operation,Turbo Compression -,"Heliopolis, Cairo, Egypt ","Sales Target, Sales, Customer Service",On-site,Full Time,Experienced,Confidential,2 months ago
ERP Project Manager,i consult -,"Cairo, Egypt ","ERP, Project, Project Management",On-site,Full Time,Experienced,Confidential,2 months ago
Oracle Fusion PPM Consultant,i consult -,"Cairo, Egypt ","Fusion, Oracle, Oracle Fusion, Computer Science, Cloud, ERP, Information Technology (IT)",On-site,Full Time,Experienced,Confidential,2 months ago
Senior Full Stack .NET Developer,Vertex Technologies  -,"Cairo, Egypt ","Software Development, .Net, ASP.Net, C#, Angular, React, MS SQL, NoSQL, Azure",On-site,Full Time,Experienced,Confidential,2 months ago
Middle Full Stack .NET Developer,Vertex Technologies  -,"Cairo, Egypt ","Software Development, .Net, ASP.Net, SQL, Web Development, front-end web development, MS SQL Server, REST, Unit Testing",On-site,Full Time,Experienced,Confidential,2 months ago
Warehouse Keeper,El-Hamed For Medical Supplies -,"Giza, Egypt ","Warehousing, Medical Supplies, Supply Chain, Administration, Business Administration, Management, Logistics",On-site,Full Time,Entry Level,Confidential,2 months ago
Accounting Section Head,ARX Developments  -,"Cairo, Egypt ","Accounting, Finance, Financial Management, Financial Analysis, IFRS, ERP, Leadership",On-site,Full Time,Manager,Confidential,2 months ago
E-commerce Specialist,BMG  -,"Cairo, Egypt ","Amazon Seller Central, Noon Marketplace, Jumia, E-Commerce, product listing, Marketplace Management, Sales Analysis, SEO",On-site,Full Time,Experienced,Confidential,2 months ago
Graphic Designer/Video Editor,mrm -,"Cairo, Egypt ","Adobe Photoshop, Graphic Design, Video Editing, Design, Adobe Premiere, Creative, illustrator",Remote,Full Time,Experienced,Confidential,2 months ago
Electrical Maintenance Engineer ( Background Foods ),Marbella For Food Industry  -,"6th of October, Giza, Egypt ","Electrical Engineering, Engineering, Electrical, Maintenance, PLC programming, Lead Management, CMMS",On-site,Full Time,Experienced,Confidential,2 months ago
Junior Process Engineer,Groupe- Atlantic -,"10th of Ramadan City, Cairo, Egypt ","Engineering, Mechanical Engineering, Production, Process, Manufacturing, Process Improvement, Python, Six Sigma",On-site,Full Time,Experienced,Confidential,2 months ago
Marketing Insights & Strategy Analyst,ICON Holding -,"Helwan, Cairo, Egypt ","Analysis, Market Research, Marketing, Strategy, Sales, SEO",On-site,Full Time,Entry Level,Confidential,2 months ago
Quality Engineer,Arcelormittal Egypt -,"Badr City, Cairo, Egypt ","Engineering, ISO, quality, Mechanical Engineering, Quality Assurance, Quality Control, Mechanical",On-site,Full Time,Entry Level,Confidential,2 months ago
Marketing Supervisor,Home Town -,"New Cairo, Cairo, Egypt ","Strong understanding of digital marketing tools and social media platforms, Familiarity with Meta Ads Manager, Google Ads, and email marketing tools is a plus, Familiarity with Canva, Adobe Photoshop, or Illustrator is a plus, Experience in campaign management, coordination, and content development, Strong analytical, organizational, multitasking, and time management skills, Creative thinking with strong attention to detail",On-site,Full Time,Manager,Confidential,2 months ago
Officer - Revenue Assurance (AR Accountant),Almosafer -,"Mohandessin, Giza, Egypt ","AR, Finance, Microsoft Office, Accounts Receivable, Accounts Reconciliation, Revenue Assurance (RA), Revenue Assurance, Revenue Management",On-site,Full Time,Entry Level,Confidential,2 months ago
3D Designer,Mico World Limited -,"Maadi, Cairo, Egypt ","3D Design, 3D Modeling, Adobe Photoshop, AutoCAD, Civil Engineering, Design, Drawing",On-site,Full Time,Experienced,Confidential,2 months ago
VIP-Customer Service,Mico World Limited -,"Maadi, Cairo, Egypt ","Client Relationship, Communication, Customer Care, CRM, Customer Service, Management, Selling",On-site,Full Time,Entry Level,Confidential,2 months ago
Office Administrator,Hertz -,"Maadi, Cairo, Egypt ","Microsoft Office, Office management, Administration, Accounting, Business Administration, Communication, Customer Service, Customer Support, Management",On-site,Full Time,Experienced,Confidential,2 months ago
AR Accountant,Family Corporation -,"New Cairo, Cairo, Egypt ","Accounting, AR, Finance, Financial Analysis, SAP, Billing, Oracle, Accounting Software, Accounts Receivable",On-site,Full Time,Experienced,Confidential,2 months ago
Accountant,Confidential -,"Cairo, Egypt ","Accounting, Finance, Financial Management, Financial Analysis",On-site,Full Time,Experienced,Confidential,2 months ago
HR Manager - Industrial,Confidential -,"Heliopolis, Cairo, Egypt ","Manufacturing, Manufacturing Industry, Personnel, Recruitment, Microsoft Office, Human Resources (HR), HR, Payroll",On-site,Full Time,Manager,Confidential,2 months ago
General Accountant,SCALES Homes    -,"Heliopolis, Cairo, Egypt ","Accounting, Finance, Financial Analysis, Financial Management, Financial Reporting, General Ledger, Budgeting, Microsoft Excel, ERP Systems",On-site,Full Time,Experienced,Confidential,2 months ago
Learning & Development Manager,Confidential -,"Heliopolis, Cairo, Egypt ","TNA, Training, Corporate Training, Business Analytics, Analytics, Development, ROI, LMS, Project Management",On-site,Full Time,Manager,Confidential,2 months ago
Retail Commercial Manager,Confidential -,"Heliopolis, Cairo, Egypt ","Management, Marketing, Retail, Sales, Sales Target, Administration, Business Administration",On-site,Full Time,Manager,Confidential,2 months ago
Food Safety Engineer,Beyti - an Almarai Subsidiary  -,"Noubaria, Beheira, Egypt ","Quality Control, Food Safety Management",On-site,Full Time,Entry Level,Confidential,2 months ago
CCTV Control Specialist,Talaat Moustafa Group -,"New Capital, Cairo, Egypt ","CCTV System, Quality Control, Access Control, First Aid, Quality Assurance, Safety, Security, QA",On-site,Full Time,Entry Level,Confidential,2 months ago
Technical Office Engineer,Tech-Electrique For Contracting  -,"Heliopolis, Cairo, Egypt ","AutoCAD Software, Engineering, Microsoft Office, AutoCAD",On-site,Full Time,Entry Level,Confidential,2 months ago
Corporate Sales Specialist,Cairoscan -,"Mohandessin, Giza, Egypt ","Corporate Sales, Sales, Sales Target, Customer Service, Client Relationship Management, Negotiation, Communication",On-site,Full Time,Entry Level,Confidential,2 months ago
MEP Engineers,BIMTEC Consultancy -,"Cairo, Egypt ","Electrical Engineering, Engineering, Mechanical Engineering, MEP, Revit BIM, BIM Modeling",On-site,Full Time,Experienced,Confidential,2 months ago
Marketing & Graphic Design Specialist,New Town Investment -,"Maadi, Cairo, Egypt ","Graphic Design, Marketing, Social Media",On-site,Full Time,Experienced,Confidential,2 months ago
Accounting Manager,Arkania -,"Mansoura, Dakahlia, Egypt ","Accounting, Finance, Financial Analysis, Financial Management, Accounting Software, Computer Skills, Financial, Management",On-site,Full Time,Manager,Confidential,2 months ago
Senior Product Marketing Specialist,Al-Amal Al-sharif For Plastic -,"Heliopolis, Cairo, Egypt ","Marketing, Product, Communication, Digital Marketing, Market Research, Product Marketing, Research, E-Marketing, Business Administration",On-site,Full Time,Experienced,Confidential,2 months ago
Project Manager,TECHNOSAT -,"Cairo, Egypt ","Information Technology (IT), Project Management, PMP, Agile, Agile Methodology, Product Development",Hybrid,Full Time,Manager,Confidential,2 months ago
Architect & Civil Engineer,Tahya Masr Holding -,"Cairo, Egypt ","Architecture, Civil Engineering, Construction, Engineering, AutoCAD, AutoCAD Architecture, AutoCAD Design",On-site,Full Time,Experienced,Confidential,2 months ago
IT Operations,Ibn Sina Pharma -,"6th of October, Giza, Egypt ","Engineering, Computer Science, Information Technology (IT), ITIL, Network Administration, System Administration, Troubleshooting, Technical Support",On-site,Full Time,Entry Level,Confidential,2 months ago
2 D Animator,BEES AGENCY LLC -,"Cairo, Egypt ","Design, Adobe Animate, Adobe illustrator, Adobe Premiere, Adobe Premiere Pro",Hybrid,Full Time,Experienced,Confidential,2 months ago
MEP QS Engineer,CSI -,"Heliopolis, Cairo, Egypt ","Electrical Engineering, Engineering, Mechanical Engineering, MEP, AutoCAD, Construction, Cost Estimation, Microsoft Office, Revit",On-site,Full Time,Experienced,Confidential,2 months ago
Procurement Engineer,Arabtec -,"Heliopolis, Cairo, Egypt ","Procurement, Engineering, Construction, Supply Chain, Purchasing, Civil Engineering",On-site,Full Time,Entry Level,Confidential,2 months ago
Sr. Sales Specialist,FlexFilms Egypt -,"6th of October, Giza, Egypt ","Sales, Customer Service, Sales Field, Sales Plan, Business Development, Relationship Management, Negotiation, CRM Software, Market Analysis",On-site,Full Time,Experienced,Confidential,2 months ago
Quality Control Engineer,Trust  -,"khanka, Qalubia, Egypt ","Engineering, Quality Assurance, Quality Control, Management, Manufacturing, Mechanical Engineering, Production",On-site,Full Time,Experienced,Confidential,2 months ago
Digital Marketing Manager,Confidential -,"Heliopolis, Cairo, Egypt ","SEO, Social Media, Digital Marketing, E-Marketing, Research, Marketing, UI/UX, Digital Advertising",On-site,Full Time,Manager,Confidential,2 months ago
Planning Manager,Arabtec -,"Alamein, Matruh, Egypt ","Planning, Project Management, Construction Management, Civil Engineering, Resource Allocation, Risk Management, Scheduling, Budgeting",On-site,Full Time,Manager,Confidential,2 months ago
MEP Project Manager,Conserv -,"Cairo, Egypt ","Engineering, Project Management, MEP, Project",On-site,Full Time,Manager,Confidential,2 months ago
Retail Marketing Manager,Confidential -,"Heliopolis, Cairo, Egypt ","Retail, Sales, Social Media, Planning, Marketing, Management, Google Analytics, Branding",On-site,Full Time,Manager,Confidential,2 months ago
Marketing & Business Development Specialist,al-massagroup -,"Nasr City, Cairo, Egypt ","Digital Marketing, Social Media Advertising, Social Media, Business Development, Marketing Strategy, Lead Generation, Presentations",On-site,Full Time,Experienced,Confidential,2 months ago
Quality Engineer,FUTEC -,"10th of Ramadan City, Sharqia, Egypt ","Engineering, Quality Control, ISO 9001, Manufacturing, Microsoft Office, Quality Assurance, Six Sigma, Testing",On-site,Full Time,Experienced,Confidential,2 months ago
Tourism Manager,Gezira Travel -,"Zamalek, Cairo, Egypt ","•	Managing “Outgoing & Incoming” - tourism departments, •	Assists Sales and Marketing teams, •	Insure high level of services and customer satisfaction, Conracting team support, Booking, Customer Service, Management, Planning, Sales",On-site,Full Time,Manager,Confidential,2 months ago
MEP Technical Office Engineer,Conserv -,"Cairo, Egypt ","Project Management, MEP Coordination, Revit, AutoCAD, Communication, Problem Solving, Construction Site Management, Technical Drawing Interpretation, Mechanical Engineering",On-site,Full Time,Experienced,Confidential,2 months ago
Marketing Director,Confidential -,"Heliopolis, Cairo, Egypt ","Management, Retail, Sales, Communication, Digital Marketing, Creative, Marketing, MBA",On-site,Full Time,Senior Management,Confidential,2 months ago
Senior Marketing Executive,Chloride -,"Abu Rawash, Giza, Egypt ","Marketing, Digital Marketing, Public Relations (PR), Communications, SEO, PPC, E-marketing, Marketing Diploma",On-site,Full Time,Experienced,Confidential,2 months ago
Senior Talent Acquisition and OD,EL EZZ for construction and trading  -,"New Cairo, Cairo, Egypt ","Human Resources (HR), OD, Recruitment, Talent acquisition, Interviewing",On-site,Full Time,Experienced,Confidential,2 months ago
Accounts Receivable Officer,sofipack  -,"Badr City, Cairo, Egypt ","Accounting, Cost Accounting, Financial Analysis, Finance, Budgeting, Variance Analysis, SAP, ERP Systems, Data Analysis",On-site,Full Time,Experienced,Confidential,2 months ago
Treasury Accountant,sofipack  -,"Badr City, Cairo, Egypt ","Accounting, Financial Analysis, Treasury, Finance, Cash Management, Forecasting, Risk Management, Reporting, GAAP",On-site,Full Time,Experienced,Confidential,2 months ago
Administrative Intern,Dar Al Fouad Hospital -,"6th of October, Giza, Egypt ","Administration, Business Administration, Microsoft Office, Marketing",On-site,Internship,Entry Level,Confidential,2 months ago
Inventory Accountant,sofipack  -,"Badr City, Cairo, Egypt ","Accounting, Finance, Financial Analysis, Inventory Management, Reconciliation, Auditing, Cost Accounting, ERP Systems, Microsoft Excel",On-site,Full Time,Experienced,Confidential,2 months ago
Senior Kitchen Design Consultant - Kitchen & furniture Showrooms,WUZZUF -,"Cairo, Egypt ","architecture, designs, kitchen design, showrooms, furniture, interior design, sales",On-site,Full Time,Experienced,Confidential,2 months ago
Surgical Sutures Sales Representative,ATG -,"Cairo, Egypt ","Medical Sales, Sales, Networking, Negotiation, Customer Relations, Client Relations",On-site,Full Time,Entry Level,Confidential,2 months ago
Female Physicians,Modern American School of Egypt 2000 -,"New Cairo, Cairo, Egypt ","School Doctor, Physician, Medical Doctor, School Health Services, Student Health Care",On-site,Full Time,Experienced,Confidential,2 months ago
Senior Kitchen Design Consultant - kitchen a& furniture showrooms,Orik vision -,"Cairo, Egypt ","Architecture, Design",On-site,Full Time,Experienced,Confidential,2 months ago
Distributer Controller,Cairo Three A  Poultry  -,"New Cairo, Cairo, Egypt ","Distributor Management, Distribution Strategy, Sales Operations, Logistics Management, Supply Chain Optimization, Performance Analysis, Negotiation, Relationship Management",On-site,Full Time,Experienced,Confidential,2 months ago
Interior Designer,Jazeera Paints -,"Nasr City, Cairo, Egypt ","Architecture, AutoCAD, Interior Design, Design, 3ds Max, Retail, Showroom, Sketchup",On-site,Full Time,Experienced,Confidential,2 months ago
Electrical Engineer,TAM Environmental Services  -,"Sharm Alsheikh, South Sinai, Egypt ","Electrical Engineering, Engineering, Electrical, Maintenance",On-site,Full Time,Experienced,Confidential,2 months ago
Real Estate Agent,The Address Investments for Real Estate Consultancy -,"New Cairo, Cairo, Egypt ","Real Estate, Sales, New Cairo, Vacancy, FreshGraduates, Experienced, Fresh",On-site,Full Time,Entry Level,Confidential,2 months ago
Junior Auditor / Acc,Ertekaa -,"Zamalek, Cairo, Egypt ","Financial Analysis, Financial Auditing, Internal Control, Business Analytics, Data Interpretation, Accounting Software, Risk Assessment, Report Writing, Attention to Detail",On-site,Full Time,Entry Level,Confidential,2 months ago
Sales Manager Engineer,Kandil Industries -,"New Cairo, Cairo, Egypt ","Engineering, Sales, Communication, Manufacturing, Negotiation, Sales Target, Spare Parts",On-site,Full Time,Manager,Confidential,2 months ago
Senior Accountant,KIG Konnice -,"Shorouk City, Cairo, Egypt ","General Ledger Management, Financial Reporting, Accounting Software Proficiency, Audit Coordination, Tax Compliance, Analytical Thinking, Attention to Detail",On-site,Full Time,Experienced,Confidential,2 months ago
Accountant,Prime Developments -,"New Cairo, Cairo, Egypt ","Accounting, Finance, Financial Analysis",On-site,Full Time,Entry Level,Confidential,2 months ago
Human Resource Administrative Assistant,AL Masa -,"Downtown, Cairo, Egypt ","Talent acquisition, Management, Recruitment, Human Resources, Office management, Communication, Administration, HR",On-site,Full Time,Experienced,Confidential,2 months ago
Content Creator and Social Media Manager,Scrollwave Marketing -,"Maadi, Cairo, Egypt ","content creation, graphice design, social media management,, social media strategy, organic growth, organic leads,, Content creation, Graphic design, Social media management, Social media strategy, Organic growth",Hybrid,Full Time,Experienced,Confidential,2 months ago
Accountant,Units for Real Estate -,"6th of October, Giza, Egypt ","Account Management, Problem Solving, Accounting, Financial Accounting, Accounts Payable, Payable Accounting, Treasury Accounting, Accounts Receivable, Cost Accounting",On-site,Full Time,Experienced,Confidential,2 months ago
Reel Creator (Canva),Units for Real Estate -,"Sheikh Zayed, Giza, Egypt ","Marketing, Digital Marketing, creator, canva",Hybrid,Full Time,Experienced,Confidential,2 months ago
Analysis & Reporting Specialist,"The Micro, Small & Medium Enterprise Development Agency  -","Dokki, Giza, Egypt ","Analysis, Reporting, Data Analysis",On-site,Full Time,Experienced,Confidential,2 months ago
Sales Representative (Endoscopy Devices),ATG -,"Cairo, Egypt ","Sales, Customer Service, MS Office, Negotiation, Customer Support, Customer Relations, Medical Devices Sales",On-site,Full Time,Entry Level,Confidential,2 months ago
Admin Assistant,Beverlyhills -,"Shorouk City, Cairo, Egypt ","Document Preparation, Scheduling and Coordination, Attention to Detail",On-site,Full Time,Experienced,Confidential,2 months ago
Export Sales Specialist,Dakahlia Group -,"Nasr City, Cairo, Egypt ","Export Sales, Logistics, Export, Communication, Business Development, Market Research, Sales Target, Sales",On-site,Full Time,Experienced,Confidential,2 months ago
Digital Marketing Manager,Confidential -,"Sheraton, Cairo, Egypt ","Digital Marketing, Social Media Marketing, E-Marketing, Content Marketing, SEO, Google Analytics, Brand Strategy, Data Analysis, Marketing Strategy",On-site,Full Time,Manager,Confidential,2 months ago
Mechanical Production Engineer – Aluminium Industry | Lybia,Sulaiman Holding -,"Cairo, Egypt ","Engineering, Production, Mechanical Engineering, aluminum",On-site,Full Time,Experienced,Confidential,2 months ago
Architecture Technical Office Engineer,Beverlyhills -,"Shorouk City, Cairo, Egypt ","AutoCAD, Architectural Design, Shop Drawing Preparation, Revit, Technical Drawing, Project Coordination, Construction Detailing, Problem Solving",On-site,Full Time,Experienced,Confidential,2 months ago
IT Help Desk Specialist,Erada -,"Minya, Egypt ","Computer Science, Information Technology (IT), Technology, Communication",On-site,Full Time,Entry Level,Confidential,2 months ago
IT Help Desk Specialist.,Erada -,"Gharbia, Egypt ","Computer Science, Information Technology (IT), Technology, Communication",On-site,Full Time,Entry Level,Confidential,2 months ago
Digital Marketing Specialist,Dakahlia Group -,"Nasr City, Cairo, Egypt ","SEM, SEO, Social Media, Digital Marketing, E-Marketing, Google Analytics, Market Research, Marketing, Social Media Marketing",On-site,Full Time,Entry Level,Confidential,2 months ago
Accountant.,Electric house for lighting -,"Nasr City, Cairo, Egypt ","Accounting, Account Management, Financial Accounting, Accounting Software, Finance, Financial, Financial Analysis, Financial Management, Financial Records",On-site,Full Time,Experienced,Confidential,2 months ago
VP of Operations Associate,Deutschland Technology Limited -,"Obour City, Cairo, Egypt ","Engineering, Microsoft Office, Business Development, Operations Management, Strategic Planning, Follow-up & Reporting, Executive Support",On-site,Full Time,Entry Level,Confidential,2 months ago
Senior Contracting & Tendering Specialist,Ibn Sina Pharma -,"Obour City, Cairo, Egypt ","Construction, Contracting, Engineering, Tendering, Negotiation, Project Management, Risk Management",On-site,Full Time,Experienced,Confidential,2 months ago
Investigation Department Manager,"The Micro, Small & Medium Enterprise Development Agency  -","Dokki, Giza, Egypt ","Management, Administration, Finance, Accounting",On-site,Full Time,Manager,Confidential,2 months ago
Sales Real Estate Specialist,Nestora Investment -,"New Cairo, Cairo, Egypt ","Real Estate, Sales, Communication, Customer Service, Management, Negotiation, Property",On-site,Full Time,Entry Level,Confidential,2 months ago
Beauty Advisors Supervisor,Misr Cosmetics - AMANDA -,"6th of October, Giza, Egypt ","Sales, Marketing",Hybrid,Full Time,Experienced,Confidential,2 months ago
Commercial Specialist ( Junior Data Analyst ),realme -,"Nasr City, Cairo, Egypt ","Statistics, Sales, Analysis, Business Analysis, Market Research, Research, Finance",On-site,Full Time,Entry Level,Confidential,2 months ago
Senior Oracle Financial Specialist,Akhnaton Trading and distribution - EVA Group Limted -,"Cairo, Egypt ","AP, AR, Accounting, Financial, Oracle, Fusion, Finance, Computer Science",On-site,Full Time,Experienced,Confidential,2 months ago
Senior Oracle Developer (E-Business Suite).,Akhnaton Trading and distribution - EVA Group Limted -,"Cairo, Egypt ","PL/SQL, Oracle E-Business Suite, Oracle Reports, Oracle Forms, Oracle Workflow, SQL, Troubleshooting, Oracle",On-site,Full Time,Experienced,Confidential,2 months ago
Oracle EBS Financial Techno-Functional Consultant,Akhnaton Trading and distribution - EVA Group Limted -,"Downtown, Cairo, Egypt ","Computer Science, EBS, Financial, Information Technology (IT), Oracle EBS, Oracle, Cash Management, Finance",On-site,Full Time,Experienced,Confidential,2 months ago
Civil Technical Office Engineer,Royal Tents  -,"Bolkly, Alexandria, Egypt ","AutoCAD, Civil Engineering, Engineering, Management, Communication, Civil, Design, Microsoft Office",On-site,Full Time,Experienced,Confidential,2 months ago
Odoo function support specialist,Misr Cosmetics - AMANDA -,"6th of October, Giza, Egypt ","Odoo, IT Service Management, Hiring, Application Support",On-site,Full Time,Experienced,Confidential,2 months ago
ICT teacher - Alexandria,Egyptian English Language schools -,"Montaza, Alexandria, Egypt ","Education, English, Computer Science, Information Technology (IT), ICT, Python, SQL, PHP",On-site,Full Time,Experienced,Confidential,2 months ago
Graphic Designer,Jenova Tech -,"Cairo, Egypt ","Graphic Design, Adobe Illustrator, Typography, Branding, Layout Design, Visual Communication, Creative Direction, Digital Art, Print Design",Remote,Part Time,Experienced,Confidential,2 months ago
Trade Marketing Specialist,Jazeera Paints -,"10th of Ramadan City, Cairo, Egypt ","E-Marketing, Marketing, Social Media, Trade marketing, Trade, Branding, Business Administration",On-site,Full Time,Experienced,Confidential,2 months ago
Video Editor,Confidential -,"Cairo, Egypt ","Video Editing, Adobe Premiere",Hybrid,Part Time,Entry Level,Confidential,2 months ago
Senior Bridges Design,ARX | Smart Minds  -,"New Cairo, Cairo, Egypt ","Bridge Design, Structural Analysis, Technical Reporting, Team Leadership, Problem Solving, Complex Bridges",On-site,Full Time,Experienced,Confidential,2 months ago
Senior Graphic Designer,Confidential -,"Maadi, Cairo, Egypt ","Communication, Adobe illustrator, Design, Creative, illustrator, Packaging, Adobe Illustrator",On-site,Full Time,Experienced,Confidential,2 months ago
Outdoor Sales Specialist,Saint-Gobain -,"Mansoura, Dakahlia, Egypt ","Sales and negotiation, Market Research, Communication, CRM proficiency, Team collaboration, Customer relationship management, CRM, Management",Hybrid,Full Time,Entry Level,Confidential,2 months ago
Technical Talent Acquisition Specialist (Software & Engineering),OYA ENERGY  -,"Sheikh Zayed, Giza, Egypt ","Talent acquisition, Technical Recruiter, Technical Hiring, Software Engineers Recruitment, Gulf Recruitment",On-site,Full Time,Entry Level,Confidential,2 months ago
Sales Representative & Event coordinator,Allan Lloyds -,"Cairo, Egypt ","Sales, Sponsorship, Sales Target, Event Management, Events Organizing, Marketing, Telesales",On-site,Full Time,Entry Level,Confidential,2 months ago
Bilingual Copywriter/Content Creator,Vertex Technologies  -,"Cairo, Egypt ","Social Media, Content Creation, Copywriting, SEO, Content Optimization, English B2+, Marketing",On-site,Full Time,Experienced,Confidential,2 months ago
Planning Engineer,ACE Consulting Engineers  (Moharram - Bakhoum  -,"Hurghada, Red Sea, Egypt ","Civil Engineering, Planning, Project Management",On-site,Full Time,Experienced,Confidential,2 months ago
Junior Golang Developer,Vertex Technologies  -,"Cairo, Egypt ","Golang, Backend Development, Git, Problem Solving, Team Collaboration, HTTP, SQL, English B2",On-site,Full Time,Entry Level,Confidential,2 months ago
UAE Business Setup & Sales Advisor,Consultation Group For Accounting And Auditing -,"Giza, Egypt ","Sales, Business Development, Lead Generation, UAE Business Setup, Company Formation, UAE Free Zones, Corporate Services",On-site,Full Time,Experienced,Confidential,2 months ago
Business Development Manager,Gahbiz.com -,"Alexandria, Egypt ","Business Development, Marketing, Sales",On-site,Full Time,Senior Management,Confidential,2 months ago
Retail Operations Manager,spire pharma -,"Maadi, Cairo, Egypt ","Sales, Retail Operations, Retail, Management, Inventory Management, Leadership, Logistics",On-site,Full Time,Manager,Confidential,2 months ago
Brand Manager (Nutraceutical),spire pharma -,"Maadi, Cairo, Egypt ","Branding, Marketing, Advertising, Market Research, Pharmaceutical, Pharmaceutical Sciences",On-site,Full Time,Manager,Confidential,2 months ago
Support Specialist Internship,3D Diagnostix -,"Cairo, Egypt ","Technical Support, Troubleshooting, Communication, Time Management, Teamwork, Adaptability, Customer Care, Customer Service",Remote,Internship,Student,Confidential,2 months ago
Chatting-Customer Service,Mico World Limited -,"Maadi, Cairo, Egypt ","Communication, Customer Care, Customer Service, Customer Support, Data Entry, Sales, CRM",On-site,Full Time,Entry Level,Confidential,2 months ago
Process Engineer,SAVOLA -,"10th of Ramadan City, Sharqia, Egypt ","Production Processing, SCADA System, Pasta Production",On-site,Full Time,Experienced,Confidential,2 months ago
Electrical Engineer,Turath Real Estate  -,"Obour City, Cairo, Egypt ","Electrical system design, Project management, AutoCAD, Revit, Electrical Design, Installations, Safety Regulations, Construction, Design",On-site,Full Time,Experienced,Confidential,2 months ago
HSE Assistant Manager,SAVOLA -,"10th of Ramadan City, Sharqia, Egypt ","HSE, health& Safety, Environment, Sustanability, Engineering",On-site,Full Time,Experienced,Confidential,2 months ago
Mechanical Engineer,Turath Real Estate  -,"Obour City, Cairo, Egypt ","Technical documentation, Mechanical Engineering, Real Estate, Construction Engineering, HVAC, Plumbing, Engineering Software, AutoCAD, Revit",On-site,Full Time,Experienced,Confidential,2 months ago
HR & Admin Manager,Norm for engineering Industries -,"Cairo, Egypt ","Administration, HR, Office management, Microsoft Office, HR Systems, HR Policies, HR Admin",On-site,Full Time,Manager,Confidential,2 months ago
Online English Instructor (Charter),Berlitz Egypt -,"New Cairo, Cairo, Egypt ","English Language, Languages, Linguistics, Translation, Training, Teaching, Education, Communication Skills",Remote,Freelance / Project,Entry Level,Confidential,2 months ago
Digital Sales Support Specialist,Link Development -,"Maadi, Cairo, Egypt ","Digital Sales, Sales Support, Sales, Customer Service, Lead Generation, MS Office, Social Media, Sales Field, Sales Target",Hybrid,Full Time,Experienced,Confidential,2 months ago
Senior Treasury Accountant,IETOS -,"Heliopolis, Cairo, Egypt ","Accounting, Finance, Treasury, CTP, Financial Analysis, Financial Management",On-site,Full Time,Experienced,Confidential,2 months ago
Sustainability Engineer,CSI -,"Heliopolis, Cairo, Egypt ","Architecture, Design, Engineering, Adobe Photoshop",On-site,Full Time,Entry Level,Confidential,2 months ago
Senior Bridges Design Engineer,ARX | Smart Minds  -,"New Cairo, Cairo, Egypt ","Design, Rivet",On-site,Full Time,Experienced,Confidential,2 months ago
Collection Manager,Investment Company For Dairy Products  -,"Abu Alnumros, Giza, Egypt ","Accounting, Finance, Collection, Financial Management, Sales Support, Customer Service, Sales Field",On-site,Full Time,Manager,Confidential,2 months ago
Packaging Engineer,Dabur -,"10th of Ramadan City, Cairo, Egypt ","Engineering, Mechanical Engineering, Packaging, Design Software, Problem-solving, Quality Control, Materials Science, Prototyping",On-site,Internship,Entry Level,Confidential,2 months ago
HR Business Partner,AM Group -,"10th of Ramadan City, Cairo, Egypt ","HR, Recruitment, Organization Development, Payroll, Human Resources (HR), Analysis, Business Administration, Communication, Human Resources",On-site,Full Time,Experienced,Confidential,2 months ago
Stock Controller,Tank -,"10th of Ramadan City, Cairo, Egypt ","Accounting, Logistics, Stock Control, Stock, Supply Chain, Inventory Management, Warehouse Operations",On-site,Full Time,Experienced,Confidential,2 months ago
Telecom Engineer,Systel Telecom -,"Zamalek, Cairo, Egypt ","Telecommunication, Communications Engineering, Wireless Communications, Telecom Engineering",On-site,Full Time,Entry Level,Confidential,2 months ago
Senior Sales Consultant,Afnan Developments  -,"Sheikh Zayed, Giza, Egypt ","Real Estate, Sales Target, Sales",On-site,Full Time,Experienced,Confidential,2 months ago
Customer Service Engineer,Confidential -,"10th of Ramadan City, Sharqia, Egypt ","Customer Service, Customer Support, Customer Care, Sales, Technical Support, Troubleshooting, Communication Skills, Problem-Solving, Client Relationship Management",On-site,Full Time,Experienced,Confidential,2 months ago
Planning Engineer,Cellopack for Packaging Industries  -,"6th of October, Giza, Egypt ","Engineering, Planning, Project Management",On-site,Full Time,Entry Level,Confidential,2 months ago
Senior Sales Consultant (indirect),Afnan Developments  -,"Sheikh Zayed, Giza, Egypt ","Real Estate, Sales, Sales Target",On-site,Full Time,Experienced,Confidential,2 months ago
Accounting Manager,Kamston Advanced Industries -,"Ain Sokhna, Suez, Egypt ","Accounting, Accounts Receivable, Cost Accounting, Finance, Financial, Accounts Payable, Financial Analysis, Financial Management, Reporting",On-site,Full Time,Manager,Confidential,2 months ago
Sales Representative,Lamira tex -,"10th of Ramadan City, Sharqia, Egypt ","Sales, Sales Target, Customer Service, Client Support, Outdoor Sales, Sales Planning, Indoor Sales",On-site,Full Time,Experienced,Confidential,2 months ago
Electrical Maintenance Engineer,Confidential -,"6th of October, Giza, Egypt ","Communication, Electrical Engineer, Manufacturing, Electrical, Mechanical Engineering, Manufacturing Industry, Maintenance Engineering, Maintenance",On-site,Full Time,Entry Level,Confidential,2 months ago
Interior Designer,Confidential -,"Heliopolis, Cairo, Egypt ","3D Rendering, AutoCAD, Space Planning, Interior Design, Material Selection, Project Management, Team Collaboration, Architecture, Exhibition Expertise",On-site,Full Time,Experienced,Confidential,2 months ago
English Instructor - Charters - Kids and Teens,Berlitz Egypt -,"Marg, Cairo, Egypt ","English Language, Languages, Linguistics, Translation, Training, Teaching, Education, Communication Skills",On-site,Freelance / Project,Entry Level,Confidential,2 months ago
Head of Maintenance,Confidential -,"Obour City, Cairo, Egypt ","Maintenance, Mechanical Engineering, Engineering, Manufacturing, Mechanical, Planning, Production, Management",On-site,Full Time,Manager,Confidential,2 months ago
Sales Representative — Electric & Hybrid Vehicles,Citadel Auto -,"Cairo, Egypt ","Sales, Negotiation, Customer Service, Product Knowledge, Automotive Sales, Lead Generation, CRM Software, Communication, Problem-Solving",On-site,Full Time,Entry Level,Confidential,2 months ago
Accounting Section Head - Travel Agency,BTC-Egypt Gold -,"New Cairo, Cairo, Egypt ","Financial Reporting, Account Reconciliation, Accounts Payable and Receivable, Cash Flow Management, Accounting Software Proficiency, Tax Compliance, Problem Solving, Communication Skills, Attention to Detail",On-site,Full Time,Experienced,Confidential,2 months ago
Video Editor,Confidential -,"Maadi, Cairo, Egypt ","Marketing, Graphic Design, Video Editing, Adobe Photoshop, Adobe Premiere, Motion Graphics, Storyboarding",On-site,Full Time,Experienced,Confidential,2 months ago
IT Administrator,Decorama -,"Shubra Alkhaymah, Qalubia, Egypt ","Information Technology (IT), Computer Maintenance, Network Troubleshooting, Microsoft SQL Server, Network Administration, Networks, Networking, Kaspersky",On-site,Full Time,Experienced,Confidential,2 months ago
Broadcast Engineer,Al Ghad TV -,"6th of October, Giza, Egypt ","API, Engineering, Information Technology (IT), Troubleshooting",On-site,Full Time,Experienced,Confidential,2 months ago
Inbound Tour Operator,Confidential -,"Cairo, Egypt ","Tourism, Travel, Tour, Customer Service, Customer Support",On-site,Full Time,Entry Level,Confidential,2 months ago
Broadcast IT Engineer,Al Ghad TV -,"6th of October, Giza, Egypt ","Computer Science, Engineering, Information Technology (IT), Management, Network, Software Development, Linux, Windows",On-site,Full Time,Experienced,Confidential,2 months ago
Senior Quality Assurance & Trainer,J&T Express Egypt -,"Cairo, Egypt ","Quality Assurance, Quality Control, Analysis, Training, Customer Support, Logistics, Problem Solving",On-site,Full Time,Experienced,Confidential,2 months ago
Senior Software Quality Control Engineer,Confidential -,"6th of October, Giza, Egypt ","Manual Testing, quality, Software, test automation, Testing, Automation, Computer Science",Hybrid,Full Time,Experienced,Confidential,2 months ago
Recruitment Specialist,J&T Express Egypt -,"Maadi, Cairo, Egypt ","Human Resources (HR), Personnel, Recruitment, Microsoft Office",Hybrid,Full Time,Entry Level,Confidential,2 months ago
Automation Software Quality Control Engineer,Confidential -,"6th of October, Giza, Egypt ","Manual Testing, quality, Software, test automation, Testing, Automation, Computer Science",Hybrid,Full Time,Experienced,Confidential,2 months ago
Technical Office Engineer,Decorama -,"Heliopolis, Cairo, Egypt ","AutoCAD, Design, Interior Designer, Applied Arts, Furniture, Interior Design, Production, Adobe Photoshop, Computer Software",On-site,Full Time,Experienced,Confidential,2 months ago
Tele sales Specialist,J&T Express Egypt -,"Maadi, Cairo, Egypt ","Sales, Sales Target, Telesales, Indoor Sales",On-site,Full Time,Entry Level,Confidential,2 months ago
Head of Technology Solutions,Confidential -,"6th of October, Giza, Egypt ","Communication, Engineering, Leadership, Management, Technology Solutions, Computer Science, Information Technology (IT)",Hybrid,Full Time,Experienced,Confidential,2 months ago
Production Manager,KIG Konnice -,"10th of Ramadan City, Sharqia, Egypt ","Engineering, Management, Manufacturing, Production",On-site,Full Time,Manager,Confidential,2 months ago
Sales Specialist,National Glass -,"10th of Ramadan City, Sharqia, Egypt ","Customer Service, Sales, Sales Target",On-site,Full Time,Experienced,Confidential,2 months ago
Senior Engineer – Mechanical,CitiScape  -,"Mokattam, Cairo, Egypt ","Mechanical, Engineering, Mechanical Engineering",On-site,Full Time,Experienced,Confidential,2 months ago
Odoo Master Data Assistant,MATGR For Engineering And Trading -,"New Cairo, Cairo, Egypt ","Oodo, Odoo ERP, ERP System",On-site,Full Time,Entry Level,Confidential,2 months ago
Graphic Designer,Nabltex -,"Badr City, Cairo, Egypt ","Adobe Photoshop, Graphic Design, Branding, Typography, Layout Design, Illustration, Digital Art, Creative Direction, Visual Communication",On-site,Full Time,Entry Level,Confidential,2 months ago
Purchasing Manager,Confidential -,"Mohandessin, Giza, Egypt ","Purchasing, Procurement, Management",On-site,Full Time,Manager,Confidential,2 months ago
Rollout & Communication Engineer,Talaat Moustafa Group -,"New Capital, Cairo, Egypt ","Communication, Engineering, Information Technology (IT), Microsoft Office, IOT",On-site,Full Time,Experienced,Confidential,2 months ago
Supply Chain Manager,National Glass -,"Mohandessin, Giza, Egypt ","Logistics, Procurement, Purchasing, Supply, Supply Chain Management, Inventory Management, Demand Planning, Vendor Management, Negotiation",On-site,Full Time,Manager,Confidential,2 months ago
HSE Manager,Confidential -,"Obour City, Cairo, Egypt ","Safety, Engineering, HSE, Management, Construction, NEBOSH",On-site,Full Time,Manager,Confidential,2 months ago
Electrical Technical & Site Engineer,AL SALMANYA -,"Sheraton, Cairo, Egypt ","AutoCAD, Electrical Engineering, Engineering, Revit, Site Supervision, Project Management, Construction Management",On-site,Full Time,Experienced,Confidential,2 months ago
International Logistics Coordinator,Evergrow for Speciality Fertilizers -,"Smart Village, Giza, Egypt ","Logistics, Supply Chain, Microsoft Office, Problem Solving, Coordination, Negotiation",On-site,Full Time,Entry Level,Confidential,2 months ago
B2B Cold Caller,Momentum Marketing Solutions -,"Cairo, Egypt ","Outbound Calling, Appointment Setting, English Communication, Cold Calling, CRM Software, Sales Acumen, Lead Generation, Active Listening, Objection Handling",Remote,Freelance / Project,Entry Level,Confidential,2 months ago
Human Resources Generalist,Good Seal Packaging   -,"10th of Ramadan City, Sharqia, Egypt ","Human Resources, Human Resources (HR), Recruitment, Microsoft Office, PMS, Talent acquisition",On-site,Full Time,Experienced,Confidential,2 months ago
HR Specialist,Nabltex -,"Badr City, Cairo, Egypt ","Human Resources (HR), Communication, Microsoft Office, Payroll, Personnel Management, Recruitment, Employee Relations, HR Policies, Onboarding",On-site,Full Time,Experienced,Confidential,2 months ago
Accountant,POWER JET EGYPT -,"Sidi Bishr, Alexandria, Egypt ","Accounting, Financial Management, Finance, Financial, Financial Analysis, Financial Reporting, Accounting Software, Management",On-site,Full Time,Experienced,Confidential,2 months ago
Full Stack Developer,TechJump -,"Alexandria, Egypt ","Laravel, MySQL, Agile, Software Development, Laravel Framework, PHP, React.js, Computer Science, Information Technology (IT)",Hybrid,Full Time,Experienced,Confidential,2 months ago
Sales Account Manager – Software Services,MTS-IT -,"Maadi, Cairo, Egypt ","strong experience in software services sales to grow and manage client accounts across Egypt, Africa, and the Gulf, based in Cairo.  This role focuses on consultative selling, long-term account development, and closing custom software delivery engagements, and closing custom software delivery engagements, role focuses on consultative selling, Sales Account Manager, B2B, B2B Sales",On-site,Full Time,Experienced,Confidential,2 months ago
Landscape Architect Engineer,CitiScape  -,"Mokattam, Cairo, Egypt ","Architecture, AutoCAD, Landscape Design, Urban Design",On-site,Full Time,Experienced,Confidential,2 months ago
Customer Account Manager,Mico World Limited -,"Maadi, Cairo, Egypt ","Customer Service, Sales, sales skills, Sales Target, Business Development, Online Advertising, Online Sales, Social Media, Social Networking Sites",On-site,Full Time,Entry Level,Confidential,2 months ago
Infrastructure Civil Engineer,Jazeera Paints -,"10th of Ramadan City, Cairo, Egypt ","AutoCAD, Civil, Engineering, Construction Engineering, Construction, Civil Engineering, civil design, AutoCAD Software",On-site,Full Time,Experienced,Confidential,2 months ago
Functional Programming Project Manager,EBSS - Elite Business Solution Service -,"Cairo, Egypt ","Computer Science, Functional Programming, Information Technology (IT), Project Management, Programming, Agile Methodologies, Scrum",Remote,Full Time,Manager,Confidential,2 months ago
Sales Executive,Taqa Water -,"New Cairo, Cairo, Egypt ","Business Development, Central Electric Water Heaters, Central Gas Water Heaters, Central Heating Systems, Swimming Pool Heating Systems, Steam Boilers",On-site,Full Time,Experienced,Confidential,2 months ago
"Sales Executive "" Hurghada Resident""",Taqa Water -,"Hurghada, Red Sea, Egypt ","Sales, Solar Water Heaters, Central Gas Water Heaters, Central Electric Water Heaters, Central Heating Systems, Swimming Pool Heating Systems, Steam Boilers",On-site,Full Time,Experienced,Confidential,2 months ago
Quality Assurance Manager,Global Napi Pharmaceuticals -,"6th of October, Giza, Egypt ","Leadership, Manufacturing, Pharmaceutical, QA, Quality Assurance, GMP, Communication",On-site,Full Time,Manager,Confidential,2 months ago
Senior Chemical Sales Executive,Confidential -,"New Cairo, Cairo, Egypt ","Chemical Sales, Customer Service, Sales, Sales Target",On-site,Full Time,Experienced,Confidential,2 months ago
Accountant,Innovera for Education Technology -,"New Cairo, Cairo, Egypt ","Accounting, Finance, Financial Analysis",On-site,Full Time,Experienced,Confidential,2 months ago
Production Section Head,Confidential -,"Bourj Alarab, Alexandria, Egypt ","Engineering, Leadership Management, Production, Management, Food Production, Food Manufacturing, Team Leadership, Leadership, Manufacturing",On-site,Full Time,Experienced,Confidential,2 months ago
Sales Representative,Confidential -,"6th of October, Giza, Egypt ","Customer Service, Sales, Sales Target, Communication, Medical, Negotiation, Marketing, Real Estate",On-site,Full Time,Experienced,Confidential,2 months ago
Medical Warehouse Manager,Ibn Sina Pharma -,"Aswan, Aswan, Egypt ","Problem Solving, Communication, Six Sigma, Logistics, Warehouse Management, Pharmaceutical Operations, Management",On-site,Full Time,Experienced,Confidential,2 months ago
senior graphic designer,Soomline co  -,"Cairo, Egypt ","Adobe Illustrator, Adobe Photoshop, Graphic Design, Design Thinking, Branding, Typography, Layout Design, Digital Art, Creative Direction",Remote,Full Time,Experienced,Confidential,2 months ago
Marketer,Confidential -,"6th of October, Giza, Egypt ","Marketing, Social Media, Market Research, Advertising, Business Administration, Communication, Digital Marketing",On-site,Full Time,Experienced,Confidential,2 months ago
Human Resources Generalist,Favelin -,"Sidi Gaber, Alexandria, Egypt ","Human Resources, Human Resources (HR), Microsoft Office, Personnel, Recruitment, OD, Payroll",On-site,Full Time,Entry Level,Confidential,2 months ago
Sales Advisor,TRIPLE A -,"New Cairo, Cairo, Egypt ","Customer Service, Sales, Sales Target, Advertising, Business Development, Communication, CRM",On-site,Full Time,Entry Level,Confidential,2 months ago
Senior Arch Technical Office Engineer,Genedy Construction -,"New Capital, Cairo, Egypt ","Engineering, AutoCAD, Technical Office, Architecture, Coordination, Design, Microsoft Office, Revit",On-site,Full Time,Experienced,Confidential,2 months ago
Electrical Maintenance Manager – Citrus Export Station,El Banna Group Company -,"Wadi Alnatrun, Beheira, Egypt ","Maintenance, Engineering, Agriculture, Management",On-site,Full Time,Manager,Confidential,2 months ago
Maintenance Manager,Dakahlia Group -,"Altall Alkabir, Ismailia, Egypt ","Engineering, Maintenance, Management, Mechanical Engineering, HVAC, Electrical Engineering, Maintenance Management",On-site,Full Time,Manager,Confidential,2 months ago
"Warehousing Engineer "" Internship""",ICON Holding -,"Helwan, Cairo, Egypt ","Warehousing, Logistics, Computer Science, Engineering, Information Technology (IT), Mechanical, Mechanical Engineering, Production",On-site,Internship,Entry Level,Confidential,2 months ago
Medical Billing Associate - Fluent English Speaker,London International Patient Services -,"Cairo, Egypt ","Billing, Medical, Pharmaceutical, Pharmacy, Sales, Medical Sales, Medical Devices Sales",On-site,Full Time,Entry Level,Confidential,2 months ago
Devops Engineer,SURE International Technology -,"Nasr City, Cairo, Egypt ","Computer Science, DevOps, Software Development, CI/CD, Cloud Platforms, Automation, Scripting",Hybrid,Full Time,Experienced,Confidential,2 months ago
Sales Forecasting Specialist,MY WAY -,"Obour City, Cairo, Egypt ","Sales Forecasting, Sales Analysis, Forecasting, Demand Planning, Microsoft Excel, Microsoft Power BI, Power BI, Manufacturing",On-site,Full Time,Entry Level,Confidential,2 months ago
Tendering Technical Office Engineers,IKK GROUP (KCG -ABUILD) -,"Cairo, Egypt ","AutoCAD, Engineering, Technical Office, Tendering",On-site,Full Time,Experienced,Confidential,2 months ago
HR Manager,Canadian International School -,"New Cairo, Cairo, Egypt ","Human Resources (HR), Interviews, Labor Law, Recruitment, HR, Microsoft Office, Personnel, Compensation, Communication",On-site,Full Time,Manager,Confidential,2 months ago
Interior Designer (3D Designer),indoor innovations  -,"Giza, Egypt ","Architecture, Interior Design, AutoCAD, 3ds Max, Corona Renderer, Adobe Photoshop, Space Planning, Client Communication, Project Management",Remote,Full Time,Experienced,Confidential,2 months ago
Communication Agent,Canadian International School -,"New Cairo, Cairo, Egypt ","Customer Service, Customer Care, Customer Support, Communication Skills, English, Communication, Administration, Business Administration",On-site,Full Time,Entry Level,Confidential,2 months ago
مسئول مشتريات,Siwa Group -,"Badr City, Cairo, Egypt ","إجاده استخدام الكمبيوتر, رخصه قياده",Hybrid,Full Time,Experienced,Confidential,2 months ago
"Design Engineer "" Internship""",ICON Holding -,"Helwan, Cairo, Egypt ","Design, Engineering, Civil Engineering, civil design, AutoCAD Software, AutoCAD, Communication, Computer Science, Design Engineering",On-site,Internship,Entry Level,Confidential,2 months ago
Sales Specialist – Online Programming Courses (Remote),Kodland -,"Cairo, Egypt ","Sales Target, Sales, Communication, Customer Service, Sales Plan, Kids Teaching, Persuasion, Customer Satisfaction, Customer Relations",Remote,Part Time,Entry Level,Confidential,2 months ago
Senior Business Development Engineer,Avanti for advanced construction  -,"Maadi, Cairo, Egypt ","Business Development, Construction, Proposals, Engineering",Hybrid,Full Time,Experienced,Confidential,2 months ago
"Safety Engineer "" Internship""",ICON Holding -,"Helwan, Cairo, Egypt ","Engineering, HSE, Safety, Communication, Health and Safety",On-site,Internship,Entry Level,Confidential,2 months ago
"IT "" Internship""",ICON Holding -,"Helwan, Cairo, Egypt ","Computer Science, Information Technology (IT), Software Development, Engineering, JavaScript, Programming",On-site,Internship,Entry Level,Confidential,2 months ago
Software Sales Account Manager,Roaya -,"Maadi, Cairo, Egypt ","Customer Service, Sales, Software Sales, Sales Target, Engineering, Management",On-site,Full Time,Experienced,Confidential,2 months ago
"Senior Health, Safety & Environment Engineer",Elsewedy Electric -,"10th of Ramadan City, Cairo, Egypt ","Health and Safety, HSE, Safety, Engineering, Manufacturing, Risk Assessment, Firefighting, Health, Safety and Environment",On-site,Full Time,Experienced,Confidential,2 months ago
Production Engineer,Elsewedy Electric -,"10th of Ramadan City, Cairo, Egypt ","Manufacturing, Production, Engineering, Mechanical Engineering, OEE, Production Engineering, Lean Six Sigma, Production Management",On-site,Full Time,Entry Level,Confidential,2 months ago
Senior Procurement Engineer,ACMA for Chemicals and Mining  -,"Beni Suef, Egypt ","Mechanical, Mechanical Engineering, Procurement, Procurements, Foreign Procurement, Procurement Management, Purchasing",On-site,Full Time,Experienced,Confidential,2 months ago
QA Data Integrity Professional,APEX Pharma -,"Badr City, Cairo, Egypt ","Quality Assurance, QA, Data Integrity, Data Governance (DG), GMP, SOPS, Standard Operating Procedure",On-site,Full Time,Experienced,Confidential,2 months ago
Senior Procurement Specialist,ACMA for Chemicals and Mining  -,"Beni Suef, Egypt ","Logistics, Procurement, Purchasing, Supply Chain, Contracting, Vendor Management, International Purchasing",On-site,Full Time,Experienced,Confidential,2 months ago
R&D Formulation Specialist,APEX Pharma -,"Badr City, Cairo, Egypt ","Formulation, Manufacturing, Pharmaceutical, Pharmaceutical Sciences, Pharmacy, Research, R&D, Pharmaceutical Formulation",On-site,Full Time,Experienced,Confidential,2 months ago
Head of Procurement,ACMA for Chemicals and Mining  -,"Beni Suef, Egypt ","Procurement, Purchasing, Supply Chain, Contracting, Manufacturing, Management, Business Administration",On-site,Full Time,Senior Management,Confidential,2 months ago
Sales Executive (Inbound & Client Closing),Webbingstone -,"6th of October, Giza, Egypt ","Sales, Sales Target, Customer Service",Remote,Full Time,Experienced,Confidential,2 months ago
Digital Marketing Specialist (Account-Facing),Webbingstone -,"6th of October, Giza, Egypt ","Digital Marketing, digital marketing, E-Marketing, English, Social Media, Marketing, social, media, Facebook Marketing",Remote,Full Time,Experienced,Confidential,2 months ago
Graphic Designer & Video Editor,Golf Aviation Academy  -,"Dokki, Giza, Egypt ","Adobe Photoshop, Design, Video Editing, Adobe illustrator, After Effects, Adobe Premiere Pro, Premiere Pro, illustrator",On-site,Full Time,Entry Level,Confidential,2 months ago
Fresh Real Estate Agent,Akar Town For Real Estate -,"New Cairo, Cairo, Egypt ","Real Estate Sales, Real Estate, Property Sales, Property Marketing, Client Relationship Management, Market Analysis, Communication, Property, Sales",On-site,Full Time,Entry Level,Confidential,2 months ago
.Engineer ICT,ALAHMED -,"Cairo, Egypt ","Security-System, LPR Fiber optic System (OFC), Fiber Sen system, PA and designing of Security System",On-site,Full Time,Experienced,Confidential,2 months ago
Arabic Teacher,GPS -,"Heliopolis, Cairo, Egypt ","Arabic Teaching, Quality Control, Arabic Language, Content Review, Curriculum Review, Educational Content, Content Editing, Writing, Egyptian Curriculum",On-site,Full Time,Experienced,Confidential,2 months ago
Technical Support Agent,JoviTronix  -,"Sheikh Zayed, Giza, Egypt ","Electronics, Networking, technical, WAN, Microsoft Office, English, LAN",Hybrid,Full Time,Experienced,Confidential,2 months ago
Export Sales Manager,Egyptian Chinese -,"Cairo, Egypt ","Export Sales, Sales, Sales Target, Export, Customer Service, Communication, Development, Negotiation",Hybrid,Full Time,Manager,Confidential,2 months ago
Maintenance Manager,Confidential -,"10th of Ramadan City, Cairo, Egypt ","Hydraulic, Maintenance, Manufacturing, Mechanical, Mechatronics, Mechanical Engineering, Engineering",On-site,Full Time,Manager,Confidential,2 months ago
Sales and Marketing Manager ( fruits & Vegetables ),Bleih General trading and Export Company -,"Noubaria, Beheira, Egypt ","Sales, Sales Target Achievement, Marketing Strategy, Market Research, Business Development, Client Relationship Management, Digital Marketing, Lead Generation",Remote,Full Time,Experienced,Confidential,2 months ago
Middle FullStack (Python) Developer,Vertex Technologies  -,"Cairo, Egypt ","Python, React, JavaScript, Typescript, React.js, Vue.js, Software Development",On-site,Full Time,Experienced,Confidential,2 months ago
Senior System Engineer,Talaat Moustafa Group -,"Dokki, Giza, Egypt ","Computer Science, Engineering, Information Technology (IT), Software Development, MCSE, CEH, Azure",On-site,Full Time,Experienced,Confidential,2 months ago
Quality Control Engineer,TechJump -,"Alexandria, Egypt ","Quality Assurance, Quality Control, Test Automation, Software Testing, Agile Methodologies, JIRA, SQL, Regression Testing, Performance Testing",Hybrid,Full Time,Experienced,Confidential,2 months ago
F&B Manager,NTS Group -,"Downtown, Cairo, Egypt ","Hospitality Management, Food & Beverage, Hotel Operations, Restaurant Management, Cafe Management, Catering Management, Customer Service",On-site,Full Time,Manager,Confidential,2 months ago
Travel Advisor,NTS Group -,"Downtown, Cairo, Egypt ","Customer Care, Travel Planning, Tourism, Customer Service, Destination Knowledge, Booking Systems, Communication",On-site,Full Time,Experienced,Confidential,2 months ago
Logistic Supervisor,Tawfeer -,"Abu Alnumros, Giza, Egypt ","Logistics, Management, Logistics Management, Supply Chain Optimization, Operations Management, Inventory Control, Warehouse Management Systems (WMS), Transportation Management",On-site,Full Time,Experienced,Confidential,2 months ago
Purchasing Manager,NTS Group -,"Downtown, Cairo, Egypt ","Logistics, Supply Chain Management, Purchasing, Procurement, Vendor Management, Negotiation, Inventory Control, Strategic Sourcing",On-site,Full Time,Manager,Confidential,2 months ago
Senior Accountant,NTS Group -,"Downtown, Cairo, Egypt ","Accounting, Finance, Financial Reporting, Auditing, Microsoft Excel, ERP Systems, Tax Preparation, Budgeting, Financial Analysis",On-site,Full Time,Experienced,Confidential,2 months ago
Senior Technical Engineer,KPS -,"Cairo, Egypt ","UPS systems, batteries, solar PV, and hybrid systems, •	Experience in system design, installation, and commissioning., •	Proficiency in technical software (AutoCAD, PVsyst,PVsol,Eplan), AutoCAD, Computer Science, Design, Engineering",On-site,Full Time,Experienced,Confidential,2 months ago
Project Coordinator,JoviTronix  -,"Sheikh Zayed, Giza, Egypt ","Administration, Coordinator, Customer Service, Microsoft Office, MS Office, Project Coordination, Coordination",On-site,Full Time,Experienced,Confidential,2 months ago
Secretary,Professional Service - Proserv -,"Downtown, Cairo, Egypt ","Administration, Microsoft Office, Office management, Communication, Customer Service, Customer Support",On-site,Full Time,Entry Level,Confidential,2 months ago
Jr.Electrical Design Engineering Consultant,Vital Konzept -,"Maadi, Cairo, Egypt ","BIM, Electrical, Electrical Design, Revit, Electrical Engineering, AutoCAD, CAD, Design",On-site,Full Time,Experienced,Confidential,2 months ago
Sales & Marketing Executive,Ravina development -,"6th of October, Giza, Egypt ","Sales, Marketing, Digital Marketing, Google Analytics, Sales Target, Design, SEO",On-site,Full Time,Manager,Confidential,2 months ago
Help Desk Specialist,Confidential -,"6th of October, Giza, Egypt ","Computer Science, Information Technology (IT), Technical Support, Troubleshooting, Networking, Hardware Installation, Software Support",On-site,Full Time,Experienced,Confidential,2 months ago
Warehouse Section Head,Chema Foam -,"10th of Ramadan City, Cairo, Egypt ","Management, Leadership, Supervision, Communication, Engineering, Manufacturing, Mechanical Engineering, Microsoft Office",On-site,Full Time,Manager,Confidential,2 months ago
Senior Electrical Draftsman,Vital Konzept -,"Maadi, Cairo, Egypt ","AutoCAD, Drafting, Revit MEP, Electrical Design, Revit",On-site,Full Time,Experienced,Confidential,2 months ago
AI/ML Backend Engineer (Junior - Mid-Level),qartas -,"New Capital, Cairo, Egypt ","unsloth, Python, ML ops, Deep Learning, Deep Neural Network (DNN), Software Development, Computer Vision",On-site,Full Time,Entry Level,Confidential,2 months ago
CAD Cam Specialist,Hazem Shoukry Designs -,"Nasr City, Cairo, Egypt ","CAD, CAM, Design, Robotics, Computer Aided Manufacturing (CAM), Engineering",On-site,Full Time,Experienced,Confidential,2 months ago
Project Coordinator,GPS -,"Downtown, Cairo, Egypt ","Administration, Microsoft Office, Project Coordination, Project Management",On-site,Full Time,Experienced,Confidential,2 months ago
Accountant,Diamond Medical Services -,"Heliopolis, Cairo, Egypt ","Accounting, Finance, Financial Management, Financial Analysis, Bookkeeping, Data Entry, Microsoft Excel",On-site,Full Time,Entry Level,Confidential,2 months ago
Civil Technical Office Engineer,Own Tech  -,"Heliopolis, Cairo, Egypt ","AutoCAD, ASD, Civil Engineering, Engineering, Microsoft Office, Autodesk Revit",On-site,Full Time,Experienced,Confidential,2 months ago
Mechanical/Marine Engineer - Ismailia,EGY EU -,"Ismailia, Ismailia, Egypt ","Engineering, Maintenance, Mechanical, Mechanical Engineering, Marine, Marine Engineering, Mechanical Design",On-site,Full Time,Entry Level,Confidential,2 months ago
Application Specialist (Healthcare IT),Specialized Seamless Services  -,"Heliopolis, Cairo, Egypt ","Application Support, SQL, Medical, Technical Support",On-site,Full Time,Experienced,Confidential,2 months ago
CAFM Specialist (Computer-Aided Facility Management),Fakeeh University Hospital  -,"Cairo, Egypt ","IBM Maximo, IT Support, Bachelor Degree in IT",Hybrid,Full Time,Experienced,Confidential,2 months ago
Medical Representative,Confidential -,"Cairo, Egypt ","Medical Knowledge, Sales Strategy, Negotiation, Customer Relations, Customer Retention, Pharmaceutical Sales, Communication",On-site,Full Time,Experienced,Confidential,2 months ago
Bid & Proposal Engineer,EAST  -,"Cairo, Egypt ","Electrical Engineering, Construction, Engineering, MS Office, Proposals, Microsoft Office, Sales, Tendering",On-site,Full Time,Entry Level,Confidential,2 months ago
Mechanical Technical Office Engineer,Confidential -,"Heliopolis, Cairo, Egypt ","Revit MEP, AutoCAD Software, Quantity Surveying, Shop Drawings, BIM Modeling, AutoCAD, Mechanical Engineering, Design, Engineering",On-site,Full Time,Experienced,Confidential,2 months ago
English Teacher (Alexandria),Egyptian English Language schools -,"Mandara, Alexandria, Egypt ","Arts, Education, English Teaching, English, Literature, Teaching, language, Schools",On-site,Full Time,Entry Level,Confidential,2 months ago
Software Developer,eVision -,"New Cairo, Cairo, Egypt ","APIs, Computer Science, Java, RESTful, SQL, Development, Engineering, Software Development",Hybrid,Full Time,Experienced,Confidential,2 months ago
Electrical Sales Engineer,Wells Earthing  -,"Cairo, Egypt ","Engineering, Sales, Marketing, Business Development, Communication, Construction, Electrical Engineering, Microsoft Office",On-site,Full Time,Experienced,Confidential,2 months ago
Human Resource Internship,ICON Holding -,"Helwan, Cairo, Egypt ","HR, Human Resources (HR), Recruitment, Administration, Business Administration, Communication, Finance, Microsoft Office",On-site,Internship,Entry Level,Confidential,2 months ago
Food Technologist,Gobbz -,"Cairo, Egypt ","New Product Development, Food Production, Food Science, Food & Beverage, Engineering, Agriculture",Remote,Freelance / Project,Experienced,Confidential,2 months ago
Business Development Manager,Confidential -,"Sheikh Zayed, Giza, Egypt ","Business Development, CCTV, Engineering, Fire Fighting, Light Current, Marketing, Experience",On-site,Full Time,Manager,Confidential,2 months ago
"R&D Chemical Engineer ""Internship""",ICON Holding -,"Helwan, Cairo, Egypt ","R&D, Chemical Engineering, Communication, Documentation, Engineering, Information Technology (IT), Mechanical Engineering, Testing, Safety",On-site,Internship,Entry Level,Confidential,2 months ago
Sales Account Manager,Techno Taste  -,"6th of October, Giza, Egypt ","Sales, Sales Target, Customer Service, Food Science, Food & Beverage",On-site,Full Time,Experienced,Confidential,2 months ago
Wordpress Developer,NILUFER -,"Maadi, Cairo, Egypt ","WordPress, Square pos, UI Design, WordPress Development, UX Design, Elementor, JavaScript, HTML",On-site,Full Time,Experienced,Confidential,2 months ago
Customer Service Agent,KidZania Cairo -,"New Cairo, Cairo, Egypt ","Customer Support, Customer Care, Customer Satisfaction, Customer Service",On-site,Full Time,Entry Level,Confidential,2 months ago
Odoo Implementer,National Technology -,"Nasr City, Cairo, Egypt ","Accounting, Computer Science, English, ERP, Information Technology (IT), Odoo, Planning, Telecom Engineering",On-site,Full Time,Entry Level,Confidential,2 months ago
Graphic Designer & Motion Designer,NILUFER -,"Maadi, Cairo, Egypt ","Adobe illustrator, Adobe Photoshop, Design, Graphic Design, Motion, Motion Graphics, Adobe Indesign",On-site,Full Time,Experienced,Confidential,2 months ago
Senior ICT Service Desk Administrator,Tank -,"New Nozha, Cairo, Egypt ","Administration, Service Desk, IT Service Management, PC Troubleshooting, Troubleshooting, Computer Science, Customer Care",On-site,Full Time,Experienced,Confidential,2 months ago
Business Development Specialist,Softex -,"Cairo, Egypt ","Business Development, Marketing, Sales, Development, B2B Sales, B2B Marketing",On-site,Full Time,Experienced,Confidential,2 months ago
Middle IT Business Analyst,Vertex Technologies  -,"Cairo, Egypt ","Business Analysis, Requirements Gathering, Process Modeling, Stakeholder Management, Documentation, Problem Solving, SDLC Knowledge, Communication",On-site,Full Time,Experienced,Confidential,2 months ago
Business Development Manager,majentikegypt -,"Nasr City, Cairo, Egypt ","Business Development, Account Management, Marketing, Retail, Sales, Development, Business Administration",On-site,Full Time,Manager,Confidential,2 months ago
"R&D Mechanical Engineer ""internship""",ICON Holding -,"Helwan, Cairo, Egypt ","Mechanical Engineering, CAD, Engineering, Mechanical Design, Production, Communication, Design, Mechanical",On-site,Internship,Student,Confidential,2 months ago
Video Editor,Seen Media -,"Cairo, Egypt ","Video Editing, Adobe Photoshop, Adobe Premiere",Remote,Full Time,Entry Level,Confidential,2 months ago
HSE Manager,Confidential -,"Alsadat City, Monufya, Egypt ","HSE, Health And Safety, Engineering, Quality, Health & Safety, Safety, Management",On-site,Full Time,Manager,Confidential,2 months ago
Digital Marketing Specialist .,spire pharma -,"Maadi, Cairo, Egypt ","Digital Marketing, E-Marketing, Marketing, Social Media, Business Administration, Google Analytics, Communication, SEO, SEM",On-site,Full Time,Experienced,Confidential,2 months ago
"Business Development Engineer "" Internship""",ICON Holding -,"Helwan, Cairo, Egypt ","Business Development, AutoCAD, Civil Engineering, Software Development, Software Engineering, Communication, Computer Science, Design",On-site,Internship,Entry Level,Confidential,2 months ago
Stability Analyst,Rameda -,"6th of October, Giza, Egypt ","Pharmaceutical, stability, QC, quality, Pharma, HPLC, Finished",On-site,Full Time,Experienced,Confidential,2 months ago
Front Office Manager,North Wind for Hotels  -,"North Coast, Matruh, Egypt ","Opera cloud, Administration, Front Office Management, Guest Satisfaction, opera cloud",On-site,Full Time,Manager,Confidential,2 months ago
Summer Internship for undergrad Engineers,Avanti for advanced construction  -,"Maadi, Cairo, Egypt ","Engineering, Construction Management, Civil Engineering, Post Tension Concrete, Precast Concrete",On-site,Internship,Student,Confidential,2 months ago
Odoo Functional Consultant / Implementer,Original International For trailers -,"Obour City, Cairo, Egypt ","ERP, Odoo, ERP Implementation Consultant, Odoo ERP, Odoo Development, Information Technology (IT)",On-site,Full Time,Experienced,Confidential,2 months ago
Business Development Coordinator,Linrco Egypt -,"Nasr City, Cairo, Egypt ","Business Development, Development, Administration",On-site,Full Time,Entry Level,Confidential,2 months ago
Data Analyst – Analytics & Knowledge Delivery,EpsilonAI -,"Nasr City, Cairo, Egypt ","Data Analysis, Database SQL Server, MySQL, Data Analytics, Big Data Analytics, Microsoft Excel, Power BI, Microsoft Power BI",Hybrid,Full Time,Entry Level,Confidential,2 months ago
Data Scientist And Machine learning Engineer - Applied AI & Knowledge Sharing,EpsilonAI -,"Nasr City, Cairo, Egypt ","Data Science, Machine Learning, Python Programming, Teaching & Instruction, Curriculum Development, Statistical Analysis, Communication",Hybrid,Full Time,Entry Level,Confidential,2 months ago
Civil Technical Office Engineer,Vantage Developments -,"New Cairo, Cairo, Egypt ","AutoCAD, Civil Engineering, Technical Office, Revit, Coordination, Shop Drawings, Design, Quantity Surveying, invoices",On-site,Full Time,Experienced,Confidential,2 months ago
Power & Electrical Machinery Engineer,The Egyptian Co. for Electrical Industries -,"10th of Ramadan City, Cairo, Egypt ","Electrical Engineering, Electrical Design & Shop Drawings, AutoCAD, Power Distribution, Load Calculations, Microsoft Office (Excel, Word, PowerPoint)",On-site,Full Time,Experienced,Confidential,2 months ago
